-81163.7	27
-81109.9	14
-81056.2	20
-81002.5	25
-80948.9	35
-80895.3	7
-80841.8	27
-80788.4	34
-80735	20
-80681.7	33
-80628.4	15
-80575.2	33
-80522.1	15
-80469	22
-80415.9	14
-80363	41
-80310	18
-80257.2	15
-80204.4	21
-80151.6	15
-80098.9	30
-80046.3	33
-79993.7	-7
-79941.2	34
-79888.7	37
-79836.3	17
-79783.9	6
-79731.6	-8
-79679.4	9
-79627.2	10
-79575	20
-79522.9	17
-79470.9	18
-79418.9	18
-79367	37
-79315.2	38
-79263.3	32
-79211.6	17
-79159.9	23
-79108.3	30
-79056.7	27
-79005.1	22
-78953.6	30
-78902.2	19
-78850.9	5
-78799.5	19
-78748.3	23
-78697.1	19
-78645.9	27
-78594.8	26
-78543.8	31
-78492.8	27
-78441.8	51
-78390.9	39
-78340.1	31
-78289.3	9
-78238.6	23
-78187.9	31
-78137.3	21
-78086.7	31
-78036.2	10
-77985.8	13
-77935.3	21
-77885	34
-77834.7	31
-77784.4	31
-77734.2	28
-77684.1	38
-77634	23
-77583.9	21
-77534	23
-77484	30
-77434.1	27
-77384.3	27
-77334.5	38
-77284.8	23
-77235.1	11
-77185.5	21
-77135.9	27
-77086.4	35
-77036.9	23
-76987.5	27
-76938.1	46
-76888.8	35
-76839.5	17
-76790.3	27
-76741.1	45
-76692	25
-76642.9	21
-76593.9	6
-76545	15
-76496	22
-76447.2	18
-76398.4	30
-76349.6	33
-76300.9	23
-76252.2	39
-76203.6	35
-76155	27
-76106.5	24
-76058.1	15
-76009.6	35
-75961.3	29
-75913	27
-75864.7	22
-75816.5	27
-75768.3	29
-75720.2	34
-75672.1	37
-75624.1	23
-75576.1	25
-75528.2	32
-75480.3	33
-75432.5	28
-75384.7	23
-75337	54
-75289.3	36
-75241.7	26
-75194.1	30
-75146.6	21
-75099.1	39
-75051.6	20
-75004.2	27
-74956.9	39
-74909.6	26
-74862.4	19
-74815.2	10
-74768	29
-74720.9	53
-74673.8	35
-74626.8	21
-74579.9	33
-74533	20
-74486.1	34
-74439.3	29
-74392.5	30
-74345.8	36
-74299.1	28
-74252.5	31
-74205.9	42
-74159.3	35
-74112.9	34
-74066.4	22
-74020	33
-73973.7	13
-73927.4	43
-73881.1	29
-73834.9	39
-73788.7	18
-73742.6	32
-73696.5	53
-73650.5	38
-73604.5	31
-73558.6	35
-73512.7	32
-73466.8	48
-73421	31
-73375.3	41
-73329.6	41
-73283.9	26
-73238.3	34
-73192.7	41
-73147.2	20
-73101.7	34
-73056.3	23
-73010.9	33
-72965.6	24
-72920.3	42
-72875	35
-72829.8	33
-72784.6	14
-72739.5	34
-72694.4	17
-72649.4	27
-72604.4	40
-72559.5	21
-72514.6	25
-72469.7	40
-72424.9	31
-72380.1	46
-72335.4	26
-72290.7	34
-72246.1	40
-72201.5	35
-72157	37
-72112.5	31
-72068	37
-72023.6	22
-71979.2	45
-71934.9	50
-71890.6	25
-71846.4	50
-71802.2	23
-71758	42
-71713.9	39
-71669.8	26
-71625.8	37
-71581.8	23
-71537.9	49
-71494	39
-71450.1	25
-71406.3	60
-71362.5	29
-71318.8	38
-71275.1	45
-71231.5	26
-71187.9	44
-71144.3	32
-71100.8	29
-71057.3	20
-71013.9	57
-70970.5	24
-70927.2	36
-70883.9	32
-70840.6	26
-70797.4	36
-70754.2	14
-70711.1	38
-70668	24
-70624.9	43
-70581.9	56
-70539	41
-70496	21
-70453.1	34
-70410.3	37
-70367.5	20
-70324.7	50
-70282	56
-70239.3	61
-70196.7	26
-70154.1	16
-70111.5	43
-70069	50
-70026.5	30
-69984.1	43
-69941.7	18
-69899.3	41
-69857	35
-69814.8	33
-69772.5	43
-69730.3	23
-69688.2	14
-69646.1	33
-69604	38
-69562	37
-69520	37
-69478	47
-69436.1	38
-69394.2	51
-69352.4	26
-69310.6	30
-69268.9	31
-69227.2	19
-69185.5	41
-69143.9	43
-69102.3	41
-69060.7	39
-69019.2	39
-68977.7	52
-68936.3	27
-68894.9	40
-68853.5	61
-68812.2	23
-68770.9	8
-68729.7	9
-68688.5	38
-68647.3	52
-68606.2	39
-68565.1	46
-68524.1	28
-68483.1	41
-68442.1	42
-68401.2	47
-68360.3	31
-68319.4	26
-68278.6	32
-68237.8	39
-68197.1	49
-68156.4	37
-68115.7	43
-68075.1	34
-68034.5	31
-67994	28
-67953.5	26
-67913	23
-67872.6	15
-67832.2	43
-67791.8	54
-67751.5	55
-67711.2	41
-67671	59
-67630.8	27
-67590.6	53
-67550.5	59
-67510.4	36
-67470.3	41
-67430.3	23
-67390.3	32
-67350.4	47
-67310.5	48
-67270.6	30
-67230.8	31
-67191	44
-67151.2	45
-67111.5	40
-67071.8	39
-67032.2	35
-66992.5	32
-66953	42
-66913.4	42
-66873.9	43
-66834.5	37
-66795	38
-66755.6	47
-66716.3	31
-66677	23
-66637.7	32
-66598.4	67
-66559.2	31
-66520	43
-66480.9	33
-66441.8	24
-66402.7	41
-66363.7	47
-66324.7	35
-66285.8	32
-66246.8	32
-66207.9	44
-66169.1	29
-66130.3	51
-66091.5	46
-66052.8	50
-66014	48
-65975.4	40
-65936.7	37.5
-65898.1	35
-65859.6	45
-65821	26
-65782.5	40
-65744.1	47
-65705.6	27
-65667.3	32
-65628.9	37
-65590.6	60
-65552.3	25
-65514	49
-65475.8	44
-65437.6	34
-65399.5	28
-65361.4	36
-65323.3	26
-65285.3	36
-65247.2	45
-65209.3	52
-65171.3	28
-65133.4	49
-65095.5	42
-65057.7	32
-65019.9	34
-64982.1	42
-64944.4	40
-64906.7	49
-64869	50
-64831.4	55
-64793.8	33
-64756.2	40
-64718.7	30
-64681.2	27
-64643.8	55
-64606.3	40
-64568.9	42
-64531.6	55
-64494.2	35
-64456.9	35
-64419.7	46
-64382.5	33
-64345.3	59
-64308.1	43
-64271	29
-64233.9	55
-64196.8	60
-64159.8	43
-64122.8	27
-64085.8	28
-64048.9	39
-64012	36
-63975.1	59
-63938.3	41
-63901.5	34
-63864.8	17
-63828	40
-63791.3	33
-63754.7	50
-63718	43
-63681.4	52
-63644.9	50
-63608.3	42
-63571.8	57
-63535.4	35
-63498.9	30
-63462.5	39
-63426.2	59
-63389.8	40
-63353.5	61
-63317.2	47
-63281	39
-63244.8	63
-63208.6	32
-63172.5	28
-63136.3	57
-63100.3	37
-63064.2	37
-63028.2	54
-62992.2	44
-62956.2	32
-62920.3	28
-62884.4	30
-62848.6	43
-62812.7	34
-62776.9	58
-62741.2	26
-62705.4	47
-62669.7	45
-62634.1	35
-62598.4	57
-62562.8	41
-62527.2	47
-62491.7	56
-62456.2	49
-62420.7	48
-62385.3	52
-62349.8	49
-62314.4	50
-62279.1	34
-62243.8	44
-62208.4	42
-62173.2	50
-62137.9	29
-62102.7	49
-62067.6	36
-62032.4	49
-61997.3	47
-61962.2	46
-61927.2	46
-61892.2	48
-61857.2	50
-61822.2	45
-61787.3	39
-61752.4	23
-61717.5	30
-61682.7	23
-61647.9	36
-61613.1	39
-61578.3	51
-61543.6	49
-61508.9	41
-61474.3	54
-61439.7	35
-61405.1	51
-61370.5	18
-61336	12
-61301.4	37
-61267	67
-61232.5	41
-61198.1	41
-61163.7	40
-61129.4	52
-61095	47
-61060.7	56
-61026.5	44
-60992.2	34
-60958	28
-60923.8	35
-60889.7	32
-60855.6	42
-60821.5	51
-60787.4	46
-60753.4	45
-60719.4	46
-60685.4	57
-60651.4	49
-60617.5	23
-60583.6	36
-60549.8	45
-60516	54
-60482.2	38
-60448.4	39
-60414.6	40
-60380.9	34
-60347.2	53
-60313.6	39
-60280	51
-60246.4	42
-60212.8	47
-60179.2	44
-60145.7	41
-60112.3	37
-60078.8	35
-60045.4	29
-60012	40
-59978.6	50
-59945.3	40
-59911.9	55
-59878.7	26
-59845.4	30
-59812.2	63
-59779	42
-59745.8	45
-59712.6	49
-59679.5	49
-59646.4	47
-59613.4	49
-59580.4	28
-59547.4	54
-59514.4	64
-59481.4	19
-59448.5	36
-59415.6	36
-59382.8	41
-59349.9	32
-59317.1	39
-59284.3	38
-59251.6	42
-59218.8	42
-59186.1	40
-59153.5	39
-59120.8	29
-59088.2	47
-59055.6	43
-59023.1	32
-58990.5	53
-58958	48
-58925.5	29
-58893.1	55
-58860.7	38
-58828.3	42
-58795.9	34
-58763.6	44
-58731.2	53
-58698.9	31
-58666.7	49
-58634.5	19
-58602.2	16
-58570.1	36
-58537.9	45
-58505.8	54
-58473.7	33
-58441.6	26
-58409.6	44
-58377.5	52
-58345.6	63
-58313.6	58
-58281.6	29
-58249.7	36
-58217.8	34
-58186	61
-58154.1	45
-58122.3	52
-58090.6	30
-58058.8	37
-58027.1	48
-57995.4	50
-57963.7	46
-57932	33
-57900.4	28
-57868.8	42
-57837.3	41
-57805.7	37
-57774.2	54
-57742.7	56
-57711.2	33
-57679.8	42
-57648.4	54
-57617	45
-57585.6	14
-57554.3	36
-57523	35
-57491.7	35
-57460.4	54
-57429.2	49
-57398	52
-57366.8	43
-57335.7	27
-57304.5	55
-57273.4	36
-57242.4	46
-57211.3	17
-57180.3	35
-57149.3	39
-57118.3	42
-57087.3	43
-57056.4	38
-57025.5	51
-56994.6	35
-56963.8	65
-56932.9	51
-56902.2	55
-56871.4	29
-56840.6	33
-56809.9	46
-56779.2	49
-56748.5	25
-56717.9	32
-56687.3	34
-56656.7	25
-56626.1	32
-56595.5	36
-56565	34
-56534.5	33
-56504	56
-56473.6	34
-56443.2	60
-56412.8	51
-56382.4	42
-56352	54
-56321.7	47
-56291.4	40
-56261.1	51
-56230.9	35
-56200.6	19
-56170.4	37
-56140.3	46
-56110.1	55
-56080	35
-56049.9	33
-56019.8	44
-55989.7	51
-55959.7	51
-55929.7	49
-55899.7	44
-55869.7	38
-55839.8	55
-55809.9	35
-55780	62
-55750.1	20
-55720.3	39
-55690.5	49
-55660.7	55
-55630.9	49
-55601.2	38
-55571.5	43
-55541.8	36
-55512.1	45
-55482.4	34
-55452.8	39
-55423.2	37
-55393.6	28
-55364.1	32
-55334.6	39
-55305.1	29
-55275.6	38
-55246.1	40
-55216.7	34
-55187.3	49
-55157.9	52
-55128.5	47
-55099.2	20
-55069.8	43
-55040.6	32
-55011.3	52
-54982	41
-54952.8	40
-54923.6	47
-54894.4	34
-54865.3	48
-54836.1	34
-54807	48
-54778	35
-54748.9	25
-54719.9	32
-54690.8	45
-54661.8	18
-54632.9	29
-54603.9	48
-54575	40
-54546.1	48
-54517.2	23
-54488.4	58
-54459.5	34
-54430.7	24
-54401.9	40
-54373.2	51
-54344.4	37
-54315.7	19
-54287	36
-54258.4	32
-54229.7	51
-54201.1	42
-54172.5	25
-54143.9	40
-54115.3	12
-54086.8	39
-54058.3	53
-54029.8	32
-54001.3	30
-53972.9	22
-53944.4	25
-53916	46
-53887.7	44
-53859.3	45
-53831	33
-53802.6	36
-53774.4	53
-53746.1	50
-53717.8	30
-53689.6	32
-53661.4	32
-53633.2	30
-53605.1	43
-53576.9	53
-53548.8	42
-53520.7	32
-53492.7	29
-53464.6	37
-53436.6	50
-53408.6	39
-53380.6	50
-53352.6	28
-53324.7	38
-53296.8	15
-53268.9	37
-53241	47
-53213.1	28
-53185.3	19
-53157.5	55
-53129.7	36
-53101.9	41
-53074.2	38
-53046.5	25
-53018.8	39
-52991.1	32
-52963.4	50
-52935.8	43
-52908.2	32
-52880.6	31
-52853	36
-52825.5	29
-52797.9	53
-52770.4	36
-52742.9	53
-52715.5	30
-52688	46
-52660.6	22
-52633.2	30
-52605.8	48
-52578.5	21
-52551.1	43
-52523.8	35
-52496.5	45
-52469.2	30
-52442	46
-52414.7	33
-52387.5	37
-52360.3	24
-52333.2	39
-52306	35
-52278.9	58
-52251.8	32
-52224.7	46
-52197.6	53
-52170.6	31
-52143.6	27
-52116.5	32
-52089.6	37
-52062.6	44
-52035.7	43
-52008.7	33
-51981.8	28
-51954.9	38
-51928.1	20
-51901.3	59
-51874.4	30
-51847.6	30
-51820.9	43
-51794.1	32
-51767.4	33
-51740.6	33
-51713.9	45
-51687.3	61
-51660.6	36
-51634	38
-51607.4	60
-51580.8	36
-51554.2	30
-51527.6	30
-51501.1	53
-51474.6	40
-51448.1	32
-51421.6	35
-51395.2	43
-51368.7	30
-51342.3	14
-51315.9	48
-51289.5	39
-51263.2	21
-51236.9	31
-51210.5	53
-51184.3	40
-51158	17
-51131.7	38
-51105.5	31
-51079.3	26
-51053.1	40
-51026.9	30
-51000.7	39
-50974.6	23
-50948.5	45
-50922.4	42
-50896.3	29
-50870.3	21
-50844.2	33
-50818.2	48
-50792.2	33
-50766.2	38
-50740.3	24
-50714.3	58
-50688.4	36
-50662.5	44
-50636.6	37
-50610.8	46
-50584.9	37
-50559.1	48
-50533.3	32
-50507.5	12
-50481.8	37
-50456	50
-50430.3	38
-50404.6	32
-50378.9	36
-50353.2	46
-50327.6	29
-50301.9	43
-50276.3	40
-50250.7	26
-50225.2	35
-50199.6	20
-50174.1	23
-50148.6	32
-50123.1	25
-50097.6	39
-50072.1	44
-50046.7	25
-50021.3	34
-49995.9	22
-49970.5	37
-49945.1	50
-49919.8	42
-49894.4	29
-49869.1	37
-49843.8	22
-49818.6	45
-49793.3	39
-49768.1	58
-49742.9	36
-49717.7	33
-49692.5	24
-49667.3	39
-49642.2	27
-49617.1	34
-49592	36
-49566.9	30
-49541.8	31
-49516.8	31
-49491.8	59
-49466.7	34
-49441.8	29
-49416.8	43
-49391.8	51
-49366.9	43
-49342	35
-49317.1	32
-49292.2	39
-49267.3	35
-49242.5	33
-49217.7	47
-49192.9	38
-49168.1	13
-49143.3	25
-49118.5	32
-49093.8	25
-49069.1	25
-49044.4	40
-49019.7	50
-48995	46
-48970.4	20
-48945.8	34
-48921.2	30
-48896.6	25
-48872	31
-48847.4	34
-48822.9	37
-48798.4	39
-48773.9	32
-48749.4	47
-48724.9	35
-48700.5	42
-48676.1	31
-48651.7	34
-48627.3	27
-48602.9	37
-48578.5	41
-48554.2	39
-48529.9	7
-48505.6	47
-48481.3	52
-48457	40
-48432.8	23
-48408.5	31
-48384.3	35
-48360.1	10
-48335.9	30
-48311.8	51
-48287.6	27
-48263.5	35
-48239.4	45
-48215.3	29
-48191.2	39
-48167.1	37
-48143.1	27
-48119.1	38
-48095.1	26
-48071.1	20.9642
-48047.1	43.903
-48023.2	42.3072
-47999.2	52.3143
-47975.3	28.4539
-47951.4	43.4125
-47927.5	38.3587
-47903.6	37.5951
-47879.8	38.3612
-47856	33.9527
-47832.1	23.8323
-47808.3	34.561
-47784.6	43.3063
-47760.8	23.5735
-47737.1	47.3798
-47713.3	37.0035
-47689.6	28.8787
-47665.9	22.0641
-47642.2	40.0168
-47618.6	34.0292
-47594.9	23.8215
-47571.3	23.2579
-47547.7	32.1903
-47524.1	32.3029
-47500.5	29.0147
-47476.9	28.905
-47453.4	26.1681
-47429.9	15.0442
-47406.4	36.3768
-47382.9	36.0445
-47359.4	29.0057
-47335.9	20.4873
-47312.5	31.8713
-47289.1	37.0282
-47265.6	41.7415
-47242.3	38.7344
-47218.9	17.155
-47195.5	15.2583
-47172.2	33.8956
-47148.9	27.295
-47125.5	24.6487
-47102.2	32.2566
-47079	20.5274
-47055.7	32.5045
-47032.5	23.4903
-47009.2	46.2371
-46986	42.1176
-46962.8	33.9658
-46939.7	25.3067
-46916.5	30.0156
-46893.4	32.0549
-46870.2	47.1767
-46847.1	23.3723
-46824	26.4088
-46800.9	31.658
-46777.9	39.3258
-46754.8	41.982
-46731.8	18.1552
-46708.8	33.6356
-46685.8	24.528
-46662.8	19.0197
-46639.8	24.9899
-46616.9	42.6338
-46594	17.858
-46571.1	25.1124
-46548.1	27.827
-46525.3	26.3237
-46502.4	39.2939
-46479.5	34.8264
-46456.7	38.703
-46433.9	18.9327
-46411.1	33.0411
-46388.3	36.0062
-46365.5	16.8599
-46342.8	22.9607
-46320	24.363
-46297.3	30.7415
-46274.6	26.0661
-46251.9	37.1834
-46229.2	35.9272
-46206.6	27.568
-46183.9	27.7989
-46161.3	12.5829
-46138.7	25.4741
-46116.1	24.9462
-46093.5	38.9933
-46071	29.3083
-46048.4	26.3228
-46025.9	34.97
-46003.4	35.0889
-45980.9	25.1685
-45958.4	34.9119
-45935.9	17.1439
-45913.5	24.525
-45891	22.9821
-45868.6	22.0884
-45846.2	19.582
-45823.8	18.3465
-45801.4	30.1185
-45779.1	31.3002
-45756.7	26.7015
-45753.9	26
-45731.5	21
-45709.2	31
-45686.8	18
-45664.5	29
-45642.2	41
-45619.9	30
-45597.6	29
-45575.3	25
-45553.1	32
-45530.8	20
-45508.6	17
-45486.4	20
-45464.2	34
-45442	26
-45419.9	20
-45397.7	32
-45375.6	18
-45353.5	45
-45331.4	15
-45309.3	22
-45287.2	34
-45265.2	35
-45243.1	30
-45221.1	31
-45199.1	19
-45177.1	15
-45155.1	37
-45133.2	35
-45111.2	31
-45089.3	19
-45067.4	21
-45045.5	38
-45023.6	35
-45001.7	35
-44979.8	33
-44958	28
-44936.2	35
-44914.4	29
-44892.6	35
-44870.8	38
-44849	40
-44827.3	27
-44805.5	48
-44783.8	47
-44762.1	59
-44740.4	38
-44718.7	19
-44697.1	26
-44675.4	45
-44653.8	43
-44632.2	35
-44610.6	33
-44589	25
-44567.4	38
-44545.9	31
-44524.3	33
-44502.8	28
-44481.3	32
-44459.8	27
-44438.3	47
-44416.8	36
-44395.4	18
-44373.9	42
-44352.5	31
-44331.1	45
-44309.7	44
-44288.3	51
-44266.9	33
-44245.6	39
-44224.2	26
-44202.9	64
-44181.6	47
-44160.3	42
-44139	27
-44117.8	29
-44096.5	38
-44075.3	37
-44054	39
-44032.8	25
-44011.6	36
-43990.5	33
-43969.3	36
-43948.1	39
-43927	34
-43905.9	38
-43884.8	40
-43863.7	28
-43842.6	13
-43821.5	35
-43800.5	39
-43779.4	40
-43758.4	34
-43737.4	46
-43716.4	47
-43695.4	39
-43674.5	28
-43653.5	25
-43632.6	39
-43611.7	33
-43590.8	33
-43569.9	48
-43549	46
-43528.1	33
-43507.3	42
-43486.4	36
-43465.6	16
-43444.8	37
-43424	28
-43403.2	41
-43382.4	28
-43361.7	48
-43340.9	24
-43320.2	18
-43299.5	38
-43278.8	46
-43258.1	48
-43237.4	38
-43216.8	33
-43196.1	45
-43175.5	27
-43154.9	26
-43134.3	47
-43113.7	40
-43093.1	36
-43072.6	31
-43052	37
-43031.5	25
-43011	30
-42990.4	28
-42970	35
-42949.5	50
-42929	46
-42908.6	39
-42888.1	54
-42867.7	41
-42847.3	25
-42826.9	37
-42806.5	45
-42786.1	35
-42765.8	36
-42745.4	42
-42725.1	30
-42704.8	44
-42684.5	25
-42664.2	36
-42643.9	25
-42623.7	39
-42603.4	46
-42583.2	58
-42563	26
-42542.7	26
-42522.6	41
-42502.4	35
-42482.2	57
-42462	51
-42441.9	43
-42421.8	24
-42401.7	41
-42381.6	56
-42361.5	27
-42341.4	37
-42321.3	38
-42301.3	44
-42281.3	54
-42261.2	55
-42241.2	36
-42221.2	25
-42201.2	14
-42181.3	29
-42161.3	25
-42141.4	36
-42121.4	38
-42101.5	35
-42081.6	44
-42061.7	54
-42041.9	40
-42022	53
-42002.1	39
-41982.3	22
-41962.5	49
-41942.7	24
-41922.9	32
-41903.1	39
-41883.3	37
-41863.5	52
-41843.8	16
-41824.1	42
-41804.3	55
-41784.6	32
-41764.9	38
-41745.3	34
-41725.6	35
-41705.9	49
-41686.3	28
-41666.7	29
-41647	31
-41627.4	43
-41607.8	32
-41588.3	54
-41568.7	38
-41549.1	29
-41529.6	35
-41510.1	28
-41490.5	41
-41471	41
-41451.6	42
-41432.1	43
-41412.6	28
-41393.2	44
-41373.7	36
-41354.3	39
-41334.9	51
-41315.5	46
-41296.1	48
-41276.7	44
-41257.3	29
-41238	17
-41218.6	53
-41199.3	44
-41180	46
-41160.7	42
-41141.4	14
-41122.1	22
-41102.9	30
-41083.6	33
-41064.4	31
-41045.2	37
-41025.9	41
-41006.7	33
-40987.5	58
-40968.4	45
-40949.2	36
-40930.1	52
-40910.9	40
-40891.8	37
-40872.7	42.5
-40853.6	48
-40834.5	44
-40815.4	14
-40796.3	38
-40777.3	34
-40758.2	48
-40739.2	36
-40720.2	45
-40701.2	23
-40682.2	47
-40663.2	40
-40644.2	34
-40625.3	40
-40606.3	35
-40587.4	37
-40568.5	44
-40549.6	47
-40530.7	22
-40511.8	45
-40492.9	58
-40474.1	54
-40455.2	51
-40436.4	43
-40417.6	10
-40398.8	29
-40380	37
-40361.2	49
-40342.4	45
-40323.6	33
-40304.9	48
-40286.1	44
-40267.4	52
-40248.7	34
-40230	30
-40211.3	52
-40192.6	44
-40174	36
-40155.3	47
-40136.7	39
-40118	40
-40099.4	34
-40080.8	54
-40062.2	47
-40043.6	65
-40025.1	54
-40006.5	39
-39987.9	45
-39969.4	45
-39950.9	32
-39932.4	47
-39913.9	43
-39895.4	42
-39876.9	42
-39858.4	42
-39840	33
-39821.5	57
-39803.1	23
-39784.7	33
-39766.3	41
-39747.9	24
-39729.5	40
-39711.1	27
-39692.8	34
-39674.4	38
-39656.1	32
-39637.7	52
-39619.4	47
-39601.1	31
-39582.8	39
-39564.6	52
-39546.3	48
-39528	37
-39509.8	45
-39491.5	29
-39473.3	46
-39455.1	50
-39436.9	48
-39418.7	44
-39400.5	42
-39382.4	27
-39364.2	39
-39346.1	40
-39327.9	54
-39309.8	33
-39291.7	41
-39273.6	41
-39255.5	56
-39237.5	25
-39219.4	46
-39201.3	44
-39183.3	52
-39165.3	56
-39147.3	52
-39129.3	45
-39111.3	42
-39093.3	50
-39075.3	32
-39057.3	48
-39039.4	34
-39021.4	33
-39003.5	43
-38985.6	20
-38967.7	56
-38949.8	57
-38931.9	46
-38914.1	53
-38896.2	38
-38878.3	40
-38860.5	54
-38842.7	31
-38824.9	20
-38807.1	31
-38789.3	34
-38771.5	49
-38753.7	39
-38735.9	66
-38718.2	41
-38700.5	33
-38682.7	22
-38665	37
-38647.3	35
-38629.6	26
-38611.9	32
-38594.3	41
-38576.6	54
-38558.9	37
-38541.3	57
-38523.7	38
-38506.1	32
-38488.4	49
-38470.8	28
-38453.3	54
-38435.7	31
-38418.1	50
-38400.6	54
-38383	42
-38365.5	35
-38348	43
-38330.5	31
-38313	29
-38295.5	55
-38278	35
-38260.5	57
-38243.1	39
-38225.6	42
-38208.2	41
-38190.8	59
-38173.4	62
-38156	47
-38138.6	39
-38121.2	42
-38103.8	31
-38086.5	33
-38069.1	49
-38051.8	49
-38034.5	37
-38017.1	43
-37999.8	42
-37982.5	26
-37965.3	50
-37948	46
-37930.7	33
-37913.5	47
-37896.2	51
-37879	43
-37861.8	27
-37844.6	34
-37827.4	39
-37810.2	51
-37793	43
-37775.8	33
-37758.7	39
-37741.5	35
-37724.4	35
-37707.3	45
-37690.1	44
-37673	33
-37655.9	39
-37638.9	53
-37621.8	28
-37604.7	28
-37587.7	50
-37570.6	47
-37553.6	52
-37536.6	42
-37519.6	46
-37502.6	37
-37485.6	43
-37468.6	38
-37451.6	43
-37434.6	47
-37417.7	54
-37400.8	37
-37383.8	43
-37366.9	47
-37350	37
-37333.1	65
-37316.2	56
-37299.3	37
-37282.5	49
-37265.6	46
-37248.8	42
-37231.9	44
-37215.1	48
-37198.3	32
-37181.5	63
-37164.7	59
-37147.9	38
-37131.1	46
-37114.4	46
-37097.6	3
-37080.9	25
-37064.1	35
-37047.4	59
-37030.7	65
-37014	43
-36997.3	22
-36980.6	35
-36963.9	33
-36947.3	48
-36930.6	39
-36914	59
-36897.3	21
-36880.7	24
-36864.1	30
-36847.5	29
-36830.9	33
-36814.3	36
-36797.7	48
-36781.2	33
-36764.6	42
-36748.1	30
-36731.5	14
-36715	40
-36698.5	62
-36682	55
-36665.5	39
-36649	31
-36632.5	58
-36616.1	41
-36599.6	33
-36583.2	41
-36566.7	35
-36550.3	29
-36533.9	50
-36517.5	36
-36501.1	22
-36484.7	43
-36468.3	54
-36452	49
-36435.6	38
-36419.2	43
-36402.9	45
-36386.6	37
-36370.3	48
-36354	41
-36337.7	43
-36321.4	34
-36305.1	52
-36288.8	42
-36272.6	26
-36256.3	45
-36240.1	53
-36223.8	40
-36207.6	41
-36191.4	19
-36175.2	48
-36159	52
-36142.8	56
-36126.7	34
-36110.5	37
-36094.3	28
-36078.2	58
-36062.1	66
-36045.9	43
-36029.8	8
-36013.7	32
-35997.6	35
-35981.5	45
-35965.4	61
-35949.4	42
-35933.3	42
-35917.3	35
-35901.2	46
-35885.2	28
-35869.2	49
-35853.2	31
-35837.2	21
-35821.2	35
-35805.2	22
-35789.2	28
-35773.3	25
-35757.3	22
-35741.4	43
-35725.4	43
-35709.5	24
-35693.6	52
-35677.7	37
-35661.8	37
-35645.9	39
-35630	34
-35614.1	42
-35598.3	50
-35582.4	36
-35566.6	33
-35550.7	55
-35534.9	45
-35519.1	45
-35503.3	26
-35487.5	30
-35471.7	53
-35455.9	26
-35440.2	46
-35424.4	29
-35408.7	23
-35392.9	36
-35377.2	29
-35361.5	41
-35345.8	36
-35330.1	33
-35314.4	26
-35298.7	60
-35283	40
-35267.3	48
-35251.7	26
-35236	21
-35220.4	28
-35204.8	58
-35189.1	26
-35173.5	31
-35157.9	22
-35142.3	36
-35126.8	51
-35111.2	23
-35095.6	39
-35080.1	39
-35064.5	14
-35049	41
-35033.4	55
-35017.9	29
-35002.4	35
-34986.9	27
-34971.4	56
-34955.9	35
-34940.5	38
-34925	49
-34909.5	41
-34894.1	30
-34878.6	35
-34863.2	31
-34847.8	36
-34832.4	44
-34817	27
-34801.6	45
-34786.2	39
-34770.8	34
-34755.4	48
-34740.1	15
-34724.7	26
-34709.4	37
-34694.1	43
-34678.7	48
-34663.4	37
-34648.1	51
-34632.8	34
-34617.5	39
-34602.3	38
-34587	50
-34571.7	33
-34556.5	35
-34541.2	29
-34526	25
-34510.8	53
-34495.5	32
-34480.3	43
-34465.1	34
-34449.9	36
-34434.8	58
-34419.6	38
-34404.4	47
-34389.3	39
-34374.1	30
-34359	39
-34343.9	57
-34328.7	31
-34313.6	35
-34298.5	41
-34283.4	29
-34268.3	42
-34253.3	35
-34238.2	53
-34223.1	38
-34208.1	36
-34193	31
-34178	37
-34163	18
-34147.9	49
-34132.9	36
-34117.9	39
-34102.9	34
-34088	23
-34073	28
-34058	34
-34043.1	43
-34028.1	43
-34013.2	49
-33998.2	34
-33983.3	19
-33968.4	35
-33953.5	53
-33938.6	46
-33923.7	29
-33908.8	31
-33893.9	43
-33879.1	48
-33864.2	33
-33849.4	52
-33834.5	37
-33819.7	45
-33804.9	10
-33790.1	54
-33775.3	44
-33760.5	36
-33745.7	20
-33730.9	31
-33716.1	39
-33701.4	44
-33686.6	36
-33671.9	26
-33657.1	39
-33642.4	25
-33627.7	52
-33613	46
-33598.3	33
-33583.6	37
-33568.9	46
-33554.2	46
-33539.5	49
-33524.9	44
-33510.2	34
-33495.6	31
-33480.9	25
-33466.3	56
-33451.7	26
-33437.1	29
-33422.5	57
-33407.9	24
-33393.3	40
-33378.7	23
-33364.1	44
-33349.6	22
-33335	28
-33320.5	38
-33305.9	45
-33291.4	38
-33276.9	15
-33262.4	30
-33247.8	27
-33233.3	44
-33218.9	35
-33204.4	33
-33189.9	27
-33175.4	25
-33161	50
-33146.5	49
-33132.1	34
-33117.7	15
-33103.2	22
-33088.8	37
-33074.4	38
-33060	53
-33045.6	39
-33031.2	49
-33016.9	16
-33002.5	37
-32988.1	44
-32973.8	33
-32959.4	26
-32945.1	28
-32930.8	50
-32916.4	32
-32902.1	46
-32887.8	33
-32873.5	24
-32859.2	17
-32845	24
-32830.7	37
-32816.4	48
-32802.2	38
-32787.9	44
-32773.7	20
-32759.5	50
-32745.2	44
-32731	45
-32716.8	44
-32702.6	26
-32688.4	37
-32674.2	42
-32660	46
-32645.9	36
-32631.7	31
-32617.6	20
-32603.4	33
-32589.3	37
-32575.2	48
-32561	27
-32546.9	44
-32532.8	50
-32518.7	38
-32504.6	54
-32490.5	41
-32476.5	50
-32462.4	43
-32448.3	19
-32434.3	35
-32420.2	42
-32406.2	37
-32392.2	25
-32378.2	51
-32364.1	49
-32350.1	27
-32336.1	18
-32322.2	26
-32308.2	45
-32294.2	34
-32280.2	29
-32266.3	47
-32252.3	25
-32238.4	38
-32224.4	45
-32210.5	2
-32196.6	41
-32182.7	36
-32168.8	43
-32154.9	38
-32141	65
-32127.1	30
-32113.2	38
-32099.4	33
-32085.5	49
-32071.7	54
-32057.8	27
-32044	41
-32030.2	34
-32016.3	16
-32002.5	49
-31988.7	35
-31974.9	52
-31961.1	41
-31947.4	20
-31933.6	40
-31919.8	53
-31906.1	36
-31892.3	60
-31878.6	30
-31864.8	26
-31851.1	24
-31837.4	34
-31823.7	34
-31809.9	27
-31796.2	31
-31782.6	64
-31768.9	55
-31755.2	37
-31741.5	55
-31727.9	19
-31714.2	24
-31700.6	11
-31686.9	18
-31673.3	51
-31659.7	47
-31646	32
-31632.4	39
-31618.8	39
-31605.2	51
-31591.7	63
-31578.1	36
-31564.5	37
-31550.9	47
-31537.4	51
-31523.8	35
-31510.3	20
-31496.7	34
-31483.2	45
-31469.7	43
-31456.2	37
-31442.7	48
-31429.2	34.945
-31415.7	14.0321
-31402.2	30.3169
-31388.7	17.8353
-31375.3	19.5021
-31361.8	34.4655
-31348.3	40.323
-31334.9	19.1265
-31321.5	26.4657
-31308	35.9553
-31294.6	40.3277
-31281.2	42.2119
-31267.8	44.3094
-31254.4	37.1026
-31241	35.801
-31227.6	51.3838
-31214.2	28.834
-31200.8	23.8362
-31187.4	27.2425
-31174.1	43.4134
-31160.7	36.2808
-31147.4	22.4956
-31134	25.9939
-31120.7	46.4942
-31107.4	34.9413
-31094.1	38.7483
-31080.8	42.0673
-31067.5	27.4196
-31054.2	27.4274
-31040.9	26.0794
-31027.6	31.1542
-31014.3	38.7317
-31001.1	37.5769
-30987.8	19.86
-30974.5	22.4778
-30961.3	28.7011
-30948.1	39.1937
-30934.8	33.4317
-30921.6	30.8165
-30908.4	28.158
-30895.2	32.1546
-30882	33.3878
-30868.8	37.3514
-30855.6	19.0361
-30842.4	22.8542
-30829.2	26.5395
-30816.1	32.8569
-30802.9	33.5004
-30789.8	30.099
-30776.6	22.7076
-30763.5	31.2979
-30750.3	16.8195
-30737.2	33.1122
-30724.1	39.6414
-30711	30.5034
-30697.9	36.7842
-30684.8	31.0241
-30671.7	30.7773
-30658.6	30.3894
-30645.5	29.6509
-30632.5	29.6712
-30619.4	25.2246
-30606.3	23.5921
-30593.3	27.1
-30580.3	31.9607
-30567.2	34.8139
-30554.2	33.7483
-30541.2	24.8932
-30528.2	22.539
-30515.2	16.1845
-30502.2	29.6692
-30489.2	25.3373
-30476.2	24.0329
-30463.2	29.2141
-30450.2	37.4755
-30437.3	29.8578
-30424.3	34.1618
-30411.4	31.1019
-30398.4	25.6887
-30385.5	32.4492
-30372.5	29.123
-30359.6	35.1219
-30346.7	37.581
-30333.8	22.7081
-30320.9	20.9074
-30308	27.358
-30295.1	26.477
-30282.2	31.4026
-30269.3	31.0149
-30256.5	29.9826
-30243.6	34.14
-30230.8	35.2178
-30217.9	32.3853
-30205.1	28.3689
-30192.2	37.7553
-30179.4	33.7228
-30166.6	20.8992
-30153.8	26.1487
-30141	33.8922
-30128.2	15.4671
-30123.5	4
-30110.6	18
-30097.8	34
-30085	48
-30072.2	39
-30059.4	28
-30046.6	35
-30033.8	5
-30021.1	22
-30008.3	51
-29995.5	28
-29982.8	23
-29970	34
-29957.3	47
-29944.5	33
-29931.8	30
-29919.1	17
-29906.4	11
-29893.7	7
-29881	28
-29868.3	27
-29855.6	36
-29842.9	19
-29830.2	25
-29817.5	14
-29804.9	47
-29792.2	42
-29779.6	33
-29766.9	8
-29754.3	25
-29741.7	41
-29729	23
-29716.4	42
-29703.8	42
-29691.2	30
-29678.6	24
-29666	37
-29653.4	39
-29640.9	25
-29628.3	49
-29615.7	30
-29603.2	42
-29590.6	23
-29578.1	40
-29565.5	24
-29553	17
-29540.5	29
-29528	43
-29515.5	28
-29503	36
-29490.5	40
-29478	28
-29465.5	35
-29453	44
-29440.5	44
-29428.1	48
-29415.6	26
-29403.2	21
-29390.7	36
-29378.3	42
-29365.8	34
-29353.4	31
-29341	34
-29328.6	36
-29316.2	37
-29303.8	53
-29291.4	25
-29279	21
-29266.6	30
-29254.2	20
-29241.9	38
-29229.5	22
-29217.1	28
-29204.8	43
-29192.5	28
-29180.1	39
-29167.8	39
-29155.5	48
-29143.1	17
-29130.8	34
-29118.5	43
-29106.2	43
-29093.9	36
-29081.7	48
-29069.4	39
-29057.1	53
-29044.8	21
-29032.6	52
-29020.3	30
-29008.1	27
-28995.8	36
-28983.6	34
-28971.4	28
-28959.1	31
-28946.9	23
-28934.7	46
-28922.5	41
-28910.3	32
-28898.1	47
-28885.9	27
-28873.8	17
-28861.6	42
-28849.4	40
-28837.3	49
-28825.1	41
-28813	28
-28800.8	47
-28788.7	42
-28776.6	42
-28764.5	48
-28752.3	44
-28740.2	17
-28728.1	47
-28716	47
-28703.9	40
-28691.9	24
-28679.8	26
-28667.7	33
-28655.6	61
-28643.6	44
-28631.5	58
-28619.5	33
-28607.4	26
-28595.4	46
-28583.4	52
-28571.3	55
-28559.3	28
-28547.3	19
-28535.3	37
-28523.3	48
-28511.3	45
-28499.3	48
-28487.4	25
-28475.4	20
-28463.4	52
-28451.5	32
-28439.5	54
-28427.6	36
-28415.6	34
-28403.7	34
-28391.7	46
-28379.8	37
-28367.9	24
-28356	35
-28344.1	41
-28332.2	23
-28320.3	42
-28308.4	50
-28296.5	17
-28284.6	40
-28272.8	37
-28260.9	23
-28249	41
-28237.2	26
-28225.4	38
-28213.5	54
-28201.7	23
-28189.8	30
-28178	45
-28166.2	27
-28154.4	37
-28142.6	35
-28130.8	37
-28119	40
-28107.2	57
-28095.4	30
-28083.7	35
-28071.9	32
-28060.1	46
-28048.4	44
-28036.6	37
-28024.9	37
-28013.2	52
-28001.4	45
-27989.7	38
-27978	24
-27966.3	50
-27954.5	44
-27942.8	26
-27931.1	55
-27919.5	28
-27907.8	35
-27896.1	36
-27884.4	45
-27872.8	49
-27861.1	34
-27849.4	37
-27837.8	40
-27826.1	28
-27814.5	38
-27802.9	55
-27791.2	44
-27779.6	46
-27768	40
-27756.4	47
-27744.8	39
-27733.2	28
-27721.6	27
-27710	36
-27698.4	37
-27686.9	45
-27675.3	34
-27663.7	27
-27652.2	42
-27640.6	32
-27629.1	46
-27617.6	57
-27606	33
-27594.5	47
-27583	30
-27571.5	41
-27559.9	52
-27548.4	36
-27536.9	39
-27525.5	35
-27514	36
-27502.5	56
-27491	34
-27479.5	31
-27468.1	43
-27456.6	44
-27445.2	42
-27433.7	49
-27422.3	25
-27410.8	45
-27399.4	44
-27388	33
-27376.6	50
-27365.2	40
-27353.8	50
-27342.4	38
-27331	56
-27319.6	51
-27308.2	60
-27296.8	53
-27285.4	29
-27274.1	24
-27262.7	34
-27251.4	44
-27240	38
-27228.7	40
-27217.3	20
-27206	37
-27194.7	22
-27183.3	53
-27172	42
-27160.7	56
-27149.4	42
-27138.1	27
-27126.8	60
-27115.5	39
-27104.2	40
-27093	39
-27081.7	31
-27070.4	42
-27059.2	49
-27047.9	46
-27036.7	45
-27025.4	39
-27014.2	45
-27003	54
-26991.7	49
-26980.5	48
-26969.3	59
-26958.1	16
-26946.9	49
-26935.7	38
-26924.5	36
-26913.3	37
-26902.1	32
-26890.9	42
-26879.8	55
-26868.6	34
-26857.4	44
-26846.3	36
-26835.1	31
-26824	45
-26812.9	53
-26801.7	42
-26790.6	44
-26779.5	29
-26768.4	32
-26757.3	44
-26746.1	29
-26735.1	46
-26724	50
-26712.9	30
-26701.8	54
-26690.7	54
-26679.6	51
-26668.6	43
-26657.5	49
-26646.4	57
-26635.4	53
-26624.4	33
-26613.3	49
-26602.3	44
-26591.3	26
-26580.2	42
-26569.2	46
-26558.2	30
-26547.2	50
-26536.2	43
-26525.2	45
-26514.2	43
-26503.2	47
-26492.2	49
-26481.3	53
-26470.3	40
-26459.3	39
-26448.4	43
-26437.4	46
-26426.5	34
-26415.5	40
-26404.6	49
-26393.7	41
-26382.7	51
-26371.8	43
-26360.9	46
-26350	32
-26339.1	48
-26328.2	41
-26317.3	39
-26306.4	39
-26295.5	34
-26284.6	40
-26273.8	42
-26262.9	55
-26252	55
-26241.2	41
-26230.3	20
-26219.5	33
-26208.6	61
-26197.8	57
-26187	42
-26176.1	60
-26165.3	28
-26154.5	52
-26143.7	48
-26132.9	41
-26122.1	24
-26111.3	32
-26100.5	36
-26089.7	32
-26078.9	52
-26068.2	40
-26057.4	40
-26046.6	32
-26035.9	50
-26025.1	38
-26014.4	48
-26003.6	48
-25992.9	40
-25982.2	37
-25971.4	39
-25960.7	54
-25950	32
-25939.3	34
-25928.6	34
-25917.9	61
-25907.2	43
-25896.5	34
-25885.8	55
-25875.1	47
-25864.5	50
-25853.8	35
-25843.1	55
-25832.5	43
-25821.8	31
-25811.2	39
-25800.5	41
-25789.9	37
-25779.3	47
-25768.6	49
-25758	45
-25747.4	54
-25736.8	40
-25726.2	53
-25715.6	42
-25705	22
-25694.4	55
-25683.8	54
-25673.2	22
-25662.6	51
-25652.1	49
-25641.5	59
-25630.9	47
-25620.4	39
-25609.8	27
-25599.3	42
-25588.7	27
-25578.2	39
-25567.7	33
-25557.1	37
-25546.6	47
-25536.1	35
-25525.6	35
-25515.1	42
-25504.6	58
-25494.1	43
-25483.6	35
-25473.1	13
-25462.6	53
-25452.1	51
-25441.7	35
-25431.2	31
-25420.7	36
-25410.3	46
-25399.8	51
-25389.4	49
-25379	59
-25368.5	42
-25358.1	19
-25347.7	43
-25337.2	40
-25326.8	41
-25316.4	47
-25306	25
-25295.6	49
-25285.2	46
-25274.8	46
-25264.4	55
-25254	50
-25243.7	24
-25233.3	41
-25222.9	43
-25212.6	45
-25202.2	45
-25191.9	36
-25181.5	50
-25171.2	51
-25160.8	50
-25150.5	58
-25140.2	50
-25129.9	25
-25119.5	47
-25109.2	45
-25098.9	65
-25088.6	39
-25078.3	38
-25068	51
-25057.7	42
-25047.5	60
-25037.2	45
-25026.9	51
-25016.6	41
-25006.4	25
-24996.1	50
-24985.9	62
-24975.6	43
-24965.4	44
-24955.1	44
-24944.9	61
-24934.7	45
-24924.4	31
-24914.2	22
-24904	36
-24893.8	38
-24883.6	28
-24873.4	51
-24863.2	27
-24853	40
-24842.8	53
-24832.6	34
-24822.5	29
-24812.3	53
-24802.1	38
-24792	62
-24781.8	39
-24771.6	38
-24761.5	68
-24751.4	29
-24741.2	29
-24731.1	37
-24721	37
-24710.8	38
-24700.7	40
-24690.6	36
-24680.5	54
-24670.4	54
-24660.3	33
-24650.2	48
-24640.1	34
-24630	35
-24619.9	41
-24609.9	50
-24599.8	50
-24589.7	39
-24579.7	51
-24569.6	24
-24559.5	25
-24549.5	35
-24539.5	45
-24529.4	33
-24519.4	36
-24509.4	46
-24499.3	31
-24489.3	52
-24479.3	30
-24469.3	42
-24459.3	47
-24449.3	45
-24439.3	50
-24429.3	61
-24419.3	23
-24409.3	29
-24399.3	34
-24389.4	35
-24379.4	58
-24369.4	45
-24359.5	30
-24349.5	45
-24339.6	41
-24329.6	43
-24319.7	34
-24309.8	43
-24299.8	56
-24289.9	40
-24280	41
-24270.1	23
-24260.2	31
-24250.2	26
-24240.3	40
-24230.4	48
-24220.5	55
-24210.7	49
-24200.8	33
-24190.9	28
-24181	44
-24171.1	51
-24161.3	56
-24151.4	36
-24141.6	46
-24131.7	24
-24121.9	39
-24112	38
-24102.2	32
-24092.3	21
-24082.5	40
-24072.7	33
-24062.9	45
-24053.1	36
-24043.2	36
-24033.4	44
-24023.6	44
-24013.8	44
-24004	42
-23994.3	38
-23984.5	42
-23974.7	24
-23964.9	46
-23955.1	33
-23945.4	47
-23935.6	55
-23925.9	42
-23916.1	23
-23906.4	52
-23896.6	47
-23886.9	47
-23877.1	33
-23867.4	37
-23857.7	30
-23848	43
-23838.2	59
-23828.5	46
-23818.8	22
-23809.1	27
-23799.4	55
-23789.7	37
-23780	37
-23770.4	33
-23760.7	45
-23751	47
-23741.3	48
-23731.7	36
-23722	58
-23712.3	32
-23702.7	55
-23693	68
-23683.4	50
-23673.7	39
-23664.1	18
-23654.5	25
-23644.9	26
-23635.2	37
-23625.6	45
-23616	27
-23606.4	18
-23596.8	43
-23587.2	38
-23577.6	48
-23568	49
-23558.4	41
-23548.8	43
-23539.2	49
-23529.7	26
-23520.1	58
-23510.5	62
-23501	23
-23491.4	32
-23481.9	25
-23472.3	41
-23462.8	47
-23453.2	33
-23443.7	56
-23434.2	38
-23424.6	20
-23415.1	55
-23405.6	46
-23396.1	32
-23386.6	37
-23377.1	38
-23367.6	49
-23358.1	41
-23348.6	48
-23339.1	32
-23329.6	39
-23320.1	32
-23310.7	46
-23301.2	44
-23291.7	30
-23282.3	37
-23272.8	40
-23263.4	33
-23253.9	28
-23244.5	23
-23235	50
-23225.6	46
-23216.2	34
-23206.7	32
-23197.3	23
-23187.9	27
-23178.5	45
-23169.1	39
-23159.7	46
-23150.3	39
-23140.9	33
-23131.5	34
-23122.1	29
-23112.7	39
-23103.3	41
-23093.9	40
-23084.6	17
-23075.2	48
-23065.8	31
-23056.5	36
-23047.1	26
-23037.8	40
-23028.4	40
-23019.1	29
-23009.7	38
-23000.4	45
-22991.1	42
-22981.8	26
-22972.4	38
-22963.1	43
-22953.8	42
-22944.5	33
-22935.2	45
-22925.9	35
-22916.6	37
-22907.3	41
-22898	48
-22888.7	46
-22879.5	33
-22870.2	30
-22860.9	36
-22851.7	42
-22842.4	29
-22833.1	28
-22823.9	43
-22814.6	32
-22805.4	37
-22796.1	38
-22786.9	56
-22777.7	47
-22768.5	44
-22759.2	30
-22750	59
-22740.8	24
-22731.6	29
-22722.4	26
-22713.2	35
-22704	47
-22694.8	40
-22685.6	40
-22676.4	43
-22667.2	49
-22658	33
-22648.9	40
-22639.7	44
-22630.5	23
-22621.4	62
-22612.2	50
-22603	46
-22593.9	30
-22584.8	35
-22575.6	37
-22566.5	57
-22557.3	33
-22548.2	47
-22539.1	35
-22530	24
-22520.8	34
-22511.7	44
-22502.6	37
-22493.5	33
-22484.4	36
-22475.3	43
-22466.2	34
-22457.1	34
-22448.1	28
-22439	50
-22429.9	29
-22420.8	25
-22411.8	57
-22402.7	38
-22393.6	43
-22384.6	38
-22375.5	36
-22366.5	44
-22357.4	33
-22348.4	65
-22339.4	37
-22330.3	22
-22321.3	50
-22312.3	52
-22303.3	26
-22294.2	44
-22285.2	31
-22276.2	33
-22267.2	32
-22258.2	45
-22249.2	44
-22240.2	51
-22231.2	20
-22222.3	30
-22213.3	40
-22204.3	40
-22195.3	37
-22186.4	36
-22177.4	37
-22168.4	52
-22159.5	28
-22150.5	26
-22141.6	30
-22132.6	28
-22123.7	32
-22114.8	38
-22105.8	31
-22096.9	37
-22088	28
-22079.1	28
-22070.1	39
-22061.2	37
-22052.3	34
-22043.4	32
-22034.5	30
-22025.6	17
-22016.7	52
-22007.8	39
-21998.9	48
-21990.1	23
-21981.2	38
-21972.3	42
-21963.5	31
-21954.6	52
-21945.7	45
-21936.9	43
-21928	45
-21919.2	27
-21910.3	52
-21901.5	38
-21892.6	45
-21883.8	40
-21875	41
-21866.1	50
-21857.3	41
-21848.5	28
-21839.7	28
-21830.9	52
-21822.1	35
-21813.3	70
-21804.5	38
-21795.7	44
-21786.9	42
-21778.1	49
-21769.3	39
-21760.5	33
-21751.8	28
-21743	47
-21734.2	34
-21725.5	33
-21716.7	48
-21707.9	36
-21699.2	29
-21690.4	35
-21681.7	40
-21673	48
-21664.2	22
-21655.5	34
-21646.8	45
-21638	26
-21629.3	20
-21620.6	49
-21611.9	33
-21603.2	32
-21594.5	35
-21585.8	48
-21577.1	36
-21568.4	32
-21559.7	22
-21551	35
-21542.3	44
-21533.6	22
-21524.9	36
-21516.3	33
-21507.6	23
-21498.9	32
-21490.3	23
-21481.6	58
-21473	18
-21464.3	28.9029
-21455.7	65.4703
-21447	50.6015
-21438.4	18.0841
-21429.7	50.4315
-21421.1	30.8668
-21412.5	33.7943
-21403.9	20.7146
-21395.2	40.1239
-21386.6	45.3618
-21378	16.5929
-21369.4	31.8886
-21360.8	24.9341
-21352.2	33.5017
-21343.6	30.4915
-21335	21.2829
-21326.4	26.1914
-21317.8	21.4458
-21309.3	43.8735
-21300.7	48.0016
-21292.1	45.7779
-21283.5	30.2702
-21275	28.1153
-21266.4	31.7496
-21257.8	41.3996
-21249.3	45.0148
-21240.7	29.37
-21232.2	29.2841
-21223.6	16.017
-21215.1	37.3495
-21206.6	32.3033
-21198	39.3544
-21189.5	30.1452
-21181	38.619
-21172.4	26.0692
-21163.9	36.5319
-21155.4	36.2662
-21146.9	29.1207
-21138.4	30.4991
-21129.9	38.5906
-21121.4	29.215
-21112.9	32.5067
-21104.4	46.5825
-21095.9	33.6381
-21087.4	27.6619
-21078.9	19.4567
-21070.5	31.5875
-21062	29.6663
-21053.5	29.709
-21045	33.4363
-21036.6	28.923
-21028.1	46.2297
-21019.7	39.1871
-21011.2	20.9787
-21002.8	26.5586
-20994.3	31.099
-20985.9	31.8407
-20977.4	40.4448
-20969	30.3363
-20960.6	21.9922
-20952.1	30.5901
-20943.7	19.7136
-20935.3	35.9473
-20926.9	35.7582
-20918.5	34.7841
-20910.1	26.8808
-20901.7	33.3296
-20893.3	29.1435
-20884.9	33.2553
-20876.5	24.4909
-20868.1	22.4686
-20859.7	20.7087
-20851.3	31.6143
-20842.9	45.4134
-20834.5	35.6875
-20826.2	31.5424
-20817.8	29.5226
-20809.4	28.2433
-20801.1	26.3258
-20792.7	31.7325
-20784.4	27.6752
-20776	23.1703
-20767.7	22.1967
-20759.3	28.2969
-20751	34.1012
-20742.6	32.7473
-20734.3	26.3278
-20726	17.656
-20717.6	17.6874
-20709.3	19.1395
-20701	30.1715
-20692.7	25.2176
-20684.4	13.8408
-20676.1	19.7383
-20667.8	27.5534
-20659.5	35.1977
-20651.2	26.3534
-20642.9	20.1627
-20634.6	22.0194
-20626.3	17.4806
-20618	15.6337
-20609.7	13.022
-20601.4	29.6008
-20596.2	34
-20587.9	33
-20579.7	19
-20571.4	34
-20563.1	37
-20554.8	21
-20546.5	14
-20538.3	35
-20530	33
-20521.7	30
-20513.5	28
-20505.2	31
-20496.9	21
-20488.7	24
-20480.4	41
-20472.2	32
-20464	39
-20455.7	38
-20447.5	16
-20439.2	26
-20431	34
-20422.8	31
-20414.6	35
-20406.4	30
-20398.1	39
-20389.9	27
-20381.7	35
-20373.5	13
-20365.3	23
-20357.1	1
-20348.9	27
-20340.7	51
-20332.6	44
-20324.4	17
-20316.2	28
-20308	27
-20299.8	37
-20291.7	30
-20283.5	36
-20275.4	36
-20267.2	11
-20259	30
-20250.9	35
-20242.7	36
-20234.6	42
-20226.5	19
-20218.3	31
-20210.2	19
-20202.1	50
-20193.9	33
-20185.8	43
-20177.7	17
-20169.6	33
-20161.4	39
-20153.3	26
-20145.2	49
-20137.1	28
-20129	4
-20120.9	23
-20112.8	37
-20104.8	52
-20096.7	30
-20088.6	10
-20080.5	33
-20072.4	28
-20064.4	32
-20056.3	23
-20048.2	31
-20040.2	40
-20032.1	38
-20024	30
-20016	21
-20007.9	27
-19999.9	28
-19991.8	51
-19983.8	31
-19975.8	44
-19967.7	23
-19959.7	32
-19951.7	25
-19943.7	37
-19935.6	38
-19927.6	35
-19919.6	42
-19911.6	24
-19903.6	42
-19895.6	45
-19887.6	29
-19879.6	25
-19871.6	40
-19863.6	47
-19855.6	30
-19847.7	22
-19839.7	34
-19831.7	26
-19823.7	29
-19815.8	37
-19807.8	35
-19799.8	43
-19791.9	31
-19783.9	16
-19776	38
-19768	49
-19760.1	25
-19752.1	33
-19744.2	20
-19736.3	41
-19728.3	46
-19720.4	44
-19712.5	50
-19704.6	44
-19696.6	14
-19688.7	45
-19680.8	40
-19672.9	33
-19665	46
-19657.1	43
-19649.2	44
-19641.3	28
-19633.4	50
-19625.5	53
-19617.6	53
-19609.7	20
-19601.9	18
-19594	17
-19586.1	46
-19578.2	56
-19570.4	38
-19562.5	31
-19554.7	52
-19546.8	47
-19538.9	48
-19531.1	33
-19523.2	33
-19515.4	40
-19507.6	39
-19499.7	48
-19491.9	16
-19484.1	40
-19476.2	34
-19468.4	29
-19460.6	42
-19452.8	54
-19445	26
-19437.1	17
-19429.3	52
-19421.5	43
-19413.7	21
-19405.9	25
-19398.1	40
-19390.3	50
-19382.6	31
-19374.8	34
-19367	28
-19359.2	22
-19351.4	25
-19343.7	51
-19335.9	41
-19328.1	34
-19320.4	31
-19312.6	60
-19304.9	17
-19297.1	38
-19289.3	41
-19281.6	31
-19273.9	36
-19266.1	40
-19258.4	37
-19250.6	46
-19242.9	55
-19235.2	42
-19227.5	36
-19219.7	24
-19212	29
-19204.3	45
-19196.6	37
-19188.9	34
-19181.2	28
-19173.5	56
-19165.8	60
-19158.1	52
-19150.4	31
-19142.7	34
-19135	48
-19127.3	58
-19119.7	34
-19112	33
-19104.3	29
-19096.6	50
-19089	29
-19081.3	41
-19073.6	56
-19066	48
-19058.3	33
-19050.7	52
-19043	44
-19035.4	42
-19027.7	38
-19020.1	40
-19012.5	42
-19004.8	58
-18997.2	37
-18989.6	43
-18981.9	44
-18974.3	37
-18966.7	43
-18959.1	38
-18951.5	43
-18943.9	46
-18936.3	48
-18928.7	43
-18921.1	31
-18913.5	43
-18905.9	61
-18898.3	34
-18890.7	19
-18883.1	31
-18875.5	43
-18868	52
-18860.4	37
-18852.8	43
-18845.2	39
-18837.7	39
-18830.1	46
-18822.6	42
-18815	41
-18807.5	19
-18799.9	43
-18792.4	37
-18784.8	45
-18777.3	30
-18769.7	49
-18762.2	39
-18754.7	38
-18747.1	55.5
-18739.6	73
-18732.1	38
-18724.6	35
-18717.1	41
-18709.5	38
-18702	36
-18694.5	41
-18687	43
-18679.5	32
-18672	37
-18664.5	42
-18657	62
-18649.6	45
-18642.1	38
-18634.6	34
-18627.1	39
-18619.6	41
-18612.2	46
-18604.7	43
-18597.2	37
-18589.8	35
-18582.3	22
-18574.8	45
-18567.4	39
-18559.9	36
-18552.5	43
-18545	47
-18537.6	20
-18530.2	55
-18522.7	54
-18515.3	47
-18507.8	39
-18500.4	38
-18493	41
-18485.6	23
-18478.2	27
-18470.7	47
-18463.3	41
-18455.9	44
-18448.5	39
-18441.1	35
-18433.7	43
-18426.3	38
-18418.9	42
-18411.5	47
-18404.1	35
-18396.7	29
-18389.4	29
-18382	51
-18374.6	51
-18367.2	39
-18359.9	34
-18352.5	48
-18345.1	43
-18337.8	23
-18330.4	49
-18323	19
-18315.7	38
-18308.3	45
-18301	61
-18293.7	72
-18286.3	23
-18279	17
-18271.6	52
-18264.3	50
-18257	50
-18249.6	43
-18242.3	46
-18235	48
-18227.7	49
-18220.4	51
-18213.1	49
-18205.7	45
-18198.4	46
-18191.1	52
-18183.8	31
-18176.5	38
-18169.2	30
-18162	39
-18154.7	58
-18147.4	35
-18140.1	53
-18132.8	53
-18125.5	41
-18118.3	7
-18111	47
-18103.7	38
-18096.5	60
-18089.2	28
-18081.9	35
-18074.7	49
-18067.4	53
-18060.2	46
-18052.9	46
-18045.7	39
-18038.4	30
-18031.2	42
-18024	37
-18016.7	39
-18009.5	45
-18002.3	55
-17995	51
-17987.8	38
-17980.6	49
-17973.4	44
-17966.2	49
-17959	29
-17951.7	29
-17944.5	44
-17937.3	44
-17930.1	40
-17922.9	46
-17915.8	34
-17908.6	30
-17901.4	50
-17894.2	24
-17887	45
-17879.8	43
-17872.6	43
-17865.5	29
-17858.3	18
-17851.1	36
-17844	37
-17836.8	51
-17829.7	56
-17822.5	45
-17815.3	44
-17808.2	36
-17801	35
-17793.9	38
-17786.8	34
-17779.6	42
-17772.5	30
-17765.3	41
-17758.2	33
-17751.1	37
-17744	35
-17736.8	61
-17729.7	40
-17722.6	26
-17715.5	56
-17708.4	31
-17701.3	42
-17694.2	40
-17687.1	47
-17680	34
-17672.9	51
-17665.8	59
-17658.7	64
-17651.6	39
-17644.5	25
-17637.4	41
-17630.3	37
-17623.3	58
-17616.2	35
-17609.1	36
-17602	48
-17595	36
-17587.9	53
-17580.8	39
-17573.8	50
-17566.7	50
-17559.7	38
-17552.6	36
-17545.6	47
-17538.5	35
-17531.5	43
-17524.5	27
-17517.4	40
-17510.4	55
-17503.4	61
-17496.3	43
-17489.3	61
-17482.3	42
-17475.3	45
-17468.3	56
-17461.2	49
-17454.2	42
-17447.2	45
-17440.2	56
-17433.2	42
-17426.2	56
-17419.2	49
-17412.2	44
-17405.2	50
-17398.2	41
-17391.3	42
-17384.3	42
-17377.3	44
-17370.3	35
-17363.3	40
-17356.4	43
-17349.4	49
-17342.4	44
-17335.5	53
-17328.5	56
-17321.5	37
-17314.6	46
-17307.6	28
-17300.7	28
-17293.7	30
-17286.8	30
-17279.8	31
-17272.9	30
-17266	54
-17259	57
-17252.1	41
-17245.2	27
-17238.2	57
-17231.3	31
-17224.4	30
-17217.5	42
-17210.6	45
-17203.7	56
-17196.7	49
-17189.8	43
-17182.9	33
-17176	38
-17169.1	34
-17162.2	56
-17155.3	39
-17148.4	14
-17141.6	31
-17134.7	49
-17127.8	36
-17120.9	35
-17114	27
-17107.2	33
-17100.3	40
-17093.4	46
-17086.5	43
-17079.7	29
-17072.8	26
-17066	32
-17059.1	49
-17052.3	33
-17045.4	40
-17038.5	41
-17031.7	34
-17024.9	48
-17018	50
-17011.2	42
-17004.3	26
-16997.5	51
-16990.7	40
-16983.9	57
-16977	49
-16970.2	27
-16963.4	53
-16956.6	54
-16949.8	28
-16942.9	54
-16936.1	49
-16929.3	34
-16922.5	23
-16915.7	44
-16908.9	35
-16902.1	60
-16895.3	43
-16888.6	51
-16881.8	36
-16875	39
-16868.2	36
-16861.4	31
-16854.6	57
-16847.9	46
-16841.1	37
-16834.3	44
-16827.6	49
-16820.8	36
-16814	59
-16807.3	40
-16800.5	44
-16793.8	40
-16787	28
-16780.3	41
-16773.5	26
-16766.8	46
-16760	34
-16753.3	32
-16746.6	28
-16739.8	63
-16733.1	35
-16726.4	39
-16719.6	32
-16712.9	44
-16706.2	41
-16699.5	13
-16692.8	69
-16686.1	38
-16679.3	48
-16672.6	42
-16665.9	48
-16659.2	30
-16652.5	43
-16645.8	48
-16639.1	35
-16632.4	34
-16625.8	29
-16619.1	33
-16612.4	44
-16605.7	49
-16599	37
-16592.4	30
-16585.7	36
-16579	52
-16572.3	36
-16565.7	40
-16559	33
-16552.3	38
-16545.7	46
-16539	40
-16532.4	42
-16525.7	40
-16519.1	45
-16512.4	45
-16505.8	38
-16499.2	43
-16492.5	42
-16485.9	34
-16479.2	50
-16472.6	45
-16466	37
-16459.4	35
-16452.7	55
-16446.1	33
-16439.5	34
-16432.9	38
-16426.3	33
-16419.7	27
-16413.1	26
-16406.5	33
-16399.8	37
-16393.2	42
-16386.7	35
-16380.1	37
-16373.5	18
-16366.9	52
-16360.3	49
-16353.7	57
-16347.1	48
-16340.5	59
-16334	26
-16327.4	48
-16320.8	44
-16314.2	34
-16307.7	29
-16301.1	27
-16294.6	54
-16288	58
-16281.4	47
-16274.9	22
-16268.3	31
-16261.8	47
-16255.2	57
-16248.7	59
-16242.1	41
-16235.6	27
-16229.1	35
-16222.5	40
-16216	51
-16209.5	40
-16202.9	23
-16196.4	33
-16189.9	44
-16183.4	51
-16176.9	48
-16170.3	51
-16163.8	38
-16157.3	32
-16150.8	23
-16144.3	52
-16137.8	39
-16131.3	51
-16124.8	38
-16118.3	35
-16111.8	44
-16105.3	55
-16098.8	49
-16092.3	53
-16085.9	35
-16079.4	30
-16072.9	19
-16066.4	36
-16060	44
-16053.5	29
-16047	39
-16040.6	51
-16034.1	42
-16027.6	44
-16021.2	38
-16014.7	39
-16008.3	43
-16001.8	29
-15995.4	44
-15988.9	15
-15982.5	33
-15976	31
-15969.6	32
-15963.1	46
-15956.7	37
-15950.3	50
-15943.9	35
-15937.4	20
-15931	33
-15924.6	40
-15918.2	25
-15911.7	13
-15905.3	36
-15898.9	56
-15892.5	40
-15886.1	20
-15879.7	30
-15873.3	42
-15866.9	52
-15860.5	44
-15854.1	40
-15847.7	39
-15841.3	27
-15834.9	44
-15828.5	40
-15822.2	48
-15815.8	49
-15809.4	33
-15803	30
-15796.6	34
-15790.3	48
-15783.9	56
-15777.5	30
-15771.2	51
-15764.8	47
-15758.4	42
-15752.1	70
-15745.7	43
-15739.4	37
-15733	25
-15726.7	23
-15720.3	49
-15714	49
-15707.7	28
-15701.3	32
-15695	23
-15688.6	36
-15682.3	36
-15676	46
-15669.7	34
-15663.3	37
-15657	40
-15650.7	58
-15644.4	33
-15638.1	55
-15631.8	40
-15625.4	28
-15619.1	31
-15612.8	46
-15606.5	43
-15600.2	36
-15593.9	32
-15587.6	27
-15581.3	43
-15575	51
-15568.8	32
-15562.5	46
-15556.2	49
-15549.9	43
-15543.6	55
-15537.3	38
-15531.1	53
-15524.8	18
-15518.5	33
-15512.3	55
-15506	43
-15499.7	40
-15493.5	21
-15487.2	30
-15481	39
-15474.7	33
-15468.5	24
-15462.2	56
-15456	49
-15449.7	43
-15443.5	28
-15437.2	44
-15431	20
-15424.8	26
-15418.5	37
-15412.3	44
-15406.1	50
-15399.8	28
-15393.6	41
-15387.4	38
-15381.2	36
-15375	37
-15368.7	46
-15362.5	58
-15356.3	25
-15350.1	38
-15343.9	44
-15337.7	23
-15331.5	25
-15325.3	52
-15319.1	23
-15312.9	32
-15306.7	35
-15300.5	26
-15294.4	32
-15288.2	41
-15282	42
-15275.8	35
-15269.6	51
-15263.5	34
-15257.3	26
-15251.1	43
-15244.9	43
-15238.8	55
-15232.6	31
-15226.5	29
-15220.3	47
-15214.1	35
-15208	61
-15201.8	37
-15195.7	40
-15189.5	23
-15183.4	35
-15177.2	58
-15171.1	36
-15165	50
-15158.8	43
-15152.7	29
-15146.6	47
-15140.4	44
-15134.3	49
-15128.2	47
-15122	14
-15115.9	31
-15109.8	14
-15103.7	38
-15097.6	23
-15091.5	25
-15085.4	27
-15079.2	39
-15073.1	35
-15067	41
-15060.9	20
-15054.8	17
-15048.7	37
-15042.7	41
-15036.6	52
-15030.5	54
-15024.4	22
-15018.3	30
-15012.2	26
-15006.1	40
-15000.1	39
-14994	19
-14987.9	17
-14981.8	41
-14975.8	34
-14969.7	27
-14963.6	27
-14957.6	28
-14951.5	22
-14945.5	43
-14939.4	37
-14933.3	57
-14927.3	40
-14921.2	29
-14915.2	47
-14909.1	26
-14903.1	46
-14897.1	32
-14891	28
-14885	29
-14879	27
-14872.9	37
-14866.9	38
-14860.9	30
-14854.8	22
-14848.8	33
-14842.8	54
-14836.8	33
-14830.8	33
-14824.8	37
-14818.7	46
-14812.7	43
-14806.7	33.9461
-14800.7	43.7345
-14794.7	35.7321
-14788.7	38.371
-14782.7	28.9941
-14776.7	48.2056
-14770.7	43.1159
-14764.7	34.9493
-14758.7	35.8074
-14752.8	31.4815
-14746.8	42.031
-14740.8	46.8157
-14734.8	23.0995
-14728.8	20.1334
-14722.8	29.2893
-14716.9	24.9621
-14710.9	38.4849
-14704.9	39.9957
-14699	41.7948
-14693	35.9449
-14687	26.6386
-14681.1	26.7316
-14675.1	28.2352
-14669.2	30.2232
-14663.2	39.8707
-14657.2	32.9687
-14651.3	43.217
-14645.3	43.2467
-14639.4	35.0461
-14633.5	25.165
-14627.5	19.1082
-14621.6	28.8373
-14615.6	37.5999
-14609.7	41.8791
-14603.8	40.958
-14597.8	30.8851
-14591.9	31.2972
-14586	36.5171
-14580	25.3638
-14574.1	33.2497
-14568.2	28.7579
-14562.3	29.9892
-14556.4	25.8459
-14550.5	36.7885
-14544.5	31.9758
-14538.6	32.212
-14532.7	19.8275
-14526.8	24.7369
-14520.9	36.5193
-14515	39.5371
-14509.1	27.7877
-14503.2	23.6557
-14497.3	31.8147
-14491.4	33.0886
-14485.5	32.6318
-14479.6	22.6448
-14473.8	26.3896
-14467.9	26.1813
-14462	31.5601
-14456.1	35.9926
-14450.2	37.8034
-14444.4	22.4009
-14438.5	21.7524
-14432.6	36.4376
-14426.7	38.053
-14420.9	35.5408
-14415	36.1817
-14409.2	27.4726
-14403.3	24.6793
-14397.4	24.365
-14391.6	31.5132
-14385.7	26.2334
-14379.9	33.4121
-14374	29.6918
-14368.2	18.7261
-14362.3	30.5694
-14356.5	32.7586
-14350.6	32.3222
-14344.8	25.7887
-14339	24.0343
-14333.1	24.9319
-14327.3	23.7682
-14321.5	24.642
-14315.6	26.743
-14309.8	22.9233
-14304	8.83246
-14298.2	22.1424
-14292.3	33.541
-14286.5	34.0856
-14280.7	40.9295
-14274.9	22.4295
-14269.1	20.12
-14263.3	38.6582
-14257.4	14.6509
-14251.6	19.529
-14245.8	13.028
-14240	12.7604
-14234.2	20.874
-14228.4	32.3583
-14222.6	44.443
-14216.8	41.1509
-14211.1	22.4653
-14207	4
-14201.2	17
-14195.4	26
-14189.6	21
-14183.8	31
-14178	38
-14172.2	8
-14166.4	39
-14160.6	22
-14154.8	33
-14149	7
-14143.2	32
-14137.4	27
-14131.6	25
-14125.9	20
-14120.1	37
-14114.3	16
-14108.5	23
-14102.8	36
-14097	22
-14091.2	20
-14085.5	6
-14079.7	7
-14073.9	32
-14068.2	27
-14062.4	46
-14056.7	25
-14050.9	39
-14045.2	26
-14039.4	27
-14033.7	23
-14027.9	26
-14022.2	35
-14016.5	29
-14010.7	45
-14005	29
-13999.2	39
-13993.5	21
-13987.8	26
-13982.1	24
-13976.3	34
-13970.6	33
-13964.9	24
-13959.2	9
-13953.4	26
-13947.7	27
-13942	30
-13936.3	26
-13930.6	34
-13924.9	47
-13919.2	39
-13913.5	37
-13907.8	31
-13902.1	43
-13896.4	15
-13890.7	33
-13885	24
-13879.3	17
-13873.6	49
-13867.9	27
-13862.2	24
-13856.5	36
-13850.9	44
-13845.2	60
-13839.5	39
-13833.8	20
-13828.2	44
-13822.5	24
-13816.8	48
-13811.2	55
-13805.5	18
-13799.8	18
-13794.2	38
-13788.5	20
-13782.8	47
-13777.2	39
-13771.5	41
-13765.9	41
-13760.2	40
-13754.6	41
-13748.9	35
-13743.3	36
-13737.7	26
-13732	30
-13726.4	44
-13720.7	23
-13715.1	24
-13709.5	31
-13703.8	27
-13698.2	40
-13692.6	31
-13687	28
-13681.3	29
-13675.7	25
-13670.1	42
-13664.5	33
-13658.9	26
-13653.3	42
-13647.7	54
-13642.1	37
-13636.4	36
-13630.8	47
-13625.2	49
-13619.6	31
-13614	16
-13608.4	34
-13602.9	39
-13597.3	42
-13591.7	37
-13586.1	52
-13580.5	35
-13574.9	39
-13569.3	43
-13563.7	44
-13558.2	22
-13552.6	25
-13547	45
-13541.4	35
-13535.9	36
-13530.3	27
-13524.7	48
-13519.2	44
-13513.6	49
-13508	46
-13502.5	43
-13496.9	24
-13491.4	4
-13485.8	40
-13480.3	31
-13474.7	33
-13469.2	36
-13463.6	48
-13458.1	26
-13452.5	53
-13447	28
-13441.5	44
-13435.9	34
-13430.4	33
-13424.9	58
-13419.3	42
-13413.8	38
-13408.3	37
-13402.8	44
-13397.2	39
-13391.7	41
-13386.2	33
-13380.7	44
-13375.2	38
-13369.7	25
-13364.1	36
-13358.6	48
-13353.1	42
-13347.6	27
-13342.1	32
-13336.6	24
-13331.1	42
-13325.6	31
-13320.1	33
-13314.6	36
-13309.1	34
-13303.7	53
-13298.2	19
-13292.7	44
-13287.2	48
-13281.7	21
-13276.2	30
-13270.8	43
-13265.3	38
-13259.8	52
-13254.3	44
-13248.9	43
-13243.4	43
-13237.9	33
-13232.5	64
-13227	52
-13221.5	15
-13216.1	29
-13210.6	26
-13205.2	32
-13199.7	26
-13194.3	29
-13188.8	42
-13183.4	63
-13177.9	32
-13172.5	41
-13167	30
-13161.6	21
-13156.2	37
-13150.7	36
-13145.3	36
-13139.8	53
-13134.4	48
-13129	46
-13123.6	32
-13118.1	42
-13112.7	36
-13107.3	40
-13101.9	49
-13096.5	38
-13091	41
-13085.6	40
-13080.2	52
-13074.8	48
-13069.4	21
-13064	38
-13058.6	30
-13053.2	56
-13047.8	34
-13042.4	42
-13037	23
-13031.6	45
-13026.2	38
-13020.8	51
-13015.4	39
-13010	37
-13004.6	34
-12999.3	49
-12993.9	65
-12988.5	35
-12983.1	32
-12977.7	37
-12972.4	34
-12967	26
-12961.6	37
-12956.2	46
-12950.9	18
-12945.5	41
-12940.1	45
-12934.8	38
-12929.4	43
-12924.1	43
-12918.7	36
-12913.4	48
-12908	43
-12902.6	23
-12897.3	13.5
-12892	4
-12886.6	54
-12881.3	45
-12875.9	55
-12870.6	46
-12865.2	14
-12859.9	43
-12854.6	42
-12849.2	49
-12843.9	35
-12838.6	59
-12833.3	27
-12827.9	55
-12822.6	40
-12817.3	39
-12812	37
-12806.6	37
-12801.3	49
-12796	40
-12790.7	27
-12785.4	40
-12780.1	42
-12774.8	32
-12769.5	54
-12764.2	35
-12758.9	44
-12753.6	47
-12748.3	32
-12743	51
-12737.7	39
-12732.4	56
-12727.1	55
-12721.8	34
-12716.5	37
-12711.2	23
-12706	56
-12700.7	39
-12695.4	53
-12690.1	54
-12684.8	49
-12679.6	42
-12674.3	45
-12669	38
-12663.7	41
-12658.5	56
-12653.2	49
-12647.9	18
-12642.7	35
-12637.4	50
-12632.2	28
-12626.9	48
-12621.7	39
-12616.4	43
-12611.2	35
-12605.9	30
-12600.7	54
-12595.4	59
-12590.2	37
-12584.9	21
-12579.7	37
-12574.4	57
-12569.2	33
-12564	40
-12558.7	32
-12553.5	40
-12548.3	40
-12543.1	62
-12537.8	28
-12532.6	40
-12527.4	48
-12522.2	40
-12516.9	53
-12511.7	64
-12506.5	50
-12501.3	40
-12496.1	40
-12490.9	14
-12485.7	38
-12480.5	35
-12475.2	28
-12470	20
-12464.8	21
-12459.6	47
-12454.4	59
-12449.2	38
-12444.1	54
-12438.9	26
-12433.7	15
-12428.5	49
-12423.3	51
-12418.1	47
-12412.9	57
-12407.7	39
-12402.6	42
-12397.4	47
-12392.2	45
-12387	46
-12381.9	31
-12376.7	15
-12371.5	61
-12366.3	40
-12361.2	61
-12356	29
-12350.9	41
-12345.7	36
-12340.5	56
-12335.4	32
-12330.2	62
-12325.1	58
-12319.9	46
-12314.8	68
-12309.6	38
-12304.5	39
-12299.3	43
-12294.2	39
-12289	46
-12283.9	25
-12278.8	49
-12273.6	47
-12268.5	27
-12263.4	45
-12258.2	44
-12253.1	40
-12248	45
-12242.8	35
-12237.7	50
-12232.6	38
-12227.5	26
-12222.3	38
-12217.2	33
-12212.1	45
-12207	41
-12201.9	49
-12196.8	47
-12191.7	34
-12186.6	16
-12181.5	42
-12176.3	42
-12171.2	53
-12166.1	37
-12161	42
-12155.9	41
-12150.9	63
-12145.8	40
-12140.7	24
-12135.6	35
-12130.5	36
-12125.4	21
-12120.3	36
-12115.2	18
-12110.2	59
-12105.1	36
-12100	40
-12094.9	52
-12089.8	55
-12084.8	33
-12079.7	64
-12074.6	34
-12069.6	26
-12064.5	47
-12059.4	42
-12054.4	52
-12049.3	27
-12044.2	31
-12039.2	49
-12034.1	49
-12029.1	42
-12024	51
-12019	35
-12013.9	18
-12008.9	40
-12003.8	49
-11998.8	65
-11993.7	47
-11988.7	37
-11983.7	20
-11978.6	40
-11973.6	46
-11968.5	39
-11963.5	54
-11958.5	28
-11953.5	48
-11948.4	51
-11943.4	49
-11938.4	27
-11933.4	54
-11928.3	34
-11923.3	45
-11918.3	42
-11913.3	41
-11908.3	25
-11903.3	19
-11898.2	52
-11893.2	41
-11888.2	52
-11883.2	24
-11878.2	35
-11873.2	38
-11868.2	40
-11863.2	36
-11858.2	44
-11853.2	49
-11848.2	25
-11843.2	40
-11838.2	38
-11833.2	30
-11828.3	40
-11823.3	38
-11818.3	40
-11813.3	41
-11808.3	35
-11803.3	32
-11798.4	35
-11793.4	30
-11788.4	46
-11783.4	47
-11778.5	40
-11773.5	27
-11768.5	37
-11763.6	21
-11758.6	39
-11753.6	72
-11748.7	45
-11743.7	26
-11738.8	46
-11733.8	51
-11728.9	36
-11723.9	24
-11719	43
-11714	39
-11709.1	25
-11704.1	38
-11699.2	38
-11694.2	39
-11689.3	53
-11684.3	46
-11679.4	33
-11674.5	47
-11669.5	33
-11664.6	18
-11659.7	21
-11654.7	50
-11649.8	55
-11644.9	30
-11640	43
-11635	38
-11630.1	45
-11625.2	41
-11620.3	33
-11615.3	49
-11610.4	55
-11605.5	20
-11600.6	26
-11595.7	58
-11590.8	38
-11585.9	45
-11581	16
-11576.1	31
-11571.2	49
-11566.3	37
-11561.4	48
-11556.5	36
-11551.6	25
-11546.7	36
-11541.8	50
-11536.9	40
-11532	46
-11527.1	42
-11522.2	36
-11517.3	53
-11512.5	36
-11507.6	59
-11502.7	33
-11497.8	22
-11492.9	36
-11488.1	30
-11483.2	29
-11478.3	36
-11473.5	37
-11468.6	38
-11463.7	55
-11458.9	38
-11454	44
-11449.1	34
-11444.3	35
-11439.4	47
-11434.5	29
-11429.7	34
-11424.8	41
-11420	51
-11415.1	43
-11410.3	40
-11405.4	61
-11400.6	40
-11395.7	39
-11390.9	29
-11386.1	44
-11381.2	40
-11376.4	24
-11371.5	27
-11366.7	40
-11361.9	28
-11357	24
-11352.2	44
-11347.4	49
-11342.6	26
-11337.7	30
-11332.9	44
-11328.1	28
-11323.3	38
-11318.4	41
-11313.6	33
-11308.8	26
-11304	38
-11299.2	49
-11294.4	48
-11289.6	20
-11284.8	27
-11279.9	35
-11275.1	48
-11270.3	58
-11265.5	32
-11260.7	39
-11255.9	39
-11251.1	40
-11246.3	59
-11241.5	38
-11236.8	45
-11232	61
-11227.2	34
-11222.4	37
-11217.6	31
-11212.8	30
-11208	50
-11203.2	31
-11198.5	32
-11193.7	35
-11188.9	33
-11184.1	33
-11179.4	53
-11174.6	40
-11169.8	35
-11165	46
-11160.3	40
-11155.5	36
-11150.7	30
-11146	43
-11141.2	43
-11136.5	30
-11131.7	46
-11126.9	29
-11122.2	39
-11117.4	31
-11112.7	61
-11107.9	31
-11103.2	28
-11098.4	59
-11093.7	57
-11088.9	34
-11084.2	29
-11079.5	26
-11074.7	33
-11070	42
-11065.2	33
-11060.5	40
-11055.8	31
-11051	24
-11046.3	27
-11041.6	36
-11036.9	28
-11032.1	35
-11027.4	26
-11022.7	49
-11018	34
-11013.2	34
-11008.5	59
-11003.8	47
-10999.1	40
-10994.4	37
-10989.7	41
-10985	37
-10980.2	29
-10975.5	36
-10970.8	36
-10966.1	24
-10961.4	32
-10956.7	38
-10952	30
-10947.3	26
-10942.6	40
-10937.9	48
-10933.2	51
-10928.5	35
-10923.8	49
-10919.2	30
-10914.5	38
-10909.8	67
-10905.1	45
-10900.4	46
-10895.7	37
-10891.1	33
-10886.4	29
-10881.7	30
-10877	31
-10872.3	50
-10867.7	46
-10863	54
-10858.3	51
-10853.7	37
-10849	41
-10844.3	21
-10839.7	49
-10835	49
-10830.3	50
-10825.7	32
-10821	22
-10816.4	30
-10811.7	46
-10807.1	29
-10802.4	40
-10797.8	23
-10793.1	21
-10788.5	55
-10783.8	20
-10779.2	36
-10774.5	33
-10769.9	32
-10765.2	23
-10760.6	34
-10756	30
-10751.3	40
-10746.7	32
-10742.1	13
-10737.4	51
-10732.8	43
-10728.2	64
-10723.5	54
-10718.9	36
-10714.3	31
-10709.7	37
-10705.1	52
-10700.4	41
-10695.8	34
-10691.2	31
-10686.6	44
-10682	24
-10677.4	42
-10672.8	41
-10668.1	35
-10663.5	40
-10658.9	44
-10654.3	29
-10649.7	52
-10645.1	41
-10640.5	44
-10635.9	52
-10631.3	28
-10626.7	54
-10622.1	34
-10617.5	36
-10613	28
-10608.4	32
-10603.8	35
-10599.2	37
-10594.6	28
-10590	48
-10585.4	38
-10580.9	21
-10576.3	38
-10571.7	46
-10567.1	20
-10562.5	41
-10558	38
-10553.4	37
-10548.8	35
-10544.3	38
-10539.7	38
-10535.1	39
-10530.6	38
-10526	49
-10521.4	33
-10516.9	19
-10512.3	41
-10507.8	33
-10503.2	60
-10498.6	50
-10494.1	31
-10489.5	28
-10485	40
-10480.4	50
-10475.9	49
-10471.3	27
-10466.8	22
-10462.3	40
-10457.7	31
-10453.2	42
-10448.6	37
-10444.1	35
-10439.6	32
-10435	23
-10430.5	31
-10426	36
-10421.4	17
-10416.9	46
-10412.4	31
-10407.9	23
-10403.3	32
-10398.8	48
-10394.3	29
-10389.8	35
-10385.2	29
-10380.7	50
-10376.2	38
-10371.7	52
-10367.2	27
-10362.7	38
-10358.2	35
-10353.7	35
-10349.1	18
-10344.6	35
-10340.1	41
-10335.6	41
-10331.1	55
-10326.6	23
-10322.1	37
-10317.6	42
-10313.1	32
-10308.6	37
-10304.2	49
-10299.7	24
-10295.2	53
-10290.7	44
-10286.2	54
-10281.7	56
-10277.2	42
-10272.7	14
-10268.3	-2
-10263.8	11
-10259.3	24
-10254.8	47
-10250.3	23
-10245.9	39
-10241.4	25
-10236.9	36
-10232.5	55
-10228	57
-10223.5	35
-10219.1	30
-10214.6	28
-10210.1	27
-10205.7	32
-10201.2	19
-10196.7	47
-10192.3	26
-10187.8	41
-10183.4	38
-10178.9	33
-10174.5	23
-10170	41
-10165.6	30
-10161.1	25
-10156.7	38
-10152.2	19
-10147.8	16
-10143.3	29
-10138.9	32
-10134.5	39
-10130	35
-10125.6	32
-10121.2	46
-10116.7	38
-10112.3	31
-10107.9	33
-10103.4	36
-10099	35
-10094.6	29
-10090.1	33
-10085.7	46
-10081.3	4
-10076.9	29
-10072.5	36
-10068	44
-10063.6	53
-10059.2	40
-10054.8	42
-10050.4	46
-10046	35.8861
-10041.6	39.7378
-10037.2	35.8237
-10032.7	40.4047
-10028.3	57.42
-10023.9	37.2376
-10019.5	32.9635
-10015.1	34.7971
-10010.7	28.1758
-10006.3	32.2199
-10001.9	29.4396
-9997.53	40.0386
-9993.14	31.8354
-9988.75	19.12
-9984.35	31.6233
-9979.96	40.654
-9975.57	31.0861
-9971.18	38.8742
-9966.8	23.9143
-9962.41	30.0228
-9958.03	26.5511
-9953.64	24.1113
-9949.26	43.1399
-9944.88	28.7446
-9940.51	34.8647
-9936.13	35.2923
-9931.75	33.1105
-9927.38	23.2324
-9923.01	48.9171
-9918.63	30.0219
-9914.26	33.0585
-9909.89	34.1357
-9905.53	24.7038
-9901.16	37.7178
-9896.8	38.4863
-9892.43	35.1521
-9888.07	32.8057
-9883.71	29.7555
-9879.35	37.2062
-9874.99	30.6322
-9870.63	20.2234
-9866.28	22.6948
-9861.92	21.4936
-9857.57	33.5713
-9853.22	37.8484
-9848.87	25.957
-9844.52	28.7535
-9840.17	29.016
-9835.83	31.7446
-9831.48	20.1803
-9827.14	32.2477
-9822.8	25.1118
-9818.46	33.4272
-9814.12	27.2029
-9809.78	23.4628
-9805.45	33.0277
-9801.11	27.6999
-9796.78	29.5603
-9792.45	18.3896
-9788.12	32.3797
-9783.79	29.8053
-9779.46	33.8349
-9775.13	23.7005
-9770.8	33.8384
-9766.48	30.0781
-9762.16	30.703
-9757.83	38.9142
-9753.51	34.6169
-9749.2	28.4677
-9744.88	20.6482
-9740.56	28.315
-9736.25	28.8561
-9731.93	32.6371
-9727.62	24.7316
-9723.31	31.1201
-9719	24.8891
-9714.69	22.9464
-9710.39	27.7531
-9706.08	31.6446
-9701.78	34.6
-9697.47	36.3592
-9693.17	33.3271
-9688.87	25.0297
-9684.57	18.7806
-9680.27	21.3948
-9675.98	28.0446
-9671.68	26.5133
-9667.39	30.7658
-9663.1	35.7936
-9658.81	32.6453
-9654.52	21.8573
-9650.23	18.5078
-9645.94	28.2898
-9641.66	22.6747
-9637.37	18.6182
-9633.09	18.3417
-9628.81	17.1584
-9624.53	18.7781
-9620.25	22.8006
-9615.97	25.9945
-9611.69	27.1384
-9609.4	26
-9605.11	36
-9600.83	48
-9596.54	28
-9592.25	22
-9587.97	23
-9583.69	32
-9579.41	42
-9575.13	26
-9570.85	21
-9566.58	31
-9562.3	30
-9558.03	27
-9553.75	21
-9549.48	20
-9545.21	23
-9540.95	3
-9536.68	25
-9532.41	30
-9528.15	30
-9523.88	15
-9519.62	15
-9515.36	28
-9511.1	31
-9506.84	31
-9502.59	25
-9498.33	13
-9494.08	24
-9489.83	31
-9485.57	27
-9481.32	10
-9477.07	42
-9472.83	34
-9468.58	27
-9464.33	29
-9460.09	33
-9455.85	29
-9451.61	27
-9447.37	25
-9443.13	42
-9438.89	26
-9434.66	10
-9430.42	37
-9426.19	18
-9421.95	25
-9417.72	27
-9413.5	47
-9409.27	38
-9405.04	25
-9400.81	20
-9396.59	37
-9392.37	37
-9388.14	29
-9383.92	26
-9379.71	30
-9375.49	38
-9371.27	48
-9367.05	36
-9362.84	25
-9358.63	25
-9354.42	23
-9350.21	44
-9346	42
-9341.79	40
-9337.58	32
-9333.38	35
-9329.17	40
-9324.97	45
-9320.77	38
-9316.57	32
-9312.37	25
-9308.17	24
-9303.98	48
-9299.78	51
-9295.59	46
-9291.4	28
-9287.21	28
-9283.02	48
-9278.83	33
-9274.64	17
-9270.46	36
-9266.27	34
-9262.09	32
-9257.91	54
-9253.72	36
-9249.54	48
-9245.37	35
-9241.19	38
-9237.01	31
-9232.84	34
-9228.67	30
-9224.49	47
-9220.32	43
-9216.15	25
-9211.99	39
-9207.82	29
-9203.65	45
-9199.49	23
-9195.33	32
-9191.17	37
-9187	34
-9182.85	34
-9178.69	39
-9174.53	44
-9170.37	38
-9166.22	41
-9162.07	49
-9157.92	43
-9153.77	30
-9149.62	13
-9145.47	36
-9141.32	50
-9137.18	39
-9133.03	27
-9128.89	38
-9124.75	44
-9120.61	39
-9116.47	41
-9112.33	35
-9108.19	31
-9104.06	54
-9099.92	43
-9095.79	50
-9091.66	45
-9087.53	21
-9083.4	33
-9079.27	47
-9075.14	45
-9071.02	30
-9066.9	42
-9062.77	20
-9058.65	23
-9054.53	48
-9050.41	35
-9046.29	33
-9042.18	36
-9038.06	43
-9033.95	20
-9029.83	43
-9025.72	48
-9021.61	36
-9017.5	35
-9013.4	36
-9009.29	27
-9005.18	38
-9001.08	48
-8996.98	45
-8992.87	44
-8988.77	25
-8984.67	43
-8980.58	44
-8976.48	46
-8972.38	34
-8968.29	14
-8964.2	37
-8960.1	60
-8956.01	41
-8951.92	39
-8947.83	31
-8943.75	22
-8939.66	28
-8935.58	44
-8931.49	35
-8927.41	35
-8923.33	35
-8919.25	40
-8915.17	50
-8911.1	39
-8907.02	33
-8902.95	45
-8898.87	34
-8894.8	41
-8890.73	27
-8886.66	36
-8882.59	34
-8878.52	45
-8874.46	52
-8870.39	45
-8866.33	28
-8862.27	37
-8858.2	48
-8854.14	32
-8850.09	40
-8846.03	52
-8841.97	38
-8837.92	32
-8833.86	20
-8829.81	40
-8825.76	34
-8821.71	31
-8817.66	34
-8813.61	40
-8809.56	18
-8805.52	43
-8801.48	29
-8797.43	33
-8793.39	52
-8789.35	25
-8785.31	55
-8781.27	48
-8777.23	42
-8773.2	42
-8769.17	26
-8765.13	51
-8761.1	38
-8757.07	35
-8753.04	37
-8749.01	39
-8744.98	43
-8740.96	45
-8736.93	41
-8732.91	52
-8728.88	37
-8724.86	5
-8720.84	26
-8716.82	30
-8712.8	42
-8708.79	44
-8704.77	36
-8700.76	47
-8696.75	33
-8692.74	35
-8688.72	40
-8684.71	50
-8680.71	33
-8676.7	50
-8672.7	39
-8668.69	42
-8664.69	37
-8660.68	26
-8656.68	43
-8652.68	39
-8648.69	25
-8644.69	52
-8640.69	39
-8636.7	23
-8632.7	29.5
-8628.71	36
-8624.72	52
-8620.73	57
-8616.74	37
-8612.75	26
-8608.76	50
-8604.78	56
-8600.79	52
-8596.81	32
-8592.83	25
-8588.85	37
-8584.87	54
-8580.89	32
-8576.91	52
-8572.94	42
-8568.96	38
-8564.99	33
-8561.02	32
-8557.04	56
-8553.07	31
-8549.1	13
-8545.14	46
-8541.17	40
-8537.21	32
-8533.24	47
-8529.28	30
-8525.32	37
-8521.35	40
-8517.4	30
-8513.44	45
-8509.48	57
-8505.52	42
-8501.57	46
-8497.62	53
-8493.66	46
-8489.71	50
-8485.76	55
-8481.81	29
-8477.87	26
-8473.92	49
-8469.97	45
-8466.03	29
-8462.08	26
-8458.14	37
-8454.2	44
-8450.26	50
-8446.32	34
-8442.39	41
-8438.45	34
-8434.51	36
-8430.58	43
-8426.65	55
-8422.72	42
-8418.79	51
-8414.86	52
-8410.93	43
-8407	35
-8403.08	31
-8399.15	41
-8395.23	40
-8391.3	47
-8387.38	45
-8383.46	43
-8379.54	32
-8375.63	20
-8371.71	39
-8367.8	58
-8363.88	51
-8359.97	32
-8356.06	46
-8352.15	31
-8348.24	53
-8344.33	41
-8340.42	38
-8336.51	49
-8332.61	35
-8328.71	40
-8324.8	30
-8320.9	55
-8317	44
-8313.1	21
-8309.21	52
-8305.31	31
-8301.41	47
-8297.52	44
-8293.63	36
-8289.73	34
-8285.84	55
-8281.95	37
-8278.06	36
-8274.17	56
-8270.29	35
-8266.4	35
-8262.52	50
-8258.64	40
-8254.75	50
-8250.87	43
-8246.99	33
-8243.11	41
-8239.24	48
-8235.36	59
-8231.49	23
-8227.61	32
-8223.74	36
-8219.87	36
-8216	41
-8212.13	43
-8208.26	40
-8204.39	42
-8200.52	44
-8196.66	46
-8192.8	41
-8188.93	52
-8185.07	17
-8181.21	60
-8177.35	53
-8173.49	44
-8169.64	54
-8165.78	50
-8161.93	42
-8158.07	44
-8154.22	48
-8150.37	33
-8146.52	41
-8142.67	31
-8138.82	56
-8134.97	36
-8131.13	54
-8127.28	52
-8123.44	39
-8119.6	56
-8115.76	44
-8111.92	53
-8108.08	48
-8104.24	43
-8100.4	40
-8096.57	38
-8092.73	34
-8088.9	46
-8085.07	33
-8081.24	60
-8077.41	33
-8073.58	41
-8069.75	57
-8065.92	52
-8062.1	38
-8058.27	36
-8054.45	54
-8050.63	50
-8046.81	42
-8042.99	43
-8039.17	40
-8035.35	33
-8031.53	43
-8027.72	41
-8023.9	59
-8020.09	44
-8016.27	42
-8012.46	45
-8008.66	34
-8004.85	37
-8001.04	52
-7997.23	37
-7993.42	48
-7989.62	39
-7985.82	30
-7982.02	50
-7978.21	48
-7974.42	34
-7970.62	49
-7966.82	43
-7963.02	45
-7959.23	46
-7955.43	37
-7951.64	32
-7947.85	43
-7944.05	54
-7940.26	45
-7936.48	44
-7932.69	40
-7928.9	37
-7925.11	49
-7921.33	48
-7917.55	42
-7913.76	32
-7909.98	14
-7906.2	36
-7902.42	60
-7898.64	37
-7894.87	40
-7891.09	31
-7887.32	32
-7883.55	48
-7879.77	48
-7876	32
-7872.23	25
-7868.46	26
-7864.69	42
-7860.93	44
-7857.16	30
-7853.39	36
-7849.63	61
-7845.87	51
-7842.11	38
-7838.35	51
-7834.59	52
-7830.83	46
-7827.07	41
-7823.31	49
-7819.56	35
-7815.81	28
-7812.05	39
-7808.3	28
-7804.55	46
-7800.8	31
-7797.05	60
-7793.31	39
-7789.56	46
-7785.81	61
-7782.07	29
-7778.33	30
-7774.58	23
-7770.84	33
-7767.1	38
-7763.36	42
-7759.63	53
-7755.89	57
-7752.15	32
-7748.42	39
-7744.69	41
-7740.95	26
-7737.22	46
-7733.49	38
-7729.76	49
-7726.03	0
-7722.31	41
-7718.58	59
-7714.86	43
-7711.13	34
-7707.41	50
-7703.69	50
-7699.97	41
-7696.25	51
-7692.53	45
-7688.81	39
-7685.1	47
-7681.38	50
-7677.67	43
-7673.96	36
-7670.24	37
-7666.53	21
-7662.82	35
-7659.11	41
-7655.41	54
-7651.7	32
-7647.99	52
-7644.29	37
-7640.59	40
-7636.88	45
-7633.18	52
-7629.48	48
-7625.78	30
-7622.08	46
-7618.39	40
-7614.69	46
-7611	72
-7607.3	37
-7603.61	27
-7599.92	36
-7596.23	35
-7592.54	40
-7588.85	32
-7585.16	45
-7581.47	44
-7577.79	31
-7574.1	48
-7570.42	40
-7566.74	42
-7563.06	44
-7559.38	23
-7555.7	50
-7552.02	50
-7548.34	31
-7544.67	44
-7540.99	45
-7537.32	43
-7533.65	47
-7529.98	33
-7526.3	22
-7522.63	38
-7518.97	55
-7515.3	57
-7511.63	32
-7507.97	31
-7504.3	33
-7500.64	71
-7496.98	24
-7493.32	46
-7489.66	15
-7486	30
-7482.34	47
-7478.68	32
-7475.03	39
-7471.37	37
-7467.72	31
-7464.06	49
-7460.41	52
-7456.76	23
-7453.11	44
-7449.46	35
-7445.82	26
-7442.17	22
-7438.52	37
-7434.88	36
-7431.24	25
-7427.59	31
-7423.95	43
-7420.31	48
-7416.67	44
-7413.04	60
-7409.4	23
-7405.76	37
-7402.13	38
-7398.49	32
-7394.86	26
-7391.23	33
-7387.6	48
-7383.97	37
-7380.34	34
-7376.71	43
-7373.08	42
-7369.46	52
-7365.83	30
-7362.21	41
-7358.58	45
-7354.96	37
-7351.34	28
-7347.72	49
-7344.1	28
-7340.49	34
-7336.87	44
-7333.25	40
-7329.64	20
-7326.03	34
-7322.41	41
-7318.8	40
-7315.19	40
-7311.58	44
-7307.97	27
-7304.37	32
-7300.76	28
-7297.16	44
-7293.55	40
-7289.95	41
-7286.35	34
-7282.75	44
-7279.14	46
-7275.55	24
-7271.95	26
-7268.35	51
-7264.75	46
-7261.16	33
-7257.56	46
-7253.97	39
-7250.38	25
-7246.79	33
-7243.2	42
-7239.61	47
-7236.02	25
-7232.44	46
-7228.85	16
-7225.27	43
-7221.68	43
-7218.1	48
-7214.52	39
-7210.94	46
-7207.36	33
-7203.78	47
-7200.2	44
-7196.62	49
-7193.05	29
-7189.47	10
-7185.9	33
-7182.33	44
-7178.75	34
-7175.18	34
-7171.61	39
-7168.04	44
-7164.48	30
-7160.91	49
-7157.34	47
-7153.78	27
-7150.22	40
-7146.65	65
-7143.09	46
-7139.53	35
-7135.97	27
-7132.41	34
-7128.86	50
-7125.3	31
-7121.74	37
-7118.19	39
-7114.64	37
-7111.08	21
-7107.53	15
-7103.98	38
-7100.43	35
-7096.88	44
-7093.34	32
-7089.79	37
-7086.24	27
-7082.7	33
-7079.15	56
-7075.61	34
-7072.07	30
-7068.53	53
-7064.99	22
-7061.45	32
-7057.91	29
-7054.38	23
-7050.84	38
-7047.31	39
-7043.77	40
-7040.24	34
-7036.71	33
-7033.18	31
-7029.65	19
-7026.12	32
-7022.59	33
-7019.07	44
-7015.54	29
-7012.02	33
-7008.49	28
-7004.97	54
-7001.45	38
-6997.93	50
-6994.41	28
-6990.89	26
-6987.37	47
-6983.85	29
-6980.34	27
-6976.82	38
-6973.31	49
-6969.8	41
-6966.28	36
-6962.77	23
-6959.26	33
-6955.76	32
-6952.25	38
-6948.74	30
-6945.24	33
-6941.73	24
-6938.23	46
-6934.72	39
-6931.22	43
-6927.72	32
-6924.22	44
-6920.72	37
-6917.22	21
-6913.73	63
-6910.23	26
-6906.73	30
-6903.24	34
-6899.75	30
-6896.25	39
-6892.76	29
-6889.27	41
-6885.79	25
-6882.3	19
-6878.81	31
-6875.32	38
-6871.84	32
-6868.35	26
-6864.87	37
-6861.39	35
-6857.9	29
-6854.43	44
-6850.95	33
-6847.47	44
-6843.99	21
-6840.51	70
-6837.04	36
-6833.56	40
-6830.09	40
-6826.62	30
-6823.14	39
-6819.67	22
-6816.2	24
-6812.73	48
-6809.27	33
-6805.8	33
-6802.33	61
-6798.87	40
-6795.41	44
-6791.94	66
-6788.48	28
-6785.02	40
-6781.56	40
-6778.1	34
-6774.64	37
-6771.18	34
-6767.73	30
-6764.27	40
-6760.82	59
-6757.36	22
-6753.91	45
-6750.46	21
-6747.01	16
-6743.56	37
-6740.11	17
-6736.66	36
-6733.22	40
-6729.77	42
-6726.33	30
-6722.88	42
-6719.44	26
-6716	44
-6712.56	27
-6709.12	23
-6705.68	49
-6702.24	45
-6698.8	30
-6695.37	25
-6691.93	19
-6688.5	42
-6685.06	30
-6681.63	55
-6678.2	46
-6674.77	29
-6671.34	37
-6667.91	55
-6664.48	39
-6661.06	51
-6657.63	34
-6654.21	36
-6650.78	37
-6647.36	41
-6643.94	43
-6640.52	49
-6637.1	34
-6633.68	30
-6630.26	30
-6626.84	41
-6623.43	38
-6620.01	27
-6616.6	29
-6613.19	19
-6609.77	48
-6606.36	43
-6602.95	35
-6599.54	32
-6596.13	37
-6592.73	30
-6589.32	33
-6585.91	37
-6582.51	42
-6579.1	20
-6575.7	33
-6572.3	36
-6568.9	32
-6565.5	35
-6562.1	36
-6558.7	30
-6555.3	52
-6551.91	56
-6548.51	31
-6545.12	42
-6541.72	51
-6538.33	22
-6534.94	40
-6531.55	41
-6528.16	39
-6524.77	23
-6521.38	37
-6517.99	34
-6514.61	34
-6511.22	31
-6507.84	27
-6504.45	30
-6501.07	27
-6497.69	41
-6494.31	31
-6490.93	61
-6487.55	51
-6484.17	41
-6480.8	44
-6477.42	39
-6474.05	37.87
-6470.67	40.6243
-6467.3	35.303
-6463.93	41.085
-6460.56	37.2441
-6457.19	51.2163
-6453.82	33.5953
-6450.45	35.6905
-6447.08	31.6265
-6443.71	41.37
-6440.35	33.8117
-6436.98	40.6241
-6433.62	28.1433
-6430.26	19.4778
-6426.9	37.9137
-6423.53	28.8807
-6420.17	41.3256
-6416.81	35.8176
-6413.46	20.0311
-6410.1	24.9567
-6406.74	38.6896
-6403.39	10.6884
-6400.03	36.1932
-6396.68	23.9561
-6393.33	22.3614
-6389.97	38.6651
-6386.62	28.26
-6383.27	31.8094
-6379.92	19.9104
-6376.58	25.3791
-6373.23	38.867
-6369.88	33.8703
-6366.54	37.0079
-6363.19	41.3339
-6359.85	31.2757
-6356.51	19.6911
-6353.17	24.3915
-6349.82	27.9653
-6346.49	34.833
-6343.15	26.7756
-6339.81	29.0971
-6336.47	30.0519
-6333.14	33.2929
-6329.8	41.3012
-6326.47	25.55
-6323.13	26.3491
-6319.8	16.6877
-6316.47	37.9112
-6313.14	17.1553
-6309.81	32.2446
-6306.48	32.9886
-6303.15	19.8781
-6299.82	37.254
-6296.5	41.4524
-6293.17	38.7971
-6289.85	38.2107
-6286.52	21.7505
-6283.2	21.7412
-6279.88	34.9272
-6276.56	25.0212
-6273.24	30.4503
-6269.92	18.7672
-6266.6	23.5866
-6263.29	33.0562
-6259.97	33.2621
-6256.66	34.0541
-6253.34	42.2651
-6250.03	34.9711
-6246.71	27.2467
-6243.4	49.842
-6240.09	31.8388
-6236.78	31.5089
-6233.47	25.2434
-6230.17	15.4639
-6226.86	37.0666
-6223.55	41.8662
-6220.25	35.5725
-6216.94	33.6332
-6213.64	24.7096
-6210.34	20.8591
-6207.04	34.5072
-6203.73	38.2898
-6200.43	46.0017
-6197.14	32.9099
-6193.84	8.12655
-6190.54	17.3995
-6187.24	29.9149
-6183.95	38.3468
-6180.65	31.998
-6177.36	23.9227
-6174.07	34.2249
-6170.78	23.6672
-6167.48	17.9107
-6164.2	21.6995
-6160.91	23.8001
-6157.62	12.597
-6154.33	14.0754
-6151.04	25.4593
-6147.76	12.4194
-6144.47	23.3066
-6143.33	34
-6140.04	21
-6136.75	24
-6133.45	47
-6130.16	23
-6126.87	37
-6123.58	24
-6120.29	32
-6117	35
-6113.71	27
-6110.42	26
-6107.14	28
-6103.85	22
-6100.57	45
-6097.29	23
-6094	7
-6090.72	24
-6087.44	29
-6084.16	16
-6080.88	29
-6077.6	9
-6074.33	34
-6071.05	36
-6067.77	28
-6064.5	24
-6061.22	34
-6057.95	33
-6054.68	34
-6051.41	32
-6048.14	16
-6044.87	37
-6041.6	36
-6038.33	41
-6035.07	24
-6031.8	22
-6028.54	24
-6025.27	36
-6022.01	30
-6018.75	34
-6015.48	45
-6012.22	44
-6008.96	30
-6005.71	51
-6002.45	37
-5999.19	26
-5995.93	42
-5992.68	41
-5989.42	49
-5986.17	58
-5982.92	45
-5979.67	25
-5976.42	18
-5973.17	32
-5969.92	19
-5966.67	38
-5963.42	38
-5960.17	21
-5956.93	34
-5953.68	35
-5950.44	35
-5947.2	17
-5943.96	34
-5940.71	33
-5937.47	27
-5934.23	37
-5930.99	38
-5927.76	15
-5924.52	18
-5921.28	27
-5918.05	28
-5914.81	39
-5911.58	23
-5908.35	35
-5905.12	31
-5901.89	22
-5898.66	37
-5895.43	43
-5892.2	41
-5888.97	21
-5885.74	23
-5882.52	38
-5879.29	21
-5876.07	24
-5872.85	42
-5869.62	33
-5866.4	33
-5863.18	40
-5859.96	48
-5856.74	39
-5853.52	24
-5850.31	38
-5847.09	44
-5843.88	22
-5840.66	47
-5837.45	36
-5834.24	31
-5831.02	46
-5827.81	41
-5824.6	43
-5821.39	48
-5818.18	19
-5814.98	23
-5811.77	36
-5808.56	31
-5805.36	20
-5802.16	35
-5798.95	23
-5795.75	66
-5792.55	49
-5789.35	42
-5786.15	41
-5782.95	11
-5779.75	57
-5776.55	56
-5773.35	37
-5770.16	34
-5766.96	27
-5763.77	38
-5760.58	42
-5757.39	38
-5754.19	39
-5751	41
-5747.82	21
-5744.63	43
-5741.44	43
-5738.25	51
-5735.06	40
-5731.88	48
-5728.69	47
-5725.51	37
-5722.33	37
-5719.15	42
-5715.96	24
-5712.78	17
-5709.6	36
-5706.43	34
-5703.25	45
-5700.07	20
-5696.89	32
-5693.72	24
-5690.54	35
-5687.37	46
-5684.2	46
-5681.03	28
-5677.86	40
-5674.68	55
-5671.52	25
-5668.35	53
-5665.18	32
-5662.01	32
-5658.85	43
-5655.68	38
-5652.52	38
-5649.35	42
-5646.19	26
-5643.03	39
-5639.87	37
-5636.71	37
-5633.55	35
-5630.39	11
-5627.23	17
-5624.08	42
-5620.92	60
-5617.76	37
-5614.61	45
-5611.46	32
-5608.3	33
-5605.15	42
-5602	38
-5598.85	58
-5595.7	24
-5592.55	50
-5589.41	37
-5586.26	41
-5583.11	37
-5579.97	34
-5576.83	55
-5573.68	62
-5570.54	36
-5567.4	44
-5564.26	39
-5561.12	21
-5557.98	19
-5554.84	22
-5551.7	20
-5548.56	51
-5545.43	24
-5542.29	35
-5539.16	39
-5536.02	40
-5532.89	33
-5529.76	52
-5526.63	45
-5523.5	19
-5520.37	36
-5517.24	42
-5514.11	44
-5510.99	40
-5507.86	49
-5504.74	24
-5501.61	29
-5498.49	32
-5495.37	58
-5492.24	38
-5489.12	36
-5486	54
-5482.88	42
-5479.76	47
-5476.65	29
-5473.53	36
-5470.41	59
-5467.3	23
-5464.18	49
-5461.07	40
-5457.96	46
-5454.85	29
-5451.73	31
-5448.62	28
-5445.51	36
-5442.41	43
-5439.3	56
-5436.19	47
-5433.08	46
-5429.98	46
-5426.87	45
-5423.77	40
-5420.67	23
-5417.57	43
-5414.46	35
-5411.36	44
-5408.26	32
-5405.17	41
-5402.07	27
-5398.97	45
-5395.87	38
-5392.78	44
-5389.68	58
-5386.59	47
-5383.49	36
-5380.4	37
-5377.31	34
-5374.22	35
-5371.13	35
-5368.04	32
-5364.95	30
-5361.87	53
-5358.78	45
-5355.69	25
-5352.61	26
-5349.52	33
-5346.44	60
-5343.36	40
-5340.27	32
-5337.19	45
-5334.11	32
-5331.04	42
-5327.96	56
-5324.88	40
-5321.8	48
-5318.72	30
-5315.65	55
-5312.58	44
-5309.5	54
-5306.43	32
-5303.35	33
-5300.29	37
-5297.21	58
-5294.14	37
-5291.08	42
-5288.01	68
-5284.94	36
-5281.87	39
-5278.81	50
-5275.74	53
-5272.68	38
-5269.62	30
-5266.55	31
-5263.49	53
-5260.43	22
-5257.37	47
-5254.31	37
-5251.25	49
-5248.19	32
-5245.14	35
-5242.08	51
-5239.03	36
-5235.97	18
-5232.92	40
-5229.86	41
-5226.81	43
-5223.76	48
-5220.71	37
-5217.66	54
-5214.61	70
-5211.56	41
-5208.52	38
-5205.47	26
-5202.42	31
-5199.38	61
-5196.34	40
-5193.29	35
-5190.25	27
-5187.21	31
-5184.17	40
-5181.13	52
-5178.09	33
-5175.05	41
-5172.01	43
-5168.97	30
-5165.94	44
-5162.9	34
-5159.87	30
-5156.83	43
-5153.8	39
-5150.77	58
-5147.74	49
-5144.71	43
-5141.68	59
-5138.65	43
-5135.62	17
-5132.59	36
-5129.56	33
-5126.54	31
-5123.51	45
-5120.49	40
-5117.46	52
-5114.44	28
-5111.42	33
-5108.4	38
-5105.38	28
-5102.36	32
-5099.34	42
-5096.32	34
-5093.3	51
-5090.29	40
-5087.27	30
-5084.26	27
-5081.24	45
-5078.23	63
-5075.22	58
-5072.2	45
-5069.19	29
-5066.18	48
-5063.17	17
-5060.17	41
-5057.16	46
-5054.15	42
-5051.14	48
-5048.14	38
-5045.13	42
-5042.13	29
-5039.13	31
-5036.12	26
-5033.12	47
-5030.12	41
-5027.12	44
-5024.12	17
-5021.12	47
-5018.13	47
-5015.13	42
-5012.13	38
-5009.14	46
-5006.14	35
-5003.15	25
-5000.15	49
-4997.16	47
-4994.17	59
-4991.18	29
-4988.19	28
-4985.2	42
-4982.21	39
-4979.22	43
-4976.24	38
-4973.25	34
-4970.27	43
-4967.28	53
-4964.3	49
-4961.31	49
-4958.33	37
-4955.35	37
-4952.37	52
-4949.39	44
-4946.41	50
-4943.43	34
-4940.45	30
-4937.48	32
-4934.5	52
-4931.52	39
-4928.55	33
-4925.58	47
-4922.6	44
-4919.63	10
-4916.66	29
-4913.69	36
-4910.72	39
-4907.75	46
-4904.78	39
-4901.81	40
-4898.85	32
-4895.88	37
-4892.92	47
-4889.95	35
-4886.99	38
-4884.02	58
-4881.06	56
-4878.1	33
-4875.14	45
-4872.18	45
-4869.22	61
-4866.26	38
-4863.3	38
-4860.35	40
-4857.39	44
-4854.43	44
-4851.48	33
-4848.53	19
-4845.57	46
-4842.62	56
-4839.67	36
-4836.72	56
-4833.77	49
-4830.82	29
-4827.87	44
-4824.92	36
-4821.97	48
-4819.03	62
-4816.08	36
-4813.14	20
-4810.19	52
-4807.25	38
-4804.31	39
-4801.36	48
-4798.42	48
-4795.48	34
-4792.54	37
-4789.6	45
-4786.67	42
-4783.73	52
-4780.79	41
-4777.86	22
-4774.92	32
-4771.99	53
-4769.05	34
-4766.12	50
-4763.19	47
-4760.26	34
-4757.33	34
-4754.4	57
-4751.47	19
-4748.54	35
-4745.61	37
-4742.69	17
-4739.76	52
-4736.83	43
-4733.91	41
-4730.99	42
-4728.06	10
-4725.14	34
-4722.22	19
-4719.3	38
-4716.38	39
-4713.46	35
-4710.54	47
-4707.62	31
-4704.71	35
-4701.79	25
-4698.87	45
-4695.96	31
-4693.05	35
-4690.13	33
-4687.22	54
-4684.31	22
-4681.4	31
-4678.49	37
-4675.58	52
-4672.67	37
-4669.76	27
-4666.85	41
-4663.95	22
-4661.04	52
-4658.13	58
-4655.23	39
-4652.33	42
-4649.42	23
-4646.52	58
-4643.62	43
-4640.72	19
-4637.82	37
-4634.92	29
-4632.02	31
-4629.12	49
-4626.23	35
-4623.33	58
-4620.44	38
-4617.54	25
-4614.65	44
-4611.75	49
-4608.86	33
-4605.97	33
-4603.08	38
-4600.19	40
-4597.3	48
-4594.41	32
-4591.52	58
-4588.63	41
-4585.75	42
-4582.86	42
-4579.98	30
-4577.09	47
-4574.21	32
-4571.33	41
-4568.44	47
-4565.56	59
-4562.68	49
-4559.8	34
-4556.92	24
-4554.04	21
-4551.16	37
-4548.29	60
-4545.41	35
-4542.54	34
-4539.66	44
-4536.79	42
-4533.91	46
-4531.04	33
-4528.17	53
-4525.3	42
-4522.43	53
-4519.56	39
-4516.69	28
-4513.82	46
-4510.95	29
-4508.09	28
-4505.22	43
-4502.35	48
-4499.49	43
-4496.63	30
-4493.76	32
-4490.9	19
-4488.04	36
-4485.18	39
-4482.32	37
-4479.46	36
-4476.6	31
-4473.74	30
-4470.88	31
-4468.02	34
-4465.17	48
-4462.31	35
-4459.46	15
-4456.6	45
-4453.75	45
-4450.9	40
-4448.05	49
-4445.2	39
-4442.35	38
-4439.5	42
-4436.65	36
-4433.8	30
-4430.95	43
-4428.11	19
-4425.26	37
-4422.42	48
-4419.57	45
-4416.73	27
-4413.88	47
-4411.04	52
-4408.2	44
-4405.36	34
-4402.52	49
-4399.68	47
-4396.84	30
-4394	22
-4391.17	45
-4388.33	24
-4385.49	39
-4382.66	49
-4379.83	45
-4376.99	40
-4374.16	32
-4371.33	23
-4368.49	38
-4365.66	24
-4362.83	44
-4360	32
-4357.18	45
-4354.35	33
-4351.52	12
-4348.69	46
-4345.87	40
-4343.04	42
-4340.22	38
-4337.39	36
-4334.57	55
-4331.75	56
-4328.93	53
-4326.11	45
-4323.29	26
-4320.47	7
-4317.65	26
-4314.83	56
-4312.01	38
-4309.2	29
-4306.38	13
-4303.57	43
-4300.75	36
-4297.94	41
-4295.13	34
-4292.31	34
-4289.5	15
-4286.69	28
-4283.88	46
-4281.07	41
-4278.26	19
-4275.45	35
-4272.65	46
-4269.84	29
-4267.03	50
-4264.23	45
-4261.42	49
-4258.62	25
-4255.82	28
-4253.02	41
-4250.21	22
-4247.41	36
-4244.61	38
-4241.81	26
-4239.01	50
-4236.22	43
-4233.42	50
-4230.62	29
-4227.83	17
-4225.03	41
-4222.24	47
-4219.44	37
-4216.65	32
-4213.86	42
-4211.06	28
-4208.27	41
-4205.48	46
-4202.69	40
-4199.9	47
-4197.12	20
-4194.33	38
-4191.54	31
-4188.75	36
-4185.97	43
-4183.18	28
-4180.4	19
-4177.62	45
-4174.83	42
-4172.05	35
-4169.27	44
-4166.49	29
-4163.71	52
-4160.93	41
-4158.15	39
-4155.37	46
-4152.6	42
-4149.82	38
-4147.04	38
-4144.27	31
-4141.5	51
-4138.72	25
-4135.95	25
-4133.18	53
-4130.4	31
-4127.63	47
-4124.86	22
-4122.09	32
-4119.32	16
-4116.56	29
-4113.79	29
-4111.02	59
-4108.26	30
-4105.49	28
-4102.73	40
-4099.96	58
-4097.2	41
-4094.44	45
-4091.67	28
-4088.91	42
-4086.15	59
-4083.39	42
-4080.63	38
-4077.88	8
-4075.12	33
-4072.36	37
-4069.6	41
-4066.85	29
-4064.09	28
-4061.34	24
-4058.58	44
-4055.83	44
-4053.08	42
-4050.33	40
-4047.58	20
-4044.83	42
-4042.08	44
-4039.33	47
-4036.58	50
-4033.83	30
-4031.09	37
-4028.34	36
-4025.59	45
-4022.85	49
-4020.11	35
-4017.36	40
-4014.62	28
-4011.88	52
-4009.14	22
-4006.39	51
-4003.65	42
-4000.92	30
-3998.18	30
-3995.44	39
-3992.7	45
-3989.97	27
-3987.23	31
-3984.49	35
-3981.76	35
-3979.03	36
-3976.29	59
-3973.56	21
-3970.83	25
-3968.1	17
-3965.37	24
-3962.64	43
-3959.91	60
-3957.18	30
-3954.45	30
-3951.72	20
-3949	29
-3946.27	32
-3943.55	21
-3940.82	27
-3938.1	30
-3935.38	38
-3932.65	44
-3929.93	42
-3927.21	31
-3924.49	21
-3921.77	19
-3919.05	44
-3916.33	51
-3913.62	53
-3910.9	18
-3908.18	37
-3905.47	38
-3902.75	57
-3900.04	34
-3897.32	13
-3894.61	46
-3891.9	39
-3889.19	36
-3886.48	37
-3883.77	26
-3881.06	45
-3878.35	37
-3875.64	40
-3872.93	32
-3870.23	27
-3867.52	30
-3864.81	30
-3862.11	42
-3859.41	40
-3856.7	49
-3854	29
-3851.3	25
-3848.59	37
-3845.89	56
-3843.2	40
-3840.5	40
-3837.8	20
-3835.1	36
-3832.4	42
-3829.7	38
-3827.01	24
-3824.31	54
-3821.62	34
-3818.92	43
-3816.23	37
-3813.54	46
-3810.84	13
-3808.15	33
-3805.46	33
-3802.77	46
-3800.08	33
-3797.39	20
-3794.71	52
-3792.02	26
-3789.33	27
-3786.65	26
-3783.96	42
-3781.28	34
-3778.59	19
-3775.91	27
-3773.22	33
-3770.54	9
-3767.86	35
-3765.18	39
-3762.5	35
-3759.82	40
-3757.14	40
-3754.46	47
-3751.78	25
-3749.11	31
-3746.43	36
-3743.76	36
-3741.08	39
-3738.41	30
-3735.73	33
-3733.06	52
-3730.39	44
-3727.72	25
-3725.05	43
-3722.38	30
-3719.71	18
-3717.04	22
-3714.37	40
-3711.7	25
-3709.03	39
-3706.37	45.0049
-3703.7	29.0406
-3701.04	43.6205
-3698.37	35.5914
-3695.71	45.6895
-3693.04	29.6942
-3690.38	24.5235
-3687.72	39.4199
-3685.06	19.3419
-3682.4	37.7063
-3679.74	41.2315
-3677.08	32.2182
-3674.42	27.1048
-3671.76	38.1037
-3669.11	26.9912
-3666.45	42.6101
-3663.79	29.8723
-3661.14	13.6345
-3658.48	25.7243
-3655.83	27.852
-3653.18	24.737
-3650.52	27.1292
-3647.87	25.1517
-3645.22	42.5103
-3642.57	36.3705
-3639.92	38.0694
-3637.27	25.1986
-3634.62	26.4449
-3631.97	23.2767
-3629.32	42.9441
-3626.68	38.5183
-3624.03	33.089
-3621.39	35.5211
-3618.74	17.5769
-3616.1	33.3956
-3613.45	26.1395
-3610.81	34.0188
-3608.17	31.8588
-3605.53	21.1063
-3602.89	20.6652
-3600.24	37.8332
-3597.61	24.5215
-3594.97	29.7347
-3592.33	27.4903
-3589.69	24.7762
-3587.05	23.4123
-3584.42	38.6903
-3581.78	30.8508
-3579.15	36.6608
-3576.51	34.947
-3573.88	23.8801
-3571.24	26.0338
-3568.61	12.9294
-3565.98	39.8981
-3563.35	20.4604
-3560.72	28.2095
-3558.09	34.7812
-3555.46	35.0096
-3552.83	34.8441
-3550.2	24.5319
-3547.57	16.3567
-3544.95	29.8686
-3542.32	35.7579
-3539.7	30.7855
-3537.07	33.2775
-3534.45	16.1432
-3531.82	31.3792
-3529.2	34.9346
-3526.58	27.522
-3523.95	29.2057
-3521.33	24.0971
-3518.71	17.8106
-3516.09	39.0693
-3513.48	31.0919
-3510.86	19.4592
-3508.24	24.5382
-3505.62	33.3811
-3503	35.5418
-3500.39	27.8155
-3497.77	22.501
-3495.16	26.5751
-3492.55	19.2524
-3489.93	24.0211
-3487.32	28.8883
-3484.71	17.8916
-3482.1	18.8845
-3479.48	28.3641
-3476.87	30.7371
-3474.27	26.9447
-3471.66	32.926
-3469.05	37.8547
-3466.44	39.2667
-3463.83	31.3648
-3461.23	24.6559
-3458.62	29.8905
-3456.01	25.9448
-3453.41	29.511
-3450.81	24.4624
-3448.2	22.8634
-3445.6	27.8187
-3443	36.1173
-3440.4	42.3867
-3437.8	27.612
-3435.99	22
-3433.38	7
-3430.78	29
-3428.17	16
-3425.56	39
-3422.95	25
-3420.35	19
-3417.74	18
-3415.13	36
-3412.53	33
-3409.93	20
-3407.32	19
-3404.72	29
-3402.12	38
-3399.52	26
-3396.92	42
-3394.32	27
-3391.72	36
-3389.12	25
-3386.52	37
-3383.92	31
-3381.33	47
-3378.73	14
-3376.13	28
-3373.54	20
-3370.95	49
-3368.35	31
-3365.76	31
-3363.17	32
-3360.57	38
-3357.98	10
-3355.39	37
-3352.8	37
-3350.21	28
-3347.62	35
-3345.04	45
-3342.45	34
-3339.86	40
-3337.27	42
-3334.69	37
-3332.1	40
-3329.52	53
-3326.94	28
-3324.35	29
-3321.77	32
-3319.19	40
-3316.61	44
-3314.03	28
-3311.45	36
-3308.87	-4
-3306.29	26
-3303.71	34
-3301.13	30
-3298.55	42
-3295.98	24
-3293.4	21
-3290.83	41
-3288.25	47
-3285.68	29
-3283.11	44
-3280.53	44
-3277.96	40
-3275.39	39
-3272.82	32
-3270.25	22
-3267.68	38
-3265.11	38
-3262.54	35
-3259.97	46
-3257.41	23
-3254.84	39
-3252.27	19
-3249.71	25
-3247.15	25
-3244.58	41
-3242.02	23
-3239.45	45
-3236.89	48
-3234.33	24
-3231.77	40
-3229.21	43
-3226.65	34
-3224.09	40
-3221.53	50
-3218.97	40
-3216.42	55
-3213.86	37
-3211.3	14
-3208.75	21
-3206.19	34
-3203.64	35
-3201.09	30
-3198.53	39
-3195.98	50
-3193.43	25
-3190.88	37
-3188.33	33
-3185.78	25
-3183.23	35
-3180.68	26
-3178.13	36
-3175.58	54
-3173.04	44
-3170.49	53
-3167.94	39
-3165.4	26
-3162.86	45
-3160.31	48
-3157.77	28
-3155.23	45
-3152.68	37
-3150.14	28
-3147.6	38
-3145.06	40
-3142.52	50
-3139.98	34
-3137.44	28
-3134.91	25
-3132.37	44
-3129.83	43
-3127.3	41
-3124.76	56
-3122.23	46
-3119.69	38
-3117.16	41
-3114.63	42
-3112.09	46
-3109.56	25
-3107.03	31
-3104.5	48
-3101.97	41
-3099.44	43
-3096.91	30
-3094.38	43
-3091.86	40
-3089.33	22
-3086.8	53
-3084.28	43
-3081.75	11
-3079.23	32
-3076.7	49
-3074.18	52
-3071.66	27
-3069.14	43
-3066.61	34
-3064.09	48
-3061.57	26
-3059.05	39
-3056.53	31
-3054.02	27
-3051.5	50
-3048.98	57
-3046.46	47
-3043.95	19
-3041.43	41
-3038.92	49
-3036.4	40
-3033.89	39
-3031.38	45
-3028.86	36
-3026.35	38
-3023.84	50
-3021.33	41
-3018.82	24
-3016.31	40
-3013.8	33
-3011.29	53
-3008.78	36
-3006.28	38
-3003.77	42
-3001.27	20
-2998.76	54
-2996.26	38
-2993.75	41
-2991.25	39
-2988.74	38
-2986.24	39
-2983.74	41
-2981.24	60
-2978.74	49
-2976.24	43
-2973.74	43
-2971.24	42
-2968.74	32
-2966.24	42
-2963.75	45
-2961.25	33
-2958.75	31
-2956.26	34
-2953.77	39
-2951.27	56
-2948.78	20
-2946.28	35
-2943.79	39
-2941.3	27
-2938.81	38
-2936.32	38
-2933.83	31
-2931.34	29
-2928.85	41
-2926.36	41
-2923.87	25
-2921.39	29
-2918.9	36
-2916.41	56
-2913.93	36
-2911.44	26
-2908.96	40
-2906.48	46
-2903.99	38
-2901.51	64
-2899.03	33
-2896.55	36
-2894.07	37
-2891.59	55
-2889.11	48
-2886.63	32
-2884.15	62
-2881.67	50
-2879.2	51
-2876.72	32
-2874.25	24
-2871.77	53
-2869.29	35
-2866.82	31
-2864.35	42
-2861.87	46
-2859.4	50
-2856.93	57
-2854.46	43
-2851.99	37
-2849.52	27
-2847.05	71
-2844.58	36
-2842.11	37
-2839.64	38
-2837.18	45
-2834.71	39
-2832.24	66
-2829.78	54
-2827.31	37
-2824.85	48
-2822.39	25
-2819.92	37
-2817.46	41
-2815	36
-2812.54	48
-2810.08	36
-2807.61	38
-2805.16	50
-2802.7	52
-2800.24	58
-2797.78	40
-2795.32	29
-2792.87	43
-2790.41	42
-2787.95	65
-2785.5	46
-2783.05	34
-2780.59	33
-2778.14	51
-2775.68	48
-2773.23	37
-2770.78	45
-2768.33	60
-2765.88	59
-2763.43	46
-2760.98	54
-2758.53	26
-2756.08	34
-2753.64	37
-2751.19	41
-2748.74	59
-2746.3	51
-2743.85	41
-2741.41	46
-2738.96	58
-2736.52	53
-2734.08	43
-2731.64	30
-2729.19	23
-2726.75	31
-2724.31	54
-2721.87	49
-2719.43	43
-2716.99	29
-2714.55	43
-2712.12	45
-2709.68	56
-2707.24	45
-2704.81	34
-2702.37	23
-2699.94	36
-2697.5	40
-2695.07	54
-2692.64	57
-2690.2	47
-2687.77	62
-2685.34	38
-2682.91	39
-2680.48	54
-2678.05	39
-2675.62	29
-2673.19	47
-2670.76	27
-2668.33	37
-2665.91	43
-2663.48	36
-2661.06	45
-2658.63	57
-2656.21	46
-2653.78	65
-2651.36	40
-2648.94	28
-2646.51	42
-2644.09	49
-2641.67	26
-2639.25	54
-2636.83	48
-2634.41	47
-2631.99	52
-2629.57	55
-2627.15	47
-2624.74	34
-2622.32	49
-2619.9	42
-2617.49	39
-2615.07	27
-2612.66	31
-2610.24	36
-2607.83	51
-2605.42	41
-2603.01	45
-2600.59	55
-2598.18	54
-2595.77	29
-2593.36	56
-2590.95	46
-2588.54	45
-2586.14	27
-2583.73	38
-2581.32	62
-2578.92	45
-2576.51	40
-2574.1	47
-2571.7	25
-2569.29	33
-2566.89	50
-2564.49	34
-2562.08	41
-2559.68	38
-2557.28	40
-2554.88	35
-2552.48	49
-2550.08	42
-2547.68	55
-2545.28	32
-2542.88	31
-2540.49	36
-2538.09	51
-2535.69	51
-2533.29	40
-2530.9	55
-2528.51	48
-2526.11	37
-2523.72	49
-2521.32	50
-2518.93	35
-2516.54	46
-2514.15	34
-2511.76	44
-2509.37	51
-2506.98	47
-2504.59	29
-2502.2	33
-2499.81	52
-2497.42	41
-2495.04	43
-2492.65	50
-2490.26	54
-2487.88	48
-2485.49	28
-2483.11	67
-2480.72	39
-2478.34	39
-2475.96	68
-2473.58	22
-2471.2	41
-2468.81	49
-2466.43	41
-2464.05	48
-2461.67	31
-2459.29	40
-2456.92	54
-2454.54	42
-2452.16	30
-2449.79	53
-2447.41	44
-2445.03	27
-2442.66	41
-2440.28	41
-2437.91	36
-2435.54	32
-2433.17	45
-2430.79	38
-2428.42	40
-2426.05	40
-2423.68	52
-2421.31	50
-2418.94	57
-2416.57	46
-2414.2	40
-2411.84	42
-2409.47	53
-2407.1	62
-2404.74	65
-2402.37	42
-2400	29
-2397.64	56
-2395.28	53
-2392.91	50
-2390.55	39
-2388.19	42
-2385.83	40
-2383.46	54
-2381.1	43
-2378.74	49
-2376.38	39
-2374.02	34
-2371.67	37
-2369.31	29
-2366.95	38
-2364.59	41
-2362.24	37
-2359.88	28
-2357.53	36
-2355.17	61
-2352.82	56
-2350.46	36
-2348.11	40
-2345.76	50
-2343.41	44
-2341.06	44
-2338.7	40
-2336.35	28
-2334	37
-2331.66	34
-2329.31	30
-2326.96	18
-2324.61	38
-2322.26	38
-2319.92	51
-2317.57	45
-2315.23	35
-2312.88	31
-2310.54	47
-2308.19	21
-2305.85	42
-2303.51	59
-2301.16	35
-2298.82	63
-2296.48	34
-2294.14	41
-2291.8	39
-2289.46	43
-2287.12	45
-2284.78	27
-2282.44	34
-2280.11	33
-2277.77	37
-2275.43	52
-2273.1	47
-2270.76	27
-2268.43	34
-2266.09	52
-2263.76	62
-2261.43	31
-2259.1	49
-2256.76	33
-2254.43	54
-2252.1	35
-2249.77	41
-2247.44	54
-2245.11	38
-2242.78	53
-2240.45	19
-2238.13	34
-2235.8	23
-2233.47	39
-2231.15	34
-2228.82	59
-2226.5	45
-2224.17	37
-2221.85	33
-2219.52	33
-2217.2	49
-2214.88	40
-2212.56	54
-2210.23	30
-2207.91	26
-2205.59	44
-2203.27	54
-2200.95	61
-2198.64	51
-2196.32	39
-2194	34
-2191.68	43
-2189.37	26
-2187.05	67
-2184.74	37
-2182.42	27
-2180.11	51
-2177.79	31
-2175.48	33
-2173.17	36
-2170.85	29
-2168.54	43
-2166.23	27
-2163.92	42
-2161.61	60
-2159.3	24
-2156.99	41
-2154.68	49
-2152.38	39
-2150.07	40
-2147.76	52
-2145.45	46
-2143.15	60
-2140.84	43
-2138.54	50
-2136.23	38
-2133.93	49
-2131.63	34
-2129.32	43
-2127.02	33
-2124.72	37
-2122.42	52
-2120.12	41
-2117.82	29
-2115.52	36
-2113.22	44
-2110.92	68
-2108.62	36
-2106.32	32
-2104.03	42
-2101.73	56
-2099.43	42
-2097.14	42
-2094.84	50
-2092.55	59
-2090.26	40
-2087.96	31
-2085.67	69
-2083.38	33
-2081.09	23
-2078.79	46
-2076.5	43
-2074.21	36
-2071.92	36
-2069.63	31
-2067.35	23
-2065.06	27
-2062.77	42
-2060.48	50
-2058.2	43
-2055.91	31
-2053.63	49
-2051.34	39
-2049.06	61
-2046.77	31
-2044.49	41
-2042.21	30
-2039.92	25
-2037.64	50
-2035.36	69
-2033.08	22
-2030.8	35
-2028.52	32
-2026.24	33
-2023.96	40
-2021.68	37
-2019.4	15
-2017.13	60
-2014.85	36
-2012.58	18
-2010.3	38
-2008.02	39
-2005.75	50
-2003.48	20
-2001.2	27
-1998.93	53
-1996.66	29
-1994.38	29
-1992.11	44
-1989.84	49
-1987.57	24
-1985.3	32
-1983.03	44
-1980.76	46
-1978.49	38
-1976.23	32
-1973.96	48
-1971.69	34
-1969.43	37
-1967.16	31
-1964.89	58
-1962.63	34
-1960.36	21
-1958.1	44
-1955.84	35
-1953.58	25
-1951.31	27
-1949.05	56
-1946.79	22
-1944.53	41
-1942.27	34
-1940.01	39
-1937.75	58
-1935.49	39
-1933.23	42
-1930.98	33
-1928.72	33
-1926.46	51
-1924.21	45
-1921.95	51
-1919.7	18
-1917.44	48
-1915.19	43
-1912.93	28
-1910.68	29
-1908.43	45
-1906.18	34
-1903.92	43
-1901.67	40
-1899.42	20
-1897.17	48
-1894.92	41
-1892.68	25
-1890.43	50
-1888.18	40
-1885.93	38
-1883.68	34
-1881.44	28
-1879.19	37
-1876.95	34
-1874.7	39
-1872.46	49
-1870.21	30
-1867.97	42
-1865.73	27
-1863.48	25
-1861.24	30
-1859	45
-1856.76	33
-1854.52	29
-1852.28	46
-1850.04	41
-1847.8	44
-1845.56	22
-1843.33	38
-1841.09	41
-1838.85	42
-1836.62	20
-1834.38	39
-1832.15	43
-1829.91	36
-1827.68	39
-1825.44	28
-1823.21	31
-1820.98	27
-1818.74	30
-1816.51	53
-1814.28	44
-1812.05	47
-1809.82	45
-1807.59	55
-1805.36	52
-1803.13	40
-1800.9	51
-1798.68	50
-1796.45	23
-1794.22	44
-1792	34
-1789.77	35
-1787.54	33
-1785.32	33
-1783.1	30
-1780.87	39
-1778.65	35
-1776.43	64
-1774.2	52
-1771.98	39
-1769.76	41
-1767.54	37
-1765.32	44
-1763.1	46
-1760.88	39
-1758.66	48
-1756.44	44
-1754.23	46
-1752.01	43
-1749.79	37
-1747.58	28
-1745.36	44
-1743.15	47
-1740.93	63
-1738.72	38
-1736.5	16
-1734.29	42
-1732.08	45
-1729.86	45
-1727.65	49
-1725.44	32
-1723.23	31
-1721.02	42
-1718.81	38
-1716.6	24
-1714.39	28
-1712.18	13
-1709.98	47
-1707.77	61
-1705.56	38
-1703.36	28
-1701.15	34
-1698.95	25
-1696.74	28
-1694.54	13
-1692.33	36
-1690.13	41
-1687.93	24
-1685.72	50
-1683.52	36
-1681.32	18
-1679.12	24
-1676.92	38
-1674.72	37
-1672.52	44
-1670.32	41
-1668.12	40
-1665.93	53
-1663.73	4
-1661.53	36
-1659.33	50
-1657.14	40
-1654.94	28
-1652.75	16
-1650.55	44
-1648.36	19
-1646.17	32
-1643.97	50
-1641.78	42
-1639.59	34
-1637.4	33
-1635.21	38
-1633.02	37
-1630.83	37
-1628.64	29
-1626.45	40
-1624.26	43
-1622.07	48
-1619.88	38
-1617.7	22
-1615.51	26
-1613.32	27
-1611.14	16
-1608.95	59
-1606.77	31
-1604.58	25
-1602.4	55
-1600.22	28
-1598.03	39
-1595.85	45
-1593.67	38
-1591.49	45
-1589.31	32
-1587.13	35
-1584.95	40
-1582.77	27
-1580.59	40
-1578.41	58
-1576.23	29
-1574.06	54
-1571.88	37
-1569.7	50
-1567.53	25
-1565.35	46
-1563.18	29
-1561	54
-1558.83	23
-1556.66	22
-1554.48	43
-1552.31	44
-1550.14	29
-1547.97	29
-1545.8	25
-1543.63	21
-1541.46	18
-1539.29	38
-1537.12	38
-1534.95	40
-1532.78	36
-1530.61	37
-1528.44	41
-1526.28	45
-1524.11	28
-1521.95	40
-1519.78	48
-1517.62	36
-1515.45	40
-1513.29	44
-1511.12	22
-1508.96	32
-1506.8	26
-1504.64	44
-1502.48	36
-1500.32	25
-1498.16	30
-1496	35
-1493.84	32
-1491.68	36
-1489.52	43.8185
-1487.36	40.6944
-1485.2	21.371
-1483.05	8.9853
-1480.89	40.9863
-1478.73	30.239
-1476.58	29.6847
-1474.42	33.3864
-1472.27	32.7651
-1470.11	41.0751
-1467.96	35.7795
-1465.81	26.8835
-1463.65	46.0367
-1461.5	8.52616
-1459.35	21.646
-1457.2	34.2816
-1455.05	13.2624
-1452.9	33.9393
-1450.75	34.4676
-1448.6	44.1811
-1446.45	37.3962
-1444.3	34.9097
-1442.15	39.0747
-1440	29.2232
-1437.86	36.2165
-1435.71	43.9754
-1433.57	38.2905
-1431.42	43.8385
-1429.27	37.8725
-1427.13	15.7581
-1424.99	30.9543
-1422.84	35.2467
-1420.7	38.1617
-1418.56	25.875
-1416.41	30.5451
-1414.27	22.8791
-1412.13	29.8757
-1409.99	30.3369
-1407.85	28.0745
-1405.71	33.6639
-1403.57	22.666
-1401.43	15.8744
-1399.29	38.2287
-1397.15	32.5272
-1395.02	43.09
-1392.88	21.7039
-1390.74	19.0189
-1388.61	29.9232
-1386.47	24.3085
-1384.34	34.6858
-1382.2	29.5071
-1380.07	35.7946
-1377.93	32.1474
-1375.8	41.9616
-1373.67	43.0328
-1371.53	31.9991
-1369.4	13.9544
-1367.27	24.8427
-1365.14	32.9086
-1363.01	28.4009
-1360.88	26.5015
-1358.75	35.8362
-1356.62	35.8267
-1354.49	34.0292
-1352.36	34.2099
-1350.24	20.2021
-1348.11	30.9255
-1345.98	28.3088
-1343.86	38.5306
-1341.73	34.2279
-1339.61	24.0525
-1337.48	33.2679
-1335.36	27.9131
-1333.23	23.8111
-1331.11	28.4694
-1328.99	36.8141
-1326.86	26.786
-1324.74	37.2356
-1322.62	22.456
-1320.5	29.5577
-1318.38	35.2894
-1316.26	15.4939
-1314.14	24.1023
-1312.02	23.9261
-1309.9	31.3655
-1307.78	33.7503
-1305.67	23.2232
-1303.55	17.5374
-1301.43	14.5538
-1299.31	21.0449
-1297.2	33.6732
-1295.08	26.4161
-1292.97	18.0191
-1290.85	16.5113
-1288.74	22.2774
-1286.63	31.1768
-1284.51	19.0904
-1282.4	23.9695
-1280.29	23.7363
-1278.18	23.4879
-1276.06	32.095
-1273.95	38.0441
-1273.28	39
-1271.16	14
-1269.04	22
-1266.93	16
-1264.81	28
-1262.69	29
-1260.58	9
-1258.46	35
-1256.35	32
-1254.23	44
-1252.12	32
-1250	32
-1247.89	23
-1245.77	24
-1243.66	36
-1241.55	34
-1239.44	28
-1237.33	15
-1235.22	34
-1233.11	22
-1231	41
-1228.89	42
-1226.78	25
-1224.67	17
-1222.56	13
-1220.45	48
-1218.35	33
-1216.24	28
-1214.13	42
-1212.03	52
-1209.92	30
-1207.82	38
-1205.71	48
-1203.61	31
-1201.5	32
-1199.4	27
-1197.3	39
-1195.2	34
-1193.1	19
-1190.99	40
-1188.89	39
-1186.79	49
-1184.69	37
-1182.59	19
-1180.5	32
-1178.4	19
-1176.3	24
-1174.2	42
-1172.1	31
-1170.01	26
-1167.91	37
-1165.81	34
-1163.72	33
-1161.63	39
-1159.53	27
-1157.44	38
-1155.34	33
-1153.25	20
-1151.16	47
-1149.07	49
-1146.97	31
-1144.88	28
-1142.79	18
-1140.7	41
-1138.61	34
-1136.52	35
-1134.43	38
-1132.35	41
-1130.26	36
-1128.17	29
-1126.08	31
-1124	33
-1121.91	32
-1119.82	10
-1117.74	16
-1115.65	41
-1113.57	42
-1111.49	36
-1109.4	29
-1107.32	36
-1105.24	50
-1103.15	39
-1101.07	52
-1098.99	36
-1096.91	16
-1094.83	45
-1092.75	33
-1090.67	42
-1088.59	44
-1086.51	36
-1084.44	36
-1082.36	48
-1080.28	21
-1078.2	38
-1076.13	30
-1074.05	6
-1071.98	26
-1069.9	30
-1067.83	43
-1065.75	47
-1063.68	43
-1061.61	45
-1059.53	69
-1057.46	33
-1055.39	47
-1053.32	21
-1051.25	16
-1049.18	26
-1047.11	42
-1045.04	17
-1042.97	26
-1040.9	38
-1038.83	33
-1036.76	35
-1034.7	38
-1032.63	29
-1030.56	29
-1028.5	32
-1026.43	35
-1024.37	43
-1022.3	38
-1020.24	38
-1018.17	30
-1016.11	45
-1014.05	17
-1011.99	49
-1009.92	33
-1007.86	39
-1005.8	30
-1003.74	38
-1001.68	36
-999.62	42
-997.561	31
-995.503	19
-993.444	51
-991.386	42
-989.329	19
-987.272	39
-985.216	29
-983.159	25
-981.104	33
-979.048	45
-976.994	41
-974.939	46
-972.885	38
-970.832	48
-968.779	40
-966.726	32
-964.674	47
-962.622	25
-960.57	36
-958.519	28
-956.469	32
-954.419	47
-952.37	42
-950.321	36
-948.272	42
-946.223	38
-944.175	39
-942.129	43
-940.082	40
-938.035	41
-935.989	25
-933.944	31
-931.899	47
-929.854	44
-927.81	32
-925.766	22
-923.722	37
-921.68	41
-919.637	40
-917.594	50
-915.554	43
-913.512	40
-911.472	34
-909.431	44
-907.392	41
-905.352	27
-903.312	50
-901.274	35
-899.236	60
-897.199	30
-895.162	49
-893.125	41
-891.089	45
-889.052	56
-887.017	65
-884.981	38
-882.947	32
-880.914	34
-878.879	54
-876.846	42
-874.814	29
-872.78	40
-870.749	45
-868.718	35
-866.686	43
-864.655	28
-862.625	30
-860.596	42
-858.566	37
-856.537	25
-854.509	52
-852.481	31
-850.453	33
-848.426	34
-846.398	36
-844.372	30
-842.347	67
-840.321	40
-838.296	23
-836.272	32
-834.248	31
-832.224	33
-830.201	40
-828.178	41
-826.156	48
-824.134	53
-822.112	44
-820.091	58
-818.07	42
-816.05	18
-814.03	26
-812.01	48
-809.991	61
-807.973	41
-805.956	27
-803.938	25
-801.92	36
-799.903	48
-797.887	54
-795.87	35
-793.856	14
-791.841	32
-789.826	44
-787.811	37.5
-785.798	31
-783.784	21
-781.771	26
-779.76	46
-777.747	30
-775.735	41
-773.725	20
-771.713	41
-769.703	39
-767.693	29
-765.683	44
-763.675	60
-761.666	32
-759.657	35
-757.65	62
-755.642	32
-753.636	40
-751.629	36
-749.623	53
-747.617	53
-745.612	56
-743.608	44
-741.604	32
-739.599	42
-737.595	40
-735.593	22
-733.591	36
-731.589	52
-729.585	37
-727.584	40
-725.584	49
-723.583	42
-721.584	50
-719.584	32
-717.586	26
-715.585	28
-713.587	65
-711.589	51
-709.592	56
-707.595	41
-705.598	34
-703.602	54
-701.607	39
-699.611	38
-697.616	34
-695.622	5
-693.628	35
-691.634	37
-689.639	45
-687.646	55
-685.654	48
-683.662	31
-681.67	58
-679.679	32
-677.688	41
-675.698	42
-673.71	35
-671.721	61
-669.732	58
-667.743	46
-665.755	35
-663.767	51
-661.779	58
-659.792	45
-657.805	33
-655.819	63
-653.833	31
-651.848	21
-649.863	50
-647.878	36
-645.896	51
-643.912	43
-641.929	30
-639.946	33
-637.963	42
-635.981	27
-634.001	69
-632.02	39
-630.039	52
-628.058	31
-626.078	43
-624.098	42
-622.121	41
-620.142	26
-618.164	39
-616.186	41
-614.21	37
-612.233	38
-610.256	29
-608.279	35
-606.305	30
-604.329	48
-602.354	37
-600.379	26
-598.407	37
-596.433	41
-594.459	46
-592.488	50
-590.515	63
-588.542	50
-586.573	32
-584.601	41
-582.629	47
-580.661	45
-578.69	57
-576.72	30
-574.753	38
-572.783	47
-570.817	44
-568.848	34
-566.88	35
-564.914	17
-562.947	39
-560.982	46
-559.016	37
-557.052	59
-555.086	38
-553.123	59
-551.158	35
-549.194	40
-547.232	49
-545.268	31
-543.307	41
-541.344	33
-539.384	46
-537.422	34
-535.462	31
-533.503	46
-531.542	40
-529.584	29
-527.624	57
-525.666	11
-523.707	47
-521.75	42
-519.791	30
-517.836	50
-515.88	43
-513.923	55
-511.968	55
-510.014	37
-508.057	39
-506.104	41
-504.148	41
-502.196	35
-500.243	46
-498.289	55
-496.338	62
-494.386	44
-492.433	33
-490.483	27
-488.533	37
-486.584	53
-484.632	44
-482.683	32
-480.735	41
-478.785	36
-476.837	34
-474.89	66
-472.943	58
-470.994	38
-469.048	38
-467.103	25
-465.157	51
-463.213	69
-461.266	63
-459.322	39
-457.378	56
-455.435	53
-453.492	42
-451.549	33
-449.605	57
-447.663	26
-445.722	38
-443.781	47
-441.841	44
-439.9	38
-437.961	35
-436.021	31
-434.08	45
-432.141	52
-430.203	45
-428.266	43
-426.328	31
-424.391	48
-422.454	42
-420.518	40
-418.582	37
-416.647	47
-414.712	50
-412.777	41
-410.843	42
-408.909	42
-406.975	47
-405.042	19
-403.11	40
-401.177	61
-399.245	33
-397.314	47
-395.383	35
-393.452	36
-391.521	48
-389.591	52
-387.662	49
-385.735	45
-383.806	24
-381.878	50
-379.95	58
-378.022	48
-376.095	62
-374.168	30
-372.241	45
-370.317	43
-368.392	38
-366.466	43
-364.541	49
-362.617	30
-360.692	45
-358.771	33
-356.847	33
-354.924	28
-353.002	41
-351.08	42
-349.16	40
-347.238	32
-345.317	46
-343.397	46
-341.479	35
-339.559	48
-337.639	32
-335.722	39
-333.803	35
-331.885	39
-329.967	42
-328.051	30
-326.134	51
-324.217	41
-322.303	33
-320.387	35
-318.471	41
-316.558	35
-314.643	44
-312.731	38
-310.817	15
-308.903	40
-306.992	51
-305.079	58
-303.168	39
-301.256	53
-299.344	48
-297.435	49
-295.524	45
-293.615	55
-291.705	44
-289.797	16
-287.888	46
-285.981	38
-284.072	51
-282.166	44
-280.258	32
-278.352	47
-276.445	59
-274.54	37
-272.634	52
-270.73	24
-268.824	19
-266.921	51
-265.016	46
-263.113	46
-261.211	36
-259.307	41
-257.406	33
-255.503	25
-253.603	51
-251.702	40
-249.8	34
-247.901	34
-246.002	38
-244.101	25
-242.203	16
-240.305	37
-238.405	37
-236.508	47
-234.612	44
-232.713	42
-230.817	52
-228.922	32
-227.024	29
-225.129	40
-223.235	57
-221.341	42
-219.445	32
-217.552	40
-215.659	44
-213.766	46
-211.872	57
-209.98	38
-208.088	32
-206.197	30
-204.307	57
-202.414	32
-200.524	49
-198.635	56
-196.746	31
-194.857	24
-192.968	54
-191.08	48
-189.19	36
-187.303	19
-185.416	28
-183.53	55
-181.644	38
-179.758	44
-177.872	43
-175.987	34
-174.103	17
-172.218	33
-170.334	50
-168.451	33
-166.568	45
-164.683	24
-162.8	36
-160.918	59
-159.037	20
-157.155	42
-155.274	40
-153.396	18
-151.516	41
-149.636	24
-147.756	31
-145.877	46
-143.999	43
-142.12	44
-140.242	54
-138.365	35
-136.488	43
-134.611	31
-132.734	38
-130.858	53
-128.983	27
-127.109	39
-125.235	31
-123.36	37
-121.486	46
-119.612	29
-117.738	35
-115.867	45
-113.995	16
-112.122	45
-110.25	44
-108.379	43
-106.51	26
-104.639	40
-102.768	44
-100.898	36
-99.0305	39
-97.1611	47
-95.2921	40
-93.4234	38
-91.5573	30
-89.6894	57
-87.8218	27
-85.9546	38
-84.09	49
-82.2236	53
-80.3575	34
-78.4939	33
-76.6286	45
-74.7636	28
-72.9012	2
-71.037	29
-69.1753	46
-67.3118	44
-65.4487	56
-63.5881	43
-61.7257	52
-59.8658	45
-58.0042	28
-56.1429	44
-54.2841	31
-52.4236	26
-50.5655	46
-48.7057	30
-46.8484	22
-44.9893	39
-43.1328	43
-41.2744	37
-39.4186	55
-37.561	31
-35.7059	47
-33.849	37
-31.9947	28
-30.1385	27
-28.2849	45
-26.4295	41
-24.5766	42
-22.724	46
-20.8697	39
-19.0179	54
-17.1643	36
-15.3132	43
-13.4625	29
-11.61	33
-9.76005	49
-7.90827	46
-6.05902	35
-4.21014	42
-2.35946	46
-0.511303	192
1.33649	915
3.18608	2527
5.03314	1413
6.87985	345
8.72834	76
10.5743	51
12.4199	43
14.2652	46
16.1122	38
17.9568	48
19.8009	53
21.6447	39
23.4903	37
25.3334	39
27.1761	44
29.0184	46
30.8604	49
32.7042	44
34.5455	53
36.3864	28
38.2269	35
40.0671	56
41.9069	66
43.7485	42
45.5876	46
47.4264	37
49.2647	40
51.1028	53
52.9404	49
54.7777	53
56.6146	54
58.4512	64
60.2874	56
62.1233	58
63.9588	86
65.7961	65
67.6308	60
69.4652	64
71.2993	65
73.133	71
74.9663	72
76.7993	54
78.6319	44
80.4642	78
82.2961	69
84.1276	54
85.9567	61
87.7875	84
89.618	77
91.4481	60
93.2778	75
95.1072	62
96.9362	60
98.7649	62
100.593	78
102.421	71
104.249	81
106.074	70
107.901	69
109.727	65
111.553	75
113.379	76
115.205	79
117.028	88
118.852	80
120.677	69
122.501	76
124.325	69
126.146	56
127.969	54
129.791	48
131.614	46
133.433	60
135.255	60
137.076	71
138.895	58
140.715	51
142.535	56
144.355	68
146.172	67
147.991	69
149.81	79
151.626	78
153.444	66
155.262	53
157.077	72
158.894	75
160.709	73
162.525	91
164.341	62
166.154	74
167.969	45
169.782	62
171.596	57
173.41	69
175.222	75
177.035	66
178.846	53
180.659	56
182.469	76
184.281	65
186.091	59
187.902	66
189.711	52
191.521	50
193.329	64
195.139	53
196.947	57
198.754	58
200.563	67
202.369	52
204.177	42
205.983	60
207.79	53
209.595	55
211.4	56
213.206	63
215.01	82
216.813	56
218.619	55
220.421	76
222.224	41
224.028	63
225.83	60
227.631	69
229.435	58
231.235	58
233.036	41
234.838	50
236.638	64
238.437	57
240.236	69
242.037	62
243.835	55
245.633	80
247.43	66
249.228	66
251.027	63
252.823	57
254.619	54
256.415	63
258.211	55
260.008	65
261.803	50
263.597	75
265.391	67
267.185	55
268.979	58
270.772	61
272.564	67
274.357	59
276.151	57
277.943	63
279.734	60
281.525	53
283.316	69
285.106	70
286.896	63
288.685	38
290.475	60
292.264	68
294.052	63
295.84	59
297.628	53
299.416	80
301.203	50
302.99	71
304.776	65
306.562	54
308.348	54
310.134	57
311.917	67
313.701	74
315.486	63
317.27	35
319.054	80
320.837	51
322.62	85
324.403	80.8591
326.183	49.0065
327.965	79.2959
329.747	52.9792
331.528	56.2574
333.309	77.1952
335.09	70.5806
336.868	75.9136
338.648	85.8784
340.427	65.8263
342.207	79.0723
343.983	65.7099
345.762	73.9719
347.54	55.2457
349.318	64.2623
351.094	62.6607
352.871	64.8808
354.648	67.1684
356.422	64.1353
358.198	64.2442
359.974	67.2117
361.75	65.5668
363.523	58.4766
365.297	45.2825
367.072	49.3202
368.844	62.4989
370.618	65.2864
372.389	52.6502
374.162	44.8677
375.935	54.7867
377.705	57.8271
379.477	61.4713
381.247	56.1386
383.018	49.2719
384.79	48.8084
386.558	51.2129
388.329	56.4523
390.096	60.0914
391.866	57.3779
393.633	58.2546
395.402	59.1645
397.169	70.9093
398.937	55.65
400.703	48.3866
402.471	48.6351
404.236	40.693
406.003	55.396
407.768	52.0417
409.534	45.1474
411.298	54.9531
413.061	51.207
414.827	47.1948
416.59	50.8386
418.354	48.3867
420.116	58.8358
421.878	57.1051
423.642	57.1405
425.403	58.3618
427.164	53.3814
428.926	54.1305
430.687	52.4319
432.449	52.6496
434.208	46.756
435.967	52.9562
437.726	55.8139
439.487	46.0217
441.245	56.1742
443.002	57.5919
444.762	58.164
446.519	53.5594
448.276	54.22
450.032	66.6534
451.791	54.556
453.546	48.8799
455.302	55.6171
457.057	50.0886
458.812	49.0524
460.568	51.9029
462.322	64.1368
464.076	52.0789
465.829	59.3485
467.583	50.4491
469.335	53.494
471.09	58.7482
472.842	55.9411
474.594	43.8253
476.345	33.2461
478.096	45.1529
479.847	62.9419
481.597	55.0186
483.347	52.9975
485.097	48.9519
486.847	48.0548
488.596	69.3044
490.346	58.9259
492.095	64.5735
493.843	52.7793
495.591	49.5946
497.338	44.6559
499.085	64.6404
500.832	58.8555
502.438	56
504.192	46
505.944	69
507.697	56
509.451	81
511.201	66
512.954	63
514.704	46
516.456	60
518.208	46
519.957	45
521.708	67
523.456	67
525.207	58
526.954	53
528.704	44
530.453	63
532.2	59
533.949	45
535.695	54
537.443	66
539.188	49
540.935	73
542.68	60
544.427	57
546.171	67
547.917	56
549.66	72
551.406	56
553.148	52
554.891	69
556.635	58
558.377	32
560.12	56
561.862	74
563.605	48
565.345	69
567.085	60
568.827	74
570.567	61
572.308	86
574.047	78
575.785	74
577.525	59
579.263	52
581.001	57
582.74	55
584.477	73
586.213	67
587.952	74
589.688	56
591.423	35
593.16	58
594.895	61
596.63	71
598.364	66
600.1	67
601.833	67
603.567	66
605.299	61
607.034	65
608.766	47
610.498	33
612.23	59
613.963	80
615.694	58
617.424	49
619.155	44
620.885	71
622.616	62
624.345	65
626.074	58
627.803	58
629.531	63
631.259	63
632.987	74
634.716	51
636.443	63
638.17	61
639.896	63
641.622	51
643.348	57
645.073	73
646.798	46
648.523	67
650.249	69
651.973	56
653.697	76
655.42	45
657.143	43
658.866	58
660.588	56
662.31	74
664.032	70
665.753	47
667.474	61
669.195	66
670.915	71
672.635	71
674.355	63
676.075	44
677.794	59
679.512	47
681.231	67
682.949	61
684.665	34
686.382	65
688.099	63
689.816	49
691.533	72
693.249	71
694.965	36
696.68	69
698.395	58
700.11	54
701.823	47
703.537	48
705.251	64
706.964	55
708.678	79
710.391	69
712.101	58
713.813	56
715.525	63
717.237	55
718.948	60
720.657	57
722.368	78
724.078	57
725.788	41
727.498	72
729.205	50
730.914	55
732.623	42
734.329	74
736.037	70
737.745	53
739.453	45
741.158	57
742.864	57
744.571	75
746.275	76
747.981	74
749.686	58
751.389	56
753.094	49
754.799	70
756.501	63
758.205	49
759.908	54
761.609	54
763.312	63
765.013	77
766.715	84
768.417	53
770.117	33
771.818	67
773.517	82
775.218	68
776.916	60
778.616	52
780.316	55
782.013	77
783.712	54
785.409	56
787.107	58
788.803	47
790.501	68
792.197	75
793.894	80
795.589	71
797.285	71
798.979	66
800.673	77
802.369	68
804.062	61
805.757	65
807.449	71
809.144	76
810.836	68
812.527	58
814.22	52
815.911	73
817.604	64
819.294	70
820.984	65
822.676	76
824.366	52
826.055	58
827.745	67
829.434	58
831.122	84
832.812	72
834.499	59
836.186	61
837.875	69
839.562	40
841.248	60
842.934	63
844.622	64
846.307	54
847.992	50
849.676	78
851.363	59
853.047	54
854.73	53
856.414	69
858.099	55
859.782	63
861.464	57
863.146	72
864.828	56
866.511	53
868.193	65
869.873	76
871.554	46
873.234	74
874.914	66
876.594	56
878.275	62
879.954	69
881.633	75
883.311	89
884.989	66
886.667	61
888.344	70
890.021	43
891.698	60
893.374	77
895.05	66
896.726	65
898.402	59
900.077	60
901.752	64
903.428	75
905.103	69
906.776	63
908.45	64
910.121	48
911.794	45
913.467	53
915.14	63
916.812	60
918.483	64
920.155	60
921.826	68
923.497	69
925.167	68
926.837	46
928.507	58
930.177	80
931.846	70
933.513	86
935.182	49
936.85	73
938.518	74
940.186	67
941.853	81
943.52	48
945.185	56
946.851	69
948.517	69
950.183	70
951.849	68
953.512	46
955.177	50
956.841	52
958.506	79
960.17	58
961.831	47
963.495	61
965.158	76
966.82	67
968.481	79
970.143	71
971.805	58
973.464	72
975.125	59
976.786	57
978.445	71
980.105	65
981.765	64
983.423	71
985.082	66
986.741	73
988.398	58
990.056	44
991.714	75
993.37	75
995.028	58
996.685	43
998.34	60
999.996	53
1001.65	65
1003.31	67
1004.96	69
1006.62	60
1008.27	50
1009.92	48
1011.58	71
1013.23	60
1014.88	80
1016.53	53
1018.19	66
1019.84	75
1021.49	44
1023.14	74
1024.79	70
1026.44	61
1028.09	61
1029.74	70
1031.39	69
1033.04	71
1034.69	56
1036.34	80
1037.99	69
1039.64	60
1041.28	83
1042.93	78
1044.58	66
1046.22	70
1047.87	88
1049.52	65
1051.16	67
1052.81	77
1054.45	77
1056.1	60
1057.74	58
1059.39	59
1061.03	66
1062.67	66
1064.32	68
1065.96	43
1067.6	63
1069.24	73
1070.89	57
1072.53	58
1074.17	69
1075.81	71
1077.45	76
1079.09	56
1080.73	41
1082.37	50
1084.01	57
1085.65	76
1087.29	58
1088.93	70
1090.57	83
1092.2	80
1093.84	72
1095.48	65
1097.12	77
1098.75	63
1100.39	64
1102.02	54
1103.66	66
1105.29	58
1106.93	53
1108.56	42
1110.2	75
1111.83	69
1113.47	73
1115.1	54
1116.73	45
1118.37	85
1120	74
1121.63	78
1123.26	55
1124.89	72
1126.52	64
1128.15	53
1129.79	89
1131.42	61
1133.05	66
1134.67	52
1136.3	62
1137.93	72
1139.56	70
1141.19	57
1142.82	80
1144.45	75
1146.07	54
1147.7	75
1149.33	76
1150.95	54
1152.58	55
1154.21	71
1155.83	75
1157.46	84
1159.08	45
1160.7	69
1162.33	65
1163.95	69
1165.58	58
1167.2	62
1168.82	76
1170.45	74
1172.07	60
1173.69	77
1175.31	61
1176.93	60
1178.55	35
1180.18	54
1181.8	64
1183.41	60
1185.04	60
1186.66	67
1188.27	47
1189.89	68
1191.51	66
1193.13	80
1194.75	61
1196.37	45
1197.98	70
1199.6	71
1201.22	76
1202.83	72
1204.45	54
1206.06	47
1207.68	69
1209.3	54
1210.91	84
1212.52	67
1214.14	33
1215.75	72
1217.37	67
1218.98	60
1220.59	85
1222.21	72
1223.82	60
1225.43	71
1227.04	70
1228.65	72
1230.26	46
1231.87	52
1233.48	65
1235.1	69
1236.7	62
1238.32	65
1239.92	42
1241.53	56
1243.14	62
1244.75	71
1246.36	56
1247.96	45
1249.57	68
1251.18	79
1252.79	59
1254.39	62
1256	78
1257.61	64
1259.21	59
1260.81	89
1262.42	69
1264.02	83
1265.63	62
1267.23	49
1268.84	70
1270.44	68
1272.04	81
1273.65	63
1275.25	72
1276.85	85
1278.45	56
1280.05	74
1281.65	63
1283.26	44
1284.86	52
1286.46	68
1288.06	65
1289.66	61
1291.25	58
1292.86	76
1294.45	58
1296.05	72
1297.65	70
1299.25	59
1300.85	48
1302.44	67
1304.04	50
1305.64	69
1307.23	75
1308.83	66
1310.42	71
1312.02	79
1313.62	52
1315.21	73
1316.8	81
1318.4	59
1319.99	65
1321.59	56
1323.18	70
1324.77	70
1326.36	77
1327.96	26
1329.55	72
1331.14	45
1332.73	73
1334.32	66
1335.91	51
1337.5	70
1339.09	66
1340.68	58
1342.27	63
1343.86	67
1345.45	65
1347.04	55
1348.63	41
1350.22	65
1351.8	73
1353.39	52
1354.98	59
1356.57	62
1358.15	74
1359.74	72
1361.33	50
1362.91	55
1364.49	69
1366.08	55
1367.67	80
1369.25	49
1370.83	49
1372.42	68
1374	63
1375.58	70
1377.17	78
1378.75	62
1380.33	76
1381.91	39
1383.5	69
1385.08	67
1386.66	61
1388.24	66
1389.82	81
1391.4	52
1392.98	65
1394.56	60
1396.14	71
1397.72	62
1399.3	46
1400.87	38
1402.45	88
1404.03	75
1405.61	57
1407.18	67
1408.76	65
1410.34	80
1411.91	69
1413.49	38
1415.07	61
1416.64	70
1418.22	64
1419.79	84
1421.36	69
1422.94	64
1424.51	57
1426.09	70
1427.66	60
1429.23	58
1430.81	64
1432.38	72
1433.95	61
1435.52	58
1437.09	49
1438.66	46
1440.23	84
1441.8	48
1443.38	69
1444.95	66
1446.52	69
1448.08	72
1449.65	46
1451.22	64
1452.79	65
1454.36	70
1455.93	64
1457.49	67
1459.06	50
1460.63	92
1462.19	67
1463.76	52
1465.33	69
1466.89	51
1468.46	44
1470.02	49
1471.59	58
1473.15	68
1474.72	53
1476.28	46
1477.84	84
1479.41	69
1480.97	82
1482.53	70
1484.1	55
1485.66	74
1487.22	58
1488.78	67
1490.34	79
1491.9	53
1493.47	59
1495.03	87
1496.59	47
1498.15	61
1499.71	66
1501.26	59
1502.82	75
1504.38	67
1505.94	54
1507.5	75
1509.06	35
1510.61	67
1512.17	67
1513.73	59
1515.28	83
1516.84	65
1518.4	61
1519.95	67
1521.51	47
1523.06	55
1524.62	74
1526.17	64
1527.73	75
1529.28	67
1530.83	53
1532.39	89
1533.94	38
1535.49	59
1537.04	53
1538.6	38
1540.15	74
1541.7	63
1543.25	35
1544.8	62
1546.35	63
1547.9	47
1549.45	55
1551	49
1552.55	61
1554.1	59
1555.65	53
1557.2	93
1558.75	66
1560.29	68
1561.84	51
1563.39	66
1564.94	54
1566.48	49
1568.03	54
1569.58	73
1571.12	63
1572.67	59
1574.21	62
1575.76	61
1577.3	42
1578.85	59
1580.39	55
1581.94	83
1583.48	58
1585.02	37
1586.57	61
1588.11	59
1589.65	71
1591.19	75
1592.74	66
1594.28	50
1595.82	73
1597.36	47
1598.9	105
1600.44	57
1601.98	47
1603.52	68
1605.06	49
1606.6	82
1608.14	64
1609.68	57
1611.21	50
1612.75	62
1614.29	69
1615.83	70
1617.37	58
1618.9	65
1620.44	65
1621.98	62
1623.51	73
1625.05	65
1626.58	54
1628.12	66
1629.65	65
1631.19	58
1632.72	76
1634.26	59
1635.79	63
1637.32	74
1638.86	43
1640.39	62
1641.92	55
1643.45	71
1644.99	59
1646.52	89
1648.05	75
1649.58	59
1651.11	59
1652.64	63
1654.17	60
1655.7	79
1657.23	91
1658.76	67
1660.29	75
1661.82	48
1663.35	75
1664.87	51
1666.4	69
1667.93	69
1669.46	62
1670.99	61
1672.51	55
1674.04	70
1675.57	62
1677.09	55
1678.62	66
1680.14	69
1681.67	47
1683.19	71
1684.72	45
1686.24	59
1687.76	44
1689.29	67
1690.81	71
1692.33	76
1693.86	59
1695.38	56
1696.9	43
1698.42	47
1699.94	58
1701.47	61
1702.99	58
1704.51	67
1706.03	89
1707.55	47
1709.07	64
1710.59	59
1712.11	59
1713.63	60
1715.15	87
1716.66	62
1718.18	43
1719.7	55
1721.22	60
1722.73	69
1724.25	67
1725.77	39
1727.29	47
1728.8	52
1730.32	72
1731.83	79
1733.35	57
1734.86	41
1736.38	54
1737.89	46
1739.41	47
1740.92	50
1742.43	56
1743.95	57
1745.46	67
1746.97	67
1748.49	51
1750	70
1751.51	68
1753.02	59
1754.53	53
1756.04	85
1757.56	63
1759.06	64
1760.58	53
1762.09	48
1763.59	64
1765.1	51
1766.61	54
1768.12	70
1769.63	38
1771.14	56
1772.65	61
1774.16	63
1775.66	61
1777.17	57
1778.68	34
1780.18	56
1781.69	57
1783.19	82
1784.7	48
1786.21	55
1787.71	64
1789.22	46
1790.72	47
1792.22	78
1793.73	43
1795.23	60
1796.74	63
1798.24	53
1799.74	69
1801.24	49
1802.75	70
1804.25	57
1805.75	52
1807.25	62
1808.75	74
1810.26	43
1811.76	58
1813.25	62
1814.76	55
1816.26	71
1817.75	55
1819.25	77
1820.75	53
1822.25	69
1823.75	59
1825.25	49
1826.75	50
1828.24	60
1829.74	62
1831.24	61
1832.73	66
1834.23	53
1835.73	56.0822
1837.22	66.6426
1838.72	45.9801
1840.21	62.6984
1841.71	47.5267
1843.2	31.3725
1844.7	50.6205
1846.19	55.1837
1847.69	72.8854
1849.18	67.2771
1850.67	69.5424
1852.17	66.4521
1853.66	83.4274
1855.15	50.1226
1856.64	65.2678
1858.13	53.6168
1859.63	58.661
1861.12	54.7509
1862.61	39.3421
1864.1	65.2534
1865.59	65.6527
1867.08	39.2133
1868.57	60.0029
1870.06	53.7939
1871.55	45.4151
1873.04	51.5758
1874.53	49.3163
1876.02	43.3476
1877.51	64.9165
1878.99	52.4467
1880.48	61.2826
1881.97	48.9051
1883.46	54.1632
1884.94	62.036
1886.43	52.9761
1887.92	68.0743
1889.4	50.3974
1890.89	51.0958
1892.37	47.7826
1893.86	53.0524
1895.34	65.3681
1896.83	46.2075
1898.31	50.154
1899.8	55.0245
1901.28	53.3566
1902.76	51.1261
1904.25	60.5256
1905.73	48.0214
1907.21	50.0348
1908.7	50.9177
1910.18	58.9755
1911.66	67.6236
1913.14	63.6083
1914.62	60.6616
1916.1	46.4136
1917.59	57.1808
1919.07	54.7079
1920.55	64.3136
1922.03	57.6749
1923.51	53.4891
1924.99	53.609
1926.46	51.647
1927.94	59.0128
1929.42	49.2568
1930.9	49.8471
1932.38	54.9496
1933.86	54.5536
1935.33	55.3563
1936.81	60.505
1938.29	53.19
1939.77	50.8244
1941.24	57.4993
1942.72	54.7686
1944.19	60.3706
1945.67	59.3858
1947.15	47.3749
1948.62	46.4516
1950.09	44.2879
1951.57	45.3519
1953.04	48.6646
1954.52	52.2165
1955.99	51.6683
1957.47	54.4707
1958.94	60.7346
1960.41	64.9677
1961.88	61.0625
1963.36	49.54
1964.83	55.3212
1966.3	53.9134
1967.77	54.6662
1969.24	54.1468
1970.71	59.8291
1972.18	63.5713
1973.66	72.0363
1975.13	61.8621
1976.59	51.1368
1978.06	56.0164
1979.53	48.6165
1981	45.2816
1982.47	49.5574
1983.19	52
1984.66	54
1986.14	21
1987.61	61
1989.09	65
1990.56	56
1992.03	47
1993.51	44
1994.98	38
1996.46	26
1997.93	38
1999.4	55
2000.87	40
2002.34	59
2003.81	45
2005.29	41
2006.76	67
2008.23	72
2009.7	61
2011.17	14
2012.64	48
2014.11	57
2015.58	60
2017.05	58
2018.52	37
2019.98	50
2021.45	56
2022.92	66
2024.39	57
2025.86	74
2027.32	41
2028.79	34
2030.26	53
2031.72	58
2033.19	53
2034.66	42
2036.12	53
2037.59	58
2039.05	63
2040.52	70
2041.98	63
2043.44	58
2044.91	59
2046.37	71
2047.84	81
2049.3	53
2050.76	55
2052.23	45
2053.69	45
2055.15	56
2056.61	52
2058.07	45
2059.53	68
2061	56
2062.46	56
2063.92	76
2065.38	72
2066.84	56
2068.3	68
2069.76	52
2071.21	62
2072.67	72
2074.13	54
2075.59	66
2077.05	54
2078.51	59
2079.96	56
2081.42	73
2082.88	47
2084.34	75
2085.79	55
2087.25	76
2088.7	62
2090.16	59
2091.61	47
2093.07	55
2094.53	58
2095.98	47
2097.43	63
2098.89	59
2100.34	47
2101.8	63
2103.25	65
2104.7	59
2106.16	53
2107.61	75
2109.06	57
2110.51	62
2111.96	69
2113.42	64
2114.87	55
2116.32	52
2117.77	61
2119.22	84
2120.67	66
2122.12	63
2123.57	64
2125.02	58
2126.47	54
2127.92	71
2129.36	67
2130.81	62
2132.26	43
2133.71	67
2135.15	69
2136.6	67
2138.05	49
2139.5	57
2140.94	73
2142.39	48
2143.83	49
2145.28	58
2146.73	70
2148.17	70
2149.61	58
2151.06	64
2152.5	65
2153.95	53
2155.39	55
2156.84	67
2158.28	54
2159.72	64
2161.16	62
2162.61	63
2164.05	47
2165.49	63
2166.93	56
2168.38	63
2169.82	73
2171.26	59
2172.7	53
2174.14	74
2175.58	51
2177.02	88
2178.46	65
2179.9	64
2181.34	67
2182.77	61
2184.21	72
2185.65	56
2187.09	60
2188.53	77
2189.96	68
2191.4	84
2192.84	70
2194.27	54
2195.71	56
2197.15	62
2198.58	64
2200.02	43
2201.46	69
2202.89	76
2204.32	41
2205.76	60
2207.19	71
2208.63	70
2210.06	76
2211.5	64
2212.93	68
2214.36	63
2215.8	79
2217.23	52
2218.66	74
2220.09	74
2221.52	63
2222.96	63
2224.39	68
2225.82	77
2227.25	43
2228.68	55
2230.11	49
2231.54	72
2232.97	56
2234.4	59
2235.83	77
2237.26	70
2238.68	88
2240.11	84
2241.54	71
2242.97	60
2244.4	61
2245.82	48
2247.25	80
2248.68	71
2250.1	66
2251.53	66
2252.96	44
2254.38	58
2255.81	69
2257.23	69
2258.66	75
2260.08	64
2261.51	71
2262.93	80
2264.35	44
2265.78	57
2267.2	54
2268.63	65
2270.05	64
2271.47	66
2272.89	74
2274.32	71
2275.74	54
2277.16	52
2278.58	83
2280	65
2281.42	61
2282.84	65
2284.26	60
2285.68	67
2287.1	60
2288.52	54
2289.94	58
2291.36	46
2292.78	69
2294.2	88
2295.62	51
2297.04	57
2298.45	49
2299.87	66
2301.29	58
2302.71	47
2304.12	60
2305.54	64
2306.96	59
2308.37	73
2309.79	67
2311.2	76
2312.62	46
2314.03	73
2315.45	70
2316.86	57
2318.28	58
2319.69	81
2321.1	82
2322.52	69
2323.93	75
2325.34	81
2326.76	66
2328.17	39
2329.58	62
2330.99	78
2332.41	64
2333.82	61
2335.23	73
2336.64	61
2338.05	47
2339.46	82
2340.87	68
2342.28	68
2343.69	64
2345.1	65
2346.51	65
2347.92	60
2349.32	52
2350.73	60
2352.14	64
2353.55	80
2354.96	62
2356.36	52
2357.77	52
2359.18	56
2360.58	68
2361.99	51
2363.4	76
2364.8	68
2366.21	72
2367.61	74
2369.02	65
2370.42	76
2371.83	66
2373.23	80
2374.64	81
2376.04	86
2377.44	78
2378.85	71
2380.25	62
2381.65	66
2383.05	55
2384.46	75
2385.86	53
2387.26	75
2388.66	63
2390.06	61
2391.47	67
2392.87	56
2394.27	91
2395.67	75
2397.07	68
2398.47	65
2399.87	78
2401.26	59
2402.66	59
2404.06	50
2405.46	70
2406.86	79
2408.26	57
2409.66	53
2411.05	55
2412.45	43
2413.85	47
2415.24	70
2416.64	60
2418.04	67
2419.43	63
2420.83	79
2422.22	83
2423.62	68
2425.01	81
2426.41	55
2427.8	71
2429.2	81
2430.59	74
2431.99	80
2433.38	61
2434.77	43
2436.16	78
2437.56	67
2438.95	56
2440.34	88
2441.73	71
2443.13	45
2444.52	49
2445.91	74
2447.3	60
2448.69	63
2450.08	70
2451.47	60
2452.86	79
2454.25	56
2455.64	65
2457.03	47
2458.42	60
2459.81	63
2461.2	62
2462.58	56
2463.97	63
2465.36	62
2466.75	69
2468.13	53
2469.52	68
2470.91	61
2472.29	67
2473.68	58
2475.07	74
2476.45	58
2477.84	66
2479.22	65
2480.61	71
2481.99	79
2483.38	47
2484.76	69
2486.15	54
2487.53	63
2488.91	59
2490.3	65
2491.68	66
2493.06	67
2494.44	55
2495.83	63
2497.21	74
2498.59	77
2499.97	77
2501.35	75
2502.73	53
2504.11	57
2505.5	88
2506.88	78
2508.26	59
2509.64	68
2511.01	58
2512.4	62
2513.77	77
2515.15	65
2516.53	70
2517.91	63
2519.29	53
2520.67	68
2522.04	82
2523.42	55
2524.8	57
2526.17	86
2527.55	66
2528.93	65
2530.3	65
2531.68	70
2533.06	75
2534.43	71
2535.8	68
2537.18	64
2538.56	77
2539.93	59
2541.3	71
2542.68	74
2544.05	78
2545.42	80
2546.8	83
2548.17	57
2549.54	83
2550.91	73
2552.29	86
2553.66	73
2555.03	78
2556.4	55
2557.77	66
2559.14	67
2560.51	64
2561.89	39
2563.26	85
2564.63	93
2566	81
2567.37	48
2568.73	61
2570.1	72
2571.47	72
2572.84	64
2574.21	62
2575.58	68
2576.94	70
2578.31	72
2579.68	76
2581.05	61
2582.41	64
2583.78	81
2585.15	72
2586.51	42
2587.88	64
2589.24	70
2590.61	64
2591.97	58
2593.34	81
2594.7	54
2596.07	65
2597.43	66
2598.8	79
2600.16	66
2601.52	39
2602.89	58
2604.25	73
2605.61	71
2606.97	53
2608.34	69
2609.7	83
2611.06	64
2612.42	59
2613.78	78
2615.14	70
2616.5	57
2617.86	54
2619.22	93
2620.58	73
2621.95	45
2623.3	68
2624.66	61
2626.02	68
2627.38	56
2628.74	62
2630.1	60
2631.46	58
2632.81	42
2634.17	72
2635.53	71
2636.89	60
2638.24	63
2639.6	59
2640.96	58
2642.31	61
2643.67	78
2645.02	53
2646.38	41
2647.73	79
2649.09	64
2650.44	63
2651.8	60
2653.15	50
2654.51	51
2655.86	62
2657.21	71
2658.57	52
2659.92	67
2661.27	45
2662.63	71
2663.98	67
2665.33	58
2666.68	57
2668.03	80
2669.38	67
2670.73	53
2672.09	61
2673.44	82
2674.79	60
2676.14	51
2677.49	74
2678.84	62
2680.18	69
2681.53	64
2682.88	65
2684.23	71
2685.58	85
2686.93	62
2688.28	60
2689.63	70
2690.97	73
2692.32	76
2693.67	75
2695.01	60
2696.36	57
2697.71	44
2699.05	62
2700.4	83
2701.74	66
2703.09	66
2704.43	78
2705.78	73
2707.12	83
2708.47	57
2709.81	69
2711.16	45
2712.5	52
2713.84	53
2715.19	54
2716.53	64
2717.87	72
2719.21	56
2720.56	76
2721.9	95
2723.24	66
2724.58	74
2725.92	54
2727.26	52
2728.6	53
2729.94	73
2731.28	85
2732.63	55
2733.96	62
2735.3	68
2736.64	50
2737.98	48
2739.32	55
2740.66	69
2742	54
2743.34	67
2744.68	64
2746.01	55
2747.35	66
2748.69	49
2750.03	71
2751.36	76
2752.7	53
2754.04	65
2755.37	62
2756.71	57
2758.04	92
2759.38	72
2760.71	62
2762.05	53
2763.38	76
2764.72	58
2766.05	46
2767.38	61
2768.72	72
2770.05	60
2771.39	77
2772.72	75
2774.05	54
2775.38	78
2776.72	70
2778.05	66
2779.38	75
2780.71	85
2782.04	71
2783.37	77
2784.7	73
2786.04	79
2787.37	50
2788.7	73
2790.03	60
2791.36	54
2792.68	55
2794.01	67
2795.34	72
2796.67	74
2798	49
2799.33	81
2800.66	63
2801.99	52
2803.31	85
2804.64	68
2805.97	46
2807.29	51
2808.62	50
2809.95	84
2811.27	86
2812.6	61
2813.93	39
2815.25	51
2816.58	56
2817.9	75
2819.23	76
2820.55	67
2821.88	65
2823.2	68
2824.52	69
2825.85	74
2827.17	69
2828.49	50
2829.82	74
2831.14	58
2832.46	87
2833.78	76
2835.11	69
2836.43	45
2837.75	53
2839.07	65
2840.39	74
2841.71	52
2843.03	68
2844.35	46
2845.67	54
2846.99	75
2848.31	60
2849.63	68
2850.95	57
2852.27	63
2853.59	53
2854.91	80
2856.23	54
2857.54	56
2858.86	67
2860.18	56
2861.5	70
2862.81	57
2864.13	60
2865.45	61
2866.76	78
2868.08	75
2869.4	68
2870.71	66
2872.03	46
2873.34	59
2874.66	69
2875.97	48
2877.29	73
2878.6	69
2879.92	69
2881.23	60
2882.54	74
2883.86	82
2885.17	70
2886.48	50
2887.8	56
2889.11	61
2890.42	57
2891.73	61
2893.04	63
2894.36	52
2895.67	68
2896.98	80
2898.29	58
2899.6	59
2900.91	54
2902.22	68
2903.53	56
2904.84	73
2906.15	77
2907.46	51
2908.77	62
2910.08	66
2911.39	72
2912.69	56
2914	77
2915.31	59
2916.62	85
2917.93	84
2919.23	72
2920.54	70
2921.85	65
2923.15	30
2924.46	62
2925.77	80
2927.07	65
2928.38	52
2929.68	81
2930.99	65
2932.29	68
2933.6	56
2934.9	54
2936.21	72
2937.51	48
2938.81	48
2940.12	76
2941.42	73
2942.72	56
2944.03	60
2945.33	62
2946.63	66
2947.93	64
2949.24	88
2950.54	38
2951.84	61
2953.14	59
2954.44	58
2955.74	72
2957.04	69
2958.34	70
2959.64	71
2960.94	79
2962.24	58
2963.54	68
2964.84	67
2966.14	75
2967.44	77
2968.74	63
2970.04	70
2971.33	63
2972.63	47
2973.93	72
2975.23	65
2976.53	59
2977.82	65
2979.12	67
2980.42	62
2981.71	60
2983.01	67
2984.3	82
2985.6	65
2986.89	63
2988.19	60
2989.48	53
2990.78	63
2992.07	72
2993.37	55
2994.66	70
2995.96	86
2997.25	67
2998.54	50
2999.84	61
3001.13	55
3002.42	77
3003.71	77
3005.01	55
3006.3	58
3007.59	69
3008.88	78
3010.17	66
3011.46	67
3012.75	67
3014.05	66
3015.34	67
3016.63	73
3017.92	67
3019.21	67
3020.5	59
3021.78	65
3023.07	66
3024.36	97
3025.65	59
3026.94	67
3028.23	64
3029.52	47
3030.8	68
3032.09	55
3033.38	71
3034.67	56
3035.95	67
3037.24	66
3038.52	51
3039.81	69
3041.1	70
3042.38	47
3043.67	55
3044.95	61
3046.24	70
3047.52	63
3048.81	65
3050.09	61
3051.38	74
3052.66	45
3053.94	73
3055.23	58
3056.51	74
3057.79	55
3059.08	64
3060.36	84
3061.64	83
3062.92	63
3064.21	67
3065.49	86
3066.77	76
3068.05	73
3069.33	67
3070.61	55
3071.89	41
3073.17	60
3074.45	70
3075.73	95
3077.01	67
3078.29	84
3079.57	42
3080.85	75
3082.13	59
3083.41	55
3084.69	68
3085.96	69
3087.24	81
3088.52	73
3089.8	67
3091.08	48
3092.35	64
3093.63	66
3094.9	64
3096.18	53
3097.46	54
3098.73	60
3100.01	51
3101.28	56
3102.56	78
3103.83	81
3105.11	68
3106.38	45
3107.66	66
3108.93	55
3110.21	80
3111.48	62
3112.75	56.0949
3114.03	65.0814
3115.3	56.6548
3116.57	68.9241
3117.85	99.0657
3119.12	73.8975
3120.39	57.5518
3121.66	60.6656
3122.93	61.9113
3124.21	68.1037
3125.48	61.5637
3126.75	76.2304
3128.02	70.841
3129.29	69.7611
3130.56	73.0198
3131.83	73.8144
3133.1	65.6533
3134.37	65.1626
3135.64	71.3697
3136.91	61.6431
3138.18	76.3434
3139.45	64.1587
3140.72	74.8766
3141.98	55.7921
3143.25	84.0517
3144.52	71.0334
3145.79	70.7922
3147.05	74.794
3148.32	60.0424
3149.59	76.017
3150.86	78.9968
3152.12	60.0612
3153.39	70.8883
3154.66	74.2079
3155.92	63.0091
3157.19	66.5117
3158.45	52.7967
3159.72	70.7244
3160.98	76.8494
3162.25	62.9567
3163.51	53.1441
3164.78	73.8003
3166.04	60.8844
3167.31	86.3797
3168.57	66.6215
3169.83	56.0247
3171.1	60.8356
3172.36	61.2715
3173.62	65.5418
3174.89	75.2048
3176.15	59.5849
3177.41	66.7474
3178.67	62.4913
3179.93	60.6028
3181.2	77.6389
3182.46	59.8526
3183.72	73.3551
3184.98	74.2863
3186.24	50.2779
3187.5	66.58
3188.76	63.5204
3190.02	53.8926
3191.28	57.831
3192.54	62.2729
3193.8	82.0702
3195.06	67.1087
3196.32	60.4588
3197.58	63.5082
3198.84	71.9368
3200.09	55.9523
3201.35	65.947
3202.61	80.9262
3203.87	67.2932
3205.13	60.6997
3206.38	71.2851
3207.64	47.298
3208.9	66.9785
3210.15	73.3196
3211.41	83.4998
3212.67	57.9165
3213.92	64.5903
3215.18	75.5637
3216.43	73.3144
3217.69	83.1775
3218.94	55.1468
3220.2	62.6829
3221.45	55.4942
3222.71	68.3892
3223.96	64.252
3225.22	70.5186
3226.47	55.3246
3227.72	57.2766
3228.98	72.5218
3230.23	60.5792
3231.48	85.9502
3232.74	49.3423
3233.99	43.6079
3235.24	68.0042
3236.49	79.4503
3237.74	80.7782
3237.78	81
3239.03	64
3240.29	63
3241.55	84
3242.81	70
3244.06	50
3245.32	78
3246.58	59
3247.83	56
3249.09	63
3250.34	75
3251.6	65
3252.86	65
3254.11	62
3255.37	59
3256.62	61
3257.87	70
3259.13	80
3260.38	67
3261.64	45
3262.89	56
3264.14	63
3265.4	100
3266.65	63
3267.9	72
3269.16	54
3270.41	77
3271.66	70
3272.91	85
3274.16	58
3275.41	61
3276.67	62
3277.92	67
3279.17	86
3280.42	57
3281.67	70
3282.92	73
3284.17	75
3285.42	63
3286.67	92
3287.92	77
3289.17	80
3290.41	75
3291.66	83
3292.91	62
3294.16	72
3295.41	84
3296.66	69
3297.9	69
3299.15	77
3300.4	80
3301.65	80
3302.89	84
3304.14	84
3305.39	74
3306.63	88
3307.88	64
3309.12	78
3310.37	72
3311.61	93
3312.86	86
3314.1	62
3315.35	77
3316.59	68
3317.84	84
3319.08	93
3320.32	81
3321.57	72
3322.81	80
3324.05	68
3325.3	74
3326.54	98
3327.78	82
3329.02	82
3330.27	78
3331.51	83
3332.75	73
3333.99	71
3335.23	83
3336.47	91
3337.72	79
3338.96	90
3340.2	79
3341.44	85
3342.68	91
3343.92	85
3345.16	93
3346.4	99
3347.64	98
3348.87	71
3350.11	90
3351.35	70
3352.59	93
3353.83	85
3355.07	89
3356.3	99
3357.54	91
3358.78	98
3360.02	92
3361.25	98
3362.49	87
3363.73	89
3364.96	91
3366.2	102
3367.43	91
3368.67	97
3369.9	82
3371.14	73
3372.37	83
3373.61	99
3374.84	88
3376.08	101
3377.31	86
3378.55	67
3379.78	101
3381.01	92
3382.25	80
3383.48	93
3384.71	77
3385.95	72
3387.18	100
3388.41	98
3389.64	78
3390.87	66
3392.11	74
3393.34	94
3394.57	93
3395.8	81
3397.03	111
3398.26	85
3399.49	121
3400.72	90
3401.95	110
3403.18	93
3404.41	82
3405.64	80
3406.87	103
3408.1	89
3409.33	96
3410.56	107
3411.78	94
3413.01	87
3414.24	82
3415.47	80
3416.69	81
3417.92	73
3419.15	79
3420.38	83
3421.6	104
3422.83	84
3424.06	86
3425.28	111
3426.51	115
3427.73	86
3428.96	92
3430.18	99
3431.41	67
3432.63	81
3433.86	109
3435.08	100
3436.31	71
3437.53	103
3438.75	92
3439.98	104
3441.2	98
3442.42	101
3443.65	97
3444.87	84
3446.09	84
3447.31	89
3448.54	102
3449.76	72
3450.98	78
3452.2	104
3453.42	88
3454.64	75
3455.86	92
3457.09	107
3458.31	82
3459.53	102
3460.75	97
3461.97	100
3463.19	97
3464.41	113
3465.63	103
3466.84	108
3468.06	98
3469.28	114
3470.5	94
3471.72	89
3472.94	110
3474.15	111
3475.37	105
3476.59	99
3477.81	84
3479.02	77
3480.24	115
3481.46	114
3482.67	119
3483.89	112
3485.1	110
3486.32	117
3487.54	113
3488.75	105
3489.97	100
3491.18	107
3492.4	96
3493.61	102
3494.82	112
3496.04	74
3497.25	97
3498.47	120
3499.68	119
3500.89	98
3502.11	83
3503.32	102
3504.53	96
3505.74	111
3506.96	115
3508.17	97
3509.38	109
3510.59	92
3511.8	107
3513.01	89
3514.23	110
3515.44	96
3516.65	98
3517.86	89
3519.07	106
3520.28	109
3521.49	92
3522.7	121
3523.91	108
3525.12	111
3526.33	102
3527.53	124
3528.74	120
3529.95	110.5
3531.16	101
3532.37	115
3533.57	102
3534.78	122
3535.99	93
3537.2	104
3538.4	105
3539.61	103
3540.82	113
3542.02	100
3543.23	108
3544.44	104
3545.64	113
3546.85	124
3548.05	94
3549.26	112
3550.46	98
3551.67	96
3552.87	108
3554.08	127
3555.28	124
3556.48	123
3557.69	94
3558.89	108
3560.1	127
3561.3	120
3562.5	125
3563.7	113
3564.91	128
3566.11	113
3567.31	118
3568.51	138
3569.71	120
3570.92	102
3572.12	114
3573.32	111
3574.52	137
3575.72	106
3576.92	125
3578.12	125
3579.32	143
3580.52	126
3581.72	127
3582.92	120
3584.12	98
3585.32	119
3586.52	119
3587.72	105
3588.92	122
3590.11	105
3591.31	111
3592.51	115
3593.71	108
3594.9	125
3596.1	126
3597.3	115
3598.5	111
3599.69	116
3600.89	128
3602.09	107
3603.28	117
3604.48	131
3605.67	138
3606.87	128
3608.06	113
3609.26	120
3610.45	111
3611.65	119
3612.84	128
3614.04	132
3615.23	118
3616.43	97
3617.62	137
3618.81	102
3620.01	130
3621.2	137
3622.39	126
3623.58	136
3624.78	105
3625.97	101
3627.16	124
3628.35	115
3629.55	110
3630.74	112
3631.93	102
3633.12	118
3634.31	129
3635.5	125
3636.69	148
3637.88	113
3639.07	127
3640.26	144
3641.45	134
3642.64	98
3643.83	122
3645.02	119
3646.21	128
3647.4	123
3648.58	123
3649.77	137
3650.96	123
3652.15	112
3653.34	147
3654.53	125
3655.71	128
3656.9	135
3658.09	142
3659.27	127
3660.46	126
3661.65	116
3662.83	133
3664.02	147
3665.2	117
3666.39	127
3667.58	108
3668.76	122
3669.94	133
3671.13	146
3672.31	137
3673.5	106
3674.68	123
3675.87	126
3677.05	139
3678.23	148
3679.42	145
3680.6	125
3681.78	119
3682.97	139
3684.15	108
3685.33	120
3686.51	130
3687.7	125
3688.88	137
3690.06	138
3691.24	150
3692.42	133
3693.6	136
3694.78	136
3695.96	137
3697.14	133
3698.33	144
3699.5	148
3700.69	130
3701.86	124
3703.04	150
3704.22	144
3705.4	128
3706.58	145
3707.76	104
3708.94	113
3710.12	146
3711.29	168
3712.47	146
3713.65	158
3714.83	130
3716	151
3717.18	148
3718.36	139
3719.54	145
3720.71	141
3721.89	135
3723.06	158
3724.24	163
3725.42	154
3726.59	140
3727.77	147
3728.94	161
3730.12	137
3731.29	131
3732.47	136
3733.64	155
3734.82	158
3735.99	152
3737.16	159
3738.34	156
3739.51	135
3740.68	165
3741.86	154
3743.03	153
3744.2	138
3745.37	165
3746.55	146
3747.72	143
3748.89	156
3750.06	145
3751.23	146
3752.4	157
3753.58	143
3754.75	152
3755.92	166
3757.09	159
3758.26	162
3759.43	149
3760.6	146
3761.77	163
3762.94	131
3764.11	153
3765.28	160
3766.44	153
3767.61	153
3768.78	153
3769.95	160
3771.12	164
3772.29	152
3773.45	162
3774.62	174
3775.79	180
3776.96	138
3778.12	134
3779.29	161
3780.46	161
3781.62	164
3782.79	151
3783.95	145
3785.12	160
3786.29	170
3787.45	158
3788.62	161
3789.78	168
3790.95	148
3792.11	173
3793.28	171
3794.44	162
3795.6	162
3796.77	158
3797.93	174
3799.1	165
3800.26	185
3801.42	187
3802.58	171
3803.75	147
3804.91	166
3806.07	180
3807.23	177
3808.4	161
3809.56	167
3810.72	147
3811.88	174
3813.04	172
3814.2	198
3815.36	161
3816.52	157
3817.69	155
3818.84	164
3820.01	193
3821.17	160
3822.32	186
3823.48	159
3824.64	176
3825.8	192
3826.96	194
3828.12	193
3829.28	165
3830.44	210
3831.6	196
3832.75	197
3833.91	196
3835.07	176
3836.23	181
3837.38	180
3838.54	180
3839.7	178
3840.85	164
3842.01	186
3843.17	202
3844.32	154
3845.48	187
3846.63	172
3847.79	177
3848.94	181
3850.1	223
3851.25	193
3852.41	198
3853.56	186
3854.72	210
3855.87	171
3857.03	186
3858.18	199
3859.33	181
3860.49	187
3861.64	159
3862.79	187
3863.95	195
3865.1	192
3866.25	179
3867.4	205
3868.55	191
3869.71	193
3870.86	206
3872.01	197
3873.16	172
3874.31	181
3875.46	200
3876.61	215
3877.76	184
3878.91	190
3880.06	172
3881.21	202
3882.36	207
3883.51	174
3884.66	205
3885.81	178
3886.96	167
3888.11	205
3889.26	203
3890.41	196
3891.55	195
3892.7	201
3893.85	192
3895	201
3896.15	208
3897.29	193
3898.44	166
3899.59	164
3900.73	194
3901.88	208
3903.03	206
3904.17	213
3905.32	204
3906.47	209
3907.61	214
3908.76	213
3909.9	196
3911.05	190
3912.19	202
3913.34	191
3914.48	214
3915.62	212
3916.77	209
3917.91	181
3919.06	207
3920.2	205
3921.34	218
3922.49	194
3923.63	172
3924.77	199
3925.91	200
3927.06	193
3928.2	177
3929.34	192
3930.48	187
3931.62	216
3932.77	200
3933.91	230
3935.05	206
3936.19	211
3937.33	220
3938.47	208
3939.61	219
3940.75	201
3941.89	233
3943.03	204
3944.17	208
3945.31	235
3946.45	228
3947.59	222
3948.73	222
3949.86	234
3951	221
3952.14	206
3953.28	201
3954.42	219
3955.56	185
3956.69	222
3957.83	223
3958.97	242
3960.1	229
3961.24	244
3962.38	245
3963.51	241
3964.65	235
3965.79	246
3966.92	226
3968.06	232
3969.19	238
3970.33	241
3971.46	239
3972.6	257
3973.73	226
3974.87	225
3976	236
3977.14	235
3978.27	232
3979.4	197
3980.54	236
3981.67	260
3982.8	243
3983.94	236
3985.07	248
3986.2	224
3987.34	260
3988.47	243
3989.6	228
3990.73	232
3991.86	216
3993	224
3994.13	243
3995.26	220
3996.39	256
3997.52	256
3998.65	232
3999.78	253
4000.91	258
4002.04	274
4003.17	230
4004.3	214
4005.43	268
4006.56	255
4007.69	261
4008.82	235
4009.95	267
4011.07	232
4012.2	255
4013.33	240
4014.46	259
4015.59	247
4016.72	256
4017.84	251
4018.97	256
4020.1	255
4021.22	275
4022.35	272
4023.48	279
4024.6	270
4025.73	249
4026.86	273
4027.98	256
4029.11	239
4030.23	261
4031.36	250
4032.48	268
4033.61	272
4034.73	255
4035.86	266
4036.98	263
4038.11	276
4039.23	304
4040.35	267
4041.48	263
4042.6	267
4043.73	292
4044.85	284
4045.97	255
4047.09	267
4048.22	323
4049.34	306
4050.46	306
4051.58	309
4052.7	289
4053.83	269
4054.95	311
4056.07	273
4057.19	316
4058.31	278
4059.43	286
4060.55	289
4061.67	280
4062.79	300
4063.91	301
4065.03	279
4066.15	304
4067.27	332
4068.39	324
4069.51	328
4070.63	299
4071.75	312
4072.86	328
4073.98	302
4075.1	322
4076.22	305
4077.34	320
4078.45	296
4079.57	313
4080.69	335
4081.81	350
4082.92	334
4084.04	324
4085.16	326
4086.27	325
4087.39	317
4088.51	339
4089.62	304
4090.74	339
4091.85	330
4092.97	340
4094.08	303
4095.2	348
4096.31	327
4097.43	355
4098.54	322
4099.65	357
4100.77	314
4101.88	349
4103	357
4104.11	351
4105.22	384
4106.34	353
4107.45	360
4108.56	364
4109.67	343
4110.79	340
4111.9	366
4113.01	346
4114.12	350
4115.23	381
4116.34	362
4117.46	371
4118.57	379
4119.68	357
4120.79	368
4121.9	395
4123.01	381
4124.12	361
4125.23	374
4126.34	404
4127.45	371
4128.56	390
4129.67	366
4130.78	383
4131.89	380
4132.99	367
4134.1	381
4135.21	383
4136.32	365
4137.43	374
4138.54	377
4139.64	396
4140.75	387
4141.86	402
4142.96	393
4144.07	372
4145.18	348
4146.29	363
4147.39	387
4148.5	386
4149.6	374
4150.71	362
4151.82	373
4152.92	395
4154.03	417
4155.13	411
4156.24	429
4157.34	378
4158.44	389
4159.55	396
4160.65	405
4161.76	376
4162.86	417
4163.97	410
4165.07	422
4166.17	392
4167.27	406
4168.38	388
4169.48	409
4170.58	421
4171.69	440
4172.79	393
4173.89	398
4174.99	414
4176.09	424
4177.2	434
4178.3	408
4179.4	425
4180.5	449
4181.6	432
4182.7	417
4183.8	410
4184.9	448
4186	410
4187.1	390
4188.2	428
4189.3	417
4190.4	434
4191.5	447
4192.6	453
4193.7	394
4194.8	444
4195.89	427
4196.99	463
4198.09	448
4199.19	413
4200.29	414
4201.38	423
4202.48	449
4203.58	470
4204.68	444
4205.77	435
4206.87	462.791
4207.97	416.098
4209.06	438.11
4210.16	407.945
4211.25	421.893
4212.35	416.554
4213.45	450.545
4214.54	408.904
4215.64	431.459
4216.73	403.889
4217.83	443.424
4218.92	445.04
4220.02	474.034
4221.11	465.19
4222.2	432.041
4223.3	461.965
4224.39	453.5
4225.49	449.466
4226.58	458.184
4227.67	469.183
4228.77	432.959
4229.86	466.134
4230.95	467.125
4232.05	441.39
4233.14	432.494
4234.23	454.509
4235.32	437.533
4236.41	459.898
4237.51	448.689
4238.6	425.882
4239.69	436.389
4240.78	426.669
4241.87	473.459
4242.96	463.15
4244.05	465.915
4245.14	462.954
4246.23	444.714
4247.32	457.34
4248.41	458.451
4249.5	452.03
4250.59	448.277
4251.68	435.104
4252.77	451.98
4253.86	453.644
4254.95	439.863
4256.04	471.555
4257.13	462.438
4258.22	445.749
4259.3	462.556
4260.39	455.749
4261.48	450.251
4262.57	452.29
4263.66	436.422
4264.74	440.117
4265.83	440.992
4266.92	457.595
4268	449.009
4269.09	451.154
4270.18	466.655
4271.26	446.379
4272.35	449.363
4273.44	456.505
4274.52	443.676
4275.61	450.205
4276.69	440.211
4277.78	449.444
4278.86	439.407
4279.95	442.067
4281.03	444.466
4282.12	459.546
4283.2	455.297
4284.28	445.824
4285.37	459.832
4286.45	445.981
4287.54	437.243
4288.62	443.485
4289.7	442.771
4290.79	443.136
4291.87	448.507
4292.95	445.9
4294.04	452.835
4295.12	442.246
4296.2	451.496
4297.28	449.755
4298.36	461.098
4299.45	421.702
4300.53	414.74
4301.61	449.52
4302.69	457.67
4303.77	464.12
4304.85	452.856
4305.93	448.642
4307.01	464.942
4308.09	436.08
4309.17	438.593
4310.25	440.731
4311.33	447.379
4312.41	448.585
4313.49	448.66
4314.57	449.592
4314.9	450
4315.98	471
4317.07	462
4318.15	484
4319.23	442
4320.32	439
4321.4	453
4322.49	471
4323.57	474
4324.65	469
4325.74	443
4326.82	454
4327.9	457
4328.98	461
4330.07	452
4331.15	455
4332.23	499
4333.31	446
4334.39	468
4335.48	458
4336.56	503
4337.64	477
4338.72	473
4339.8	480
4340.88	477
4341.96	477
4343.04	502
4344.12	494
4345.2	474
4346.28	466
4347.36	490
4348.44	495
4349.52	483
4350.6	503
4351.68	479
4352.75	485
4353.83	489
4354.91	481
4355.99	485
4357.07	481
4358.15	464
4359.22	498
4360.3	478
4361.38	482
4362.46	516
4363.53	476
4364.61	491
4365.69	483
4366.76	509
4367.84	500
4368.91	492
4369.99	483
4371.07	479
4372.14	498
4373.22	462
4374.29	518
4375.37	507
4376.44	485
4377.52	489
4378.59	501
4379.67	483
4380.74	487
4381.82	494
4382.89	516
4383.96	524
4385.04	489
4386.11	481
4387.18	493
4388.26	474
4389.33	468
4390.4	526
4391.47	508
4392.55	532
4393.62	485
4394.69	496
4395.76	489
4396.83	478
4397.91	494
4398.98	474
4400.05	492
4401.12	500
4402.19	485
4403.26	513
4404.33	497
4405.4	496
4406.47	500
4407.54	524
4408.61	492
4409.68	510
4410.75	506
4411.82	516
4412.89	502
4413.96	512
4415.03	529
4416.1	471
4417.16	496
4418.23	499
4419.3	486
4420.37	496
4421.44	525
4422.5	504
4423.57	481
4424.64	521
4425.71	512
4426.77	518
4427.84	474
4428.91	522
4429.97	546
4431.04	514
4432.11	519
4433.17	501
4434.24	489
4435.3	487
4436.37	487
4437.43	485
4438.5	542
4439.56	490
4440.63	519
4441.69	513
4442.76	530
4443.82	519
4444.89	501
4445.95	477
4447.01	498
4448.08	535
4449.14	511
4450.2	508
4451.27	504
4452.33	525
4453.39	523
4454.46	535
4455.52	534
4456.58	528
4457.64	520
4458.7	527
4459.77	521
4460.83	507
4461.89	558
4462.95	526
4464.01	529
4465.07	540
4466.13	551
4467.19	563
4468.25	599
4469.31	544
4470.37	554
4471.43	569
4472.49	569
4473.55	545
4474.61	612
4475.67	609
4476.73	584
4477.79	628
4478.85	660
4479.91	648
4480.97	664
4482.02	646
4483.08	734
4484.14	696
4485.2	730
4486.25	724
4487.31	789
4488.37	753
4489.43	790
4490.48	781
4491.54	792
4492.6	792
4493.65	778
4494.71	809
4495.77	846
4496.82	816
4497.88	858
4498.93	863
4499.99	838
4501.04	895
4502.1	906
4503.15	911
4504.21	903
4505.26	1005
4506.32	1013
4507.37	1015
4508.43	1019
4509.48	997
4510.53	982
4511.59	972
4512.64	969
4513.69	939
4514.75	994
4515.8	957
4516.85	912
4517.9	922
4518.96	917
4520.01	893
4521.06	848
4522.11	846
4523.16	801
4524.22	830
4525.27	818
4526.32	814
4527.37	779
4528.42	772
4529.47	777
4530.52	715
4531.57	769
4532.62	755
4533.67	718
4534.72	764
4535.77	723
4536.82	782
4537.87	765
4538.92	715
4539.97	712
4541.02	715
4542.07	763
4543.12	758
4544.17	737
4545.21	672
4546.26	755
4547.31	737
4548.36	695
4549.4	712
4550.45	706
4551.5	729
4552.55	740
4553.59	695
4554.64	690
4555.69	725
4556.73	678
4557.78	714
4558.83	735
4559.87	743
4560.92	726
4561.96	679
4563.01	737
4564.05	737
4565.1	707
4566.14	741
4567.19	746.5
4568.23	752
4569.28	750
4570.32	731
4571.37	752
4572.41	684
4573.46	736
4574.5	745
4575.54	775
4576.59	726
4577.63	792
4578.67	786
4579.71	794
4580.76	791
4581.8	773
4582.84	786
4583.88	807
4584.93	819
4585.97	853
4587.01	848
4588.05	899
4589.09	863
4590.13	919
4591.17	876
4592.22	916
4593.26	941
4594.3	955
4595.34	961
4596.38	996
4597.42	974
4598.46	1000
4599.5	1069
4600.54	1086
4601.58	1102
4602.62	1071
4603.65	1116
4604.69	1088
4605.73	1091
4606.77	1119
4607.81	1101
4608.85	1060
4609.89	1068
4610.92	1047
4611.96	1069
4613	1068
4614.04	1016
4615.07	1024
4616.11	981
4617.15	1004
4618.19	946
4619.22	982
4620.26	934
4621.29	966
4622.33	958
4623.37	899
4624.4	945
4625.44	889
4626.47	925
4627.51	921
4628.54	883
4629.58	880
4630.61	842
4631.65	824
4632.68	872
4633.72	845
4634.75	870
4635.79	863
4636.82	848
4637.85	862
4638.89	866
4639.92	883
4640.95	889
4641.99	856
4643.02	833
4644.05	843
4645.09	823
4646.12	818
4647.15	848
4648.18	844
4649.21	805
4650.25	887
4651.28	845
4652.31	778
4653.34	856
4654.37	836
4655.4	867
4656.43	848
4657.46	825
4658.5	880
4659.53	830
4660.56	859
4661.59	846
4662.62	868
4663.65	844
4664.67	801
4665.7	841
4666.73	853
4667.76	844
4668.79	848
4669.82	872
4670.85	816
4671.88	856
4672.9	864
4673.93	822
4674.96	828
4675.99	852
4677.02	842
4678.04	850
4679.07	871
4680.1	866
4681.13	824
4682.15	845
4683.18	849
4684.21	885
4685.23	889
4686.26	828
4687.28	864
4688.31	878
4689.34	882
4690.36	846
4691.39	854
4692.41	850
4693.44	871
4694.46	859
4695.49	839
4696.51	901
4697.54	879
4698.56	891
4699.58	875
4700.61	873
4701.63	888
4702.66	891
4703.68	893
4704.7	857
4705.73	884
4706.75	906
4707.77	911
4708.79	918
4709.82	890
4710.84	916
4711.86	869
4712.88	905
4713.9	859
4714.93	847
4715.95	866
4716.97	886
4717.99	862
4719.01	913
4720.03	867
4721.05	867
4722.07	913
4723.09	913
4724.12	924
4725.13	879
4726.16	911
4727.17	874
4728.19	928
4729.21	900
4730.23	905
4731.25	933
4732.27	899
4733.29	928
4734.31	900
4735.33	928
4736.35	920
4737.36	893
4738.38	872
4739.4	906
4740.42	902
4741.43	912
4742.45	918
4743.47	930
4744.49	899
4745.5	917
4746.52	956
4747.54	937
4748.55	921
4749.57	937
4750.59	956
4751.6	964
4752.62	920
4753.63	926
4754.65	964
4755.66	966
4756.68	974
4757.7	944
4758.71	907
4759.73	950
4760.74	967
4761.75	953
4762.77	924
4763.78	959
4764.8	971
4765.81	987
4766.82	940
4767.84	960
4768.85	1001
4769.86	985
4770.88	939
4771.89	930
4772.9	982
4773.91	954
4774.93	974
4775.94	937
4776.95	987
4777.96	957
4778.97	967
4779.99	987
4781	978
4782.01	939
4783.02	964
4784.03	1025
4785.04	989
4786.05	995
4787.06	941
4788.07	968
4789.08	1004
4790.09	976
4791.1	969
4792.11	958
4793.12	956
4794.13	992
4795.14	944
4796.15	982
4797.16	959
4798.17	960
4799.18	942
4800.19	984
4801.19	1025
4802.2	1031
4803.21	936
4804.22	947
4805.23	976
4806.23	1016
4807.24	981
4808.25	996
4809.25	999
4810.26	1014
4811.27	960
4812.27	986
4813.28	966
4814.29	925
4815.29	971
4816.3	946
4817.31	973
4818.31	1001
4819.32	976
4820.32	1019
4821.33	959
4822.33	1016
4823.34	978
4824.34	994
4825.35	975
4826.35	953
4827.36	968
4828.36	991
4829.36	1069
4830.37	967
4831.37	1012
4832.37	1016
4833.38	1003
4834.38	1006
4835.38	967
4836.39	1002
4837.39	1026
4838.39	987
4839.39	1055
4840.4	1057
4841.4	989
4842.4	1001
4843.4	1045
4844.4	1075
4845.4	970
4846.41	1026
4847.41	1016
4848.41	980
4849.41	977
4850.41	1019
4851.41	1043
4852.41	980
4853.41	1056
4854.41	1054
4855.41	1087
4856.41	1069
4857.41	1024
4858.41	1022
4859.41	1067
4860.41	1063
4861.41	1062
4862.41	1060
4863.4	1029
4864.4	1029
4865.4	1071
4866.4	1081
4867.4	1092
4868.4	1088
4869.39	1068
4870.39	1065
4871.39	1060
4872.39	1068
4873.38	1128
4874.38	1122
4875.38	1132
4876.37	1110
4877.37	1072
4878.37	1098
4879.36	1073
4880.36	1114
4881.35	1153
4882.35	1160
4883.35	1131
4884.34	1160
4885.34	1145
4886.33	1124
4887.33	1168
4888.32	1151
4889.32	1162
4890.31	1156
4891.31	1142
4892.3	1150
4893.29	1151
4894.29	1159
4895.28	1210
4896.27	1169
4897.27	1183
4898.26	1165
4899.25	1117
4900.25	1169
4901.24	1200
4902.23	1177
4903.23	1188
4904.22	1162
4905.21	1210
4906.2	1170
4907.19	1182
4908.19	1200
4909.18	1203
4910.17	1129
4911.16	1169
4912.15	1183
4913.14	1186
4914.13	1159
4915.12	1212
4916.11	1186
4917.11	1159
4918.09	1213
4919.08	1215
4920.08	1208
4921.06	1179
4922.05	1193
4923.04	1194
4924.03	1211
4925.02	1226
4926.01	1221
4927	1188
4927.99	1193
4928.98	1239
4929.97	1233
4930.95	1218
4931.94	1280
4932.93	1234
4933.92	1239
4934.91	1256
4935.89	1241
4936.88	1212
4937.87	1215
4938.85	1235
4939.84	1190
4940.83	1262
4941.81	1244
4942.8	1281
4943.79	1209
4944.77	1233
4945.76	1179
4946.75	1224
4947.73	1248
4948.72	1252
4949.7	1244
4950.69	1277
4951.67	1190
4952.66	1252
4953.64	1220
4954.63	1260
4955.61	1262
4956.6	1183
4957.58	1216
4958.56	1268
4959.55	1272
4960.53	1233
4961.52	1221
4962.5	1306
4963.48	1272
4964.46	1248
4965.45	1264
4966.43	1258
4967.41	1237
4968.4	1254
4969.38	1278
4970.36	1260
4971.34	1259
4972.32	1290
4973.31	1265
4974.29	1255
4975.27	1246
4976.25	1261
4977.23	1253
4978.21	1264
4979.19	1319
4980.17	1305
4981.15	1256
4982.13	1298
4983.12	1318
4984.1	1261
4985.08	1298
4986.05	1258
4987.03	1325
4988.01	1321
4988.99	1234
4989.97	1345
4990.95	1279
4991.93	1330
4992.91	1346
4993.89	1311
4994.87	1358
4995.84	1315
4996.82	1363
4997.8	1283
4998.78	1341
4999.76	1313
5000.73	1345
5001.71	1327
5002.69	1307
5003.67	1386
5004.64	1376
5005.62	1374
5006.6	1363
5007.57	1427
5008.55	1403
5009.52	1328
5010.5	1379
5011.48	1363
5012.45	1401
5013.43	1371
5014.4	1408
5015.38	1359
5016.35	1387
5017.33	1402
5018.3	1387
5019.28	1386
5020.25	1417
5021.23	1365
5022.2	1413
5023.18	1449
5024.15	1469
5025.12	1436
5026.1	1440
5027.07	1458
5028.04	1426
5029.02	1440
5029.99	1470
5030.96	1484
5031.94	1419
5032.91	1475
5033.88	1462
5034.85	1487
5035.83	1456
5036.8	1549
5037.77	1447
5038.74	1453
5039.71	1447
5040.68	1518
5041.66	1488
5042.63	1521
5043.6	1480
5044.57	1519
5045.54	1479
5046.51	1446
5047.48	1490
5048.45	1520
5049.42	1473
5050.39	1475
5051.36	1487
5052.33	1493
5053.3	1512
5054.27	1514
5055.24	1505
5056.21	1499
5057.17	1504
5058.14	1492
5059.11	1467
5060.08	1518
5061.05	1501
5062.02	1486
5062.99	1498
5063.95	1477
5064.92	1489
5065.89	1500
5066.86	1433
5067.82	1493
5068.79	1454
5069.76	1488
5070.72	1412
5071.69	1438
5072.66	1472
5073.62	1471
5074.59	1448
5075.56	1394
5076.52	1419
5077.49	1448
5078.45	1437
5079.42	1390
5080.38	1451
5081.35	1497
5082.31	1402
5083.28	1434
5084.24	1387
5085.21	1411
5086.17	1420
5087.14	1397
5088.1	1479
5089.07	1423
5090.03	1405
5090.99	1402
5091.96	1422
5092.92	1395
5093.88	1363
5094.85	1364
5095.81	1461
5096.77	1441
5097.73	1403
5098.7	1387
5099.66	1340
5100.62	1394
5101.58	1384
5102.55	1403
5103.51	1407
5104.47	1410
5105.43	1409
5106.39	1466
5107.35	1377
5108.32	1389
5109.28	1355
5110.24	1396
5111.2	1347
5112.16	1374
5113.12	1358
5114.08	1401
5115.04	1354
5116	1405
5116.96	1349
5117.92	1373
5118.88	1424
5119.84	1361
5120.8	1414
5121.75	1386
5122.71	1356
5123.67	1408
5124.63	1406
5125.59	1393
5126.55	1361
5127.51	1414
5128.46	1404
5129.42	1411
5130.38	1442
5131.34	1378
5132.3	1333
5133.25	1418
5134.21	1393
5135.17	1405
5136.12	1359
5137.08	1396
5138.04	1359
5138.99	1356
5139.95	1414
5140.91	1403
5141.86	1392
5142.82	1401
5143.77	1406
5144.73	1393
5145.68	1411
5146.64	1386
5147.59	1402
5148.55	1351
5149.5	1382
5150.46	1397
5151.41	1383
5152.37	1389
5153.32	1417
5154.28	1423.06
5155.23	1400.2
5156.18	1406.39
5157.14	1378.62
5158.09	1422.71
5159.04	1388.55
5160	1362.75
5160.95	1426.18
5161.9	1363.07
5162.86	1407.08
5163.81	1381.62
5164.76	1377.33
5165.71	1400.15
5166.67	1379.77
5167.62	1429.75
5168.57	1375.51
5169.52	1371.98
5170.47	1426.5
5171.42	1424.73
5172.38	1356.66
5173.33	1388.81
5174.28	1371.79
5175.23	1448.96
5176.18	1426.08
5177.13	1395.38
5178.08	1377.13
5179.03	1357.74
5179.98	1374.84
5180.93	1419.38
5181.88	1401.34
5182.83	1389.26
5183.78	1383.55
5184.73	1380.6
5185.68	1363.13
5186.63	1401.51
5187.58	1393.12
5188.53	1358.86
5189.48	1379.25
5190.42	1381.35
5191.37	1392.17
5192.32	1412.8
5193.27	1385.55
5194.22	1424.32
5195.17	1389.79
5196.11	1418.82
5197.06	1395.64
5198.01	1396.71
5198.96	1393.17
5199.9	1362.88
5200.85	1397.26
5201.8	1391.59
5202.74	1421.86
5203.69	1413.43
5204.64	1393.47
5205.58	1375.9
5206.53	1396.59
5207.47	1421.63
5208.42	1397.35
5209.37	1393.04
5210.31	1392.39
5211.26	1427.78
5212.2	1419.14
5213.15	1457.48
5214.09	1428.85
5215.04	1411.38
5215.98	1424.78
5216.93	1411.09
5217.87	1394.16
5218.81	1424.78
5219.76	1432.04
5220.7	1433.92
5221.65	1401.76
5222.59	1427.36
5223.53	1407.92
5224.48	1410.42
5225.42	1436.75
5226.36	1438.37
5227.31	1479.15
5228.25	1443.19
5229.19	1438.67
5230.14	1444.55
5231.08	1435
5232.02	1451.55
5232.96	1438.14
5233.9	1466.38
5234.85	1489.47
5235.79	1447.02
5236.73	1457.18
5237.67	1497.53
5238.61	1497.84
5239.55	1472.88
5240.49	1473.02
5241.44	1471.94
5242.38	1457.07
5243.32	1457.39
5244.26	1495.74
5245.2	1467.91
5246.14	1473.58
5247.08	1452.87
5248.02	1529.67
5248.75	1511
5249.69	1468
5250.64	1473
5251.58	1514
5252.53	1526
5253.47	1499
5254.41	1490
5255.36	1480
5256.3	1481
5257.24	1485
5258.19	1545
5259.13	1461
5260.07	1536
5261.02	1520
5261.96	1558
5262.9	1522
5263.85	1502
5264.79	1508
5265.73	1540
5266.67	1521
5267.61	1521
5268.56	1587
5269.5	1502
5270.44	1570
5271.38	1530
5272.32	1542
5273.26	1557
5274.2	1545
5275.14	1563
5276.08	1593
5277.03	1553
5277.97	1492
5278.91	1502
5279.85	1551
5280.79	1558
5281.73	1562
5282.67	1544
5283.6	1561
5284.54	1489
5285.48	1585
5286.42	1549
5287.36	1600
5288.3	1546
5289.24	1588
5290.18	1584
5291.12	1528
5292.05	1566
5292.99	1587
5293.93	1620
5294.87	1552
5295.81	1570
5296.74	1575
5297.68	1579
5298.62	1608
5299.56	1616
5300.49	1653
5301.43	1545
5302.37	1567
5303.3	1620
5304.24	1632
5305.18	1632
5306.11	1598
5307.05	1547
5307.98	1610
5308.92	1624
5309.85	1630
5310.79	1567
5311.73	1593
5312.66	1581
5313.6	1620
5314.53	1671
5315.47	1657
5316.4	1602
5317.34	1660
5318.27	1560
5319.2	1621
5320.14	1592
5321.07	1697
5322.01	1694
5322.94	1608
5323.87	1622
5324.81	1574
5325.74	1636
5326.67	1617
5327.61	1668
5328.54	1641
5329.47	1629
5330.4	1614
5331.34	1666
5332.27	1634
5333.2	1652
5334.13	1620
5335.06	1613
5336	1667
5336.93	1617
5337.86	1664
5338.79	1706
5339.72	1644
5340.65	1643
5341.58	1638
5342.52	1676
5343.45	1679
5344.38	1628
5345.31	1643
5346.24	1643
5347.17	1636
5348.1	1633
5349.03	1618
5349.96	1707
5350.89	1713
5351.82	1672
5352.74	1616
5353.67	1673
5354.6	1661
5355.53	1640
5356.46	1668
5357.39	1662
5358.32	1662
5359.25	1646
5360.17	1674
5361.1	1632
5362.03	1707
5362.96	1727
5363.89	1671
5364.81	1705
5365.74	1696
5366.67	1711
5367.6	1635
5368.52	1649
5369.45	1658
5370.38	1672
5371.3	1695
5372.23	1681
5373.15	1744
5374.08	1663
5375.01	1730
5375.93	1731
5376.86	1726
5377.78	1716
5378.71	1717
5379.63	1717
5380.56	1727
5381.48	1677
5382.41	1698
5383.33	1710
5384.26	1744
5385.18	1721
5386.11	1756
5387.03	1739
5387.96	1697
5388.88	1746
5389.8	1722
5390.73	1668
5391.65	1745
5392.57	1736
5393.5	1719
5394.42	1727
5395.34	1700
5396.27	1672
5397.19	1722
5398.11	1697
5399.03	1741
5399.95	1736
5400.88	1800
5401.8	1751
5402.72	1776
5403.64	1778
5404.56	1746
5405.49	1760
5406.41	1765
5407.33	1732
5408.25	1719
5409.17	1749
5410.09	1714
5411.01	1834
5411.93	1780
5412.85	1725
5413.77	1808
5414.69	1817
5415.61	1795
5416.53	1756
5417.45	1782
5418.37	1746
5419.29	1738
5420.21	1777
5421.13	1766
5422.05	1821
5422.97	1767
5423.89	1841
5424.8	1758
5425.72	1839
5426.64	1800
5427.56	1765
5428.48	1804
5429.4	1755
5430.31	1781
5431.23	1854
5432.15	1746
5433.07	1868
5433.98	1821
5434.9	1834
5435.82	1817
5436.73	1811
5437.65	1872
5438.57	1786
5439.48	1785
5440.4	1900
5441.32	1811
5442.23	1788
5443.15	1809
5444.06	1836
5444.98	1824
5445.89	1795
5446.81	1782
5447.72	1864
5448.64	1840
5449.55	1848
5450.47	1851
5451.38	1841
5452.3	1890
5453.21	1858
5454.13	1852
5455.04	1815
5455.96	1886
5456.87	1849
5457.78	1853
5458.7	1832
5459.61	1813
5460.52	1831
5461.44	1878
5462.35	1866
5463.26	1854
5464.17	1852
5465.09	1891
5466	1861
5466.91	1909
5467.82	1875
5468.74	1866
5469.65	1857
5470.56	1864
5471.47	1858
5472.38	1929
5473.3	1870
5474.21	1834
5475.12	1886
5476.03	1855
5476.94	1858
5477.85	1849
5478.76	1873
5479.67	1903
5480.58	1865
5481.49	1885
5482.4	1856
5483.31	1830
5484.22	1941
5485.13	1794
5486.04	1856
5486.95	1878
5487.86	1871
5488.77	1902
5489.68	1895
5490.59	1904
5491.5	1865
5492.4	1875
5493.31	1881
5494.22	1843
5495.13	1840
5496.04	1914
5496.94	1943
5497.85	1896
5498.76	1865
5499.67	1906
5500.58	1975
5501.48	1839
5502.39	1856
5503.3	1852
5504.2	1887
5505.11	1869
5506.02	1921
5506.92	1916
5507.83	1866
5508.74	1897
5509.64	1938
5510.55	1860
5511.45	1852
5512.36	1859
5513.27	1882
5514.17	1877
5515.08	1860
5515.98	1908
5516.89	1907
5517.79	1923
5518.69	1924
5519.6	1890
5520.5	1924
5521.41	1905
5522.31	1913
5523.22	1856
5524.12	1859
5525.02	1878
5525.93	1926
5526.83	1892
5527.74	1872
5528.64	1939
5529.54	1889
5530.44	1957
5531.35	1938
5532.25	1974
5533.15	1873
5534.06	1890
5534.96	1884
5535.86	1877
5536.76	1909
5537.66	1924
5538.57	1867
5539.47	1902
5540.37	1920
5541.27	1918
5542.17	1884
5543.07	1939
5543.97	1909
5544.87	1924
5545.78	1949
5546.68	1944
5547.58	1905
5548.48	1954
5549.38	1906
5550.28	1866
5551.18	1970
5552.08	1904
5552.98	1979
5553.88	1927
5554.78	1929
5555.67	1955
5556.57	1932
5557.47	1915
5558.37	1941
5559.27	1920
5560.17	1963
5561.07	1946
5561.97	1921
5562.86	1936
5563.76	1944
5564.66	1915
5565.56	1933
5566.46	1934
5567.35	1954
5568.25	1916
5569.15	1977
5570.04	1956
5570.94	2003
5571.84	2009
5572.74	2010
5573.63	1942
5574.53	1962
5575.43	1995
5576.32	1976
5577.22	1969
5578.11	1941
5579.01	1967
5579.91	1931
5580.8	1940
5581.7	1986
5582.59	1964
5583.49	1965
5584.38	2021
5585.28	1962
5586.17	2001
5587.07	2038
5587.96	1974
5588.86	1988
5589.75	1941
5590.64	1996
5591.54	2007
5592.43	1981
5593.33	2006
5594.22	1988
5595.11	2022
5596.01	2005
5596.9	2008
5597.79	2033
5598.69	1956
5599.58	2049
5600.47	2002
5601.36	1950
5602.26	2008
5603.15	2026
5604.04	1956
5604.93	1973
5605.82	1999
5606.72	1984
5607.61	2015
5608.5	1994
5609.39	2040
5610.28	1949
5611.17	1988
5612.06	1975
5612.96	1961
5613.85	2012
5614.74	2024
5615.63	2036
5616.52	2043
5617.41	2040
5618.3	1974
5619.19	2014
5620.08	1996
5620.97	1969
5621.86	2006
5622.75	2035
5623.64	2021
5624.52	1978
5625.41	2022
5626.3	2027
5627.19	1985
5628.08	2058
5628.97	1979
5629.86	2009
5630.75	2005
5631.63	1980
5632.52	2003
5633.41	2023
5634.3	2040
5635.18	1946
5636.07	2008
5636.96	2015
5637.85	2005
5638.73	2038
5639.62	1947
5640.51	2076
5641.39	2003
5642.28	1992
5643.17	2087
5644.05	2039
5644.94	1982
5645.83	1997
5646.71	2056
5647.6	2079
5648.48	2055
5649.37	2043
5650.25	1992
5651.14	2032
5652.03	2021
5652.91	2021
5653.79	2023
5654.68	1994
5655.56	1988
5656.45	2028
5657.33	2016
5658.22	2069
5659.1	2055
5659.99	2034
5660.87	2026
5661.75	2004
5662.64	2056
5663.52	2035
5664.4	2037
5665.29	1989
5666.17	1984
5667.05	2034
5667.94	2021
5668.82	2052
5669.7	2012
5670.58	1992
5671.47	1997
5672.35	1998
5673.23	2032
5674.11	2044
5674.99	2010
5675.88	2036
5676.76	2057
5677.64	2030
5678.52	2092
5679.4	2029
5680.28	1976
5681.16	2056
5682.04	2057
5682.92	1970
5683.81	2010
5684.69	2050
5685.57	2012
5686.45	1992
5687.33	2067
5688.21	2019
5689.09	2049
5689.97	2038
5690.84	2098
5691.72	2029
5692.6	2063
5693.48	2006
5694.36	2011
5695.24	1963
5696.12	2110
5697	2075
5697.88	2007
5698.75	2059
5699.63	2005
5700.51	1995
5701.39	2047
5702.27	2029
5703.14	2065
5704.02	2076
5704.9	2073
5705.78	2057
5706.65	2062
5707.53	2124
5708.41	2010
5709.28	2062
5710.16	2106
5711.04	2103
5711.91	2066
5712.79	2059
5713.67	2021
5714.54	2039
5715.42	2099
5716.3	2051
5717.17	2043
5718.05	2034
5718.92	2033
5719.8	2027
5720.67	2111
5721.55	2071
5722.42	2109
5723.3	2036
5724.17	2067
5725.05	1983
5725.92	2121
5726.79	2078
5727.67	2068
5728.54	2091
5729.42	2129
5730.29	2122
5731.16	2103
5732.04	2086
5732.91	2061
5733.78	2114
5734.66	2087
5735.53	2097
5736.4	2167
5737.28	2130
5738.15	2109
5739.02	2167
5739.89	2034
5740.77	2141
5741.64	2081
5742.51	2096
5743.38	2123
5744.25	1969
5745.13	2090
5746	2154
5746.87	2156
5747.74	2117
5748.61	2152
5749.48	2137
5750.35	2207
5751.22	2108
5752.09	2208
5752.96	2146
5753.83	2122
5754.7	2095
5755.57	2150
5756.44	2150
5757.31	2131
5758.18	2199
5759.05	2155
5759.92	2143
5760.79	2113
5761.66	2109
5762.53	2161
5763.4	2115
5764.27	2197
5765.14	2178
5766.01	2130
5766.87	2140
5767.74	2097
5768.61	2170
5769.48	2153
5770.35	2103
5771.21	2166
5772.08	2186
5772.95	2089
5773.82	2184
5774.68	2111
5775.55	2123
5776.42	2115
5777.28	2162
5778.15	2146
5779.02	2175
5779.89	2133
5780.75	2137
5781.62	2149
5782.48	2225
5783.35	2147
5784.22	2160
5785.08	2210
5785.95	2170
5786.81	2124
5787.68	2207
5788.54	2118
5789.41	2157
5790.27	2203
5791.14	2184
5792	2237
5792.87	2177
5793.73	2114
5794.6	2157
5795.46	2156
5796.33	2178
5797.19	2182
5798.05	2203
5798.92	2164
5799.78	2216
5800.65	2177
5801.51	2103
5802.37	2189
5803.23	2198
5804.1	2196
5804.96	2170
5805.82	2179
5806.69	2186
5807.55	2171
5808.41	2102
5809.27	2159
5810.14	2141
5811	2131
5811.86	2129
5812.72	2125
5813.58	2187
5814.44	2178
5815.31	2195
5816.17	2204
5817.03	2180
5817.89	2201
5818.75	2169
5819.61	2117
5820.47	2216
5821.33	2178
5822.19	2176
5823.05	2136
5823.91	2148
5824.77	2106
5825.63	2145
5826.49	2094
5827.35	2154
5828.21	2142
5829.07	2177
5829.93	2190
5830.79	2133
5831.65	2127
5832.51	2199
5833.37	2140
5834.23	2149
5835.08	2108
5835.94	2177
5836.8	2193
5837.66	2178
5838.52	2126
5839.38	2206
5840.23	2152
5841.09	2098
5841.95	2151
5842.81	2157
5843.66	2157
5844.52	2158
5845.38	2149
5846.23	2191
5847.09	2188
5847.95	2144
5848.8	2159
5849.66	2152
5850.52	2105
5851.37	2206
5852.23	2174
5853.09	2157
5853.94	2192
5854.8	2194
5855.65	2143
5856.51	2137
5857.36	2188
5858.22	2112
5859.07	2113
5859.93	2167
5860.78	2214
5861.64	2210
5862.49	2116
5863.35	2166
5864.2	2195
5865.06	2125
5865.91	2165
5866.76	2130
5867.62	2167
5868.47	2163
5869.33	2182
5870.18	2086
5871.03	2165
5871.89	2083
5872.74	2173
5873.59	2171
5874.44	2169
5875.3	2102
5876.15	2121
5877	2140
5877.85	2179
5878.71	2200
5879.56	2157
5880.41	2204
5881.26	2172
5882.11	2191
5882.97	2302
5883.82	2194
5884.67	2164
5885.52	2166
5886.37	2197
5887.22	2213
5888.07	2187
5888.92	2198
5889.78	2161
5890.63	2134
5891.48	2220
5892.33	2177
5893.18	2137
5894.03	2228
5894.88	2221
5895.73	2202
5896.58	2166
5897.43	2198
5898.28	2174
5899.12	2204
5899.97	2187
5900.82	2157
5901.67	2225
5902.52	2213
5903.37	2252
5904.22	2215
5905.07	2252
5905.92	2246
5906.76	2254
5907.61	2252
5908.46	2263
5909.31	2246
5910.15	2225
5911	2227
5911.85	2252
5912.7	2223
5913.54	2259
5914.39	2268
5915.24	2265
5916.08	2176
5916.93	2255
5917.78	2261
5918.62	2270
5919.47	2200
5920.32	2226
5921.16	2341
5922.01	2170
5922.86	2257
5923.7	2250
5924.55	2281
5925.39	2254
5926.24	2331
5927.08	2238
5927.93	2271
5928.77	2234
5929.62	2255
5930.46	2265
5931.31	2277
5932.15	2259
5933	2299
5933.84	2185
5934.69	2240
5935.53	2260
5936.37	2295
5937.22	2357
5938.06	2308
5938.9	2264
5939.75	2260
5940.59	2269
5941.44	2316
5942.28	2280
5943.12	2288
5943.96	2228
5944.81	2286
5945.65	2240
5946.49	2266
5947.33	2310
5948.18	2302
5949.02	2229
5949.86	2248
5950.7	2267
5951.54	2317
5952.39	2255
5953.23	2300
5954.07	2272
5954.91	2329
5955.75	2338
5956.59	2255
5957.43	2284
5958.27	2286
5959.11	2238
5959.96	2307
5960.8	2251
5961.64	2266
5962.48	2319
5963.32	2305
5964.16	2275
5965	2261
5965.84	2263
5966.67	2241
5967.52	2268
5968.35	2273
5969.19	2294
5970.03	2259
5970.87	2304
5971.71	2260
5972.55	2278
5973.39	2245
5974.23	2313
5975.06	2280
5975.9	2318
5976.74	2271
5977.58	2302
5978.42	2284
5979.25	2246
5980.09	2299
5980.93	2291
5981.77	2281
5982.6	2261.85
5983.44	2295.62
5984.28	2259.61
5985.12	2239.59
5985.95	2286.02
5986.79	2267.13
5987.63	2267.8
5988.46	2241.67
5989.3	2315.51
5990.14	2296.48
5990.97	2247.28
5991.81	2215.89
5992.64	2249.36
5993.48	2225.39
5994.31	2257.99
5995.15	2238.13
5995.99	2248.76
5996.82	2263.04
5997.66	2200.94
5998.49	2206.23
5999.33	2233.79
6000.16	2237.85
6001	2251.2
6001.83	2205.21
6002.66	2285.47
6003.5	2257.3
6004.33	2234.49
6005.17	2251.9
6006	2203.48
6006.84	2255.47
6007.67	2179.67
6008.5	2242.7
6009.34	2232.92
6010.17	2157.01
6011	2238.25
6011.84	2214.88
6012.67	2222.08
6013.5	2235.08
6014.33	2241.91
6015.17	2232.08
6016	2257.27
6016.83	2223.03
6017.66	2199.02
6018.5	2224.93
6019.33	2211.27
6020.16	2193.15
6020.99	2208.42
6021.82	2255.4
6022.66	2257.52
6023.49	2209.1
6024.32	2228.27
6025.15	2264.86
6025.98	2231.57
6026.81	2232.82
6027.64	2193.9
6028.47	2200.55
6029.3	2204.15
6030.13	2212.74
6030.96	2213.05
6031.8	2233.96
6032.63	2204.53
6033.46	2232.94
6034.29	2234.61
6035.12	2190.12
6035.94	2221.57
6036.77	2251.21
6037.6	2241.36
6038.43	2216.2
6039.26	2185.72
6040.09	2188.25
6040.92	2225.58
6041.75	2219.39
6042.58	2191.89
6043.41	2217.05
6044.24	2217.93
6045.06	2228.69
6045.89	2264.32
6046.72	2227.12
6047.55	2195.46
6048.38	2183.82
6049.2	2213.77
6050.03	2243.62
6050.86	2167.42
6051.69	2187.79
6052.51	2243.26
6053.34	2210.16
6054.17	2241.59
6055	2221.38
6055.82	2215.35
6056.65	2224.89
6057.48	2221.07
6058.3	2229.65
6059.13	2239.62
6059.95	2226.35
6060.78	2221.63
6061.61	2213.59
6062.43	2180.32
6063.26	2179.33
6064.08	2230.66
6064.91	2223.24
6065.62	2216
6066.45	2209
6067.28	2249
6068.11	2219
6068.94	2246
6069.77	2266
6070.6	2224
6071.42	2260
6072.25	2249
6073.08	2201
6073.91	2263
6074.74	2260
6075.57	2262
6076.4	2204
6077.23	2296
6078.05	2277
6078.88	2232
6079.71	2247
6080.54	2258
6081.37	2280
6082.19	2284
6083.02	2220
6083.85	2257
6084.68	2285
6085.5	2270
6086.33	2280
6087.16	2240
6087.98	2284
6088.81	2284
6089.64	2325
6090.46	2252
6091.29	2298
6092.12	2316
6092.94	2298
6093.77	2252
6094.6	2264
6095.42	2303
6096.25	2264
6097.07	2263
6097.9	2252
6098.72	2260
6099.55	2259
6100.38	2296
6101.2	2289
6102.02	2218
6102.85	2302
6103.67	2317
6104.5	2294
6105.32	2274
6106.15	2269
6106.97	2279
6107.8	2318
6108.62	2263
6109.44	2305
6110.27	2258
6111.09	2277
6111.92	2313
6112.74	2307
6113.56	2302
6114.38	2283
6115.21	2296
6116.03	2316
6116.85	2263
6117.68	2271
6118.5	2239
6119.32	2274
6120.14	2234
6120.97	2277
6121.79	2327
6122.61	2291
6123.43	2299
6124.25	2347
6125.08	2294
6125.9	2323
6126.72	2317
6127.54	2269
6128.36	2243
6129.18	2225
6130	2259
6130.82	2262
6131.65	2292
6132.47	2229
6133.29	2264
6134.11	2277
6134.93	2283
6135.75	2284
6136.57	2292
6137.39	2282
6138.21	2282
6139.03	2273
6139.85	2282
6140.67	2314
6141.49	2261
6142.3	2283
6143.12	2310
6143.94	2271
6144.76	2233
6145.58	2308
6146.4	2251
6147.22	2287
6148.04	2289
6148.85	2178
6149.67	2206
6150.49	2249
6151.31	2209
6152.13	2250
6152.94	2217
6153.76	2279
6154.58	2278
6155.4	2234
6156.21	2237
6157.03	2250
6157.85	2239
6158.67	2251
6159.48	2195
6160.3	2230
6161.12	2259
6161.93	2229
6162.75	2317
6163.57	2225
6164.38	2199
6165.2	2209
6166.01	2282
6166.83	2278
6167.64	2218
6168.46	2259
6169.28	2236
6170.09	2231
6170.91	2295
6171.72	2233
6172.54	2247
6173.35	2228
6174.17	2221
6174.98	2223
6175.8	2190
6176.61	2257
6177.42	2226
6178.24	2218
6179.05	2235
6179.87	2241
6180.68	2156
6181.49	2205
6182.31	2149
6183.12	2247
6183.94	2196
6184.75	2254
6185.56	2248
6186.37	2282
6187.19	2241
6188	2138
6188.81	2255
6189.63	2186
6190.44	2215
6191.25	2176
6192.06	2283
6192.88	2263
6193.69	2269
6194.5	2183
6195.31	2154
6196.12	2219
6196.93	2285
6197.75	2256
6198.56	2253
6199.37	2265
6200.18	2179
6200.99	2216
6201.8	2218
6202.61	2268
6203.42	2276
6204.23	2249
6205.04	2196
6205.85	2217
6206.67	2250
6207.48	2228
6208.28	2206
6209.09	2240
6209.9	2206
6210.72	2263
6211.52	2210
6212.33	2219
6213.14	2166
6213.95	2153
6214.76	2185
6215.57	2229
6216.38	2225
6217.19	2207
6218	2240
6218.81	2218
6219.61	2244
6220.42	2180
6221.23	2163
6222.04	2160
6222.85	2139
6223.65	2198
6224.46	2244
6225.27	2195
6226.08	2240
6226.88	2257
6227.69	2249
6228.5	2234
6229.31	2193
6230.11	2174
6230.92	2250
6231.73	2244
6232.53	2245
6233.34	2180
6234.15	2223
6234.95	2245
6235.76	2258
6236.56	2208
6237.37	2256
6238.18	2227
6238.98	2254
6239.79	2247
6240.59	2260
6241.4	2222
6242.2	2227
6243.01	2235
6243.81	2249
6244.62	2222
6245.42	2229
6246.23	2197
6247.03	2243
6247.84	2180
6248.64	2223
6249.45	2214
6250.25	2156
6251.06	2261
6251.86	2204
6252.66	2255
6253.47	2149
6254.27	2272
6255.07	2218
6255.88	2250
6256.68	2197
6257.48	2208
6258.29	2272
6259.09	2243.5
6259.89	2215
6260.69	2236
6261.5	2196
6262.3	2246
6263.1	2289
6263.91	2251
6264.71	2246
6265.51	2258
6266.31	2205
6267.11	2218
6267.92	2163
6268.72	2269
6269.52	2205
6270.32	2228
6271.12	2231
6271.92	2227
6272.72	2178
6273.52	2196
6274.32	2170
6275.13	2209
6275.93	2261
6276.73	2265
6277.53	2216
6278.33	2231
6279.13	2216
6279.93	2198
6280.73	2226
6281.53	2164
6282.33	2199
6283.13	2288
6283.93	2285
6284.72	2203
6285.52	2222
6286.32	2183
6287.12	2236
6287.92	2196
6288.72	2205
6289.52	2245
6290.32	2249
6291.12	2264
6291.91	2218
6292.71	2224
6293.51	2266
6294.31	2156
6295.11	2218
6295.9	2181
6296.7	2218
6297.5	2169
6298.3	2206
6299.09	2195
6299.89	2238
6300.69	2205
6301.49	2206
6302.28	2167
6303.08	2189
6303.88	2209
6304.67	2208
6305.47	2217
6306.27	2217
6307.06	2202
6307.86	2142
6308.65	2198
6309.45	2160
6310.25	2210
6311.04	2173
6311.84	2157
6312.63	2137
6313.43	2268
6314.22	2229
6315.02	2184
6315.81	2148
6316.61	2194
6317.4	2160
6318.2	2168
6318.99	2182
6319.79	2198
6320.58	2163
6321.38	2164
6322.17	2168
6322.96	2143
6323.76	2211
6324.55	2189
6325.35	2208
6326.14	2204
6326.93	2181
6327.73	2159
6328.52	2180
6329.31	2130
6330.11	2224
6330.9	2222
6331.69	2163
6332.48	2118
6333.28	2175
6334.07	2168
6334.86	2183
6335.65	2119
6336.45	2175
6337.24	2161
6338.03	2180
6338.82	2169
6339.61	2085
6340.4	2135
6341.2	2172
6341.99	2118
6342.78	2164
6343.57	2168
6344.36	2187
6345.15	2124
6345.94	2175
6346.73	2136
6347.52	2124
6348.32	2181
6349.11	2134
6349.9	2177
6350.69	2138
6351.48	2156
6352.27	2102
6353.06	2127
6353.85	2120
6354.64	2185
6355.43	2172
6356.21	2137
6357	2115
6357.79	2148
6358.58	2166
6359.37	2100
6360.16	2108
6360.95	2127
6361.74	2186
6362.53	2167
6363.31	2112
6364.1	2124
6364.89	2111
6365.68	2113
6366.47	2133
6367.26	2122
6368.04	2160
6368.83	2193
6369.62	2120
6370.41	2190
6371.19	2175
6371.98	2128
6372.77	2116
6373.55	2170
6374.34	2101
6375.13	2115
6375.92	2100
6376.7	2156
6377.49	2143
6378.28	2126
6379.06	2121
6379.85	2144
6380.63	2172
6381.42	2149
6382.21	2119
6382.99	2110
6383.78	2090
6384.56	2130
6385.35	2110
6386.13	2143
6386.92	2157
6387.7	2093
6388.49	2125
6389.27	2155
6390.06	2045
6390.84	2142
6391.63	2074
6392.41	2092
6393.2	2125
6393.98	2090
6394.76	2103
6395.55	2089
6396.33	2106
6397.12	2088
6397.9	2069
6398.68	2099
6399.47	2168
6400.25	2077
6401.03	2068
6401.82	2110
6402.6	2083
6403.38	2106
6404.16	2088
6404.95	2128
6405.73	2117
6406.51	2161
6407.29	2151
6408.08	2108
6408.86	2074
6409.64	2098
6410.42	2140
6411.21	2099
6411.99	2064
6412.77	2103
6413.55	2123
6414.33	2108
6415.11	2143
6415.89	2078
6416.67	2123
6417.46	2111
6418.24	2100
6419.02	2109
6419.8	2121
6420.58	2149
6421.36	2113
6422.14	2052
6422.92	2156
6423.7	2190
6424.48	2072
6425.26	2154
6426.04	2096
6426.82	2102
6427.6	2187
6428.38	2126
6429.16	2069
6429.94	2084
6430.72	2107
6431.49	2083
6432.27	2119
6433.05	2114
6433.83	2072
6434.61	2039
6435.39	2073
6436.17	2137
6436.94	2081
6437.72	2146
6438.5	2083
6439.28	2150
6440.06	2074
6440.83	2128
6441.61	2107
6442.39	2073
6443.17	2097
6443.94	2125
6444.72	2154
6445.5	2129
6446.28	2172
6447.05	2168
6447.83	2058
6448.61	2085
6449.38	2124
6450.16	2074
6450.94	2020
6451.71	2079
6452.49	2064
6453.26	2078
6454.04	2041
6454.82	2132
6455.59	2073
6456.37	2004
6457.14	2099
6457.92	2108
6458.69	2150
6459.47	2064
6460.24	2074
6461.02	2081
6461.79	2048
6462.57	2095
6463.34	2066
6464.12	2081
6464.89	2092
6465.67	2046
6466.44	2131
6467.21	2091
6467.99	2114
6468.76	2108
6469.54	2117
6470.31	2109
6471.08	2029
6471.86	2039
6472.63	2024
6473.4	2070
6474.18	2084
6474.95	2010
6475.72	2013
6476.5	2064
6477.27	2057
6478.04	2056
6478.81	2083
6479.59	2066
6480.36	2032
6481.13	2070
6481.9	2044
6482.67	2039
6483.45	2037
6484.22	2052
6484.99	2055
6485.76	1988
6486.53	2037
6487.3	2012
6488.07	2062
6488.85	2101
6489.62	1962
6490.39	2024
6491.16	2000
6491.93	1997
6492.7	2088
6493.47	2051
6494.24	2028
6495.01	2054
6495.78	2048
6496.55	2032
6497.32	2023
6498.09	2002
6498.86	1993
6499.63	2000
6500.4	2020
6501.17	2035
6501.94	1975
6502.71	2062
6503.48	2022
6504.25	1976
6505.01	2041
6505.78	1939
6506.55	2049
6507.32	2017
6508.09	2018
6508.86	2004
6509.63	1999
6510.39	2028
6511.16	1998
6511.93	1921
6512.7	1996
6513.47	2027
6514.23	1974
6515	1985
6515.77	1966
6516.54	1976
6517.3	2013
6518.07	1953
6518.84	1996
6519.6	1933
6520.37	1970
6521.14	1952
6521.9	1932
6522.67	1946
6523.44	1930
6524.2	1939
6524.97	1994
6525.74	1974
6526.5	1981
6527.27	2005
6528.03	1933
6528.8	1901
6529.56	1931
6530.33	1994
6531.1	1980
6531.86	1958
6532.63	1954
6533.39	1949
6534.16	1959
6534.92	1992
6535.68	1955
6536.45	1907
6537.21	1980
6537.98	1979
6538.74	1914
6539.51	1867
6540.27	1949
6541.04	1888
6541.8	1919
6542.56	1935
6543.33	1945
6544.09	1936
6544.85	1984
6545.62	1943
6546.38	1977
6547.14	1900
6547.91	1922
6548.67	1942
6549.43	1939
6550.19	1926
6550.96	2010
6551.72	1949
6552.48	1945
6553.24	1971
6554.01	1971
6554.77	1943
6555.53	1934
6556.29	1904
6557.05	1869
6557.81	1957
6558.58	1967
6559.34	1981
6560.1	1942
6560.86	1892
6561.62	1916
6562.38	1917
6563.14	1918
6563.9	1943
6564.67	1898
6565.43	1928
6566.19	1928
6566.95	1931
6567.71	1919
6568.47	1877
6569.23	1964
6569.99	1950
6570.75	1925
6571.51	1909
6572.27	1910
6573.03	1924
6573.79	1869
6574.55	1892
6575.3	1916
6576.06	1899
6576.82	1920
6577.58	1856
6578.34	1898
6579.1	1904
6579.86	1949
6580.62	1916
6581.37	1904
6582.13	1881
6582.89	1856
6583.65	1886
6584.41	1924
6585.17	1850
6585.92	1888
6586.68	1886
6587.44	1903
6588.2	1874
6588.95	1923
6589.71	1882
6590.47	1815
6591.22	1929
6591.98	1811
6592.74	1877
6593.5	1895
6594.25	1891
6595.01	1910
6595.77	1867
6596.52	1942
6597.28	1929
6598.03	1867
6598.79	1883
6599.55	1919
6600.3	1901
6601.06	1838
6601.81	1877
6602.57	1825
6603.32	1885
6604.08	1874
6604.84	1853
6605.59	1834
6606.35	1858
6607.1	1918
6607.85	1841
6608.61	1870
6609.36	1825
6610.12	1901
6610.87	1855
6611.63	1872
6612.38	1827
6613.14	1866
6613.89	1896
6614.64	1835
6615.4	1854
6616.15	1873
6616.9	1805
6617.66	1882
6618.41	1817
6619.16	1811
6619.92	1868
6620.67	1856
6621.42	1855
6622.18	1908
6622.93	1875
6623.68	1940
6624.43	1824
6625.19	1835
6625.94	1864
6626.69	1815
6627.44	1798
6628.2	1870
6628.95	1773
6629.7	1802
6630.45	1847
6631.2	1763
6631.95	1847
6632.71	1834
6633.46	1841
6634.21	1835
6634.96	1747
6635.71	1849
6636.46	1785
6637.21	1834
6637.96	1863
6638.71	1863
6639.46	1832
6640.21	1836
6640.96	1799
6641.71	1771
6642.46	1831
6643.22	1820
6643.96	1826
6644.71	1757
6645.46	1801
6646.21	1815
6646.96	1850
6647.71	1861
6648.46	1834
6649.21	1810
6649.96	1833
6650.71	1831
6651.46	1834
6652.21	1799
6652.96	1845
6653.7	1878
6654.45	1825
6655.2	1889
6655.95	1813
6656.7	1840
6657.44	1783
6658.19	1800
6658.94	1864
6659.69	1800
6660.44	1774
6661.18	1829
6661.93	1842
6662.68	1810
6663.43	1836
6664.17	1807
6664.92	1778
6665.67	1803
6666.41	1779
6667.16	1786
6667.91	1783
6668.65	1765
6669.4	1765
6670.15	1851
6670.89	1845
6671.64	1807
6672.38	1812
6673.13	1870
6673.88	1809
6674.62	1782
6675.37	1807
6676.11	1844
6676.86	1821
6677.6	1810
6678.35	1793
6679.09	1759
6679.84	1782
6680.58	1814
6681.33	1811
6682.07	1784
6682.82	1831
6683.56	1851
6684.31	1855
6685.05	1865
6685.8	1828
6686.54	1855
6687.28	1871
6688.03	1825
6688.77	1856
6689.52	1864
6690.26	1813
6691	1901
6691.75	1818
6692.49	1818
6693.23	1924
6693.98	1910
6694.72	1906
6695.46	1857
6696.2	1831
6696.95	1800
6697.69	1843
6698.43	1849
6699.17	1874
6699.92	1871
6700.66	1864
6701.4	1841
6702.14	1844
6702.88	1867
6703.63	1837
6704.37	1822
6705.11	1864
6705.85	1856
6706.59	1935
6707.33	1946
6708.07	1861
6708.82	1880
6709.56	1894
6710.3	1826.94
6711.04	1847.04
6711.78	1912.13
6712.52	1842.56
6713.26	1887.32
6714	1829.44
6714.74	1837.64
6715.48	1901.68
6716.22	1790.15
6716.96	1870.93
6717.7	1869.41
6718.44	1896.61
6719.18	1855.55
6719.92	1881.24
6720.66	1854.51
6721.4	1819.13
6722.14	1866.13
6722.88	1832.67
6723.62	1851.18
6724.35	1825.6
6725.09	1867.47
6725.83	1835.94
6726.57	1847.32
6727.31	1845.08
6728.05	1864.85
6728.79	1894.62
6729.52	1817.14
6730.26	1853.47
6731	1878.11
6731.74	1830.98
6732.48	1862.53
6733.21	1802.21
6733.95	1853.82
6734.69	1880.31
6735.43	1853.28
6736.16	1839.18
6736.9	1800.47
6737.64	1864.46
6738.38	1843.39
6739.11	1860.63
6739.85	1830.9
6740.59	1801.73
6741.32	1769.71
6742.06	1812.73
6742.8	1825.29
6743.53	1827.74
6744.27	1811.13
6745	1803.74
6745.74	1786.85
6746.48	1792.2
6747.21	1797.47
6747.95	1820.42
6748.68	1800.58
6749.42	1782.77
6750.15	1805.22
6750.89	1800.79
6751.63	1786.49
6752.36	1795.76
6753.1	1805.99
6753.83	1763.95
6754.56	1802.17
6755.3	1791.06
6756.03	1806.28
6756.77	1770.51
6757.5	1787.4
6758.24	1761.54
6758.97	1787.2
6759.71	1767.13
6760.44	1795.18
6761.17	1753.76
6761.91	1772.28
6762.64	1770.92
6763.38	1749.87
6764.11	1817.49
6764.84	1775.41
6765.58	1749.08
6766.31	1761.05
6767.04	1757.59
6767.78	1738.6
6768.51	1780.34
6769.24	1766.39
6769.97	1742.71
6770.71	1792.47
6771.44	1760.48
6772.17	1770.15
6772.9	1798.88
6773.64	1785.66
6774.37	1744.97
6775.1	1780.27
6775.83	1733.31
6776.56	1767.36
6777.3	1763.11
6778.03	1757.04
6778.76	1721.89
6779.49	1779.13
6780.22	1752.79
6780.95	1761.65
6781.68	1788.53
6782.42	1712.13
6783.15	1730.97
6783.88	1682.06
6784.61	1728.23
6785.34	1773.19
6786.01	1689
6786.75	1698
6787.48	1731
6788.22	1727
6788.95	1744
6789.69	1688
6790.42	1703
6791.15	1745
6791.89	1725
6792.62	1720
6793.36	1750
6794.09	1737
6794.82	1744
6795.56	1722
6796.29	1798
6797.02	1739
6797.76	1772
6798.49	1752
6799.22	1761
6799.96	1795
6800.69	1795
6801.42	1810
6802.15	1796
6802.89	1846
6803.62	1857
6804.35	1917
6805.08	1945
6805.82	1900
6806.55	1815
6807.28	1958
6808.01	1878
6808.74	1904
6809.48	1916
6810.21	1963
6810.94	1943
6811.67	1999
6812.4	2024
6813.13	1972
6813.87	2025
6814.6	2005
6815.33	2057
6816.06	2096
6816.79	2088
6817.52	2104
6818.25	2116
6818.98	2138
6819.71	2092
6820.44	2186
6821.17	2136
6821.9	2178
6822.63	2149
6823.36	2204
6824.09	2249
6824.82	2196
6825.55	2229
6826.28	2174
6827.01	2228
6827.74	2252
6828.47	2248
6829.2	2244
6829.93	2265
6830.65	2374
6831.38	2306
6832.11	2278
6832.84	2294
6833.57	2362
6834.3	2347
6835.03	2293
6835.75	2331
6836.48	2361
6837.21	2301
6837.94	2285
6838.67	2324
6839.39	2231
6840.12	2312
6840.85	2298
6841.58	2262
6842.3	2296
6843.03	2271
6843.76	2310
6844.49	2229
6845.21	2203
6845.94	2218
6846.67	2261
6847.39	2181
6848.12	2260
6848.85	2203
6849.57	2243
6850.3	2178
6851.02	2188
6851.75	2218
6852.48	2181
6853.2	2195
6853.93	2161
6854.65	2054
6855.38	2129
6856.1	2070
6856.83	2125
6857.56	2078
6858.28	2079
6859.01	2030
6859.73	2035
6860.46	2054
6861.18	2035
6861.91	2015
6862.63	2027
6863.35	2033
6864.08	1961
6864.8	1993
6865.53	2025
6866.25	1949
6866.98	2012
6867.7	1974
6868.42	2028
6869.15	2004
6869.87	1952
6870.59	1964
6871.32	1957
6872.04	1968
6872.77	1980
6873.49	1988
6874.21	2002
6874.93	1964
6875.66	1950
6876.38	1974
6877.1	1974
6877.83	1967
6878.55	1990
6879.27	1913
6879.99	1981
6880.72	1949
6881.44	1883
6882.16	1923
6882.88	1950
6883.6	1996
6884.33	1958
6885.05	1899
6885.77	1969
6886.49	1891
6887.21	1930
6887.93	1919
6888.65	1907
6889.37	1946
6890.1	2001
6890.82	1999
6891.54	1973
6892.26	1943
6892.98	1961
6893.7	1938
6894.42	1871
6895.14	1932
6895.86	1941
6896.58	1884
6897.3	1889
6898.02	1909
6898.74	1888
6899.46	1948
6900.18	1966
6900.9	1882
6901.62	1922
6902.34	1930
6903.06	1910
6903.78	1889
6904.5	1887
6905.21	1875
6905.93	1841
6906.65	1827
6907.37	1880
6908.09	1885
6908.81	1849
6909.53	1840
6910.25	1887
6910.96	1794
6911.68	1820
6912.4	1796
6913.12	1786
6913.84	1711
6914.55	1747
6915.27	1778
6915.99	1784
6916.71	1729
6917.42	1805
6918.14	1795
6918.86	1775
6919.57	1772
6920.29	1782
6921.01	1722
6921.73	1731
6922.44	1699
6923.16	1792
6923.88	1763
6924.59	1773
6925.31	1775
6926.03	1745
6926.74	1696
6927.46	1783
6928.17	1688
6928.89	1759
6929.6	1720
6930.32	1764
6931.04	1755
6931.75	1676
6932.47	1661
6933.18	1736
6933.9	1724
6934.61	1681
6935.33	1634
6936.04	1738
6936.76	1650
6937.47	1688
6938.19	1694
6938.9	1681
6939.62	1711
6940.33	1677
6941.04	1688
6941.76	1721
6942.47	1698
6943.19	1771
6943.9	1618
6944.61	1644
6945.33	1724
6946.04	1727
6946.75	1691
6947.47	1615
6948.18	1678
6948.89	1668
6949.61	1703
6950.32	1655
6951.03	1717
6951.75	1729
6952.46	1672
6953.17	1681
6953.88	1739
6954.6	1704
6955.31	1710
6956.02	1716
6956.73	1734
6957.45	1797
6958.16	1724
6958.87	1716
6959.58	1688
6960.29	1665
6961.01	1692
6961.72	1710
6962.43	1692
6963.14	1756
6963.85	1722
6964.56	1796
6965.27	1771
6965.98	1750
6966.69	1698
6967.41	1741
6968.12	1792
6968.83	1723
6969.54	1777
6970.25	1751
6970.96	1734
6971.67	1780
6972.38	1761
6973.09	1762
6973.8	1803
6974.51	1749
6975.22	1778
6975.93	1758
6976.64	1771
6977.35	1817
6978.06	1830
6978.77	1823
6979.47	1823
6980.18	1835
6980.89	1816
6981.6	1795
6982.31	1817
6983.02	1841
6983.73	1869
6984.44	1842
6985.14	1843
6985.85	1832
6986.56	1822
6987.27	1874
6987.98	1817
6988.69	1871
6989.39	1872
6990.1	1851
6990.81	1859
6991.52	1830
6992.22	1873
6992.93	1876
6993.64	1875
6994.35	1855
6995.05	1873
6995.76	1858
6996.47	1920
6997.17	1935
6997.88	1921
6998.59	1910
6999.29	1981
7000	1984
7000.71	2017
7001.41	2006
7002.12	1999
7002.83	2010
7003.53	1938
7004.24	1970
7004.94	2057
7005.65	1977
7006.35	2039
7007.06	2077
7007.77	2097
7008.47	2124
7009.18	2162
7009.88	2149
7010.59	2166
7011.29	2186
7012	2252
7012.7	2253
7013.41	2252
7014.11	2281
7014.81	2373
7015.52	2370
7016.22	2320
7016.93	2416
7017.63	2424
7018.34	2432
7019.04	2475
7019.74	2530
7020.45	2420
7021.15	2584
7021.85	2554
7022.56	2579
7023.26	2667
7023.96	2668
7024.67	2692
7025.37	2663
7026.07	2753
7026.78	2703
7027.48	2678
7028.18	2792
7028.89	2745
7029.59	2758
7030.29	2771
7030.99	2785
7031.7	2818
7032.4	2798
7033.1	2849
7033.8	2831
7034.5	2928
7035.21	2825
7035.91	2899
7036.61	2908
7037.31	2743
7038.01	2848
7038.71	2924
7039.41	2805
7040.12	2828
7040.82	2775
7041.52	2846
7042.22	2788
7042.92	2834
7043.62	2794
7044.32	2801
7045.02	2799
7045.72	2740
7046.42	2835
7047.12	2763
7047.82	2854
7048.52	2735
7049.22	2786
7049.92	2777
7050.62	2727
7051.32	2711
7052.02	2667
7052.72	2685
7053.42	2752
7054.12	2731
7054.82	2729
7055.52	2679
7056.22	2652
7056.92	2600
7057.62	2575
7058.31	2590
7059.01	2567
7059.71	2570
7060.41	2534
7061.11	2537
7061.81	2509
7062.51	2455
7063.2	2457
7063.9	2547
7064.6	2466
7065.3	2416
7066	2399
7066.69	2362
7067.39	2389
7068.09	2305
7068.79	2412
7069.48	2347
7070.18	2339
7070.88	2268
7071.57	2252
7072.27	2250
7072.97	2243
7073.67	2205
7074.36	2188
7075.06	2210
7075.76	2175
7076.45	2085
7077.15	2220
7077.84	2206
7078.54	2127
7079.24	2141
7079.93	2070
7080.63	2090
7081.32	2043
7082.02	2015
7082.71	2062
7083.41	1969
7084.11	2041
7084.8	2005
7085.5	2025
7086.19	2003
7086.89	2008
7087.58	1986
7088.28	1984
7088.97	1958
7089.67	1985
7090.36	1946
7091.06	1921
7091.75	1906
7092.44	1921
7093.14	1874
7093.83	1937
7094.53	1878
7095.22	1819
7095.91	1802
7096.61	1881
7097.3	1814
7098	1755
7098.69	1793
7099.38	1789
7100.08	1760
7100.77	1759
7101.46	1825
7102.15	1706
7102.85	1740
7103.54	1740
7104.23	1713
7104.93	1724
7105.62	1713
7106.31	1708
7107	1688
7107.7	1692
7108.39	1636
7109.08	1636
7109.77	1684
7110.46	1638
7111.16	1668
7111.85	1664
7112.54	1638
7113.23	1654
7113.92	1619
7114.61	1636
7115.31	1628
7116	1633
7116.69	1611
7117.38	1553
7118.07	1580
7118.76	1670
7119.45	1608
7120.14	1623
7120.83	1594
7121.52	1574
7122.21	1623
7122.9	1518
7123.59	1555
7124.28	1603
7124.97	1519
7125.66	1565
7126.35	1559
7127.04	1567
7127.73	1583
7128.42	1513
7129.11	1524
7129.8	1593
7130.49	1561
7131.18	1481
7131.87	1528
7132.56	1486
7133.25	1542
7133.94	1534
7134.63	1570
7135.31	1496
7136	1435
7136.69	1461
7137.38	1491
7138.07	1419
7138.76	1466
7139.45	1459
7140.13	1454
7140.82	1433
7141.51	1483
7142.2	1539
7142.88	1477
7143.57	1429
7144.26	1440
7144.95	1485
7145.63	1471
7146.32	1450
7147.01	1486
7147.7	1436
7148.38	1432
7149.07	1409
7149.76	1447
7150.44	1433
7151.13	1442
7151.82	1432
7152.5	1448
7153.19	1427
7153.88	1416
7154.56	1431
7155.25	1382
7155.93	1452
7156.62	1395
7157.31	1450
7157.99	1411
7158.68	1397
7159.36	1440
7160.05	1395
7160.73	1369
7161.42	1413
7162.1	1408
7162.79	1396
7163.47	1381
7164.16	1388
7164.84	1384
7165.53	1402
7166.21	1412
7166.9	1432
7167.58	1402
7168.27	1390
7168.95	1355
7169.64	1404
7170.32	1398
7171	1395
7171.69	1391
7172.37	1415
7173.06	1400
7173.74	1321
7174.42	1313
7175.11	1379
7175.79	1383
7176.47	1398
7177.16	1400
7177.84	1370
7178.52	1359
7179.21	2779
7179.89	2359
7180.57	1348
7181.25	1323
7181.94	1359
7182.62	1383
7183.3	1325
7183.98	1360
7184.67	1313
7185.35	1327
7186.03	1379
7186.71	1356
7187.39	1354
7188.08	1320
7188.76	1357
7189.44	1345
7190.12	1312
7190.8	1357
7191.48	1260
7192.17	1292
7192.85	1294
7193.53	1306
7194.21	1356
7194.89	1346
7195.57	1324
7196.25	1339
7196.93	1303
7197.61	1328
7198.29	1305
7198.97	1320
7199.65	1297
7200.33	1269
7201.01	1284
7201.69	1278
7202.37	1310
7203.05	1324
7203.73	1318
7204.41	1260
7205.09	1319
7205.77	1375
7206.45	1266
7207.13	1343
7207.81	1268
7208.49	1321
7209.17	1339
7209.85	1267
7210.53	1281
7211.21	1288
7211.88	1286
7212.56	1315
7213.24	1301
7213.92	1348
7214.6	1306
7215.28	1263
7215.95	1287
7216.63	1300
7217.31	1308
7217.99	1327
7218.67	1223
7219.34	1289
7220.02	1348
7220.7	1310
7221.38	1265
7222.05	1283
7222.73	1276
7223.41	1240
7224.09	1259
7224.76	1244
7225.44	1307
7226.12	1248
7226.79	1278
7227.47	1261
7228.15	1306
7228.82	1281
7229.5	1262
7230.18	1241
7230.85	1300
7231.53	1257
7232.2	1292
7232.88	1215
7233.56	1240
7234.23	1266
7234.91	1204
7235.58	1210
7236.26	1235
7236.93	1232
7237.61	1209
7238.29	1226
7238.96	1219
7239.64	1251
7240.31	1228
7240.99	1188
7241.66	1197
7242.34	1289
7243.01	1213
7243.68	1192
7244.36	1232
7245.03	1196
7245.71	1198
7246.38	1232
7247.06	1246
7247.73	1220
7248.4	1174
7249.08	1213
7249.75	1208
7250.43	1241
7251.1	1242
7251.77	1223
7252.45	1256
7253.12	1198
7253.79	1232
7254.47	1289
7255.14	1229
7255.81	1244
7256.48	1233
7257.16	1214
7257.83	1222
7258.5	1266
7259.18	1202
7259.85	1222
7260.52	1237
7261.19	1239
7261.86	1257
7262.54	1257
7263.21	1245
7263.88	1288
7264.55	1271
7265.22	1220
7265.9	1284
7266.57	1264
7267.24	1266
7267.91	1299
7268.58	1292
7269.25	1226
7269.92	1240
7270.6	1271
7271.27	1291
7271.94	1336
7272.61	1293
7273.28	1352
7273.95	1339
7274.62	1387
7275.29	1360
7275.96	1370
7276.63	1432
7277.3	1435
7277.97	1437
7278.64	1446
7279.31	1465
7279.98	1546
7280.65	1535
7281.32	1540
7281.99	1581
7282.66	1648
7283.33	1671
7284	1715
7284.67	1728
7285.34	1796
7286.01	1862
7286.68	1987
7287.34	2033
7288.01	2100
7288.68	2204
7289.35	2313
7290.02	2443
7290.69	2574
7291.36	2872
7292.02	3036
7292.69	3416
7293.36	3621
7294.03	4157
7294.7	4596
7295.37	5230
7296.03	5834
7296.7	7000
7297.37	8260
7298.04	9536
7298.7	11477
7299.37	13699
7300.04	16416
7300.71	18102
7301.37	19496
7302.04	20134
7302.71	19569
7303.37	18124
7304.04	16035
7304.71	13944
7305.37	11889
7306.04	10422
7306.71	8860
7307.37	7661
7308.04	6622
7308.7	5870
7309.37	5247
7310.04	4660
7310.7	4340
7311.37	3911
7312.03	3633
7312.7	3357
7313.36	3162
7314.03	2972
7314.7	2787
7315.36	2648
7316.03	2448
7316.69	2361
7317.36	2268
7318.02	2159
7318.69	2086
7319.35	2066
7320.02	1958
7320.68	1866
7321.35	1823
7322.01	1743
7322.67	1803
7323.34	1701
7324	1657
7324.67	1557
7325.33	1557
7325.99	1559
7326.66	1578
7327.32	1522
7327.99	1478
7328.65	1482
7329.31	1421
7329.98	1397
7330.64	1407
7331.3	1405
7331.97	1387
7332.63	1320
7333.29	1360
7333.95	1321
7334.62	1330
7335.28	1315
7335.94	1302
7336.6	1274
7337.27	1330
7337.93	1249
7338.59	1309
7339.25	1273
7339.92	1227
7340.58	1225
7341.24	1260
7341.9	1260
7342.56	1206
7343.23	1211
7343.89	1208
7344.55	1176
7345.21	1162
7345.87	1163
7346.53	1221
7347.19	1216
7347.85	1162
7348.52	1153
7349.18	1169
7349.84	1148
7350.5	1156
7351.16	1147
7351.82	1162
7352.48	1140
7353.14	1144
7353.8	1128
7354.46	1105
7355.12	1155
7355.78	1134
7356.44	1144
7357.1	1135.8
7357.76	1088
7358.42	1087.43
7359.08	1092.55
7359.74	1077.84
7360.4	1121.32
7361.06	1088.3
7361.72	1108.89
7362.38	1075.38
7363.04	1092.63
7363.69	1083.75
7364.35	1083.93
7365.01	1084.56
7365.67	1075.89
7366.33	1077.79
7366.99	1086.26
7367.65	1061.04
7368.31	1064.25
7368.96	1065.54
7369.62	1062.77
7370.28	1043.91
7370.94	1093.1
7371.6	1054.84
7372.25	1051.78
7372.91	1069.32
7373.57	1055.12
7374.23	1045.98
7374.89	1044.02
7375.54	1052.36
7376.2	1076.38
7376.86	1061.57
7377.51	1037.66
7378.17	1046.91
7378.83	1024.98
7379.49	1018.26
7380.14	1024.68
7380.8	1022.04
7381.46	1019.96
7382.11	1011.29
7382.77	1022.45
7383.43	1022.75
7384.08	1009.41
7384.74	1021.59
7385.4	1035.96
7386.05	1032.15
7386.71	978.589
7387.36	1030.85
7388.02	1009.08
7388.68	1006.72
7389.33	991.439
7389.99	972.275
7390.64	1008.53
7391.3	1000.47
7391.95	995.051
7392.61	1001.87
7393.26	982.105
7393.92	978.946
7394.57	989.946
7395.23	994.581
7395.88	984.754
7396.54	997.348
7397.19	980.966
7397.85	999.341
7398.5	994.96
7399.16	978.293
7399.81	952.681
7400.47	983.528
7401.12	949.267
7401.77	980.96
7402.43	966.585
7403.08	971.808
7403.74	984.292
7404.39	942.073
7405.04	951.016
7405.7	955.356
7406.35	958.698
7407	973.27
7407.66	940.834
7408.31	956.307
7408.96	923.407
7409.62	946.973
7410.27	954.982
7410.92	955.926
7411.58	956.078
7412.23	925.179
7412.88	928.547
7413.53	956.939
7414.19	961.513
7414.84	972.548
7415.49	954.007
7416.14	949.078
7416.8	951.3
7417.45	973.509
7418.1	948.511
7418.75	979.039
7419.4	919.247
7420.06	942.508
7420.71	944.144
7421.36	866.5
7422.01	887.401
7422.66	928.02
7423.31	970.959
7423.39	976
7424.04	937
7424.7	975
7425.35	910
7426.01	960
7426.66	940
7427.32	936
7427.97	975
7428.63	931
7429.28	972
7429.94	922
7430.59	952
7431.25	981
7431.9	901
7432.55	938
7433.21	937
7433.86	936
7434.52	992
7435.17	966
7435.82	965
7436.48	950
7437.13	936
7437.78	948
7438.44	1007
7439.09	956
7439.74	989
7440.4	946
7441.05	984
7441.7	953
7442.36	924
7443.01	948
7443.66	995
7444.31	954
7444.97	976
7445.62	922
7446.27	976
7446.92	945
7447.58	979
7448.23	978
7448.88	977
7449.53	996
7450.18	986
7450.84	985
7451.49	1017
7452.14	990
7452.79	998
7453.44	979
7454.09	966
7454.74	1034
7455.4	987
7456.05	1007
7456.7	1013
7457.35	991
7458	1001
7458.65	1033
7459.3	1003
7459.95	1046
7460.6	1029
7461.25	1030
7461.9	1062
7462.55	1037
7463.21	1043
7463.85	1020
7464.5	1051
7465.15	1063
7465.8	1050
7466.45	1075
7467.1	1064
7467.75	1033
7468.4	1091
7469.05	1095
7469.7	1143
7470.35	1098
7471	1104
7471.65	1075
7472.3	1077
7472.95	1027
7473.6	1091
7474.25	1136
7474.9	1091
7475.54	1130
7476.19	1107
7476.84	1139
7477.49	1198
7478.14	1129
7478.79	1129
7479.44	1131
7480.08	1161
7480.73	1163
7481.38	1164
7482.03	1180
7482.67	1151
7483.32	1208
7483.97	1241
7484.62	1210
7485.26	1212
7485.91	1191
7486.56	1312
7487.21	1252
7487.85	1183
7488.5	1230
7489.15	1207
7489.79	1214
7490.44	1332
7491.09	1315
7491.73	1315
7492.38	1309
7493.03	1325
7493.67	1350
7494.32	1379
7494.97	1425
7495.61	1420
7496.26	1398
7496.91	1427
7497.55	1419
7498.2	1438
7498.84	1422
7499.49	1463
7500.13	1461
7500.78	1525
7501.43	1511
7502.07	1531
7502.72	1493
7503.36	1532
7504.01	1542
7504.65	1533
7505.3	1527
7505.94	1610
7506.59	1594
7507.23	1533
7507.88	1582
7508.52	1621
7509.16	1699
7509.81	1593
7510.45	1614
7511.1	1625
7511.74	1676
7512.38	1679
7513.03	1686
7513.67	1691
7514.32	1736
7514.96	1748
7515.6	1775
7516.25	1733
7516.89	1819
7517.53	1836
7518.18	1866
7518.82	1839
7519.46	1908
7520.11	1871
7520.75	1860
7521.39	1945
7522.04	1967
7522.68	1964
7523.32	2025
7523.96	1988
7524.61	1992
7525.25	2037
7525.89	2054
7526.53	2118
7527.18	2200
7527.82	2220
7528.46	2176
7529.1	2189
7529.74	2275
7530.39	2242
7531.03	2260
7531.67	2288
7532.31	2276
7532.95	2335
7533.59	2371
7534.24	2422
7534.88	2424
7535.52	2406
7536.16	2423
7536.8	2427
7537.44	2463
7538.08	2488
7538.72	2579
7539.36	2619
7540	2653
7540.64	2641
7541.28	2650
7541.92	2757
7542.56	2685
7543.2	2846
7543.84	2764
7544.48	2797
7545.12	2850
7545.76	2936
7546.4	2909
7547.04	2992
7547.68	3008
7548.32	3017
7548.96	3044
7549.6	3078
7550.24	3174
7550.88	3196
7551.52	3250
7552.16	3180
7552.8	3307
7553.44	3271
7554.08	3362
7554.71	3349
7555.35	3342
7555.99	3371
7556.63	3411
7557.27	3467
7557.91	3526
7558.54	3511
7559.18	3579
7559.82	3583
7560.46	3635
7561.1	3581
7561.73	3643
7562.37	3699
7563.01	3687
7563.65	3709
7564.28	3812
7564.92	3707
7565.56	3851
7566.2	3797
7566.83	3724
7567.47	3822
7568.11	3845
7568.75	3817
7569.38	3858
7570.02	3938
7570.66	3861
7571.29	3898
7571.93	3778
7572.57	3935
7573.2	3955
7573.84	3870
7574.47	3859
7575.11	3895
7575.75	3931
7576.38	3847
7577.02	3877
7577.65	3905
7578.29	3916
7578.93	3907
7579.56	3845
7580.2	3834
7580.83	3752
7581.47	3706
7582.1	3763
7582.74	3550
7583.37	3635
7584.01	3572
7584.64	3507
7585.28	3395
7585.91	3371
7586.55	3373
7587.18	3370
7587.82	3207
7588.45	3271
7589.09	3041
7589.72	3158
7590.35	3027
7590.99	3027
7591.62	2997
7592.26	2892
7592.89	2837
7593.52	2747
7594.16	2709
7594.79	2640
7595.42	2652
7596.06	2546
7596.69	2517
7597.33	2418
7597.96	2376
7598.59	2350
7599.23	2375
7599.86	2348
7600.49	2301
7601.12	2194
7601.76	2151
7602.39	2129
7603.02	2168
7603.65	2062
7604.29	1995
7604.92	2025
7605.55	2040
7606.18	1944
7606.82	1989
7607.45	1977
7608.08	1906
7608.71	1886
7609.34	1880
7609.98	1856
7610.61	1806
7611.24	1805
7611.87	1789
7612.5	1816
7613.13	1786
7613.77	1655
7614.4	1708
7615.03	1686
7615.66	1692
7616.29	1663
7616.92	1649
7617.55	1698
7618.18	1621
7618.81	1634
7619.44	1649
7620.07	1620
7620.7	1579
7621.33	1594
7621.96	1537
7622.59	1528
7623.23	1530
7623.86	1497
7624.48	1551
7625.11	1542
7625.74	1526
7626.37	1509
7627	1492
7627.63	1497
7628.26	1495
7628.89	1467
7629.52	1408
7630.15	1444
7630.78	1504
7631.41	1421
7632.04	1421
7632.67	1432
7633.3	1424
7633.93	1390
7634.55	1386
7635.18	1344
7635.81	1346
7636.44	1352
7637.07	1327
7637.7	1391
7638.32	1328
7638.95	1291
7639.58	1340
7640.21	1293
7640.84	1345
7641.46	1296
7642.09	1293
7642.72	1280
7643.35	1250
7643.97	1224
7644.6	1264
7645.23	1278
7645.86	1294
7646.48	1247
7647.11	1206
7647.74	1272
7648.36	1269
7648.99	1247
7649.62	1215
7650.24	1217
7650.87	1236
7651.5	1210
7652.13	1235
7652.75	1203
7653.38	1216
7654	1254
7654.63	1229
7655.26	1191
7655.88	1235
7656.51	1218
7657.13	1209
7657.76	1210
7658.39	1195
7659.01	1211
7659.64	1205
7660.26	1152
7660.89	1211
7661.51	1249
7662.14	1201
7662.76	1202
7663.39	1184
7664.01	1207
7664.64	1232
7665.26	1182
7665.89	1241
7666.51	1184
7667.14	1165
7667.76	1242
7668.39	1221
7669.01	1248
7669.64	1262
7670.26	1260
7670.88	1285
7671.51	1242
7672.13	1306
7672.76	1285
7673.38	1276
7674	1304
7674.63	1319
7675.25	1327
7675.87	1278
7676.5	1362
7677.12	1366
7677.74	1353
7678.37	1349
7678.99	1361
7679.61	1349
7680.24	1351
7680.86	1356
7681.48	1388
7682.1	1374
7682.73	1374
7683.35	1383
7683.97	1382
7684.59	1382
7685.22	1435
7685.84	1429
7686.46	1483
7687.08	1449
7687.71	1501
7688.33	1525
7688.95	1516
7689.57	1553
7690.19	1526
7690.81	1554
7691.44	1508
7692.06	1584
7692.68	1648
7693.3	1575
7693.92	1645
7694.54	1646
7695.16	1610
7695.78	1682
7696.41	1713
7697.03	1688
7697.65	1763
7698.27	1787
7698.89	1815
7699.51	1848
7700.13	1850
7700.75	1829
7701.37	1871
7701.99	1813
7702.61	1882
7703.23	1839
7703.85	1860
7704.47	1897
7705.09	1914
7705.71	2021
7706.33	1949
7706.95	1940
7707.57	1998
7708.19	2001
7708.81	1990
7709.43	1940
7710.05	2004
7710.67	1997
7711.29	1958
7711.9	1977
7712.52	2040
7713.14	2056
7713.76	2022
7714.38	1961
7715	2068
7715.62	1968
7716.24	2012
7716.85	1999
7717.47	1966
7718.09	2044
7718.71	2006
7719.33	2034
7719.94	1971
7720.56	1989
7721.18	2048
7721.8	2019
7722.42	2025
7723.03	1993
7723.65	2054
7724.27	2032
7724.89	2013
7725.5	1974
7726.12	2002
7726.74	2017
7727.35	2040
7727.97	1982
7728.59	1987
7729.21	2085
7729.82	1994
7730.44	2036
7731.06	2025
7731.67	2115
7732.29	2030
7732.91	2063
7733.52	2056
7734.14	2076
7734.75	2093
7735.37	2075
7735.99	2035
7736.6	2086
7737.22	2090
7737.83	2030
7738.45	2095
7739.06	2159
7739.68	2133
7740.3	2099
7740.91	2093
7741.53	2119
7742.14	2197
7742.76	2182
7743.37	2167
7743.99	2148
7744.6	2127
7745.22	2314
7745.83	2285
7746.45	2261
7747.06	2304
7747.68	2317
7748.29	2329
7748.9	2328
7749.52	2456
7750.13	2384
7750.75	2458
7751.36	2458
7751.98	2498
7752.59	2542
7753.2	2584
7753.82	2643
7754.43	2609
7755.04	2641
7755.66	2617
7756.27	2732
7756.88	2651
7757.5	2738
7758.11	2770
7758.72	2718
7759.34	2762
7759.95	2801
7760.56	2817
7761.18	2891
7761.79	2831
7762.4	2943
7763.01	2854
7763.63	2910
7764.24	2889
7764.85	3009
7765.46	2913
7766.08	3063
7766.69	3057
7767.3	3046
7767.91	3152
7768.53	3114
7769.14	3169
7769.75	3110
7770.36	3169
7770.97	3176
7771.58	3221
7772.2	3270
7772.81	3299
7773.42	3316
7774.03	3324
7774.64	3278
7775.25	3305
7775.86	3325
7776.47	3354
7777.08	3438
7777.7	3385
7778.31	3416
7778.92	3420
7779.53	3393
7780.14	3379
7780.75	3436
7781.36	3512
7781.97	3372
7782.58	3396
7783.19	3413
7783.8	3400
7784.41	3474
7785.02	3336
7785.63	3384
7786.24	3292
7786.85	3370
7787.46	3313
7788.07	3310
7788.68	3290
7789.29	3170
7789.9	3103
7790.51	3044
7791.11	3071
7791.72	3021
7792.33	2977
7792.94	2879
7793.55	2836
7794.16	2763
7794.77	2694
7795.38	2628
7795.98	2603
7796.59	2594
7797.2	2483
7797.81	2413
7798.42	2314
7799.03	2203
7799.63	2237
7800.24	2189
7800.85	2090
7801.46	2053
7802.07	1867
7802.67	1884
7803.28	1850
7803.89	1753
7804.5	1694
7805.1	1677
7805.71	1590
7806.32	1507
7806.93	1490
7807.53	1469
7808.14	1386
7808.75	1367
7809.35	1299
7809.96	1307
7810.57	1284
7811.17	1237
7811.78	1247
7812.39	1211
7812.99	1195
7813.6	1160
7814.21	1050
7814.81	1087
7815.42	1093
7816.02	1113
7816.63	1120
7817.24	1113
7817.84	1101
7818.45	1104
7819.05	1064
7819.66	1098
7820.27	1100
7820.87	1108
7821.48	1082
7822.08	1110
7822.69	1057
7823.29	1106
7823.9	1088
7824.5	1093
7825.11	1107
7825.71	1072
7826.32	1081
7826.92	1092
7827.53	1098
7828.13	1039
7828.74	1070
7829.34	1048
7829.94	1060
7830.55	1059
7831.15	1043
7831.76	1059
7832.36	1074
7832.96	1028
7833.57	1027
7834.17	1019
7834.78	999
7835.38	1021
7835.98	1034
7836.59	1007
7837.19	945
7837.79	975
7838.4	990
7839	1027
7839.6	959
7840.21	948
7840.81	957
7841.41	957
7842.01	897
7842.62	937
7843.22	964
7843.82	886
7844.43	884
7845.03	896
7845.63	918
7846.23	880
7846.83	891
7847.44	874
7848.04	852
7848.64	797
7849.24	850
7849.85	831
7850.45	883
7851.05	806
7851.65	814
7852.25	833
7852.85	855
7853.45	837
7854.06	793
7854.66	797
7855.26	822
7855.86	827
7856.46	830
7857.06	808
7857.66	814
7858.26	775
7858.86	819
7859.46	759
7860.06	784
7860.67	791
7861.27	779
7861.87	805
7862.47	787
7863.07	776
7863.67	769
7864.27	783
7864.87	798
7865.47	817
7866.07	806
7866.67	800
7867.27	787
7867.87	761
7868.47	780
7869.07	845
7869.66	756
7870.26	765
7870.86	746
7871.46	790
7872.06	756
7872.66	770
7873.26	760
7873.86	755
7874.46	783
7875.06	762
7875.66	743
7876.25	816
7876.85	767
7877.45	763
7878.05	793
7878.65	763
7879.25	826
7879.84	785
7880.44	777
7881.04	780
7881.64	755
7882.24	737
7882.83	802
7883.43	802
7884.03	760
7884.63	785
7885.22	762
7885.82	771
7886.42	769
7887.02	780
7887.61	730
7888.21	777
7888.81	783
7889.4	772
7890	786
7890.6	771
7891.19	750
7891.79	739
7892.39	778
7892.98	751
7893.58	733
7894.18	713
7894.77	745
7895.37	775
7895.97	729
7896.56	738
7897.16	738
7897.75	724
7898.35	747
7898.95	736
7899.54	719
7900.14	709
7900.73	746
7901.33	727
7901.92	708
7902.52	693
7903.11	736
7903.71	719
7904.31	733
7904.9	698
7905.5	734
7906.09	734
7906.68	749
7907.28	688
7907.87	713
7908.47	665
7909.06	695
7909.66	664
7910.25	686
7910.85	690
7911.44	714
7912.04	677
7912.63	656
7913.22	713
7913.82	705
7914.41	711
7915	698
7915.6	684
7916.19	648
7916.79	684
7917.38	699
7917.97	669
7918.57	666
7919.16	628
7919.75	632
7920.35	673
7920.94	676
7921.53	675
7922.13	692
7922.72	666
7923.31	660
7923.9	650
7924.5	641
7925.09	648
7925.68	677
7926.27	660
7926.87	607
7927.46	668
7928.05	604
7928.64	654
7929.23	648
7929.83	637
7930.42	632
7931.01	634
7931.6	649
7932.19	648
7932.79	654
7933.38	608
7933.97	667
7934.56	600.107
7935.15	633.561
7935.74	647.787
7936.33	635.418
7936.93	594.37
7937.52	645.402
7938.11	602.04
7938.7	594.319
7939.29	618.361
7939.88	619.242
7940.47	633.937
7941.06	613.259
7941.65	606.954
7942.24	598.313
7942.83	585.521
7943.42	610.851
7944.01	581.19
7944.6	560.538
7945.19	588.23
7945.78	573.224
7946.37	604.857
7946.96	586.137
7947.55	581.512
7948.14	582.288
7948.73	580.841
7949.32	556.166
7949.91	603.809
7950.5	572.369
7951.09	592.158
7951.68	568.686
7952.27	560.377
7952.86	584.009
7953.45	567.585
7954.04	585.547
7954.62	545.374
7955.21	543.495
7955.8	540.339
7956.39	560.665
7956.98	549.796
7957.57	540.164
7958.16	526.604
7958.75	533.232
7959.33	542.625
7959.92	533.279
7960.51	544.487
7961.1	527.431
7961.69	511.042
7962.27	539.553
7962.86	544.001
7963.45	519.058
7964.04	500.127
7964.63	515.874
7965.21	522.966
7965.8	523.908
7966.39	509.872
7966.98	515.26
7967.56	496.426
7968.15	492.082
7968.74	520.074
7969.32	498.124
7969.91	485.406
7970.5	497.611
7971.09	506.882
7971.67	482.362
7972.26	478.498
7972.85	484.604
7973.43	480.627
7974.02	484.261
7974.61	491.901
7975.19	463.502
7975.78	480.162
7976.36	473.856
7976.95	470.259
7977.54	457.014
7978.12	459.595
7978.71	496.898
7979.29	467.177
7979.88	477.556
7980.47	470.006
7981.05	470.786
7981.64	467.01
7982.22	451.216
7982.81	447.026
7983.39	440.002
7983.98	458.101
7984.56	482.928
7985.15	456.88
7985.74	445.065
7986.32	450.993
7986.91	432.743
7987.49	454.185
7988.07	463.001
7988.66	462.104
7989.24	438.577
7989.83	421.2
7990.41	424.73
7991	453.105
7991.58	464.908
7992.17	426.868
7992.75	430.853
7993.33	414.302
7993.92	422.18
7994	424
7994.59	421
7995.18	428
7995.77	402
7996.35	427
7996.94	440
7997.53	424
7998.11	430
7998.7	477
7999.29	383
7999.88	420
8000.46	426
8001.05	407
8001.64	436
8002.22	423
8002.81	388
8003.4	403
8003.98	423
8004.57	384
8005.16	405
8005.74	442
8006.33	403
8006.92	383
8007.5	394
8008.09	404
8008.67	417
8009.26	425
8009.85	391
8010.43	401
8011.02	382
8011.6	382
8012.19	396
8012.77	381
8013.36	376
8013.95	407
8014.53	355
8015.12	362
8015.7	388
8016.29	368
8016.87	383
8017.46	367
8018.04	373
8018.63	354
8019.21	332
8019.8	349
8020.38	343
8020.97	340
8021.55	357
8022.13	368
8022.72	336
8023.3	371
8023.89	384
8024.47	354
8025.06	346
8025.64	360
8026.22	361
8026.81	344
8027.39	353
8027.97	289
8028.56	336
8029.14	356
8029.73	346
8030.31	332
8030.89	326
8031.48	330
8032.06	272
8032.64	343
8033.22	306
8033.81	315
8034.39	323
8034.97	296
8035.56	323
8036.14	325
8036.72	307
8037.3	317
8037.89	342
8038.47	311
8039.05	316
8039.63	329
8040.22	318
8040.8	303
8041.38	271
8041.96	290
8042.54	328
8043.13	327
8043.71	325
8044.29	323
8044.87	311
8045.45	298
8046.03	303
8046.62	332
8047.2	283
8047.78	317
8048.36	295
8048.94	285
8049.52	296
8050.1	297
8050.68	308
8051.27	299
8051.85	302
8052.43	268
8053.01	322
8053.59	320
8054.17	273
8054.75	291
8055.33	276
8055.91	311
8056.49	276
8057.07	272
8057.65	287
8058.23	308
8058.81	299
8059.39	276
8059.97	298
8060.55	273
8061.13	308
8061.71	285
8062.29	298
8062.87	265
8063.45	290
8064.03	280
8064.61	280
8065.19	279
8065.76	306
8066.34	269
8066.92	262
8067.5	270
8068.08	275
8068.66	273
8069.24	288
8069.82	275
8070.4	283
8070.97	275
8071.55	296
8072.13	276
8072.71	273
8073.29	253
8073.87	271
8074.44	264
8075.02	276
8075.6	250
8076.18	268
8076.76	257
8077.33	262
8077.91	290
8078.49	265
8079.07	270
8079.64	266
8080.22	259
8080.8	249
8081.38	244
8081.95	273
8082.53	247
8083.11	257
8083.68	248
8084.26	268
8084.84	264
8085.42	261
8085.99	246
8086.57	288
8087.14	258
8087.72	274
8088.3	250
8088.87	263
8089.45	250
8090.03	259
8090.6	261
8091.18	271
8091.75	271
8092.33	239
8092.91	241
8093.48	260
8094.06	277
8094.63	229
8095.21	249
8095.79	242
8096.36	242
8096.94	236
8097.51	238
8098.09	262
8098.66	225
8099.24	239
8099.81	240
8100.39	279
8100.96	245
8101.54	254
8102.11	231
8102.69	254
8103.26	229
8103.84	246
8104.41	219
8104.98	209
8105.56	245
8106.13	232
8106.71	265
8107.28	251
8107.85	234
8108.43	228
8109	240
8109.58	238
8110.15	231
8110.73	219
8111.3	254
8111.87	242
8112.45	249
8113.02	237
8113.59	253
8114.17	245
8114.74	247
8115.31	240
8115.89	260
8116.46	226
8117.03	214
8117.6	247
8118.18	260
8118.75	244
8119.32	267
8119.9	229
8120.47	197
8121.04	214
8121.61	232
8122.19	247
8122.76	212
8123.33	252
8123.9	263
8124.47	238
8125.05	249
8125.62	264
8126.19	220
8126.76	227
8127.33	229
8127.9	242
8128.48	238
8129.05	254
8129.62	229
8130.19	241
8130.76	253
8131.33	245
8131.9	215
8132.48	234
8133.05	218
8133.62	238
8134.19	246
8134.76	225
8135.33	229
8135.9	235
8136.47	239
8137.04	241
8137.61	242
8138.18	248
8138.75	245
8139.32	249
8139.89	230
8140.46	233
8141.03	246
8141.6	244
8142.17	240
8142.74	233
8143.31	228
8143.88	227
8144.45	248
8145.02	236
8145.59	240
8146.16	230
8146.73	203
8147.3	236
8147.87	236
8148.44	234
8149.01	257
8149.58	255
8150.15	222
8150.72	260
8151.29	259
8151.85	228
8152.42	245
8152.99	231
8153.56	272
8154.13	241
8154.7	246
8155.27	252
8155.83	215
8156.4	232
8156.97	246
8157.54	255
8158.11	256
8158.67	245
8159.24	264
8159.81	251
8160.38	229
8160.95	254
8161.51	218
8162.08	256
8162.65	263
8163.22	242
8163.78	259
8164.35	257
8164.92	254
8165.48	255
8166.05	279
8166.62	219
8167.19	234
8167.75	235
8168.32	241
8168.89	253
8169.45	237
8170.02	247
8170.59	235
8171.15	248
8171.72	280
8172.29	252
8172.85	243
8173.42	217
8173.98	222
8174.55	238
8175.12	250
8175.68	267
8176.25	248
8176.81	245
8177.38	235
8177.94	223
8178.51	245
8179.08	226
8179.64	234
8180.21	231
8180.77	213
8181.34	216
8181.9	237
8182.47	253
8183.03	233
8183.6	246
8184.16	232
8184.73	232
8185.29	228
8185.86	246
8186.42	273
8186.99	230
8187.55	252
8188.12	242
8188.68	269
8189.25	228
8189.81	263
8190.37	256
8190.94	239
8191.5	238
8192.07	214
8192.63	237
8193.19	236
8193.76	241
8194.32	257
8194.88	255
8195.45	218
8196.01	256
8196.58	214
8197.14	242
8197.7	237
8198.26	241
8198.83	238
8199.39	245
8199.95	277
8200.52	244
8201.08	252
8201.64	239
8202.21	246
8202.77	254
8203.33	244
8203.89	238
8204.46	229
8205.02	257
8205.58	209
8206.14	228
8206.71	251
8207.27	264
8207.83	232
8208.39	254
8208.95	250
8209.52	243
8210.08	214
8210.64	260
8211.2	243
8211.76	247
8212.32	239
8212.89	229
8213.45	242
8214.01	225
8214.57	241
8215.13	229
8215.69	240
8216.25	235
8216.81	220
8217.38	242
8217.94	232
8218.5	254
8219.06	241
8219.62	246
8220.18	239
8220.74	250
8221.3	249
8221.86	264
8222.42	219
8222.98	237
8223.54	251
8224.1	222
8224.66	236
8225.22	229
8225.78	222
8226.34	233
8226.9	247
8227.46	256
8228.02	234
8228.58	213
8229.14	274
8229.7	249
8230.26	240
8230.82	261
8231.38	240
8231.94	269
8232.5	250
8233.06	252
8233.61	248
8234.17	232
8234.73	226
8235.29	227
8235.85	268
8236.41	258
8236.97	238
8237.53	273
8238.08	215
8238.64	258
8239.2	257
8239.76	253
8240.32	252
8240.88	229
8241.43	249
8241.99	248
8242.55	246
8243.11	248
8243.67	226
8244.22	242
8244.78	248
8245.34	259
8245.9	246
8246.45	237
8247.01	229
8247.57	216
8248.13	227
8248.68	235
8249.24	226
8249.8	250
8250.35	250
8250.91	247
8251.47	231
8252.02	241
8252.58	229
8253.14	215
8253.69	235
8254.25	223
8254.81	248
8255.36	246
8255.92	217
8256.48	219
8257.03	235
8257.59	226
8258.15	227
8258.7	226
8259.26	205
8259.81	217
8260.37	233
8260.92	245
8261.48	233
8262.04	206
8262.59	218
8263.15	230
8263.7	206
8264.26	224
8264.81	237
8265.37	223
8265.92	201
8266.48	205
8267.03	216
8267.59	202
8268.14	209
8268.7	212
8269.25	222
8269.81	220
8270.36	207
8270.92	186
8271.47	220
8272.03	213
8272.58	200
8273.13	199
8273.69	195
8274.24	184
8274.8	220
8275.35	200
8275.91	207
8276.46	201
8277.01	200
8277.57	194
8278.12	190
8278.67	199
8279.23	184
8279.78	196
8280.33	191
8280.89	183
8281.44	207
8282	202
8282.55	196
8283.1	195
8283.65	207
8284.21	185
8284.76	185
8285.31	196
8285.87	193
8286.42	175
8286.97	192
8287.52	192
8288.08	184
8288.63	190
8289.18	163
8289.73	158
8290.29	172
8290.84	172
8291.39	169
8291.94	177
8292.49	171
8293.05	160
8293.6	168
8294.15	190
8294.7	196
8295.25	159
8295.8	142
8296.36	162
8296.91	169
8297.46	176
8298.01	171
8298.56	153
8299.11	167
8299.67	162
8300.22	156
8300.77	177
8301.32	168
8301.87	145
8302.42	157
8302.97	188
8303.52	160
8304.07	162
8304.62	164
8305.17	150
8305.72	158
8306.27	174
8306.82	175
8307.37	180
8307.92	159
8308.47	177
8309.02	173
8309.57	169
8310.12	154
8310.67	147
8311.22	172
8311.77	174
8312.32	146
8312.87	157
8313.42	181
8313.97	150
8314.52	171
8315.07	159
8315.62	126
8316.17	152
8316.72	151
8317.27	173
8317.82	167
8318.36	153
8318.91	146
8319.46	145
8320.01	162
8320.56	149
8321.11	158
8321.66	165
8322.21	172
8322.75	141
8323.3	170
8323.85	143
8324.4	162
8324.95	130
8325.5	160
8326.04	143
8326.59	165
8327.14	149
8327.69	143
8328.23	152
8328.78	143
8329.33	136
8329.88	124
8330.42	113
8330.97	152
8331.52	141
8332.07	132
8332.61	148
8333.16	148
8333.71	156
8334.26	138
8334.8	140
8335.35	144
8335.9	144
8336.44	160
8336.99	135
8337.54	168
8338.08	150
8338.63	144
8339.18	146
8339.72	147
8340.27	142
8340.82	113
8341.36	172
8341.91	131
8342.45	129
8343	131
8343.54	146
8344.09	146
8344.64	135
8345.18	134
8345.73	155
8346.27	149
8346.82	143
8347.37	127
8347.91	137
8348.46	139
8349	144
8349.55	143
8350.09	133
8350.64	132
8351.18	137
8351.73	146
8352.27	137
8352.82	140
8353.36	148
8353.91	142
8354.45	139
8355	136
8355.54	114
8356.08	148
8356.63	127
8357.17	155
8357.72	150
8358.26	145
8358.81	110
8359.35	127
8359.89	147
8360.44	143
8360.98	120
8361.52	125
8362.07	125
8362.61	135
8363.16	137
8363.7	132
8364.24	102
8364.79	134
8365.33	125
8365.87	116
8366.42	120
8366.96	115
8367.5	139
8368.05	132
8368.59	136
8369.13	142
8369.67	125
8370.22	101
8370.76	98
8371.3	122
8371.84	117
8372.39	126
8372.93	128
8373.47	121
8374.02	133
8374.56	136
8375.1	127
8375.64	134
8376.18	122
8376.73	104
8377.27	126
8377.81	129
8378.35	113
8378.89	113
8379.43	120
8379.98	123
8380.52	128
8381.06	114
8381.6	130
8382.14	134
8382.68	99
8383.23	108
8383.77	115
8384.31	111
8384.85	117
8385.39	127
8385.93	132
8386.47	107
8387.01	117
8387.55	136
8388.09	113
8388.63	112
8389.17	123
8389.71	136
8390.25	118
8390.8	108
8391.34	114
8391.88	105
8392.42	98
8392.96	109
8393.5	106
8394.04	93
8394.58	106
8395.12	101
8395.66	110
8396.2	115
8396.74	118
8397.27	83
8397.81	120
8398.35	113
8398.89	105
8399.43	111
8399.97	105
8400.51	126
8401.05	124
8401.59	102
8402.13	125
8402.67	88
8403.21	85
8403.75	116
8404.28	105
8404.82	100
8405.36	116
8405.9	100
8406.44	108
8406.98	120
8407.51	104
8408.05	114
8408.59	100
8409.13	90
8409.67	100
8410.21	108
8410.74	117
8411.28	104
8411.82	119
8412.36	92
8412.89	108
8413.43	92
8413.97	104
8414.51	103
8415.04	100
8415.58	86
8416.12	102
8416.66	90
8417.19	107
8417.73	110
8418.27	99
8418.81	99
8419.34	107
8419.88	133
8420.42	99
8420.95	101
8421.49	113
8422.03	107
8422.56	104
8423.1	103
8423.64	100
8424.17	94
8424.71	111
8425.25	108
8425.78	111
8426.32	124
8426.85	83
8427.39	109
8427.92	98
8428.46	89
8429	90
8429.53	103
8430.07	94
8430.6	111
8431.14	86
8431.67	93
8432.21	95
8432.75	85
8433.28	99
8433.82	99
8434.35	118
8434.89	77
8435.42	88
8435.96	109
8436.49	99
8437.03	103
8437.56	98
8438.1	80
8438.63	100
8439.17	93
8439.7	89
8440.23	101
8440.77	112
8441.3	86
8441.84	104
8442.37	90
8442.91	86
8443.44	96
8443.97	91
8444.51	88
8445.04	93
8445.58	91
8446.11	92
8446.64	85
8447.18	100
8447.71	104
8448.25	77
8448.78	96
8449.31	76
8449.84	80
8450.38	60
8450.91	88
8451.45	74
8451.98	98
8452.51	90
8453.04	64.1068
8453.58	74.1826
8454.11	96.4226
8454.64	86.5258
8455.17	83.1115
8455.71	89.8944
8456.24	91.8555
8456.77	99.341
8457.31	82.4957
8457.84	100.217
8458.37	92.9529
8458.9	81.0107
8459.44	69.0382
8459.97	88.5242
8460.5	88.6027
8461.03	71.5751
8461.56	87.2621
8462.09	96.3181
8462.63	82.6157
8463.16	94.6773
8463.69	78.1115
8464.22	93.527
8464.75	78.2759
8465.29	77.2439
8465.82	99.8817
8466.35	73.8868
8466.88	81.9582
8467.41	93.4466
8467.94	101.222
8468.47	99.1924
8469	92.2422
8469.54	85.8829
8470.07	86.2511
8470.6	67.6732
8471.13	83.635
8471.66	73.1249
8472.19	78.6845
8472.72	78.3488
8473.25	77.9628
8473.78	93.1279
8474.31	83.3417
8474.84	76.7767
8475.37	75.3901
8475.9	80.632
8476.43	69.5182
8476.96	71.8713
8477.49	91.2364
8478.02	76.8885
8478.55	79.4967
8479.08	81.7539
8479.61	77.3412
8480.14	78.8475
8480.67	80.6789
8481.2	90.7468
8481.73	76.4522
8482.26	81.5388
8482.79	77.4303
8483.32	84.5097
8483.85	78.4246
8484.38	70.1779
8484.91	84.4687
8485.44	69.7831
8485.97	79.2582
8486.5	78.6494
8487.02	68.6226
8487.55	74.2204
8488.08	83.6312
8488.61	74.5414
8489.14	74.1044
8489.67	74.9973
8490.2	82.4731
8490.73	67.3105
8491.25	70.6384
8491.78	66.6981
8492.31	75.6559
8492.84	75.1551
8493.37	91.0587
8493.9	77.1709
8494.42	66.9928
8494.95	62.2584
8495.48	71.976
8496.01	77.4443
8496.54	67.1072
8497.06	74.3562
8497.59	65.9817
8498.12	73.034
8498.65	59.2733
8499.17	79.2837
8499.7	67.6396
8500.23	72.4639
8500.76	79.0662
8501.28	51.5945
8501.81	71.2253
8502.34	79.0202
8502.87	77.4707
8503.39	66.9366
8503.92	80.0236
8504.45	62.429
8504.97	76.0157
8505.5	72.7753
8506.03	72.0971
8506.55	77.2944
8507.08	76.332
8507.14	76
8507.67	68
8508.2	70
8508.73	64
8509.26	59
8509.79	64
8510.32	74
8510.85	77
8511.38	68
8511.91	91
8512.44	86
8512.97	65
8513.5	78
8514.03	70
8514.56	53
8515.09	77
8515.62	60
8516.14	59
8516.67	63
8517.2	82
8517.73	78
8518.26	80
8518.79	75
8519.32	67
8519.85	71
8520.38	71
8520.9	80
8521.43	93
8521.96	65
8522.49	61
8523.02	59
8523.54	70
8524.07	72
8524.6	66
8525.13	74
8525.66	79
8526.19	67
8526.71	84
8527.24	49
8527.77	85
8528.3	77
8528.82	81
8529.35	62
8529.88	56
8530.41	78
8530.93	70
8531.46	68
8531.99	87
8532.52	64
8533.04	69
8533.57	93
8534.1	50
8534.62	81
8535.15	76
8535.68	90
8536.2	86
8536.73	75
8537.26	72
8537.78	70
8538.31	77
8538.84	77
8539.36	85
8539.89	90
8540.42	63
8540.94	64
8541.47	62
8542	80
8542.52	75
8543.05	71
8543.57	70
8544.1	65
8544.62	74
8545.15	77
8545.68	73
8546.2	75
8546.73	78
8547.25	63
8547.78	84
8548.3	96
8548.83	85
8549.35	83
8549.88	61
8550.4	46
8550.93	64
8551.45	80
8551.98	53
8552.5	74
8553.03	59
8553.55	80
8554.08	76
8554.6	74
8555.13	81
8555.65	73
8556.18	66
8556.7	88
8557.22	63
8557.75	90
8558.27	76
8558.8	61
8559.32	72
8559.85	81
8560.37	81
8560.89	64
8561.42	62
8561.94	68
8562.46	68
8562.99	74
8563.51	80
8564.04	89
8564.56	76
8565.08	50
8565.61	81
8566.13	82
8566.65	74
8567.18	86
8567.7	67
8568.22	74
8568.75	73
8569.27	63
8569.79	83
8570.31	77
8570.84	61
8571.36	86
8571.88	95
8572.4	67
8572.93	68
8573.45	58
8573.97	87
8574.49	63
8575.02	67
8575.54	54
8576.06	41
8576.58	57
8577.1	59
8577.63	81
8578.15	63
8578.67	92
8579.19	66
8579.71	75
8580.24	68
8580.76	71
8581.28	70
8581.8	67
8582.32	65
8582.84	78
8583.36	77
8583.89	73
8584.41	65
8584.93	66
8585.45	63
8585.97	80
8586.49	74
8587.01	74
8587.53	65
8588.05	73
8588.57	58
8589.09	59
8589.62	57
8590.14	64
8590.66	56
8591.18	71
8591.7	79
8592.22	70
8592.74	54
8593.26	60
8593.78	61
8594.3	55
8594.82	53
8595.34	79
8595.86	72
8596.38	52
8596.9	73
8597.42	50
8597.94	63
8598.46	70
8598.98	46
8599.5	84
8600.01	79
8600.53	57
8601.05	83
8601.57	61
8602.09	84
8602.61	89
8603.13	72
8603.65	85
8604.17	70
8604.69	60
8605.21	68
8605.72	70
8606.24	66
8606.76	57
8607.28	60
8607.8	74
8608.32	73
8608.83	73
8609.35	68
8609.87	64
8610.39	67
8610.91	76
8611.43	78
8611.94	76
8612.46	64
8612.98	69
8613.5	62
8614.02	97
8614.53	62
8615.05	70
8615.57	52
8616.09	63
8616.6	82
8617.12	43
8617.64	73
8618.16	62
8618.67	57
8619.19	67
8619.71	59
8620.22	62
8620.74	77
8621.26	58
8621.78	65
8622.29	55
8622.81	61
8623.33	72
8623.84	59
8624.36	52
8624.88	65
8625.39	58
8625.91	72
8626.42	79
8626.94	62
8627.46	74
8627.97	59
8628.49	72
8629.01	89
8629.52	75
8630.04	76
8630.55	77
8631.07	62
8631.58	52
8632.1	65
8632.62	54
8633.13	56
8633.65	57
8634.16	60
8634.68	70
8635.19	55
8635.71	54
8636.22	54
8636.74	70
8637.25	75
8637.77	73
8638.28	55
8638.8	53
8639.31	63
8639.83	53
8640.34	72
8640.86	67
8641.37	50
8641.89	63
8642.4	54
8642.92	54
8643.43	51
8643.95	67
8644.46	79
8644.97	59
8645.49	61
8646	85
8646.52	69
8647.03	57
8647.54	63
8648.06	86
8648.57	62
8649.09	40
8649.6	70
8650.11	73
8650.63	49
8651.14	73
8651.65	78
8652.17	59
8652.68	60
8653.19	56
8653.71	62
8654.22	63
8654.73	59
8655.25	66
8655.76	50
8656.27	79
8656.79	77
8657.3	53
8657.81	69
8658.32	55
8658.84	57
8659.35	68
8659.86	56
8660.37	60
8660.89	87
8661.4	52
8661.91	66
8662.42	72
8662.93	60
8663.45	61
8663.96	54
8664.47	73
8664.98	78
8665.5	68
8666.01	64
8666.52	71
8667.03	74
8667.54	67
8668.05	68
8668.56	80
8669.08	85
8669.59	53
8670.1	63
8670.61	66
8671.12	68
8671.63	46
8672.14	60
8672.66	51
8673.17	57
8673.68	68
8674.19	71
8674.7	68
8675.21	57
8675.72	70
8676.23	60
8676.74	65
8677.25	66
8677.76	78
8678.27	65
8678.78	64
8679.29	52
8679.8	65
8680.31	57
8680.82	74
8681.33	76
8681.84	72
8682.35	66
8682.86	66
8683.37	61
8683.88	68
8684.39	48
8684.9	55
8685.41	67
8685.92	54
8686.43	66
8686.94	70
8687.45	55
8687.96	59
8688.47	55
8688.98	37
8689.49	55
8690	53
8690.5	61
8691.01	67
8691.52	54
8692.03	69
8692.54	70
8693.05	70
8693.56	59
8694.07	53
8694.58	42
8695.08	53
8695.59	65
8696.1	57
8696.61	56
8697.12	37
8697.62	54
8698.13	66
8698.64	74
8699.15	78
8699.66	66
8700.16	65
8700.67	67
8701.18	49
8701.69	71
8702.2	67
8702.7	56
8703.21	59
8703.72	54
8704.23	51
8704.73	69
8705.24	48
8705.75	51
8706.25	61
8706.76	71
8707.27	56
8707.78	78
8708.28	55
8708.79	68
8709.3	49
8709.8	56
8710.31	63
8710.82	51
8711.32	60
8711.83	70
8712.34	76
8712.84	61
8713.35	67
8713.86	70
8714.36	79
8714.87	66
8715.38	72
8715.88	49
8716.39	41
8716.89	55
8717.4	59
8717.9	60
8718.41	72
8718.92	48
8719.42	43
8719.93	63
8720.43	52
8720.94	80
8721.44	56
8721.95	49
8722.46	55
8722.96	66
8723.46	68
8723.97	70
8724.48	50
8724.98	45
8725.49	65
8725.99	62
8726.5	61
8727	49
8727.5	64
8728.01	56
8728.51	57
8729.02	70
8729.52	56
8730.03	40
8730.53	28
8731.04	48
8731.54	51
8732.04	48
8732.55	52
8733.05	46
8733.56	52
8734.06	49
8734.57	62
8735.07	74
8735.57	83
8736.08	38
8736.58	44
8737.08	63
8737.59	71
8738.09	63
8738.59	49
8739.1	54
8739.6	67
8740.11	53
8740.61	59
8741.11	42
8741.62	41
8742.12	47
8742.62	40
8743.12	63
8743.63	67
8744.13	66
8744.63	51
8745.14	62
8745.64	59
8746.14	65
8746.64	45
8747.15	31
8747.65	53
8748.15	59
8748.65	54
8749.16	60
8749.66	65
8750.16	58
8750.66	67
8751.16	23
8751.67	66
8752.17	62
8752.67	35
8753.17	51
8753.67	61
8754.18	49
8754.68	55
8755.18	57
8755.68	63
8756.18	58
8756.68	66
8757.18	65
8757.69	64
8758.19	43
8758.69	51
8759.19	57
8759.69	42
8760.19	54
8760.69	45
8761.19	51
8761.69	64
8762.2	65
8762.7	63
8763.2	42
8763.7	39
8764.2	62
8764.7	60
8765.2	53
8765.7	43
8766.2	47
8766.7	41
8767.2	66
8767.7	60
8768.2	69
8768.7	49
8769.2	42
8769.7	61
8770.2	42
8770.7	38
8771.2	54
8771.7	55
8772.2	82
8772.7	61
8773.2	63
8773.7	51
8774.2	61
8774.7	53
8775.2	42
8775.7	37
8776.19	57
8776.69	62
8777.19	52
8777.69	43
8778.19	50
8778.69	68
8779.19	55
8779.69	44
8780.19	57
8780.68	39
8781.18	48
8781.68	51
8782.18	36
8782.68	62
8783.18	63
8783.67	60
8784.17	63
8784.67	42
8785.17	47
8785.67	49
8786.17	38
8786.66	67
8787.16	51
8787.66	51
8788.16	38
8788.66	57
8789.15	59
8789.65	55
8790.15	47
8790.65	37
8791.14	54
8791.64	43
8792.14	39
8792.64	65
8793.13	44
8793.63	29
8794.13	43
8794.63	59
8795.12	82
8795.62	66
8796.12	44
8796.61	69
8797.11	51
8797.61	55
8798.1	49
8798.6	38
8799.1	34
8799.59	25
8800.09	55
8800.59	46
8801.08	57
8801.58	65
8802.07	42
8802.57	39
8803.07	53
8803.56	60
8804.06	60
8804.56	41
8805.05	57
8805.55	60
8806.04	64
8806.54	42
8807.03	28
8807.53	56
8808.03	46
8808.52	48
8809.02	51
8809.51	50
8810.01	42
8810.5	43
8811	58
8811.49	55
8811.99	39
8812.48	33
8812.98	39
8813.47	37
8813.97	83
8814.46	61
8814.96	56
8815.45	47
8815.95	46
8816.44	47
8816.94	46
8817.43	60
8817.92	39
8818.42	27
8818.91	55
8819.41	51
8819.9	52
8820.4	59
8820.89	45
8821.38	59
8821.88	51
8822.37	34
8822.87	39
8823.36	48
8823.85	31
8824.35	61
8824.84	53
8825.33	53
8825.83	50
8826.32	47
8826.82	56
8827.31	44
8827.8	46
8828.29	49
8828.79	39
8829.28	54
8829.78	48
8830.27	51
8830.76	44
8831.25	39
8831.75	29
8832.24	44
8832.73	51
8833.22	48
8833.72	35
8834.21	40
8834.7	54
8835.2	45
8835.69	50
8836.18	49
8836.67	48
8837.17	61
8837.66	58
8838.15	53
8838.64	46
8839.13	50
8839.63	28
8840.12	51
8840.61	34
8841.1	55
8841.59	61
8842.08	40
8842.58	49
8843.07	59
8843.56	43
8844.05	58
8844.54	64
8845.03	32
8845.52	41
8846.02	41
8846.51	41
8847	48
8847.49	46
8847.98	56
8848.47	56
8848.96	34
8849.45	56
8849.94	31
8850.43	38
8850.92	50
8851.42	55
8851.91	64
8852.4	61
8852.89	49
8853.38	45
8853.87	41
8854.36	52
8854.85	52
8855.34	20
8855.83	8
8856.32	36
8856.81	46
8857.3	42
8857.79	54
8858.28	28
8858.77	42
8859.26	51
8859.75	55
8860.24	55
8860.73	40
8861.22	39
8861.71	49
8862.2	51
8862.69	53
8863.17	56
8863.66	45
8864.15	34
8864.64	47
8865.13	50
8865.62	46
8866.11	50
8866.6	31
8867.09	35
8867.58	57
8868.06	45
8868.55	41
8869.04	57
8869.53	39
8870.02	58
8870.51	44
8871	58
8871.48	36
8871.97	59
8872.46	49
8872.95	44
8873.44	45
8873.93	42
8874.41	37
8874.9	56
8875.39	52
8875.88	64
8876.37	39
8876.85	58
8877.34	46
8877.83	30
8878.32	36
8878.8	53
8879.29	25
8879.78	55
8880.27	41
8880.75	60
8881.24	46
8881.73	42
8882.21	57
8882.7	60
8883.19	52
8883.68	39
8884.16	45
8884.65	36
8885.14	38
8885.62	38
8886.11	45
8886.6	54
8887.08	32
8887.57	41
8888.06	49
8888.54	42
8889.03	49
8889.51	56
8890	32
8890.49	40
8890.97	43
8891.46	50
8891.95	26
8892.43	48
8892.92	46
8893.4	49
8893.89	61
8894.38	41
8894.86	46
8895.35	47
8895.83	42
8896.32	40
8896.8	50
8897.29	43
8897.77	49
8898.26	47
8898.75	36
8899.23	33
8899.71	23
8900.2	54
8900.68	57
8901.17	58
8901.66	44
8902.14	41
8902.63	49
8903.11	32
8903.59	55
8904.08	40
8904.56	46
8905.05	28
8905.53	44
8906.02	37
8906.5	36
8906.99	29
8907.47	26
8907.96	58
8908.44	26
8908.92	42
8909.41	48
8909.89	39
8910.38	51
8910.86	49
8911.34	47
8911.83	18
8912.31	37
8912.79	51
8913.28	36
8913.76	39
8914.24	45
8914.73	54
8915.21	37
8915.69	52
8916.18	43
8916.66	44
8917.14	31
8917.63	34
8918.11	48
8918.59	45
8919.08	40
8919.56	27
8920.04	41
8920.53	54
8921.01	46
8921.49	50
8921.97	43.0291
8922.46	26.2597
8922.94	39.0796
8923.42	50.2763
8923.9	43.612
8924.39	39.7674
8924.87	40.1596
8925.35	40.3315
8925.83	50.4579
8926.31	47.0455
8926.8	62.2678
8927.28	44.9483
8927.76	35.9126
8928.24	54.4826
8928.72	33.9184
8929.21	44.7065
8929.69	49.8741
8930.17	42.3845
8930.65	37.3736
8931.13	33.0692
8931.61	32.6774
8932.1	53.7715
8932.58	45.7227
8933.06	39.9224
8933.54	28.4844
8934.02	32.4423
8934.5	42.9448
8934.98	49.8275
8935.46	34.1691
8935.95	35.7
8936.43	39.1135
8936.91	36.4669
8937.39	34.9974
8937.87	41.4892
8938.35	47.834
8938.83	48.722
8939.31	43.9437
8939.79	43.1276
8940.27	35.5505
8940.75	33.4215
8941.23	33.0766
8941.71	32.1521
8942.2	41.9854
8942.67	38.1576
8943.16	42.1339
8943.64	45.7078
8944.12	35.5023
8944.6	28.1937
8945.08	38.8198
8945.56	32.6175
8946.04	29.1837
8946.52	33.0954
8947	31.2672
8947.47	36.9637
8947.96	25.718
8948.43	26.3861
8948.91	47.0203
8949.39	38.4855
8949.87	43.5364
8950.35	50.7427
8950.83	30.8382
8951.31	43.7605
8951.79	36.7459
8952.27	43.7719
8952.75	31.0273
8953.23	34.911
8953.71	38.1285
8954.19	50.9386
8954.67	28.1073
8955.14	35.9681
8955.62	27.1797
8956.1	36.4139
8956.58	46.5776
8957.06	38.5802
8957.54	37.6773
8958.02	24.4837
8958.49	34.4801
8958.97	35.4347
8959.45	37.1875
8959.93	33.3842
8960.41	29.8418
8960.89	44.2524
8961.36	43.658
8961.84	45.5716
8962.32	25.2429
8962.8	44.5229
8963.28	36.0402
8963.75	42.1175
8964.23	33.7921
8964.71	33.4633
8965.19	20.1994
8965.67	40.196
8966.14	36.8253
8966.62	29.4546
8967.1	46.5838
8967.58	42.1976
8968.05	18.5327
8968.53	37.199
8969.01	21.6555
8969.49	39.1606
8969.96	35.2996
8970.44	55.2281
8970.92	24.1449
8970.93	23
8971.41	34
8971.89	37
8972.37	35
8972.85	44
8973.33	53
8973.81	21
8974.29	28
8974.77	15
8975.25	50
8975.73	28
8976.21	20
8976.69	46
8977.17	27
8977.65	47
8978.13	36
8978.61	26
8979.09	55
8979.57	21
8980.05	37
8980.53	30
8981.01	27
8981.49	47
8981.97	54
8982.45	34
8982.93	35
8983.41	37
8983.88	47
8984.36	41
8984.84	31
8985.32	21
8985.8	48
8986.28	19
8986.76	52
8987.24	47
8987.71	12
8988.19	36
8988.67	45
8989.15	34
8989.63	47
8990.11	38
8990.58	48
8991.06	34
8991.54	37
8992.02	41
8992.5	39
8992.97	34
8993.45	43
8993.93	40
8994.41	38
8994.89	21
8995.36	25
8995.84	53
8996.32	54
8996.8	43
8997.27	18
8997.75	24
8998.23	44
8998.71	51
8999.18	53
8999.66	49
9000.14	44
9000.61	32
9001.09	53
9001.57	42
9002.05	52
9002.52	38
9003	50
9003.48	36
9003.95	33
9004.43	40
9004.91	27
9005.38	37
9005.86	26
9006.34	48
9006.81	40
9007.29	49
9007.76	28
9008.24	49
9008.72	40
9009.19	34
9009.67	54
9010.15	46
9010.62	44
9011.1	50
9011.57	39
9012.05	37
9012.53	35
9013	36
9013.48	27
9013.95	43
9014.43	32
9014.9	33
9015.38	40
9015.85	35
9016.33	57
9016.81	60
9017.28	42
9017.76	56
9018.23	43
9018.71	54
9019.18	54
9019.66	45
9020.13	60
9020.61	49
9021.08	33
9021.56	43
9022.03	42
9022.5	46
9022.98	42
9023.45	40
9023.93	13
9024.4	47
9024.88	47
9025.35	49
9025.83	40
9026.3	44
9026.77	35
9027.25	31
9027.72	34
9028.2	38
9028.67	32
9029.15	35
9029.62	49
9030.09	49
9030.57	49
9031.04	32
9031.51	35
9031.99	52
9032.46	48
9032.93	40
9033.41	38
9033.88	37
9034.36	24
9034.83	42
9035.3	52
9035.77	51
9036.25	52
9036.72	40
9037.19	17
9037.67	44
9038.14	49
9038.61	58
9039.09	32
9039.56	18
9040.03	44
9040.5	30
9040.98	57
9041.45	46
9041.92	53
9042.39	30
9042.87	43
9043.34	52
9043.81	37
9044.28	22
9044.76	15
9045.23	43
9045.7	50
9046.17	28
9046.64	45
9047.12	51
9047.59	37
9048.06	39
9048.53	66
9049	52
9049.48	43
9049.95	40
9050.42	45
9050.89	41
9051.36	40
9051.83	45
9052.31	40
9052.78	32
9053.25	58
9053.72	58
9054.19	32
9054.66	30
9055.13	40
9055.6	57
9056.07	47
9056.54	40
9057.02	37
9057.49	58
9057.96	46
9058.43	53
9058.9	54
9059.37	34
9059.84	31
9060.31	53
9060.78	38
9061.25	41
9061.72	55
9062.19	39
9062.66	26
9063.13	43
9063.6	44
9064.07	45
9064.54	35
9065.01	19
9065.48	25
9065.95	42
9066.42	42
9066.89	43
9067.36	39
9067.83	30
9068.3	29
9068.77	39
9069.24	55
9069.71	47
9070.18	37
9070.65	32
9071.12	51
9071.59	33
9072.06	53
9072.53	30
9073	32
9073.46	51
9073.93	48
9074.4	44
9074.87	43
9075.34	48
9075.81	39
9076.28	50
9076.75	38
9077.21	41
9077.68	34
9078.15	35
9078.62	41
9079.09	55
9079.56	46
9080.03	61
9080.49	53
9080.96	44
9081.43	43
9081.9	31
9082.37	32.5
9082.83	34
9083.3	34
9083.77	37
9084.24	25
9084.71	35
9085.17	39
9085.64	43
9086.11	44
9086.58	54
9087.04	65
9087.51	37
9087.98	39
9088.45	46
9088.91	59
9089.38	50
9089.85	50
9090.32	59
9090.78	45
9091.25	49
9091.72	45
9092.18	53
9092.65	41
9093.12	30
9093.58	30
9094.05	60
9094.52	44
9094.98	38
9095.45	49
9095.92	33
9096.38	32
9096.85	58
9097.32	37
9097.78	46
9098.25	58
9098.72	32
9099.18	57
9099.65	42
9100.11	67
9100.58	43
9101.05	36
9101.51	44
9101.98	41
9102.44	47
9102.91	35
9103.38	36
9103.84	56
9104.31	38
9104.77	41
9105.24	35
9105.7	62
9106.17	42
9106.63	41
9107.1	52
9107.57	39
9108.03	45
9108.5	43
9108.96	46
9109.43	60
9109.89	51
9110.36	60
9110.82	41
9111.29	53
9111.75	32
9112.22	25
9112.68	44
9113.14	44
9113.61	30
9114.07	36
9114.54	58
9115	42
9115.47	40
9115.93	43
9116.4	32
9116.86	33
9117.32	41
9117.79	34
9118.25	47
9118.72	48
9119.18	38
9119.64	54
9120.11	51
9120.57	41
9121.04	42
9121.5	45
9121.96	43
9122.43	35
9122.89	42
9123.35	31
9123.82	28
9124.28	39
9124.75	53
9125.21	59
9125.67	43
9126.13	38
9126.6	45
9127.06	58
9127.52	53
9127.99	37
9128.45	53
9128.91	58
9129.38	35
9129.84	50
9130.3	40
9130.76	56
9131.23	43
9131.69	29
9132.15	45
9132.61	50
9133.08	44
9133.54	39
9134	40
9134.46	34
9134.93	49
9135.39	60
9135.85	51
9136.31	36
9136.78	45
9137.24	50
9137.7	52
9138.16	43
9138.62	68
9139.08	32
9139.55	49
9140.01	52
9140.47	57
9140.93	40
9141.39	50
9141.85	38
9142.32	46
9142.78	50
9143.24	46
9143.7	37
9144.16	45
9144.62	41
9145.08	33
9145.55	47
9146.01	34
9146.47	50
9146.93	34
9147.39	54
9147.85	43
9148.31	37
9148.77	45
9149.23	51
9149.69	45
9150.15	51
9150.61	46
9151.07	42
9151.54	57
9152	36
9152.46	49
9152.92	51
9153.38	47
9153.84	44
9154.3	36
9154.76	24
9155.22	55
9155.68	49
9156.14	32
9156.6	32
9157.06	50
9157.52	47
9157.98	42
9158.44	44
9158.9	36
9159.36	39
9159.81	47
9160.27	57
9160.73	46
9161.19	36
9161.65	33
9162.11	53
9162.57	56
9163.03	53
9163.49	52
9163.95	38
9164.41	36
9164.87	28
9165.33	40
9165.78	50
9166.24	47
9166.7	44
9167.16	36
9167.62	52
9168.08	33
9168.54	37
9168.99	44
9169.45	22
9169.91	40
9170.37	46
9170.83	42
9171.29	40
9171.74	35
9172.2	36
9172.66	55
9173.12	39
9173.58	38
9174.04	37
9174.49	26
9174.95	43
9175.41	45
9175.87	53
9176.32	44
9176.78	51
9177.24	49
9177.7	40
9178.16	42
9178.61	54
9179.07	43
9179.53	32
9179.98	46
9180.44	57
9180.9	43
9181.36	43
9181.81	18
9182.27	41
9182.73	52
9183.18	47
9183.64	49
9184.1	41
9184.55	30
9185.01	50
9185.47	59
9185.92	72
9186.38	48
9186.84	41
9187.29	43
9187.75	51
9188.21	54
9188.66	32
9189.12	36
9189.58	37
9190.03	51
9190.49	53
9190.95	52
9191.4	54
9191.86	48
9192.31	25
9192.77	68
9193.22	46
9193.68	43
9194.14	34
9194.59	34
9195.05	48
9195.5	33
9195.96	37
9196.42	45
9196.87	41
9197.33	36
9197.78	36
9198.24	52
9198.69	52
9199.15	44
9199.6	56
9200.06	44
9200.51	30
9200.97	34
9201.42	42
9201.88	42
9202.33	30
9202.79	49
9203.24	57
9203.7	53
9204.15	33
9204.6	27
9205.06	36
9205.51	20
9205.97	40
9206.42	26
9206.88	27
9207.33	46
9207.79	58
9208.24	30
9208.69	35
9209.15	23
9209.6	55
9210.06	47
9210.51	37
9210.96	41
9211.42	29
9211.87	19
9212.33	31
9212.78	40
9213.23	52
9213.69	48
9214.14	35
9214.59	53
9215.05	46
9215.5	54
9215.96	48
9216.41	49
9216.86	40
9217.31	57
9217.77	35
9218.22	46
9218.67	34
9219.13	38
9219.58	38
9220.03	59
9220.49	29
9220.94	41
9221.39	25
9221.84	45
9222.3	37
9222.75	30
9223.2	48
9223.65	40
9224.11	44
9224.56	38
9225.01	49
9225.46	46
9225.92	50
9226.37	24
9226.82	29
9227.27	30
9227.72	33
9228.18	33
9228.63	28
9229.08	30
9229.53	35
9229.98	42
9230.44	52
9230.89	36
9231.34	29
9231.79	23
9232.24	43
9232.7	40
9233.15	42
9233.6	46
9234.05	53
9234.5	53
9234.95	50
9235.4	45
9235.85	35
9236.31	50
9236.76	32
9237.21	55
9237.66	46
9238.11	47
9238.56	29
9239.01	32
9239.46	25
9239.91	45
9240.36	37
9240.81	36
9241.26	44
9241.71	28
9242.17	28
9242.62	54
9243.07	54
9243.52	46
9243.97	38
9244.42	40
9244.87	51
9245.32	39
9245.77	37
9246.22	47
9246.67	38
9247.12	35
9247.57	55
9248.02	40
9248.47	33
9248.92	37
9249.37	41
9249.82	59
9250.27	58
9250.72	50
9251.17	30
9251.62	46
9252.06	23
9252.51	41
9252.96	37
9253.41	41
9253.86	27
9254.31	41
9254.76	34
9255.21	62
9255.66	34
9256.11	51
9256.56	34
9257	65
9257.45	43
9257.9	41
9258.35	33
9258.8	9
9259.25	42
9259.7	49
9260.14	48
9260.59	36
9261.04	38
9261.49	47
9261.94	50
9262.39	60
9262.83	40
9263.28	41
9263.73	29
9264.18	35
9264.63	56
9265.08	38
9265.52	60
9265.97	42
9266.42	39
9266.87	56
9267.32	43
9267.76	48
9268.21	35
9268.66	21
9269.11	40
9269.55	47
9270	34
9270.45	33
9270.9	36
9271.34	20
9271.79	49
9272.24	29
9272.68	40
9273.13	52
9273.58	22
9274.03	40
9274.47	26
9274.92	24
9275.37	32
9275.81	29
9276.26	38
9276.71	43
9277.15	34
9277.6	60
9278.05	36
9278.49	41
9278.94	31
9279.39	39
9279.83	36
9280.28	38
9280.72	44
9281.17	61
9281.62	31
9282.06	30
9282.51	43
9282.96	42
9283.4	40
9283.85	51
9284.29	41
9284.74	29
9285.19	23
9285.63	24
9286.08	37
9286.52	40
9286.97	44
9287.41	45
9287.86	48
9288.3	24
9288.75	52
9289.2	40
9289.64	42
9290.09	34
9290.53	40
9290.98	38
9291.42	42
9291.87	25
9292.31	37
9292.76	34
9293.2	29
9293.65	59
9294.09	48
9294.54	34
9294.98	47
9295.42	54
9295.87	39
9296.31	36
9296.76	47
9297.2	31
9297.65	31
9298.09	67
9298.54	34
9298.98	39
9299.42	41
9299.87	25
9300.31	43
9300.76	47
9301.2	27
9301.65	46
9302.09	40
9302.53	15
9302.98	47
9303.42	37
9303.87	33
9304.31	48
9304.75	27
9305.2	17
9305.64	34
9306.08	44
9306.53	46
9306.97	31
9307.41	32
9307.86	39
9308.3	42
9308.74	55
9309.19	41
9309.63	32
9310.07	35
9310.51	41
9310.96	61
9311.4	58
9311.84	56
9312.29	27
9312.73	50
9313.17	42
9313.61	33
9314.06	60
9314.5	25
9314.94	35
9315.38	33
9315.83	40
9316.27	32
9316.71	26
9317.15	43
9317.6	30
9318.04	26
9318.48	36
9318.92	45
9319.37	29
9319.81	31
9320.25	27
9320.69	18
9321.13	22
9321.58	38
9322.02	29
9322.46	39
9322.9	21
9323.34	33
9323.78	33
9324.22	44
9324.67	33
9325.11	46
9325.55	18
9325.99	32
9326.43	32
9326.87	44
9327.31	25
9327.76	51
9328.2	40
9328.64	32
9329.08	32
9329.52	16
9329.96	33
9330.4	48
9330.84	54
9331.28	30
9331.72	44
9332.16	30
9332.6	28
9333.05	47
9333.49	21
9333.93	26
9334.37	19
9334.81	40
9335.25	41
9335.69	34
9336.13	29
9336.57	29
9337.01	30
9337.45	40
9337.89	39
9338.33	30
9338.77	24
9339.21	27
9339.65	38
9340.09	47
9340.53	33
9340.97	44
9341.41	19
9341.85	35
9342.29	53
9342.73	40
9343.17	40
9343.6	41
9344.04	27
9344.48	38
9344.92	36
9345.36	50
9345.8	34
9346.24	35
9346.68	23
9347.12	42
9347.56	41
9348	39
9348.44	55
9348.88	42.93
9349.31	46.5736
9349.75	27.9929
9350.19	40.6442
9350.63	25.1248
9351.07	11.7649
9351.51	24.9549
9351.95	51.8572
9352.38	34.2979
9352.82	45.0898
9353.26	36.5599
9353.7	26.3146
9354.14	48.5671
9354.58	50.7089
9355.01	41.5586
9355.45	44.0055
9355.89	26.5174
9356.33	50.736
9356.77	31.0216
9357.2	32.0407
9357.64	28.8531
9358.08	32.4596
9358.52	31.5414
9358.96	41.4249
9359.39	40.4559
9359.83	41.7754
9360.27	44.931
9360.71	23.4203
9361.14	34.1543
9361.58	32.6897
9362.02	43.1196
9362.46	28.2152
9362.89	26.1793
9363.33	27.586
9363.77	35.3821
9364.2	32.3585
9364.64	36.1813
9365.08	34.1616
9365.51	29.3003
9365.95	38.0736
9366.39	28.478
9366.83	21.851
9367.26	34.7909
9367.7	39.0907
9368.14	25.5311
9368.57	37.9381
9369.01	31.9743
9369.45	34.6834
9369.88	24.4164
9370.32	24.485
9370.76	29.5342
9371.19	28.9931
9371.63	36.444
9372.06	34.9228
9372.5	35.3245
9372.94	32.4749
9373.37	28.6556
9373.81	30.1814
9374.25	24.5188
9374.68	14.05
9375.12	30.1801
9375.55	27.3819
9375.99	29.5973
9376.43	35.1819
9376.86	31.9879
9377.3	24.1291
9377.73	24.9422
9378.17	25.042
9378.6	33.835
9379.04	39.8028
9379.48	29.7031
9379.91	28.2791
9380.35	20.1393
9380.78	20.4428
9381.22	32.9267
9381.65	19.8457
9382.09	27.4331
9382.52	25.3667
9382.96	27.8329
9383.39	24.7382
9383.83	33.1153
9384.26	44.8807
9384.7	41.774
9385.13	22.9908
9385.57	23.3413
9386	22.927
9386.44	38.5055
9386.87	33.0323
9387.31	36.08
9387.74	59.3229
9388.18	170.665
9388.61	362.877
9389.04	197.938
9389.48	87.9197
9389.91	29.2717
9390.35	19.9214
9390.78	28.243
9391.22	33.9254
9391.65	31.3311
9392.08	26.4021
9392.12	26
9392.56	25
9392.99	8
9393.43	47
9393.87	43
9394.31	35
9394.74	26
9395.18	32
9395.62	19
9396.05	43
9396.49	35
9396.93	35
9397.36	44
9397.8	25
9398.24	19
9398.67	47
9399.11	15
9399.54	22
9399.98	20
9400.42	25
9400.85	17
9401.29	35
9401.73	37
9402.16	36
9402.6	24
9403.04	42
9403.47	21
9403.91	16
9404.34	42
9404.78	32
9405.22	31
9405.65	26
9406.09	32
9406.52	23
9406.96	20
9407.39	29
9407.83	43
9408.27	28
9408.7	29
9409.14	18
9409.57	44
9410.01	25
9410.44	40
9410.88	40
9411.31	39
9411.75	26
9412.18	36
9412.62	24
9413.05	54
9413.49	47
9413.92	27
9414.36	34
9414.79	48
9415.23	47
9415.66	35
9416.1	27
9416.53	29
9416.97	30
9417.4	47
9417.84	35
9418.27	47
9418.71	46
9419.14	23
9419.57	31
9420.01	41
9420.44	47
9420.88	21
9421.31	29
9421.75	55
9422.18	40
9422.61	27
9423.05	36
9423.48	20
9423.92	59
9424.35	32
9424.78	39
9425.22	50
9425.65	36
9426.08	33
9426.52	22
9426.95	27
9427.38	41
9427.82	34
9428.25	38
9428.68	39
9429.12	47
9429.55	32
9429.99	43
9430.42	37
9430.85	27
9431.28	47
9431.72	50
9432.15	37
9432.58	52
9433.02	27
9433.45	31
9433.88	59
9434.31	40
9434.75	46
9435.18	31
9435.61	21
9436.05	39
9436.48	28
9436.91	43
9437.34	35
9437.77	18
9438.21	45
9438.64	18
9439.07	41
9439.5	43
9439.94	41
9440.37	28
9440.8	47
9441.23	44
9441.66	37
9442.1	40
9442.53	18
9442.96	21
9443.39	40
9443.82	40
9444.25	50
9444.69	27
9445.12	22
9445.55	34
9445.98	44
9446.41	37
9446.85	11
9447.28	53
9447.71	25
9448.14	46
9448.57	36
9449	41
9449.43	44
9449.86	30
9450.29	39
9450.73	26
9451.16	46
9451.59	32
9452.02	21
9452.45	35
9452.88	51
9453.31	61
9453.74	36
9454.17	32
9454.6	37
9455.03	39
9455.46	40
9455.89	56
9456.33	38
9456.76	42
9457.19	35
9457.62	42
9458.05	42
9458.48	47
9458.91	33
9459.34	49
9459.77	37
9460.2	41
9460.63	39
9461.06	28
9461.49	28
9461.92	30
9462.35	36
9462.78	35
9463.21	24
9463.64	28
9464.07	51
9464.5	44
9464.92	47
9465.35	42
9465.78	26
9466.21	33
9466.64	52
9467.07	39
9467.5	35
9467.93	35
9468.36	40
9468.79	32
9469.22	49
9469.65	43
9470.08	61
9470.5	34
9470.93	30
9471.36	46
9471.79	43
9472.22	24
9472.65	45
9473.08	31
9473.51	27
9473.93	55
9474.36	48
9474.79	26
9475.22	33
9475.65	33
9476.08	37
9476.5	34
9476.93	33
9477.36	20
9477.79	32
9478.22	36
9478.64	49
9479.07	68
9479.5	38
9479.93	48
9480.36	30
9480.78	40
9481.21	42
9481.64	45
9482.07	40
9482.5	31
9482.92	48
9483.35	57
9483.78	44
9484.21	42
9484.63	41
9485.06	22
9485.49	40
9485.91	36
9486.34	51
9486.77	50
9487.2	33
9487.62	34
9488.05	38
9488.48	51
9488.91	41
9489.33	30
9489.76	33
9490.19	41
9490.61	57
9491.04	40
9491.46	39
9491.89	38
9492.32	54
9492.75	42
9493.17	44
9493.6	61
9494.02	39
9494.45	45
9494.88	43.5
9495.3	42
9495.73	42
9496.16	53
9496.58	50
9497.01	34
9497.43	31
9497.86	37
9498.29	40
9498.71	47
9499.14	37
9499.56	35
9499.99	52
9500.42	58
9500.84	49
9501.27	40
9501.69	53
9502.12	46
9502.54	33
9502.97	36
9503.39	34
9503.82	22
9504.25	43
9504.67	38
9505.1	56
9505.52	35
9505.95	35
9506.37	35
9506.8	41
9507.22	48
9507.65	33
9508.07	31
9508.5	31
9508.92	40
9509.35	40
9509.77	40
9510.2	29
9510.62	19
9511.04	36
9511.47	40
9511.89	38
9512.32	46
9512.74	23
9513.17	28
9513.59	48
9514.02	51
9514.44	57
9514.86	43
9515.29	34
9515.71	44
9516.14	25
9516.56	36
9516.98	33
9517.41	33
9517.83	68
9518.26	50
9518.68	56
9519.1	52
9519.53	34
9519.95	24
9520.38	31
9520.8	42
9521.22	38
9521.65	37
9522.07	32
9522.49	33
9522.92	37
9523.34	59
9523.76	58
9524.19	32
9524.61	22
9525.03	46
9525.45	37
9525.88	53
9526.3	34
9526.72	39
9527.15	31
9527.57	44
9527.99	70
9528.42	39
9528.84	31
9529.26	35
9529.68	32
9530.11	55
9530.53	45
9530.95	49
9531.37	45
9531.79	44
9532.22	39
9532.64	48
9533.06	56
9533.49	34
9533.91	50
9534.33	43
9534.75	46
9535.17	40
9535.6	27
9536.02	53
9536.44	45
9536.86	53
9537.28	50
9537.71	47
9538.13	32
9538.55	42
9538.97	32
9539.39	43
9539.81	49
9540.24	34
9540.66	49
9541.08	42
9541.5	37
9541.92	38
9542.34	47
9542.76	42
9543.18	49
9543.61	32
9544.03	39
9544.45	45
9544.87	35
9545.29	28
9545.71	42
9546.13	61
9546.55	64
9546.97	29
9547.39	38
9547.81	35
9548.23	52
9548.66	52
9549.08	52
9549.5	37
9549.92	21
9550.34	52
9550.76	44
9551.18	56
9551.6	22
9552.02	40
9552.44	32
9552.86	56
9553.28	58
9553.7	39
9554.12	28
9554.54	32
9554.96	40
9555.38	45
9555.8	43
9556.22	48
9556.64	56
9557.06	40
9557.48	46
9557.9	49
9558.32	56
9558.74	42
9559.16	30
9559.58	59
9560	34
9560.42	46
9560.83	41
9561.25	43
9561.67	47
9562.09	53
9562.51	53
9562.93	40
9563.35	31
9563.77	21
9564.19	40
9564.61	42
9565.03	48
9565.44	47
9565.86	42
9566.28	40
9566.7	57
9567.12	34
9567.54	51
9567.96	39
9568.38	32
9568.79	60
9569.21	39
9569.63	51
9570.05	49
9570.47	22
9570.89	42
9571.3	39
9571.72	53
9572.14	44
9572.56	57
9572.98	39
9573.39	47
9573.81	18
9574.23	38
9574.65	44
9575.07	47
9575.48	39
9575.9	33
9576.32	55
9576.74	40
9577.15	29
9577.57	21
9577.99	36
9578.41	47
9578.82	60
9579.24	50
9579.66	46
9580.08	34
9580.49	45
9580.91	56
9581.33	53
9581.74	29
9582.16	45
9582.58	36
9583	32
9583.41	54
9583.83	36
9584.25	22
9584.66	50
9585.08	50
9585.5	43
9585.91	32
9586.33	47
9586.75	57
9587.16	35
9587.58	37
9588	42
9588.41	33
9588.83	38
9589.25	29
9589.66	20
9590.08	65
9590.49	60
9590.91	39
9591.33	38
9591.74	38
9592.16	50
9592.58	44
9592.99	31
9593.41	37
9593.82	47
9594.24	37
9594.65	34
9595.07	45
9595.49	26
9595.9	53
9596.32	48
9596.73	53
9597.15	48
9597.56	33
9597.98	28
9598.39	32
9598.81	38
9599.22	44
9599.64	46
9600.05	48
9600.47	40
9600.88	37
9601.3	54
9601.72	41
9602.13	30
9602.54	40
9602.96	48
9603.38	41
9603.79	44
9604.2	33
9604.62	28
9605.03	48
9605.45	50
9605.86	48
9606.28	54
9606.69	46
9607.11	42
9607.52	31
9607.93	36
9608.35	43
9608.76	29
9609.18	45
9609.59	51
9610.01	28
9610.42	37
9610.83	38
9611.25	28
9611.66	29
9612.08	42
9612.49	56
9612.9	47
9613.32	50
9613.73	46
9614.14	43
9614.56	44
9614.97	63
9615.39	57
9615.8	31
9616.21	17
9616.63	30
9617.04	37
9617.45	26
9617.87	53
9618.28	42
9618.69	39
9619.11	34
9619.52	19
9619.93	50
9620.35	39
9620.76	23
9621.17	47
9621.58	39
9622	53
9622.41	43
9622.82	41
9623.24	31
9623.65	45
9624.06	38
9624.47	49
9624.89	44
9625.3	25
9625.71	48
9626.12	17
9626.54	60
9626.95	44
9627.36	36
9627.77	26
9628.18	32
9628.6	26
9629.01	58
9629.42	30
9629.83	55
9630.25	38
9630.66	43
9631.07	53
9631.48	23
9631.89	41
9632.3	41
9632.72	41
9633.13	56
9633.54	37
9633.95	34
9634.36	44
9634.77	42
9635.19	38
9635.6	34
9636.01	43
9636.42	14
9636.83	37
9637.24	15
9637.65	37
9638.07	39
9638.48	45
9638.89	42
9639.3	51
9639.71	34
9640.12	65
9640.53	30
9640.94	29
9641.35	39
9641.76	29
9642.17	34
9642.58	31
9643	28
9643.41	31
9643.82	44
9644.23	35
9644.64	33
9645.05	30
9645.46	27
9645.87	28
9646.28	51
9646.69	48
9647.1	41
9647.51	37
9647.92	40
9648.33	35
9648.74	48
9649.15	60
9649.56	34
9649.97	32
9650.38	45
9650.79	16
9651.2	16
9651.61	31
9652.02	34
9652.43	38
9652.84	44
9653.25	60
9653.66	45
9654.07	41
9654.48	31
9654.89	46
9655.29	54
9655.71	48
9656.11	46
9656.52	49
9656.93	3
9657.34	41
9657.75	46
9658.16	35
9658.57	46
9658.98	23
9659.39	30
9659.79	37
9660.2	47
9660.61	37
9661.02	29
9661.43	13
9661.84	44
9662.25	65
9662.66	44
9663.06	50
9663.47	32
9663.88	20
9664.29	40
9664.7	40
9665.11	27
9665.52	40
9665.92	40
9666.33	28
9666.74	52
9667.15	43
9667.55	40
9667.96	34
9668.37	26
9668.78	48
9669.19	23
9669.59	48
9670	39
9670.41	45
9670.82	30
9671.23	39
9671.63	50
9672.04	33
9672.45	38
9672.86	47
9673.26	37
9673.67	39
9674.08	56
9674.49	31
9674.89	27
9675.3	48
9675.71	43
9676.12	32
9676.52	39
9676.93	21
9677.34	50
9677.74	27
9678.15	18
9678.56	33
9678.96	16
9679.37	57
9679.78	41
9680.18	23
9680.59	56
9681	40
9681.4	42
9681.81	50
9682.22	35
9682.62	58
9683.03	28
9683.44	13
9683.84	35
9684.25	51
9684.66	51
9685.06	44
9685.47	40
9685.87	53
9686.28	49
9686.69	47
9687.09	28
9687.5	36
9687.9	20
9688.31	44
9688.72	35
9689.12	36
9689.53	54
9689.93	38
9690.34	26
9690.74	45
9691.15	40
9691.56	43
9691.96	29
9692.37	33
9692.77	62
9693.18	24
9693.58	41
9693.99	48
9694.39	28
9694.8	21
9695.2	38
9695.61	24
9696.01	38
9696.42	38
9696.82	32
9697.23	43
9697.63	24
9698.04	39
9698.44	37
9698.85	38
9699.25	45
9699.66	24
9700.06	45
9700.47	42
9700.87	19
9701.28	46
9701.68	46
9702.08	26
9702.49	39
9702.89	29
9703.3	35
9703.7	35
9704.11	45
9704.51	23
9704.91	28
9705.32	39
9705.72	27
9706.13	50
9706.53	45
9706.93	44
9707.34	25
9707.74	45
9708.15	41
9708.55	62
9708.95	44
9709.36	32
9709.76	40
9710.16	32
9710.57	31
9710.97	46
9711.37	38
9711.78	36
9712.18	18
9712.58	35
9712.99	23
9713.39	31
9713.79	56
9714.2	25
9714.6	23
9715	29
9715.41	37
9715.81	40
9716.21	44
9716.62	19
9717.02	34
9717.42	36
9717.82	54
9718.23	50
9718.63	37
9719.03	39
9719.43	24
9719.84	37
9720.24	29
9720.64	40
9721.04	15
9721.45	34
9721.85	40
9722.25	58
9722.65	36
9723.06	1
9723.46	23
9723.86	50
9724.26	35
9724.67	48
9725.07	26
9725.47	29
9725.87	41
9726.27	59
9726.67	42
9727.08	39
9727.48	26
9727.88	22
9728.28	41
9728.68	39
9729.08	45
9729.49	19
9729.89	29
9730.29	36
9730.69	31
9731.09	26
9731.49	57
9731.89	34
9732.29	22
9732.7	61
9733.1	69
9733.5	32
9733.9	47
9734.3	21
9734.7	58
9735.1	34
9735.5	16
9735.9	53
9736.3	38
9736.71	15
9737.11	33
9737.51	62
9737.91	43.9535
9738.31	40.5958
9738.71	28.6723
9739.11	34.0311
9739.51	46.3357
9739.91	36.2041
9740.31	29.805
9740.71	33.4739
9741.11	19.51
9741.51	36.4442
9741.91	38.3013
9742.31	29.6618
9742.71	22.6114
9743.11	23.0398
9743.51	50.7394
9743.91	30.6507
9744.31	45.6483
9744.71	34.5437
9745.11	29.0712
9745.51	30.5698
9745.91	36.2646
9746.31	33.5631
9746.71	29.4598
9747.11	33.2786
9747.51	8.38751
9747.91	37.9919
9748.31	24.3152
9748.71	44.6874
9749.11	29.5081
9749.51	37.1053
9749.91	15.0603
9750.31	34.1124
9750.71	20.9002
9751.11	32.2111
9751.5	34.4177
9751.9	23.0379
9752.3	30.9001
9752.7	18.2196
9753.1	38.2619
9753.5	39.5237
9753.9	32.3612
9754.3	25.4417
9754.7	33.3136
9755.1	32.074
9755.5	29.2729
9755.89	22.9771
9756.29	39.4031
9756.69	37.3792
9757.09	28.1345
9757.49	34.5506
9757.89	19.9175
9758.29	29.3638
9758.68	31.0681
9759.08	24.7824
9759.48	29.1016
9759.88	33.2154
9760.28	28.0103
9760.68	42.6734
9761.07	33.6522
9761.47	28.1851
9761.87	32.6241
9762.27	26.6997
9762.67	30.1548
9763.06	37.8337
9763.46	37.8851
9763.86	32.7238
9764.26	27.3581
9764.66	37.305
9765.05	38.614
9765.45	20.8163
9765.85	34.1235
9766.25	43.4476
9766.64	32.5401
9767.04	19.8566
9767.44	27.2679
9767.84	21.8555
9768.24	25.5835
9768.63	31.85
9769.03	21.1916
9769.43	28.7745
9769.82	32.5663
9770.22	28.8951
9770.62	30.2452
9771.02	16.4533
9771.41	15.1342
9771.81	21.7521
9772.21	33.3456
9772.61	32.6807
9773	18.3972
9773.4	15.9151
9773.8	19.77
9774.19	17.0546
9774.59	35.0968
9774.99	31.6457
9775.38	15.9764
9775.78	24.6298
9776.18	32.2102
9776.57	33.7626
9776.97	37.0512
9777.37	29.6241
9777.63	25
9778.03	18
9778.43	21
9778.83	38
9779.23	30
9779.63	16
9780.03	11
9780.43	28
9780.83	27
9781.23	47
9781.63	28
9782.02	-1
9782.42	14
9782.82	27
9783.22	39
9783.62	60
9784.02	33
9784.42	23
9784.82	19
9785.21	37
9785.61	44
9786.01	38
9786.41	13
9786.81	29
9787.21	30
9787.61	24
9788	51
9788.4	22
9788.8	26
9789.2	13
9789.6	24
9790	27
9790.39	39
9790.79	15
9791.19	38
9791.59	36
9791.99	31
9792.38	25
9792.78	33
9793.18	23
9793.58	28
9793.97	47
9794.37	28
9794.77	26
9795.17	43
9795.57	38
9795.96	31
9796.36	42
9796.76	37
9797.16	43
9797.55	33
9797.95	33
9798.35	37
9798.75	42
9799.14	25
9799.54	52
9799.94	26
9800.33	48
9800.73	51
9801.13	48
9801.53	38
9801.92	35
9802.32	38
9802.72	45
9803.11	40
9803.51	33
9803.91	39
9804.3	13
9804.7	38
9805.1	26
9805.49	28
9805.89	39
9806.29	36
9806.68	31
9807.08	53
9807.48	32
9807.87	35
9808.27	30
9808.66	23
9809.06	38
9809.46	36
9809.85	29
9810.25	33
9810.65	39
9811.04	33
9811.44	40
9811.83	24
9812.23	52
9812.63	25
9813.02	26
9813.42	24
9813.81	34
9814.21	30
9814.6	30
9815	37
9815.39	48
9815.79	25
9816.19	43
9816.58	43
9816.98	8
9817.37	32
9817.77	38
9818.16	37
9818.56	33
9818.95	28
9819.35	32
9819.74	23
9820.14	26
9820.53	36
9820.93	30
9821.32	6
9821.72	17
9822.11	43
9822.51	28
9822.9	31
9823.3	41
9823.69	48
9824.09	45
9824.48	44
9824.88	37
9825.27	28
9825.67	26
9826.06	48
9826.45	54
9826.85	54
9827.24	34
9827.64	33
9828.03	18
9828.43	45
9828.82	49
9829.21	35
9829.61	34
9830	23
9830.4	30
9830.79	30
9831.18	37
9831.58	29
9831.97	33
9832.37	35
9832.76	53
9833.15	50
9833.55	50
9833.94	42
9834.33	33
9834.73	46
9835.12	25
9835.52	35
9835.91	37
9836.3	40
9836.7	35
9837.09	44
9837.48	31
9837.88	42
9838.27	40
9838.66	29
9839.06	34
9839.45	23
9839.84	53
9840.24	48
9840.63	44
9841.02	53
9841.41	27
9841.81	40
9842.2	46
9842.59	44
9842.99	40
9843.38	35
9843.77	32
9844.16	37
9844.56	40
9844.95	10
9845.34	35
9845.73	42
9846.13	28
9846.52	38
9846.91	31
9847.3	45
9847.69	35
9848.09	44
9848.48	43
9848.87	13
9849.26	40
9849.66	39
9850.05	40
9850.44	35
9850.83	44
9851.22	12
9851.62	35
9852.01	46
9852.4	31
9852.79	38
9853.18	12
9853.57	41
9853.96	45
9854.36	41
9854.75	61
9855.14	30
9855.53	46
9855.92	42
9856.31	34
9856.71	36
9857.1	49
9857.49	53
9857.88	35
9858.27	35
9858.66	46
9859.05	44
9859.44	24
9859.83	31
9860.23	51
9860.62	41
9861.01	48
9861.4	38
9861.79	41
9862.18	41
9862.57	44
9862.96	42
9863.35	35
9863.74	16
9864.13	40
9864.52	56
9864.91	43
9865.3	41
9865.7	36
9866.09	48
9866.48	36
9866.87	21
9867.26	56
9867.65	44
9868.04	32
9868.43	38
9868.82	56
9869.21	42
9869.6	44
9869.99	46
9870.38	55
9870.77	38
9871.16	45
9871.55	52
9871.94	37
9872.33	39
9872.72	45
9873.11	36
9873.5	32
9873.88	54
9874.27	39
9874.66	36
9875.05	30
9875.44	46
9875.83	47
9876.22	39
9876.61	50
9877	33
9877.39	27
9877.78	57
9878.17	37
9878.56	37
9878.95	50
9879.33	41
9879.72	36
9880.11	56
9880.5	48
9880.89	41
9881.28	58
9881.67	34
9882.06	44
9882.45	44
9882.83	44
9883.22	55
9883.61	51
9884	50
9884.39	48
9884.78	38
9885.17	47
9885.55	45
9885.94	35
9886.33	36
9886.72	43
9887.11	29
9887.5	44
9887.88	43
9888.27	34
9888.66	29
9889.05	50
9889.44	46
9889.82	45
9890.21	45
9890.6	42
9890.99	37
9891.38	37
9891.76	44
9892.15	8
9892.54	49
9892.93	52
9893.31	54
9893.7	42
9894.09	10
9894.48	26
9894.86	60
9895.25	37
9895.64	41
9896.03	31
9896.41	43
9896.8	52
9897.19	42
9897.57	58
9897.96	47
9898.35	27
9898.74	36
9899.12	47
9899.51	47
9899.9	59
9900.28	21
9900.67	38
9901.06	59
9901.44	35
9901.83	33
9902.22	44
9902.6	33
9902.99	43
9903.38	45
9903.76	44
9904.15	48
9904.54	32
9904.92	53
9905.31	50
9905.7	30
9906.08	58
9906.47	24
9906.85	22
9907.24	57
9907.63	39
9908.01	59
9908.4	32
9908.78	37
9909.17	54
9909.56	51
9909.94	41
9910.33	48
9910.71	40
9911.1	25
9911.49	33
9911.87	42
9912.26	46
9912.64	44
9913.03	42
9913.41	42
9913.8	49
9914.18	45
9914.57	48
9914.96	29
9915.34	19
9915.73	28
9916.11	52
9916.5	46
9916.88	38
9917.27	49
9917.65	54
9918.04	36
9918.42	51
9918.81	49
9919.19	36
9919.58	39
9919.96	58
9920.35	41
9920.73	44
9921.12	42
9921.5	43
9921.89	43
9922.27	18
9922.65	48
9923.04	45
9923.42	43
9923.81	45
9924.19	39
9924.58	34
9924.96	54
9925.35	37
9925.73	42
9926.11	39
9926.5	41
9926.88	37
9927.27	44
9927.65	43
9928.03	51
9928.42	48
9928.8	34
9929.19	56
9929.57	23
9929.95	37
9930.34	32
9930.72	39
9931.11	32
9931.49	29
9931.87	50
9932.26	42
9932.64	45
9933.02	54
9933.41	40
9933.79	45
9934.17	55
9934.56	34
9934.94	35
9935.32	40
9935.71	48
9936.09	37
9936.47	49
9936.86	39
9937.24	38
9937.62	48
9938.01	48
9938.39	52
9938.77	55
9939.15	47
9939.54	30
9939.92	58
9940.3	50
9940.69	53
9941.07	47
9941.45	39
9941.83	49
9942.22	39
9942.6	30
9942.98	45
9943.36	37
9943.75	28
9944.13	37
9944.51	37
9944.89	34
9945.28	40
9945.66	32
9946.04	18
9946.42	48
9946.8	37
9947.19	28
9947.57	32
9947.95	41
9948.33	26
9948.71	42
9949.1	36
9949.48	54
9949.86	62
9950.24	35
9950.62	35
9951	18
9951.39	39
9951.77	29
9952.15	45
9952.53	47
9952.91	23
9953.29	37
9953.68	50
9954.06	42
9954.44	39
9954.82	27
9955.2	30
9955.58	53
9955.96	55
9956.34	35
9956.73	25
9957.11	41
9957.49	42
9957.87	55
9958.25	51
9958.63	48
9959.01	30
9959.39	47
9959.77	47
9960.15	33
9960.54	40
9960.92	39
9961.3	25
9961.68	39
9962.06	54
9962.44	50
9962.82	49
9963.2	42
9963.58	35
9963.96	45
9964.34	43
9964.72	38
9965.1	59
9965.48	33
9965.86	42
9966.24	37
9966.62	49
9967	33
9967.38	46
9967.76	47
9968.14	40
9968.52	44
9968.9	48
9969.28	35
9969.66	43
9970.04	36
9970.42	46
9970.8	56
9971.18	41
9971.56	35
9971.94	42
9972.32	55
9972.7	46
9973.08	58
9973.46	29
9973.83	25
9974.21	39
9974.59	17
9974.97	39
9975.35	44
9975.73	28
9976.11	33
9976.49	38
9976.87	37
9977.25	44
9977.63	36
9978.01	28
9978.38	39
9978.76	50
9979.14	44
9979.52	50
9979.9	42
9980.28	33
9980.66	41
9981.04	30
9981.41	67
9981.79	49
9982.17	20
9982.55	18
9982.93	31
9983.31	61
9983.68	40
9984.06	42
9984.44	57
9984.82	49
9985.2	34
9985.58	42
9985.95	37
9986.33	22
9986.71	44
9987.09	53
9987.47	35
9987.84	42
9988.22	31
9988.6	38
9988.98	44
9989.36	47
9989.73	49
9990.11	39
9990.49	41
9990.87	42
9991.24	37
9991.62	42
9992	41
9992.38	46
9992.75	47
9993.13	34
9993.51	27
9993.89	44
9994.26	35
9994.64	27
9995.02	29
9995.39	55
9995.77	38
9996.15	45
9996.53	29
9996.9	42
9997.28	29
9997.66	47
9998.03	40
9998.41	40
9998.79	29
9999.16	44
9999.54	37
9999.92	48
10000.3	44
10000.7	40
10001	22
10001.4	44
10001.8	38
10002.2	36
10002.6	22
10002.9	27
10003.3	42
10003.7	43
10004.1	42
10004.4	43
10004.8	41
10005.2	23
10005.6	47
10005.9	49
10006.3	33
10006.7	30
10007.1	33
10007.4	35
10007.8	42
10008.2	38
10008.6	35
10008.9	34
10009.3	33
10009.7	27
10010.1	41
10010.4	41
10010.8	33
10011.2	42
10011.6	45
10012	38
10012.3	18
10012.7	34
10013.1	29
10013.5	34
10013.8	55
10014.2	35
10014.6	37
10015	46
10015.3	55
10015.7	37
10016.1	15
10016.5	40
10016.8	47
10017.2	19
10017.6	32
10018	43
10018.3	44
10018.7	31
10019.1	37
10019.5	52
10019.8	35
10020.2	56
10020.6	51
10021	32
10021.3	28
10021.7	23
10022.1	38
10022.4	41
10022.8	28
10023.2	42
10023.6	39
10023.9	55
10024.3	50
10024.7	28
10025.1	37
10025.4	11
10025.8	39
10026.2	43
10026.6	32
10026.9	28
10027.3	37
10027.7	51
10028.1	47
10028.4	38
10028.8	36
10029.2	32
10029.6	19
10029.9	47
10030.3	41
10030.7	54
10031	28
10031.4	43
10031.8	21
10032.2	52
10032.5	43
10032.9	32
10033.3	33
10033.7	10
10034	20
10034.4	49
10034.8	16
10035.2	52
10035.5	21
10035.9	24
10036.3	28
10036.6	52
10037	52
10037.4	36
10037.8	22
10038.1	40
10038.5	54
10038.9	58
10039.3	36
10039.6	29
10040	52
10040.4	43
10040.7	35
10041.1	38
10041.5	46
10041.9	22
10042.2	59
10042.6	47
10043	61
10043.4	27
10043.7	35
10044.1	59
10044.5	59
10044.8	34
10045.2	47
10045.6	47
10046	29
10046.3	47
10046.7	37
10047.1	43
10047.4	27
10047.8	40
10048.2	33
10048.6	28
10048.9	25
10049.3	41
10049.7	34
10050	22
10050.4	42
10050.8	38
10051.2	56
10051.5	39
10051.9	11
10052.3	33
10052.6	43
10053	42
10053.4	43
10053.8	27
10054.1	44
10054.5	47
10054.9	29
10055.2	65
10055.6	59
10056	30
10056.4	37
10056.7	48
10057.1	38
10057.5	27
10057.8	33
10058.2	48
10058.6	48
10059	39
10059.3	41
10059.7	34
10060.1	30
10060.4	34
10060.8	31
10061.2	34
10061.5	41
10061.9	35
10062.3	57
10062.7	23
10063	37
10063.4	30
10063.8	43
10064.1	32
10064.5	51
10064.9	32
10065.3	27
10065.6	21
10066	34
10066.4	45
10066.7	24
10067.1	33
10067.5	38
10067.8	33
10068.2	34
10068.6	44
10068.9	14
10069.3	51
10069.7	32
10070.1	35
10070.4	40
10070.8	49
10071.2	53
10071.5	44
10071.9	39
10072.3	30
10072.6	38
10073	28
10073.4	36
10073.8	33
10074.1	33
10074.5	17
10074.9	30
10075.2	52
10075.6	36
10076	30
10076.3	20
10076.7	33
10077.1	44
10077.4	34
10077.8	35
10078.2	42
10078.5	48
10078.9	42
10079.3	33
10079.7	23
10080	17
10080.4	40
10080.8	37
10081.1	44
10081.5	53
10081.9	32
10082.2	46
10082.6	22
10083	56
10083.3	38
10083.7	38
10084.1	39
10084.4	43
10084.8	34
10085.2	41
10085.5	25
10085.9	45
10086.3	29
10086.6	33
10087	30
10087.4	44
10087.8	24
10088.1	52
10088.5	42
10088.9	33
10089.2	34
10089.6	26
10090	38
10090.3	37
10090.7	36
10091.1	39
10091.4	19
10091.8	35
10092.2	40
10092.5	46
10092.9	47
10093.3	33
10093.6	36.9448
10094	47.8301
10094.4	38.7181
10094.7	45.8648
10095.1	39.1974
10095.5	37.2452
10095.8	37.6241
10096.2	29.5873
10096.6	35.9533
10096.9	40.6172
10097.3	13.5996
10097.7	34.5137
10098	35.0334
10098.4	2.8892
10098.8	30.6153
10099.1	45.5943
10099.5	33.9168
10099.9	42.2133
10100.2	28.5896
10100.6	37.2735
10101	41.9372
10101.3	32.8143
10101.7	33.6205
10102.1	22.5112
10102.4	26.104
10102.8	31.9991
10103.2	33.12
10103.5	24.1161
10103.9	43.3582
10104.3	32.3534
10104.6	25.7243
10105	40.9097
10105.4	30.9001
10105.7	33.9625
10106.1	31.9429
10106.5	24.0105
10106.8	36.0935
10107.2	21.7484
10107.6	24.61
10107.9	36.2373
10108.3	28.7606
10108.7	37.8835
10109	34.5587
10109.4	20.8789
10109.8	40.4468
10110.1	27.6377
10110.5	25.5104
10110.8	38.6474
10111.2	34.7167
10111.6	34.3046
10111.9	34.3543
10112.3	32.4585
10112.7	32.9417
10113	30.9476
10113.4	23.0725
10113.8	25.6288
10114.1	31.495
10114.5	32.1869
10114.9	30.6306
10115.2	23.2801
10115.6	24.7632
10116	27.2326
10116.3	36.5994
10116.7	32.4647
10117.1	31.5898
10117.4	30.2332
10117.8	32.3831
10118.1	34.2163
10118.5	31.8883
10118.9	31.4916
10119.2	28.8991
10119.6	18.5774
10120	33.3783
10120.3	30.5098
10120.7	34.08
10121.1	35.9852
10121.4	34.2297
10121.8	36.3048
10122.2	28.3755
10122.5	28.0635
10122.9	19.2142
10123.2	15.4507
10123.6	17.7
10124	28.7558
10124.3	40.8869
10124.7	40.3665
10125.1	35.1785
10125.4	23.75
10125.8	18.9903
10126.2	30.4471
10126.5	36.8964
10126.9	29.1221
10127.3	27.2842
10127.6	28.3901
10128	32.0781
10128.3	34.1149
10128.7	29.5898
10129.1	18.4079
10129.4	20.3522
10129.8	28.0276
10130	33
10130.4	29
10130.7	31
10131.1	24
10131.5	24
10131.8	44
10132.2	34
10132.6	23
10132.9	26
10133.3	24
10133.7	20
10134	29
10134.4	27
10134.8	31
10135.1	28
10135.5	28
10135.9	26
10136.2	11
10136.6	23
10137	36
10137.3	12
10137.7	21
10138.1	25
10138.4	31
10138.8	28
10139.1	46
10139.5	26
10139.9	28
10140.2	49
10140.6	36
10141	25
10141.3	33
10141.7	52
10142.1	24
10142.4	36
10142.8	52
10143.2	30
10143.5	16
10143.9	18
10144.3	36
10144.6	36
10145	21
10145.4	32
10145.7	45
10146.1	34
10146.4	56
10146.8	42
10147.2	24
10147.5	38
10147.9	47
10148.3	36
10148.6	25
10149	38
10149.4	43
10149.7	35
10150.1	38
10150.5	46
10150.8	39
10151.2	37
10151.5	19
10151.9	29
10152.3	41
10152.6	27
10153	40
10153.4	23
10153.7	38
10154.1	36
10154.5	47
10154.8	32
10155.2	37
10155.6	21
10155.9	18
10156.3	31
10156.6	60
10157	38
10157.4	28
10157.7	13
10158.1	11
10158.5	54
10158.8	51
10159.2	36
10159.6	34
10159.9	29
10160.3	27
10160.6	27
10161	38
10161.4	37
10161.7	54
10162.1	39
10162.5	23
10162.8	33
10163.2	14
10163.5	21
10163.9	53
10164.3	33
10164.6	46
10165	31
10165.4	24
10165.7	30
10166.1	42
10166.4	29
10166.8	37
10167.2	36
10167.5	39
10167.9	45
10168.3	40
10168.6	34
10169	48
10169.3	41
10169.7	26
10170.1	42
10170.4	45
10170.8	32
10171.2	50
10171.5	37
10171.9	51
10172.2	44
10172.6	40
10173	33
10173.3	14
10173.7	67
10174.1	46
10174.4	46
10174.8	24
10175.1	25
10175.5	29
10175.9	39
10176.2	43
10176.6	46
10177	50
10177.3	18
10177.7	39
10178	61
10178.4	39
10178.8	45
10179.1	27
10179.5	23
10179.8	60
10180.2	33
10180.6	54
10180.9	29
10181.3	17
10181.6	48
10182	44
10182.4	43
10182.7	20
10183.1	32
10183.5	40
10183.8	52
10184.2	29
10184.5	36
10184.9	38
10185.3	30
10185.6	50
10186	32
10186.3	38
10186.7	37
10187.1	37
10187.4	23
10187.8	26
10188.1	49
10188.5	54
10188.9	38
10189.2	23
10189.6	29
10189.9	46
10190.3	45
10190.7	27
10191	31
10191.4	48
10191.7	47
10192.1	62
10192.5	51
10192.8	17
10193.2	20
10193.5	29
10193.9	33
10194.3	35
10194.6	44
10195	42
10195.3	34
10195.7	36
10196.1	35
10196.4	38
10196.8	27
10197.1	37
10197.5	32
10197.9	35
10198.2	45
10198.6	41
10198.9	54
10199.3	34
10199.7	39
10200	38
10200.4	48
10200.7	21
10201.1	37
10201.5	41
10201.8	55
10202.2	40
10202.5	34
10202.9	44
10203.3	42
10203.6	43
10204	46
10204.3	51
10204.7	32
10205	41
10205.4	45
10205.8	27
10206.1	51
10206.5	34
10206.8	26
10207.2	40
10207.6	33
10207.9	43
10208.3	57
10208.6	33
10209	60
10209.4	18
10209.7	53
10210.1	42
10210.4	44
10210.8	20
10211.1	37
10211.5	34
10211.9	49
10212.2	34
10212.6	52
10212.9	28
10213.3	53
10213.7	52
10214	57
10214.4	36
10214.7	22
10215.1	40
10215.4	48
10215.8	39
10216.2	30
10216.5	31
10216.9	32
10217.2	52
10217.6	35
10217.9	57
10218.3	53
10218.7	46
10219	44
10219.4	29
10219.7	54
10220.1	32
10220.4	57
10220.8	46
10221.2	60
10221.5	47
10221.9	42
10222.2	34
10222.6	37
10222.9	30
10223.3	51
10223.7	31
10224	33
10224.4	36
10224.7	37
10225.1	33
10225.4	39
10225.8	50
10226.2	42
10226.5	18
10226.9	34
10227.2	47
10227.6	35
10227.9	39
10228.3	39
10228.7	31
10229	63
10229.4	45
10229.7	59
10230.1	33
10230.4	41
10230.8	59
10231.1	50
10231.5	37
10231.9	56
10232.2	44
10232.6	45
10232.9	51
10233.3	52
10233.6	36
10234	44
10234.4	34
10234.7	35
10235.1	42
10235.4	46
10235.8	38
10236.1	35
10236.5	39
10236.8	59
10237.2	41
10237.6	43
10237.9	29
10238.3	19
10238.6	39
10239	48
10239.3	35
10239.7	48
10240	41
10240.4	27
10240.8	56
10241.1	59
10241.5	50
10241.8	48
10242.2	33
10242.5	48
10242.9	37
10243.2	47
10243.6	50
10244	22
10244.3	38
10244.7	42
10245	49
10245.4	43
10245.7	29
10246.1	45
10246.4	51
10246.8	46
10247.1	35
10247.5	52
10247.9	26
10248.2	43
10248.6	63
10248.9	37
10249.3	70
10249.6	39
10250	61
10250.3	45
10250.7	38
10251	37
10251.4	21
10251.8	36
10252.1	38
10252.5	43
10252.8	52
10253.2	34
10253.5	36
10253.9	55
10254.2	43
10254.6	44
10254.9	41
10255.3	28
10255.6	55
10256	47
10256.4	64
10256.7	36
10257.1	58
10257.4	31
10257.8	55
10258.1	48
10258.5	42
10258.8	43
10259.2	23
10259.5	29
10259.9	48
10260.2	41
10260.6	43
10260.9	39
10261.3	36
10261.7	40
10262	50
10262.4	55
10262.7	25
10263.1	36
10263.4	24
10263.8	41
10264.1	55
10264.5	32
10264.8	50
10265.2	52
10265.5	32
10265.9	49
10266.2	62
10266.6	39
10267	36
10267.3	56
10267.7	40
10268	53
10268.4	57
10268.7	32
10269.1	42
10269.4	40
10269.8	58
10270.1	48
10270.5	50
10270.8	57
10271.2	28
10271.5	47
10271.9	24
10272.2	51
10272.6	56
10272.9	48
10273.3	39
10273.6	48
10274	45
10274.3	36
10274.7	26
10275.1	33
10275.4	44
10275.8	46
10276.1	30
10276.5	35
10276.8	48
10277.2	42
10277.5	53
10277.9	57
10278.2	41
10278.6	16
10278.9	43
10279.3	50
10279.6	38
10280	36
10280.3	28
10280.7	39
10281	47
10281.4	51
10281.7	38
10282.1	52
10282.4	49
10282.8	55
10283.1	59
10283.5	43
10283.8	40
10284.2	36
10284.5	33
10284.9	43
10285.2	53
10285.6	26
10285.9	28
10286.3	50
10286.6	53
10287	60
10287.3	37
10287.7	56
10288	37
10288.4	26
10288.8	44
10289.1	40
10289.5	50
10289.8	36
10290.2	33
10290.5	30
10290.9	40
10291.2	53
10291.6	44
10291.9	24
10292.3	33
10292.6	44
10293	58
10293.3	56
10293.7	40
10294	48
10294.4	32
10294.7	43
10295.1	40
10295.4	66
10295.8	50
10296.1	24
10296.5	39
10296.8	34
10297.2	43
10297.5	35
10297.9	38
10298.2	27
10298.6	51
10298.9	47
10299.3	49
10299.6	27
10300	27
10300.3	47
10300.6	33
10301	38
10301.3	43
10301.7	29
10302	35
10302.4	32
10302.7	47
10303.1	41
10303.4	42
10303.8	39
10304.1	42
10304.5	47
10304.8	24
10305.2	35
10305.5	23
10305.9	47
10306.2	55
10306.6	38
10306.9	33
10307.3	47
10307.6	19
10308	57
10308.3	41
10308.7	46
10309	43
10309.4	35
10309.7	38
10310.1	32
10310.4	37
10310.8	53
10311.1	41
10311.5	15
10311.8	52
10312.2	30
10312.5	60
10312.9	34
10313.2	31
10313.6	36
10313.9	43
10314.2	34
10314.6	41
10314.9	31
10315.3	38
10315.6	55
10316	49
10316.3	50
10316.7	53
10317	25
10317.4	31
10317.7	32
10318.1	33
10318.4	48
10318.8	30
10319.1	29
10319.5	30
10319.8	32
10320.2	64
10320.5	41
10320.9	30
10321.2	23
10321.5	42
10321.9	34
10322.2	46
10322.6	35
10322.9	43
10323.3	37
10323.6	29
10324	43
10324.3	45
10324.7	27
10325	34
10325.4	38
10325.7	27
10326.1	48
10326.4	33
10326.8	35
10327.1	45
10327.4	53
10327.8	46
10328.1	16
10328.5	25
10328.8	28
10329.2	40
10329.5	47
10329.9	38
10330.2	34
10330.6	50
10330.9	44
10331.3	41
10331.6	43
10332	27
10332.3	49
10332.6	38
10333	40
10333.3	43
10333.7	37
10334	28
10334.4	43
10334.7	46
10335.1	43
10335.4	30
10335.8	22
10336.1	35
10336.5	49
10336.8	31
10337.1	49
10337.5	45
10337.8	37
10338.2	50
10338.5	37
10338.9	44
10339.2	42
10339.6	40
10339.9	43
10340.3	42
10340.6	32
10340.9	37
10341.3	44
10341.6	31
10342	39
10342.3	40
10342.7	52
10343	58
10343.4	35
10343.7	27
10344.1	44
10344.4	50
10344.7	49
10345.1	35
10345.4	29
10345.8	44
10346.1	35
10346.5	54
10346.8	39
10347.2	42
10347.5	32
10347.8	35
10348.2	27
10348.5	57
10348.9	53
10349.2	60
10349.6	45
10349.9	39
10350.3	44
10350.6	38
10350.9	36
10351.3	24
10351.6	29
10352	38
10352.3	41
10352.7	32
10353	48
10353.4	30
10353.7	59
10354	40
10354.4	52
10354.7	26
10355.1	45
10355.4	43
10355.8	42
10356.1	58
10356.5	37
10356.8	28
10357.1	43
10357.5	33
10357.8	51
10358.2	52
10358.5	44
10358.9	35
10359.2	32
10359.5	57
10359.9	38
10360.2	42
10360.6	21
10360.9	32
10361.3	40
10361.6	31
10362	45
10362.3	42
10362.6	30
10363	48
10363.3	27
10363.7	48
10364	25
10364.4	13
10364.7	34
10365	51
10365.4	32
10365.7	52
10366.1	26
10366.4	39
10366.8	59
10367.1	38
10367.4	50
10367.8	45
10368.1	19
10368.5	45
10368.8	41
10369.2	33
10369.5	34
10369.8	17
10370.2	26
10370.5	58
10370.9	38
10371.2	41
10371.5	30
10371.9	29
10372.2	41
10372.6	37
10372.9	22
10373.3	25
10373.6	22
10373.9	40
10374.3	36
10374.6	43
10375	42
10375.3	53
10375.7	18
10376	44
10376.3	31
10376.7	37
10377	44
10377.4	51
10377.7	36
10378	35
10378.4	48
10378.7	48
10379.1	27
10379.4	36
10379.8	35
10380.1	36
10380.4	48
10380.8	31
10381.1	36
10381.5	45
10381.8	58
10382.1	46
10382.5	37
10382.8	38
10383.2	34
10383.5	21
10383.9	29
10384.2	36
10384.5	23
10384.9	31
10385.2	30
10385.6	44
10385.9	28
10386.2	31
10386.6	19
10386.9	23
10387.3	36
10387.6	44
10387.9	43
10388.3	35
10388.6	39
10389	30
10389.3	46
10389.6	53
10390	31
10390.3	51
10390.7	27
10391	27
10391.4	40
10391.7	57
10392	45
10392.4	25
10392.7	21
10393.1	32
10393.4	48
10393.7	38
10394.1	20
10394.4	40
10394.8	32
10395.1	44
10395.4	43
10395.8	40
10396.1	12
10396.5	38
10396.8	50
10397.1	33
10397.5	34
10397.8	26
10398.2	41
10398.5	39
10398.8	36
10399.2	41
10399.5	37
10399.9	18
10400.2	15
10400.5	34
10400.9	42
10401.2	40
10401.5	47
10401.9	23
10402.2	45
10402.6	47
10402.9	52
10403.2	35
10403.6	27
10403.9	42
10404.3	29
10404.6	50
10404.9	35
10405.3	39
10405.6	63
10406	34
10406.3	33
10406.6	39
10407	21
10407.3	29
10407.7	29
10408	36
10408.3	39
10408.7	28
10409	46
10409.3	22
10409.7	26
10410	27
10410.4	40
10410.7	49
10411	31
10411.4	17
10411.7	53
10412.1	42
10412.4	34
10412.7	45
10413.1	50
10413.4	38
10413.7	29
10414.1	43
10414.4	40
10414.8	19
10415.1	37
10415.4	38
10415.8	61
10416.1	38
10416.5	37
10416.8	30
10417.1	45
10417.5	38
10417.8	41
10418.1	36
10418.5	19
10418.8	50
10419.2	39
10419.5	34
10419.8	35.9505
10420.2	46.795
10420.5	31.1006
10420.8	57.5578
10421.2	41.4968
10421.5	32.5913
10421.9	21.0079
10422.2	39.8671
10422.5	42.8958
10422.9	39.3373
10423.2	35.3544
10423.5	34.0998
10423.9	26.9925
10424.2	34.178
10424.6	34.2621
10424.9	27.651
10425.2	44.7327
10425.6	35.6243
10425.9	40.9422
10426.2	27.1748
10426.6	40.4366
10426.9	37.5308
10427.2	23.4496
10427.6	30.8049
10427.9	24.868
10428.3	37.3151
10428.6	34.9237
10428.9	26.4344
10429.3	25.7709
10429.6	25.1142
10429.9	39.4929
10430.3	27.0024
10430.6	34.0661
10431	33.0473
10431.3	29.4658
10431.6	25.4931
10432	28.7264
10432.3	29.9538
10432.6	28.9727
10433	30.2346
10433.3	38.6967
10433.6	30.9639
10434	35.4627
10434.3	39.8874
10434.7	28.4188
10435	20.025
10435.3	29.0196
10435.7	33.3692
10436	33.3654
10436.3	25.4804
10436.7	23.2406
10437	27.4761
10437.3	32.9994
10437.7	29.2713
10438	24.4218
10438.3	31.4541
10438.7	34.4659
10439	31.2949
10439.4	29.3911
10439.7	31.1823
10440	20.1355
10440.4	18.458
10440.7	34.3258
10441	38.7048
10441.4	33.0781
10441.7	36.3998
10442	31.2402
10442.4	40.3838
10442.7	40.4439
10443	32.5691
10443.4	17.8384
10443.7	27.8058
10444.1	31.6162
10444.4	28.2911
10444.7	20.4957
10445.1	29.0099
10445.4	31.1438
10445.7	26.8755
10446.1	40.7442
10446.4	31.8407
10446.7	31.1658
10447.1	30.7541
10447.4	23.5028
10447.7	21.6318
10448.1	31.6337
10448.4	44.9324
10448.7	10.4413
10449.1	14.828
10449.4	22.4586
10449.7	33.1062
10450.1	14.185
10450.4	20.9548
10450.8	19.414
10451.1	14.8637
10451.4	36.95
10451.8	25.2215
10452.1	18.8861
10452.4	15.3387
10452.8	14.0979
10453.1	24.7376
10453.4	26.0842
10453.5	26
10453.8	26
10454.1	19
10454.5	26
10454.8	-1
10455.2	25
10455.5	13
10455.8	29
10456.2	39
10456.5	47
10456.8	32
10457.2	18
10457.5	24
10457.8	37
10458.2	19
10458.5	40
10458.9	29
10459.2	14
10459.5	24
10459.9	9
10460.2	18
10460.5	16
10460.9	47
10461.2	20
10461.5	34
10461.9	19
10462.2	38
10462.6	49
10462.9	32
10463.2	45
10463.6	37
10463.9	21
10464.2	34
10464.6	42
10464.9	44
10465.2	34
10465.6	22
10465.9	11
10466.3	31
10466.6	18
10466.9	31
10467.3	43
10467.6	31
10467.9	43
10468.3	53
10468.6	49
10468.9	37
10469.3	35
10469.6	25
10469.9	28
10470.3	28
10470.6	56
10471	27
10471.3	30
10471.6	24
10472	12
10472.3	22
10472.6	35
10473	19
10473.3	32
10473.6	34
10474	35
10474.3	43
10474.6	15
10475	26
10475.3	51
10475.6	29
10476	45
10476.3	45
10476.6	33
10477	27
10477.3	38
10477.6	56
10478	34
10478.3	36
10478.7	37
10479	35
10479.3	24
10479.7	27
10480	44
10480.3	28
10480.7	45
10481	30
10481.3	51
10481.7	28
10482	26
10482.3	14
10482.7	23
10483	41
10483.3	44
10483.7	33
10484	31
10484.3	13
10484.7	32
10485	46
10485.3	34
10485.7	29
10486	18
10486.3	34
10486.7	15
10487	29
10487.3	32
10487.7	43
10488	29
10488.3	25
10488.7	52
10489	26
10489.3	39
10489.7	38
10490	48
10490.3	36
10490.7	29
10491	33
10491.3	41
10491.7	46
10492	42
10492.3	34
10492.7	44
10493	30
10493.3	47
10493.7	31
10494	37
10494.3	32
10494.7	49
10495	31
10495.3	43
10495.7	22
10496	48
10496.3	44
10496.7	45
10497	33
10497.3	45
10497.7	40
10498	40
10498.3	42
10498.7	26
10499	16
10499.3	20
10499.7	56
10500	45
10500.3	31
10500.7	46
10501	44
10501.3	56
10501.7	40
10502	29
10502.3	25
10502.7	16
10503	44
10503.3	28
10503.7	40
10504	44
10504.3	58
10504.7	54
10505	46
10505.3	50
10505.7	36
10506	25
10506.3	39
10506.6	37
10507	25
10507.3	42
10507.6	28
10508	41
10508.3	54
10508.6	24
10509	49
10509.3	34
10509.6	26
10510	43
10510.3	26
10510.6	46
10511	39
10511.3	35
10511.6	37
10512	41
10512.3	49
10512.6	35
10512.9	33
10513.3	20
10513.6	46
10513.9	58
10514.3	47
10514.6	38
10514.9	38
10515.3	19
10515.6	35
10515.9	39
10516.3	51
10516.6	35
10516.9	45
10517.3	33
10517.6	47
10517.9	47
10518.2	31
10518.6	30
10518.9	24
10519.2	45
10519.6	65
10519.9	53
10520.2	63
10520.6	10
10520.9	46
10521.2	44
10521.5	36
10521.9	35
10522.2	39
10522.5	27
10522.9	26
10523.2	50
10523.5	39
10523.9	31
10524.2	37
10524.5	41
10524.9	43
10525.2	29
10525.5	45
10525.8	46
10526.2	52
10526.5	33
10526.8	40
10527.2	42
10527.5	37
10527.8	32
10528.2	56
10528.5	36
10528.8	61
10529.1	42
10529.5	32
10529.8	28
10530.1	22
10530.5	38
10530.8	27
10531.1	34
10531.5	44
10531.8	45
10532.1	59
10532.4	45
10532.8	31
10533.1	18
10533.4	30
10533.8	43
10534.1	41
10534.4	57
10534.7	43
10535.1	19
10535.4	29
10535.7	58
10536.1	58
10536.4	45
10536.7	23
10537	50
10537.4	39
10537.7	49
10538	36
10538.4	51
10538.7	45
10539	45
10539.3	38
10539.7	48
10540	29
10540.3	18
10540.7	38
10541	23
10541.3	52
10541.6	28
10542	39
10542.3	41
10542.6	51
10543	42
10543.3	46
10543.6	31
10543.9	26
10544.3	35
10544.6	29
10544.9	29
10545.3	65
10545.6	23
10545.9	19
10546.2	42
10546.6	54
10546.9	42
10547.2	51
10547.6	43
10547.9	41
10548.2	41
10548.5	61
10548.9	45
10549.2	31
10549.5	26
10549.9	52
10550.2	42
10550.5	36
10550.8	39
10551.2	43
10551.5	42
10551.8	41
10552.1	48
10552.5	37
10552.8	25
10553.1	33
10553.5	32
10553.8	58
10554.1	58
10554.4	34
10554.8	34
10555.1	44
10555.4	29
10555.7	37
10556.1	43
10556.4	49
10556.7	44
10557.1	30
10557.4	34
10557.7	61
10558	36
10558.4	30
10558.7	33
10559	37
10559.3	48
10559.7	40
10560	39
10560.3	34
10560.7	38
10561	60
10561.3	32
10561.6	41
10562	51
10562.3	41
10562.6	40
10562.9	44
10563.3	40
10563.6	31
10563.9	34
10564.2	58
10564.6	40
10564.9	26
10565.2	33
10565.5	35
10565.9	43
10566.2	38
10566.5	37
10566.9	42
10567.2	37
10567.5	33
10567.8	49
10568.2	56
10568.5	37
10568.8	32
10569.1	56
10569.5	50
10569.8	34
10570.1	48
10570.4	42
10570.8	24
10571.1	45
10571.4	53
10571.7	44
10572.1	39
10572.4	40
10572.7	44
10573	46
10573.4	36
10573.7	49
10574	42
10574.3	36
10574.7	43
10575	20
10575.3	30
10575.6	47
10576	42
10576.3	55
10576.6	44
10576.9	33
10577.3	47
10577.6	47
10577.9	33
10578.2	42
10578.6	36
10578.9	35
10579.2	41
10579.5	46
10579.9	23
10580.2	46
10580.5	43
10580.8	50
10581.2	39
10581.5	27
10581.8	33
10582.1	53
10582.5	37
10582.8	55
10583.1	41
10583.4	38
10583.8	48
10584.1	68
10584.4	43
10584.7	40
10585.1	43
10585.4	66
10585.7	52
10586	45
10586.4	44
10586.7	41
10587	35
10587.3	36
10587.7	38
10588	46
10588.3	34
10588.6	27
10589	44
10589.3	41
10589.6	49
10589.9	49
10590.3	43
10590.6	44
10590.9	44
10591.2	46
10591.5	34
10591.9	35
10592.2	40
10592.5	46
10592.8	35
10593.2	37
10593.5	41
10593.8	30
10594.1	13
10594.5	31
10594.8	48
10595.1	38
10595.4	37
10595.8	30
10596.1	53
10596.4	28
10596.7	57
10597	34
10597.4	69
10597.7	30
10598	46
10598.3	46
10598.7	49
10599	48
10599.3	49
10599.6	39
10600	59
10600.3	54
10600.6	44
10600.9	34
10601.2	55
10601.6	41
10601.9	25
10602.2	48
10602.5	45
10602.9	49
10603.2	48
10603.5	30
10603.8	44
10604.2	32
10604.5	50
10604.8	44
10605.1	51
10605.4	56
10605.8	36
10606.1	17
10606.4	44
10606.7	65
10607.1	48
10607.4	24
10607.7	36
10608	38
10608.3	38
10608.7	42
10609	48
10609.3	32
10609.6	39
10610	43
10610.3	51
10610.6	56
10610.9	26
10611.2	39
10611.6	27
10611.9	39
10612.2	40
10612.5	33
10612.8	27
10613.2	25
10613.5	47
10613.8	38
10614.1	50
10614.5	71
10614.8	54
10615.1	29
10615.4	33
10615.7	21
10616.1	45
10616.4	49
10616.7	50
10617	32
10617.4	28
10617.7	52
10618	46
10618.3	27
10618.6	12
10619	50
10619.3	28
10619.6	45
10619.9	35
10620.2	38
10620.6	45
10620.9	34
10621.2	48
10621.5	51
10621.8	39
10622.2	32
10622.5	45
10622.8	36
10623.1	23
10623.4	35
10623.8	68
10624.1	38
10624.4	54
10624.7	37
10625.1	33
10625.4	52
10625.7	43
10626	35
10626.3	44
10626.7	50
10627	42
10627.3	45
10627.6	31
10627.9	22
10628.3	49
10628.6	37
10628.9	38
10629.2	23
10629.5	49
10629.9	48
10630.2	36
10630.5	21
10630.8	35
10631.1	38
10631.5	54
10631.8	50
10632.1	32
10632.4	53
10632.7	33
10633.1	57
10633.4	47
10633.7	46
10634	22
10634.3	18
10634.7	34
10635	31
10635.3	47
10635.6	25
10635.9	51
10636.3	49
10636.6	51
10636.9	45
10637.2	48
10637.5	31
10637.8	40
10638.2	17
10638.5	44
10638.8	30
10639.1	49
10639.4	32
10639.8	32
10640.1	50
10640.4	61
10640.7	56
10641	40
10641.4	34
10641.7	27
10642	38
10642.3	34
10642.6	32
10643	31
10643.3	41
10643.6	37
10643.9	37
10644.2	50
10644.5	39
10644.9	30
10645.2	42
10645.5	40
10645.8	17
10646.1	39
10646.5	23
10646.8	33
10647.1	44
10647.4	38
10647.7	23
10648.1	37
10648.4	20
10648.7	32
10649	41
10649.3	35
10649.6	36
10650	46
10650.3	32
10650.6	42
10650.9	37
10651.2	32
10651.6	29
10651.9	36
10652.2	47
10652.5	36
10652.8	40
10653.1	30
10653.5	44
10653.8	35
10654.1	32
10654.4	58
10654.7	29
10655	26
10655.4	29
10655.7	44
10656	27
10656.3	32
10656.6	27
10657	24
10657.3	28
10657.6	57
10657.9	28
10658.2	27
10658.5	40
10658.9	50
10659.2	56
10659.5	26
10659.8	59
10660.1	34
10660.4	35
10660.8	36
10661.1	41
10661.4	45
10661.7	61
10662	29
10662.3	28
10662.7	38
10663	46
10663.3	42
10663.6	40
10663.9	28
10664.2	35
10664.6	17
10664.9	55
10665.2	40
10665.5	38
10665.8	57
10666.1	36
10666.5	41
10666.8	42
10667.1	37
10667.4	34
10667.7	44
10668	24
10668.4	41
10668.7	50
10669	31
10669.3	34
10669.6	40
10669.9	44
10670.3	45
10670.6	37
10670.9	45
10671.2	42
10671.5	46
10671.8	36
10672.2	36
10672.5	48
10672.8	25
10673.1	43
10673.4	32
10673.7	40
10674.1	26
10674.4	32
10674.7	41
10675	30
10675.3	36
10675.6	25
10675.9	32
10676.3	36
10676.6	33
10676.9	44
10677.2	40
10677.5	34
10677.8	42
10678.2	44
10678.5	36
10678.8	34
10679.1	41
10679.4	37
10679.7	26
10680	36
10680.4	39
10680.7	38
10681	26
10681.3	35
10681.6	46
10681.9	43
10682.3	31
10682.6	19
10682.9	13
10683.2	19
10683.5	39
10683.8	47
10684.1	23
10684.5	32
10684.8	33
10685.1	39
10685.4	29
10685.7	43
10686	50
10686.3	30
10686.7	27
10687	38
10687.3	49
10687.6	35
10687.9	25
10688.2	23
10688.6	43
10688.9	34
10689.2	47
10689.5	30
10689.8	25
10690.1	27
10690.4	55
10690.8	45
10691.1	51
10691.4	28
10691.7	29
10692	51
10692.3	46
10692.6	33
10693	30
10693.3	44
10693.6	39
10693.9	27
10694.2	40
10694.5	51
10694.8	48
10695.1	25
10695.5	39
10695.8	32
10696.1	39
10696.4	34
10696.7	28
10697	35
10697.3	38
10697.7	47
10698	31
10698.3	36
10698.6	19
10698.9	43
10699.2	33
10699.5	31
10699.9	30
10700.2	21
10700.5	21
10700.8	54
10701.1	31
10701.4	43
10701.7	40
10702	34
10702.4	59
10702.7	39
10703	37
10703.3	34
10703.6	19
10703.9	23
10704.2	39
10704.6	36
10704.9	39
10705.2	37
10705.5	39
10705.8	47
10706.1	34
10706.4	35
10706.7	34
10707.1	11
10707.4	21
10707.7	47
10708	29
10708.3	33
10708.6	29
10708.9	30
10709.2	51
10709.6	24
10709.9	32
10710.2	22
10710.5	19
10710.8	33
10711.1	38
10711.4	36
10711.7	43
10712.1	25
10712.4	32
10712.7	47
10713	40
10713.3	47
10713.6	34
10713.9	26
10714.2	41
10714.5	26
10714.9	33
10715.2	43
10715.5	53
10715.8	32
10716.1	29
10716.4	34
10716.7	37
10717	38
10717.4	28
10717.7	34
10718	39
10718.3	36
10718.6	41
10718.9	32
10719.2	43
10719.5	35
10719.8	42
10720.2	40
10720.5	45.8505
10720.8	32.6674
10721.1	48.4261
10721.4	42.3762
10721.7	35.5546
10722	32.8218
10722.3	31.499
10722.7	41.0656
10723	31.8156
10723.3	44.9108
10723.6	48.2774
10723.9	18.672
10724.2	45.5562
10724.5	36.0338
10724.8	12.0641
10725.1	44.1543
10725.5	45.4178
10725.8	33.5213
10726.1	32.1169
10726.4	38.1139
10726.7	36.1123
10727	31.5362
10727.3	8.2986
10727.6	19.2456
10727.9	35.0817
10728.2	21.4989
10728.6	30.4275
10728.9	26.634
10729.2	26.4896
10729.5	35.8317
10729.8	27.8467
10730.1	44.0842
10730.4	31.977
10730.7	27.8516
10731	29.4301
10731.4	14.5983
10731.7	25.4182
10732	30.0206
10732.3	24.8806
10732.6	33.9495
10732.9	20.6497
10733.2	28.3025
10733.5	25.1587
10733.8	27.3468
10734.1	18.0648
10734.5	31.5223
10734.8	30.2598
10735.1	44.8225
10735.4	35.3957
10735.7	32.4137
10736	38.0127
10736.3	23.6092
10736.6	34.7231
10736.9	21.2721
10737.2	26.1314
10737.6	16.8913
10737.9	42.176
10738.2	28.5165
10738.5	13.8954
10738.8	35.7898
10739.1	22.383
10739.4	31.6178
10739.7	26.4543
10740	31.9772
10740.3	31.5523
10740.7	29.6998
10741	31.3653
10741.3	29.5289
10741.6	31.3603
10741.9	25.3052
10742.2	22.7569
10742.5	29.9714
10742.8	27.2952
10743.1	23.5528
10743.4	25.4529
10743.7	25.9066
10744.1	20.7019
10744.4	28.8022
10744.7	37.8574
10745	32.1032
10745.3	31.4329
10745.6	28.718
10745.9	33.9156
10746.2	37.5447
10746.5	38.8702
10746.8	25.9904
10747.1	28.9735
10747.5	26.8535
10747.8	22.9733
10748.1	29.4777
10748.4	30.527
10748.7	36.5644
10749	20.5527
10749.3	6.82424
10749.6	18.0237
10749.9	26.453
10750.2	24.5792
10750.5	17.1001
10750.8	6.14058
10751.2	10.1394
10751.5	23.209
10751.7	30
10752	20
10752.3	13
10752.6	20
10752.9	1
10753.2	29
10753.5	24
10753.8	28
10754.1	22
10754.5	4
10754.8	30
10755.1	30
10755.4	34
10755.7	31
10756	34
10756.3	39
10756.6	33
10756.9	23
10757.3	31
10757.6	31
10757.9	19
10758.2	28
10758.5	27
10758.8	31
10759.1	21
10759.4	25
10759.7	22
10760	35
10760.4	27
10760.7	50
10761	20
10761.3	43
10761.6	33
10761.9	31
10762.2	41
10762.5	30
10762.8	19
10763.1	30
10763.5	25
10763.8	26
10764.1	27
10764.4	37
10764.7	23
10765	44
10765.3	31
10765.6	27
10765.9	18
10766.2	33
10766.6	42
10766.9	41
10767.2	33
10767.5	31
10767.8	24
10768.1	43
10768.4	28
10768.7	32
10769	49
10769.3	52
10769.6	31
10770	36
10770.3	52
10770.6	42
10770.9	42
10771.2	35
10771.5	42
10771.8	28
10772.1	49
10772.4	39
10772.7	25
10773	37
10773.4	46
10773.7	36
10774	39
10774.3	42
10774.6	38
10774.9	37
10775.2	48
10775.5	23
10775.8	45
10776.1	31
10776.4	24
10776.8	42
10777.1	39
10777.4	42
10777.7	21
10778	44
10778.3	35
10778.6	33
10778.9	29
10779.2	34
10779.5	46
10779.8	19
10780.1	34
10780.5	46
10780.8	53
10781.1	27
10781.4	33
10781.7	41
10782	57
10782.3	50
10782.6	47
10782.9	44
10783.2	28
10783.5	36
10783.8	27
10784.2	21
10784.5	36
10784.8	48
10785.1	34
10785.4	35
10785.7	34
10786	26
10786.3	48
10786.6	33
10786.9	39
10787.2	43
10787.5	41
10787.8	34
10788.2	36
10788.5	27
10788.8	37
10789.1	28
10789.4	41
10789.7	42
10790	17
10790.3	52
10790.6	48
10790.9	46
10791.2	47
10791.5	40
10791.8	48
10792.2	28
10792.5	37
10792.8	43
10793.1	48
10793.4	24
10793.7	50
10794	28
10794.3	39
10794.6	26
10794.9	52
10795.2	25
10795.5	44
10795.8	39
10796.1	57
10796.5	24
10796.8	34
10797.1	50
10797.4	41
10797.7	52
10798	36
10798.3	11
10798.6	33
10798.9	32
10799.2	58
10799.5	48
10799.8	55
10800.1	34
10800.4	34
10800.7	39
10801.1	64
10801.4	35
10801.7	11
10802	33
10802.3	45
10802.6	52
10802.9	27
10803.2	35
10803.5	46
10803.8	52
10804.1	30
10804.4	45
10804.7	21
10805	21
10805.3	34
10805.6	47
10806	54
10806.3	30
10806.6	44
10806.9	35
10807.2	33
10807.5	31
10807.8	41
10808.1	26
10808.4	19
10808.7	42
10809	33
10809.3	32
10809.6	37
10809.9	29
10810.2	57
10810.5	36
10810.8	26
10811.1	36
10811.5	26
10811.8	36
10812.1	32
10812.4	41
10812.7	28
10813	43
10813.3	32
10813.6	42
10813.9	40
10814.2	48
10814.5	41
10814.8	40
10815.1	15
10815.4	48
10815.7	36
10816	52
10816.3	40
10816.6	31
10816.9	54
10817.3	50
10817.6	48
10817.9	46
10818.2	29
10818.5	41
10818.8	31
10819.1	36
10819.4	51
10819.7	20
10820	38
10820.3	45
10820.6	36
10820.9	63
10821.2	52
10821.5	35
10821.8	44
10822.1	34
10822.4	51
10822.7	32
10823	43
10823.3	44
10823.7	45
10824	33
10824.3	36
10824.6	39
10824.9	32
10825.2	18
10825.5	38
10825.8	30
10826.1	61
10826.4	28
10826.7	41
10827	41
10827.3	47
10827.6	50
10827.9	62
10828.2	48
10828.5	48
10828.8	49
10829.1	43
10829.4	47
10829.7	42
10830	20
10830.3	50
10830.6	41
10830.9	47
10831.2	57
10831.6	30
10831.9	37
10832.2	34
10832.5	45
10832.8	52
10833.1	45
10833.4	60
10833.7	55
10834	40
10834.3	44
10834.6	40
10834.9	36
10835.2	41
10835.5	20
10835.8	48
10836.1	36
10836.4	32
10836.7	28
10837	34
10837.3	36
10837.6	36
10837.9	32
10838.2	36
10838.5	53
10838.8	32
10839.1	36
10839.4	38
10839.7	40
10840	30
10840.3	40
10840.6	38
10841	43
10841.3	40
10841.6	43
10841.9	34
10842.2	35
10842.5	43
10842.8	38
10843.1	35
10843.4	39
10843.7	41
10844	51
10844.3	43
10844.6	45
10844.9	27
10845.2	46
10845.5	35
10845.8	59
10846.1	44
10846.4	35
10846.7	33
10847	29
10847.3	33
10847.6	42
10847.9	23
10848.2	30
10848.5	38
10848.8	44
10849.1	43
10849.4	35
10849.7	55
10850	35
10850.3	40
10850.6	51
10850.9	55
10851.2	59
10851.5	35
10851.8	22
10852.1	53
10852.4	51
10852.7	41
10853	47
10853.3	41
10853.6	38
10853.9	45
10854.2	40
10854.5	45
10854.8	40
10855.1	19
10855.4	40
10855.7	42
10856	62
10856.4	48
10856.7	31
10857	48
10857.3	43
10857.6	51
10857.9	44
10858.2	63
10858.5	34
10858.8	41
10859.1	23
10859.4	56
10859.7	53
10860	53
10860.3	56
10860.6	41
10860.9	34
10861.2	36
10861.5	14
10861.8	52
10862.1	42
10862.4	45
10862.7	46
10863	47
10863.3	50
10863.6	49
10863.9	36
10864.2	47
10864.5	39
10864.8	19
10865.1	30
10865.4	38
10865.7	39
10866	45
10866.3	27
10866.6	49
10866.9	39
10867.2	31
10867.5	44
10867.8	43
10868.1	36
10868.4	25
10868.7	49
10869	44
10869.3	37
10869.6	30
10869.9	44
10870.2	40
10870.5	36
10870.8	46
10871.1	41
10871.4	28
10871.7	38
10872	38
10872.3	43
10872.6	40
10872.9	30
10873.2	49
10873.5	53
10873.8	51
10874.1	42
10874.4	27
10874.7	28
10875	50
10875.3	49
10875.6	47
10875.9	43
10876.2	40
10876.5	35
10876.8	46
10877.1	53
10877.4	49
10877.7	46
10878	35
10878.3	39
10878.6	44
10878.9	32
10879.2	29
10879.5	43
10879.8	25
10880.1	58
10880.4	42
10880.7	52
10881	25
10881.3	20
10881.6	51
10881.9	57
10882.2	48
10882.5	38
10882.8	42
10883.1	35
10883.4	42
10883.6	46
10883.9	49
10884.2	35
10884.5	53
10884.8	25
10885.1	49
10885.4	60
10885.7	61
10886	40
10886.3	46
10886.6	28
10886.9	46
10887.2	34
10887.5	36
10887.8	13
10888.1	40
10888.4	43
10888.7	35
10889	26
10889.3	56
10889.6	40
10889.9	39
10890.2	27
10890.5	45
10890.8	50
10891.1	48
10891.4	59
10891.7	37
10892	30
10892.3	39
10892.6	30
10892.9	37
10893.2	54
10893.5	57
10893.8	27
10894.1	43
10894.4	44
10894.7	41
10895	60
10895.3	33
10895.6	41
10895.9	16
10896.2	36
10896.5	38
10896.8	36
10897.1	42
10897.4	54
10897.7	52
10898	41
10898.3	52
10898.6	37
10898.8	27
10899.1	32
10899.4	36
10899.7	50
10900	40
10900.3	45
10900.6	46
10900.9	42
10901.2	53
10901.5	40
10901.8	42
10902.1	27
10902.4	23
10902.7	42
10903	48
10903.3	31
10903.6	33
10903.9	59
10904.2	23
10904.5	56
10904.8	29
10905.1	54
10905.4	45
10905.7	31
10906	26
10906.3	58
10906.6	47
10906.9	46
10907.2	31
10907.5	53
10907.8	39
10908.1	53
10908.3	51
10908.6	53
10908.9	24
10909.2	27
10909.5	32
10909.8	35
10910.1	36
10910.4	28
10910.7	39
10911	38
10911.3	37
10911.6	30
10911.9	46
10912.2	41
10912.5	39
10912.8	40
10913.1	47
10913.4	23
10913.7	34
10914	41
10914.3	42
10914.6	41
10914.9	45
10915.2	29
10915.5	42
10915.8	47
10916	18
10916.3	32
10916.6	40
10916.9	51
10917.2	43
10917.5	33
10917.8	46
10918.1	50
10918.4	39
10918.7	51
10919	26
10919.3	33
10919.6	49
10919.9	35
10920.2	33
10920.5	21
10920.8	38
10921.1	44
10921.4	39
10921.7	24
10922	36
10922.3	29
10922.5	32
10922.8	41
10923.1	20
10923.4	74
10923.7	28
10924	42
10924.3	42
10924.6	30
10924.9	49
10925.2	34
10925.5	39
10925.8	49
10926.1	45
10926.4	34
10926.7	15
10927	31
10927.3	50
10927.6	26
10927.9	41
10928.1	49
10928.4	47
10928.7	41
10929	59
10929.3	46
10929.6	26
10929.9	33
10930.2	30
10930.5	49
10930.8	39
10931.1	37
10931.4	44
10931.7	67
10932	38
10932.3	39
10932.6	24
10932.9	30
10933.2	25
10933.4	41
10933.7	39
10934	30
10934.3	45
10934.6	24
10934.9	34
10935.2	35
10935.5	41
10935.8	34
10936.1	48
10936.4	13
10936.7	51
10937	40
10937.3	45
10937.6	20
10937.9	50
10938.1	39
10938.4	56
10938.7	36
10939	40
10939.3	35
10939.6	29
10939.9	46
10940.2	46
10940.5	28
10940.8	51
10941.1	40
10941.4	47
10941.7	37
10942	42
10942.3	47
10942.5	28
10942.8	23
10943.1	46
10943.4	35
10943.7	19
10944	36
10944.3	41
10944.6	57
10944.9	47
10945.2	49
10945.5	44
10945.8	24
10946.1	10
10946.4	41
10946.7	50
10946.9	42
10947.2	34
10947.5	49
10947.8	44
10948.1	41
10948.4	25
10948.7	47
10949	22
10949.3	46
10949.6	38
10949.9	24
10950.2	31
10950.5	57
10950.7	57
10951	29
10951.3	52
10951.6	43
10951.9	26
10952.2	44
10952.5	28
10952.8	42
10953.1	49
10953.4	51
10953.7	52
10954	36
10954.3	45
10954.5	48
10954.8	19
10955.1	40
10955.4	40
10955.7	32
10956	34
10956.3	49
10956.6	54
10956.9	48
10957.2	26
10957.5	37
10957.8	54
10958.1	41
10958.3	28
10958.6	27
10958.9	36
10959.2	39
10959.5	54
10959.8	48
10960.1	57
10960.4	30
10960.7	37
10961	35
10961.3	40
10961.6	42
10961.8	35
10962.1	52
10962.4	49
10962.7	34
10963	57
10963.3	29
10963.6	16
10963.9	48
10964.2	29
10964.5	40
10964.8	42
10965	38
10965.3	34
10965.6	40
10965.9	30
10966.2	43
10966.5	41
10966.8	27
10967.1	26
10967.4	37
10967.7	45
10968	20
10968.2	11
10968.5	35
10968.8	48
10969.1	50
10969.4	46
10969.7	31
10970	41
10970.3	34
10970.6	31
10970.9	47
10971.2	45
10971.4	32
10971.7	45
10972	33
10972.3	47
10972.6	30
10972.9	30
10973.2	22
10973.5	38
10973.8	51
10974.1	33
10974.3	37
10974.6	45
10974.9	41
10975.2	31
10975.5	46
10975.8	26
10976.1	40
10976.4	24
10976.7	23
10977	39
10977.3	53
10977.5	36
10977.8	56
10978.1	49
10978.4	31
10978.7	36
10979	60
10979.3	36
10979.6	26
10979.9	27
10980.2	34
10980.4	44
10980.7	28
10981	41
10981.3	27
10981.6	45
10981.9	28
10982.2	28
10982.5	20
10982.8	41
10983	10
10983.3	40
10983.6	38
10983.9	24
10984.2	44
10984.5	23
10984.8	48
10985.1	43
10985.4	38
10985.7	36
10985.9	37
10986.2	48
10986.5	29
10986.8	69
10987.1	40
10987.4	12
10987.7	16
10988	38
10988.3	46
10988.5	52
10988.8	34
10989.1	42
10989.4	41
10989.7	35
10990	36
10990.3	41
10990.6	35
10990.9	34
10991.1	35
10991.4	32
10991.7	46
10992	23
10992.3	33
10992.6	57
10992.9	30
10993.2	43
10993.5	43
10993.7	14
10994	34
10994.3	41
10994.6	29
10994.9	35
10995.2	31
10995.5	23
10995.8	38
10996	30
10996.3	45
10996.6	47
10996.9	7
10997.2	29
10997.5	37
10997.8	39.8922
10998.1	34.7917
10998.4	34.6648
10998.6	26.1162
10998.9	51.2663
10999.2	33.7407
10999.5	43.9264
10999.8	33.2707
11000.1	24.4983
11000.4	29.6708
11000.7	27.7077
11000.9	30.0475
11001.2	36.0742
11001.5	32.846
11001.8	44.421
11002.1	41.4311
11002.4	33.7456
11002.7	56.1611
11003	25.9229
11003.2	30.316
11003.5	38.3355
11003.8	13.7628
11004.1	39.6828
11004.4	29.4777
11004.7	42.9568
11005	41.3316
11005.3	39.736
11005.5	42.3878
11005.8	35.5822
11006.1	27.5899
11006.4	24.57
11006.7	39.3477
11007	32.6958
11007.3	38.5836
11007.6	27.2568
11007.8	38.0227
11008.1	35.3257
11008.4	37.9589
11008.7	30.0811
11009	25.0687
11009.3	23.6605
11009.6	37.5219
11009.9	36.051
11010.1	34.5361
11010.4	29.9639
11010.7	12.9863
11011	35.1372
11011.3	24.2893
11011.6	23.7067
11011.9	39.5543
11012.1	30.5357
11012.4	23.4461
11012.7	26.322
11013	30.1476
11013.3	39.2622
11013.6	29.5069
11013.9	20.7849
11014.2	39.9448
11014.4	29.8653
11014.7	35.3616
11015	33.3741
11015.3	28.0972
11015.6	29.6447
11015.9	24.0498
11016.2	34.7827
11016.4	31.4508
11016.7	36.6034
11017	15.9029
11017.3	30.0792
11017.6	13.2597
11017.9	39.5356
11018.2	48.5239
11018.5	29.767
11018.7	10.8382
11019	32.3633
11019.3	28.0702
11019.6	44.5548
11019.9	24.584
11020.2	24.8226
11020.5	27.6224
11020.7	27.4219
11021	42.7248
11021.3	24.4851
11021.6	18.204
11021.9	28.3034
11022.2	26.6408
11022.5	39.046
11022.7	30.8015
11023	28.4628
11023.3	22.1594
11023.6	29.3771
11023.9	27.0339
11024.2	33.1958
11024.5	18.8248
11024.7	10.3661
11025	34.0303
11025.3	17.3029
11025.6	32.3427
11025.9	21.2151
11026.2	25.5719
11026.5	42.116
11026.7	33.3104
11026.8	28
11027.1	26
11027.4	13
11027.7	14
11028	19
11028.3	52
11028.5	21
11028.8	40
11029.1	23
11029.4	31
11029.7	26
11030	24
11030.3	36
11030.6	25
11030.8	19
11031.1	25
11031.4	28
11031.7	30
11032	24
11032.3	31
11032.6	26
11032.9	28
11033.1	29
11033.4	48
11033.7	45
11034	17
11034.3	18
11034.6	30
11034.9	40
11035.2	20
11035.4	24
11035.7	37
11036	41
11036.3	48
11036.6	44
11036.9	32
11037.2	24
11037.5	22
11037.7	34
11038	46
11038.3	26
11038.6	32
11038.9	19
11039.2	19
11039.5	25
11039.7	45
11040	50
11040.3	43
11040.6	9
11040.9	20
11041.2	42
11041.5	33
11041.8	33
11042	50
11042.3	30
11042.6	43
11042.9	30
11043.2	26
11043.5	39
11043.8	37
11044	37
11044.3	33
11044.6	23
11044.9	37
11045.2	34
11045.5	22
11045.8	50
11046	37
11046.3	34
11046.6	37
11046.9	47
11047.2	29
11047.5	34
11047.8	35
11048.1	26
11048.3	27
11048.6	36
11048.9	41
11049.2	55
11049.5	39
11049.8	47
11050.1	32
11050.3	48
11050.6	57
11050.9	41
11051.2	39
11051.5	32
11051.8	38
11052.1	48
11052.3	16
11052.6	47
11052.9	32
11053.2	37
11053.5	48
11053.8	40
11054.1	47
11054.3	44
11054.6	10
11054.9	24
11055.2	28
11055.5	35
11055.8	40
11056	33
11056.3	40
11056.6	44
11056.9	49
11057.2	38
11057.5	40
11057.8	18
11058	36
11058.3	48
11058.6	27
11058.9	46
11059.2	27
11059.5	18
11059.8	32
11060	27
11060.3	65
11060.6	35
11060.9	13
11061.2	44
11061.5	43
11061.7	38
11062	39
11062.3	46
11062.6	36
11062.9	39
11063.2	35
11063.5	57
11063.7	43
11064	8
11064.3	49
11064.6	35
11064.9	30
11065.2	41
11065.4	36
11065.7	30
11066	29
11066.3	35
11066.6	48
11066.9	44
11067.2	29
11067.4	26
11067.7	39
11068	24
11068.3	40
11068.6	38
11068.9	37
11069.1	47
11069.4	42
11069.7	58
11070	19
11070.3	36
11070.6	39
11070.8	39
11071.1	53
11071.4	35
11071.7	36
11072	43
11072.3	31
11072.5	44
11072.8	53
11073.1	26
11073.4	33
11073.7	29
11074	36
11074.3	46
11074.5	33
11074.8	34
11075.1	46
11075.4	24
11075.7	63
11076	48
11076.2	39
11076.5	37
11076.8	26
11077.1	47
11077.4	66
11077.7	19
11077.9	44
11078.2	33
11078.5	51
11078.8	51
11079.1	37
11079.4	34
11079.6	42
11079.9	51
11080.2	41
11080.5	56
11080.8	15
11081.1	33
11081.3	47
11081.6	30
11081.9	34
11082.2	41
11082.5	24
11082.7	49
11083	33
11083.3	55
11083.6	52
11083.9	42
11084.2	36
11084.4	40
11084.7	35
11085	52
11085.3	43
11085.6	54
11085.9	46
11086.1	33
11086.4	36
11086.7	45
11087	43
11087.3	15
11087.6	32
11087.8	38
11088.1	32
11088.4	41
11088.7	53
11089	28
11089.2	59
11089.5	44
11089.8	46
11090.1	52
11090.4	32
11090.7	43
11090.9	50
11091.2	31
11091.5	44
11091.8	42
11092.1	57
11092.3	53
11092.6	33
11092.9	24
11093.2	37
11093.5	28
11093.8	30
11094	37
11094.3	44
11094.6	38
11094.9	36
11095.2	43
11095.4	41
11095.7	38
11096	45
11096.3	36
11096.6	27
11096.9	46
11097.1	37
11097.4	48
11097.7	48
11098	31
11098.3	45
11098.5	50
11098.8	36
11099.1	42
11099.4	39
11099.7	10
11100	45
11100.2	72
11100.5	39
11100.8	55
11101.1	29
11101.4	24
11101.6	48
11101.9	49
11102.2	61
11102.5	42
11102.8	26
11103	44
11103.3	26
11103.6	40
11103.9	49
11104.2	41
11104.4	42
11104.7	37
11105	44
11105.3	60
11105.6	42
11105.9	45
11106.1	44
11106.4	52
11106.7	38
11107	53
11107.3	50
11107.5	56
11107.8	36
11108.1	39
11108.4	50
11108.7	41
11108.9	60
11109.2	50
11109.5	27
11109.8	57
11110.1	30
11110.3	32
11110.6	25
11110.9	31
11111.2	42
11111.5	45
11111.7	48
11112	54
11112.3	39
11112.6	37
11112.9	52
11113.1	46
11113.4	37
11113.7	49
11114	38
11114.3	34
11114.5	29
11114.8	46
11115.1	56
11115.4	51
11115.7	45
11115.9	74
11116.2	31
11116.5	36
11116.8	39
11117.1	34
11117.3	49
11117.6	39
11117.9	64
11118.2	31
11118.5	41
11118.7	46
11119	41
11119.3	42
11119.6	43
11119.9	54
11120.1	47
11120.4	40
11120.7	39
11121	47
11121.3	45
11121.5	57
11121.8	36
11122.1	45
11122.4	43
11122.7	30
11122.9	38
11123.2	34
11123.5	50
11123.8	43
11124	41
11124.3	53
11124.6	29
11124.9	57
11125.2	41
11125.4	28
11125.7	18
11126	48
11126.3	38
11126.6	48
11126.8	54
11127.1	47
11127.4	50
11127.7	41
11128	48
11128.2	39
11128.5	53
11128.8	45
11129.1	52
11129.3	62
11129.6	27
11129.9	26
11130.2	44
11130.5	28
11130.7	61
11131	47
11131.3	47
11131.6	54
11131.9	20
11132.1	18
11132.4	37
11132.7	69
11133	45
11133.2	34
11133.5	29
11133.8	52
11134.1	44
11134.4	46
11134.6	59
11134.9	38
11135.2	40
11135.5	64
11135.7	33
11136	41
11136.3	33
11136.6	40
11136.9	36
11137.1	48
11137.4	48
11137.7	36
11138	32
11138.2	54
11138.5	44
11138.8	50
11139.1	48
11139.4	32
11139.6	39
11139.9	54
11140.2	29
11140.5	52
11140.7	52
11141	45
11141.3	53
11141.6	52
11141.9	60
11142.1	30
11142.4	38
11142.7	42
11143	38
11143.2	38
11143.5	35
11143.8	43
11144.1	51
11144.4	53
11144.6	31
11144.9	57
11145.2	41
11145.5	43
11145.7	46
11146	37
11146.3	50
11146.6	44
11146.8	25
11147.1	39
11147.4	34
11147.7	43
11148	62
11148.2	24
11148.5	25
11148.8	41
11149.1	51
11149.3	47
11149.6	42
11149.9	38
11150.2	34
11150.4	49
11150.7	31
11151	53
11151.3	47
11151.6	31
11151.8	40
11152.1	27
11152.4	42
11152.7	37
11152.9	31
11153.2	26
11153.5	45
11153.8	49
11154	50
11154.3	41
11154.6	25
11154.9	48
11155.1	48
11155.4	41
11155.7	48
11156	42
11156.3	46
11156.5	44
11156.8	42
11157.1	28
11157.4	41
11157.6	59
11157.9	62
11158.2	39
11158.5	26
11158.7	34
11159	23
11159.3	43
11159.6	47
11159.8	45
11160.1	47
11160.4	23
11160.7	23
11160.9	61
11161.2	34
11161.5	35
11161.8	27
11162	49
11162.3	24
11162.6	27
11162.9	51
11163.1	53
11163.4	34
11163.7	54
11164	49
11164.2	45
11164.5	50
11164.8	39
11165.1	11
11165.3	30
11165.6	50
11165.9	41
11166.2	55
11166.5	39
11166.7	29
11167	25
11167.3	38
11167.6	59
11167.8	33
11168.1	48
11168.4	48
11168.7	39
11168.9	49
11169.2	26
11169.5	30
11169.8	46
11170	39
11170.3	44
11170.6	39
11170.9	45
11171.1	37
11171.4	47
11171.7	42
11172	49
11172.2	22
11172.5	50
11172.8	39
11173	49
11173.3	26
11173.6	41
11173.9	35
11174.1	37
11174.4	32
11174.7	21
11175	50
11175.2	45
11175.5	34
11175.8	48
11176.1	50
11176.3	37
11176.6	42
11176.9	29
11177.2	6
11177.4	39
11177.7	44
11178	39
11178.3	62
11178.5	47
11178.8	45
11179.1	44
11179.4	39
11179.6	37
11179.9	41
11180.2	32
11180.5	50
11180.7	37
11181	48
11181.3	58
11181.6	40
11181.8	41
11182.1	44
11182.4	56
11182.6	37
11182.9	36
11183.2	32
11183.5	54
11183.7	38
11184	38
11184.3	22
11184.6	44
11184.8	41
11185.1	49
11185.4	47
11185.7	39
11185.9	26
11186.2	36
11186.5	44
11186.8	43
11187	39
11187.3	31
11187.6	38
11187.8	34
11188.1	41
11188.4	19
11188.7	43
11188.9	55
11189.2	23
11189.5	32
11189.8	41
11190	45
11190.3	31
11190.6	49
11190.8	24
11191.1	28
11191.4	40
11191.7	49
11191.9	36
11192.2	40
11192.5	36
11192.8	30
11193	60
11193.3	28
11193.6	22
11193.8	42
11194.1	29
11194.4	38
11194.7	42
11194.9	25
11195.2	31
11195.5	64
11195.8	29
11196	57
11196.3	28
11196.6	47
11196.8	50
11197.1	52
11197.4	54
11197.7	38
11197.9	35
11198.2	47
11198.5	38
11198.8	29
11199	39
11199.3	27
11199.6	31
11199.8	45
11200.1	38
11200.4	39
11200.7	43
11200.9	23
11201.2	46
11201.5	29
11201.7	43
11202	57
11202.3	47
11202.6	29
11202.8	40
11203.1	39
11203.4	46
11203.7	51
11203.9	24
11204.2	34
11204.5	39
11204.7	41
11205	23
11205.3	38
11205.6	17
11205.8	41
11206.1	50
11206.4	47
11206.6	37
11206.9	50
11207.2	26
11207.5	29
11207.7	51
11208	44
11208.3	49
11208.5	45
11208.8	46
11209.1	27
11209.4	24
11209.6	28
11209.9	40
11210.2	43
11210.4	35
11210.7	46
11211	50
11211.3	50
11211.5	39
11211.8	17
11212.1	23
11212.3	33
11212.6	43
11212.9	47
11213.2	18
11213.4	35
11213.7	38
11214	37
11214.2	39
11214.5	33
11214.8	41
11215	45
11215.3	34
11215.6	45
11215.9	56
11216.1	24
11216.4	36
11216.7	57
11216.9	34
11217.2	34
11217.5	22
11217.8	28
11218	46
11218.3	33
11218.6	5
11218.8	39
11219.1	24
11219.4	35
11219.7	34
11219.9	48
11220.2	39
11220.5	36
11220.7	27
11221	45
11221.3	44
11221.5	7
11221.8	30
11222.1	49
11222.4	50
11222.6	34
11222.9	33
11223.2	41
11223.4	44
11223.7	41
11224	35
11224.2	40
11224.5	42
11224.8	38
11225.1	34
11225.3	53
11225.6	34
11225.9	47
11226.1	35
11226.4	61
11226.7	24
11226.9	37
11227.2	39
11227.5	43
11227.8	48
11228	26
11228.3	34
11228.6	31
11228.8	39
11229.1	28
11229.4	37
11229.6	51
11229.9	17
11230.2	39
11230.4	40
11230.7	10
11231	29
11231.3	40
11231.5	27
11231.8	42
11232.1	37
11232.3	24
11232.6	52
11232.9	53
11233.1	53
11233.4	32
11233.7	26
11233.9	30
11234.2	34
11234.5	36
11234.8	38
11235	29
11235.3	25
11235.6	47
11235.8	50
11236.1	45
11236.4	32
11236.6	28
11236.9	49
11237.2	31
11237.4	38
11237.7	32
11238	26
11238.3	48
11238.5	37
11238.8	43
11239.1	50
11239.3	35
11239.6	20
11239.9	48
11240.1	33
11240.4	21
11240.7	55
11240.9	32
11241.2	30
11241.5	38
11241.7	60
11242	43
11242.3	36
11242.5	13
11242.8	27
11243.1	36
11243.4	45
11243.6	22
11243.9	50
11244.2	25
11244.4	34
11244.7	34
11245	29
11245.2	29
11245.5	24
11245.8	21
11246	25
11246.3	50
11246.6	28
11246.8	30
11247.1	40
11247.4	30
11247.6	39
11247.9	30
11248.2	21
11248.4	26
11248.7	27
11249	35
11249.2	47
11249.5	22
11249.8	33
11250.1	43
11250.3	47
11250.6	43
11250.9	43
11251.1	36
11251.4	33
11251.7	39
11251.9	47
11252.2	33
11252.5	34
11252.7	16
11253	45
11253.3	41
11253.5	46
11253.8	37
11254.1	28
11254.3	50
11254.6	38
11254.9	36.9451
11255.1	41.8104
11255.4	18.1125
11255.7	32.4065
11255.9	30.8834
11256.2	22.8067
11256.5	47.6382
11256.7	44.7421
11257	45.6707
11257.3	32.6509
11257.5	39.6215
11257.8	49.1521
11258.1	42.3411
11258.3	23.0639
11258.6	21.9136
11258.9	29.0987
11259.1	32.8263
11259.4	44.6357
11259.7	31
11259.9	39.9074
11260.2	36.1522
11260.5	16.7409
11260.7	33.1392
11261	33.6366
11261.3	35.6865
11261.5	30.2057
11261.8	35.9384
11262.1	34.0848
11262.3	35.9467
11262.6	31.1971
11262.9	28.9923
11263.1	25.9834
11263.4	32.8863
11263.7	42.055
11263.9	33.3382
11264.2	36.7738
11264.5	27.0456
11264.7	28.7009
11265	39.5463
11265.3	31.781
11265.5	27.7948
11265.8	33.516
11266.1	29.9647
11266.3	25.2697
11266.6	49.9219
11266.9	26.781
11267.1	23.5834
11267.4	34.9814
11267.7	33.9399
11267.9	31.2323
11268.2	35.7403
11268.5	33.2462
11268.7	34.2053
11269	27.2414
11269.3	29.5495
11269.5	42.9774
11269.8	33.5812
11270.1	29.0458
11270.3	19.0045
11270.6	20.3723
11270.9	31.9517
11271.1	31.8145
11271.4	31.9363
11271.7	31.8873
11271.9	25.1428
11272.2	32.7035
11272.5	35.1139
11272.7	42.4118
11273	35.0294
11273.2	29.2078
11273.5	26.3397
11273.8	18.9427
11274	36.311
11274.3	34.5931
11274.6	31.1437
11274.8	29.9665
11275.1	33.4222
11275.4	30.3049
11275.6	32.0785
11275.9	26.6011
11276.2	23.1595
11276.4	14.2255
11276.7	20.3215
11277	32.6789
11277.2	35.2537
11277.5	32.2026
11277.8	27.6105
11278	18.8177
11278.3	24.9412
11278.6	24.1075
11278.8	25.4158
11279.1	30.531
11279.3	21.1886
11279.6	24.3814
11279.9	22.0258
11280.1	30.4614
11280.4	26.3475
11280.7	27.0961
11280.9	33.0201
11281.2	34.0786
11281.5	21.4743
11281.7	36.5127
11281.9	38
11282.2	14
11282.5	11
11282.7	21
11283	34
11283.3	29
11283.5	5
11283.8	21
11284.1	24
11284.3	17
11284.6	28
11284.9	40
11285.1	36
11285.4	24
11285.7	44
11285.9	34
11286.2	12
11286.5	10
11286.7	20
11287	28
11287.3	17
11287.5	46
11287.8	31
11288.1	22
11288.3	32
11288.6	40
11288.9	31
11289.1	37
11289.4	31
11289.7	44
11289.9	18
11290.2	35
11290.5	38
11290.7	35
11291	26
11291.3	43
11291.5	23
11291.8	25
11292.1	35
11292.3	33
11292.6	37
11292.9	27
11293.1	32
11293.4	25
11293.7	28
11293.9	28
11294.2	21
11294.5	28
11294.7	50
11295	34
11295.3	32
11295.5	24
11295.8	12
11296.1	35
11296.3	49
11296.6	10
11296.9	38
11297.1	46
11297.4	39
11297.6	24
11297.9	39
11298.2	33
11298.4	27
11298.7	35
11299	26
11299.2	27
11299.5	12
11299.8	23
11300	39
11300.3	39
11300.6	57
11300.8	72
11301.1	35
11301.4	29
11301.6	29
11301.9	36
11302.2	42
11302.4	33
11302.7	22
11303	40
11303.2	38
11303.5	41
11303.8	30
11304	41
11304.3	24
11304.6	39
11304.8	48
11305.1	23
11305.3	40
11305.6	34
11305.9	35
11306.1	40
11306.4	29
11306.7	44
11306.9	15
11307.2	23
11307.5	42
11307.7	40
11308	16
11308.3	35
11308.5	33
11308.8	37
11309.1	60
11309.3	60
11309.6	37
11309.9	32
11310.1	18
11310.4	42
11310.6	30
11310.9	32
11311.2	36
11311.4	53
11311.7	35
11312	23
11312.2	48
11312.5	52
11312.8	44
11313	21
11313.3	37
11313.6	52
11313.8	28
11314.1	26
11314.3	26
11314.6	22
11314.9	36
11315.1	30
11315.4	43
11315.7	27
11315.9	49
11316.2	48
11316.5	25
11316.7	37
11317	41
11317.3	40
11317.5	40
11317.8	52
11318	22
11318.3	44
11318.6	28
11318.8	26
11319.1	38
11319.4	35
11319.6	38
11319.9	40
11320.2	45
11320.4	21
11320.7	33
11320.9	27
11321.2	26
11321.5	32
11321.7	28
11322	28
11322.3	21
11322.5	47
11322.8	30
11323.1	26
11323.3	38
11323.6	50
11323.8	53
11324.1	47
11324.4	39
11324.6	47
11324.9	49
11325.2	52
11325.4	51
11325.7	45
11326	29
11326.2	44
11326.5	22
11326.7	33
11327	40
11327.3	18
11327.5	28
11327.8	41
11328.1	50
11328.3	28
11328.6	9
11328.8	40
11329.1	38
11329.4	39
11329.6	56
11329.9	26
11330.2	38
11330.4	57
11330.7	25
11331	36
11331.2	35
11331.5	43
11331.7	50
11332	36
11332.3	44
11332.5	51
11332.8	39
11333.1	31
11333.3	46
11333.6	42
11333.8	55
11334.1	51
11334.4	39
11334.6	37
11334.9	37
11335.2	53
11335.4	51
11335.7	31
11335.9	34
11336.2	38
11336.5	36
11336.7	49
11337	49
11337.3	49
11337.5	21
11337.8	32
11338	36
11338.3	50
11338.6	44
11338.8	36
11339.1	30
11339.4	62
11339.6	47
11339.9	66
11340.1	54
11340.4	25
11340.7	29
11340.9	57
11341.2	53
11341.4	45
11341.7	40
11342	30
11342.2	40
11342.5	52
11342.8	48
11343	38
11343.3	31
11343.5	54
11343.8	50
11344.1	40.5
11344.3	31
11344.6	51
11344.8	35
11345.1	33
11345.4	44
11345.6	59
11345.9	27
11346.2	25
11346.4	40
11346.7	44
11346.9	39
11347.2	51
11347.5	50
11347.7	40
11348	54
11348.2	43
11348.5	37
11348.8	65
11349	36
11349.3	45
11349.6	35
11349.8	52
11350.1	38
11350.3	34
11350.6	40
11350.9	45
11351.1	44
11351.4	55
11351.6	29
11351.9	54
11352.2	52
11352.4	48
11352.7	49
11352.9	32
11353.2	21
11353.5	52
11353.7	46
11354	34
11354.3	62
11354.5	48
11354.8	44
11355	23
11355.3	41
11355.6	43
11355.8	40
11356.1	30
11356.3	31
11356.6	52
11356.9	41
11357.1	28
11357.4	47
11357.6	49
11357.9	40
11358.2	46
11358.4	60
11358.7	39
11358.9	42
11359.2	58
11359.5	45
11359.7	36
11360	53
11360.2	41
11360.5	45
11360.8	26
11361	46
11361.3	40
11361.5	44
11361.8	40
11362.1	43
11362.3	55
11362.6	48
11362.8	48
11363.1	20
11363.4	63
11363.6	43
11363.9	46
11364.1	58
11364.4	48
11364.7	39
11364.9	45
11365.2	45
11365.4	45
11365.7	36
11366	51
11366.2	50
11366.5	40
11366.7	60
11367	34
11367.3	29
11367.5	45
11367.8	56
11368	52
11368.3	51
11368.6	48
11368.8	44
11369.1	48
11369.3	52
11369.6	41
11369.9	50
11370.1	36
11370.4	38
11370.6	52
11370.9	50
11371.2	49
11371.4	30
11371.7	29
11371.9	48
11372.2	35
11372.5	48
11372.7	39
11373	26
11373.2	46
11373.5	21
11373.7	38
11374	65
11374.3	31
11374.5	39
11374.8	44
11375	27
11375.3	42
11375.6	53
11375.8	51
11376.1	52
11376.3	45
11376.6	37
11376.9	52
11377.1	33
11377.4	48
11377.6	26
11377.9	30
11378.1	22
11378.4	28
11378.7	42
11378.9	41
11379.2	41
11379.4	39
11379.7	56
11380	41
11380.2	50
11380.5	38
11380.7	19
11381	46
11381.2	38
11381.5	47
11381.8	49
11382	43
11382.3	49
11382.5	51
11382.8	43
11383.1	42
11383.3	41
11383.6	36
11383.8	53
11384.1	53
11384.3	35
11384.6	40
11384.9	26
11385.1	46
11385.4	46
11385.6	31
11385.9	30
11386.2	25
11386.4	29
11386.7	39
11386.9	35
11387.2	39
11387.4	44
11387.7	46
11388	57
11388.2	57
11388.5	35
11388.7	32
11389	33
11389.2	32
11389.5	40
11389.8	35
11390	68
11390.3	46
11390.5	56
11390.8	50
11391.1	49
11391.3	58
11391.6	35
11391.8	52
11392.1	57
11392.3	46
11392.6	33
11392.9	49
11393.1	8
11393.4	66
11393.6	37
11393.9	54
11394.1	42
11394.4	30
11394.7	47
11394.9	36
11395.2	51
11395.4	33
11395.7	39
11395.9	13
11396.2	48
11396.5	29
11396.7	44
11397	29
11397.2	22
11397.5	54
11397.7	56
11398	50
11398.3	46
11398.5	35
11398.8	37
11399	52
11399.3	27
11399.5	29
11399.8	47
11400.1	60
11400.3	46
11400.6	25
11400.8	50
11401.1	45
11401.3	4
11401.6	53
11401.8	54
11402.1	49
11402.4	46
11402.6	50
11402.9	68
11403.1	53
11403.4	38
11403.6	63
11403.9	35
11404.2	36
11404.4	40
11404.7	21
11404.9	51
11405.2	31
11405.4	32
11405.7	32
11406	48
11406.2	29
11406.5	37
11406.7	32
11407	30
11407.2	36
11407.5	56
11407.7	38
11408	52
11408.3	43
11408.5	54
11408.8	36
11409	47
11409.3	48
11409.5	37
11409.8	41
11410	48
11410.3	29
11410.6	44
11410.8	24
11411.1	34
11411.3	28
11411.6	60
11411.8	34
11412.1	46
11412.3	47
11412.6	24
11412.9	42
11413.1	39
11413.4	39
11413.6	39
11413.9	48
11414.1	35
11414.4	39
11414.6	43
11414.9	49
11415.2	38
11415.4	25
11415.7	43
11415.9	39
11416.2	50
11416.4	23
11416.7	36
11416.9	59
11417.2	39
11417.5	35
11417.7	41
11418	56
11418.2	25
11418.5	39
11418.7	39
11419	52
11419.2	38
11419.5	48
11419.8	51
11420	47
11420.3	64
11420.5	49
11420.8	38
11421	21
11421.3	45
11421.5	38
11421.8	40
11422	39
11422.3	60
11422.6	34
11422.8	31
11423.1	56
11423.3	37
11423.6	24
11423.8	29
11424.1	41
11424.3	48
11424.6	46
11424.8	34
11425.1	52
11425.4	32
11425.6	46
11425.9	39
11426.1	45
11426.4	38
11426.6	66
11426.9	47
11427.1	31
11427.4	34
11427.6	25
11427.9	33
11428.2	45
11428.4	43
11428.7	43
11428.9	40
11429.2	36
11429.4	42
11429.7	55
11429.9	43
11430.2	28
11430.4	44
11430.7	43
11431	57
11431.2	43
11431.5	48
11431.7	34
11432	51
11432.2	30
11432.5	41
11432.7	42
11433	35
11433.2	25
11433.5	33
11433.7	36
11434	45
11434.3	45
11434.5	50
11434.8	60
11435	38
11435.3	40
11435.5	48
11435.8	33
11436	40
11436.3	35
11436.5	34
11436.8	56
11437	32
11437.3	20
11437.5	23
11437.8	41
11438.1	32
11438.3	50
11438.6	50
11438.8	51
11439.1	24
11439.3	44
11439.6	43
11439.8	51
11440.1	41
11440.3	38
11440.6	40
11440.8	29
11441.1	47
11441.3	36
11441.6	55
11441.9	36
11442.1	56
11442.4	27
11442.6	48
11442.9	61
11443.1	40
11443.4	34
11443.6	43
11443.9	38
11444.1	20
11444.4	48
11444.6	41
11444.9	45
11445.1	31
11445.4	32
11445.6	54
11445.9	38
11446.2	36
11446.4	55
11446.7	50
11446.9	35
11447.2	45
11447.4	36
11447.7	47
11447.9	47
11448.2	39
11448.4	34
11448.7	32
11448.9	33
11449.2	49
11449.4	37
11449.7	41
11449.9	32
11450.2	28
11450.4	62
11450.7	40
11450.9	34
11451.2	44
11451.5	38
11451.7	39
11452	30
11452.2	51
11452.5	32
11452.7	13
11453	41
11453.2	47
11453.5	41
11453.7	44
11454	38
11454.2	48
11454.5	41
11454.7	24
11455	30
11455.2	55
11455.5	34
11455.7	18
11456	40
11456.2	43
11456.5	65
11456.7	37
11457	25
11457.2	34
11457.5	41
11457.7	50
11458	40
11458.3	48
11458.5	45
11458.8	32
11459	39
11459.3	54
11459.5	38
11459.8	22
11460	34
11460.3	33
11460.5	41
11460.8	37
11461	49
11461.3	43
11461.5	36
11461.8	34
11462	60
11462.3	46
11462.5	37
11462.8	52
11463	23
11463.3	48
11463.5	45
11463.8	50
11464	40
11464.3	35
11464.5	36
11464.8	60
11465	45
11465.3	58
11465.5	39
11465.8	36
11466	32
11466.3	36
11466.5	23
11466.8	57
11467	30
11467.3	48
11467.5	64
11467.8	49
11468	24
11468.3	35
11468.5	70
11468.8	38
11469.1	38
11469.3	42
11469.6	43
11469.8	33
11470.1	45
11470.3	27
11470.6	29
11470.8	37
11471.1	52
11471.3	46
11471.6	45
11471.8	40
11472.1	48
11472.3	38
11472.6	61
11472.8	52
11473.1	50
11473.3	36
11473.6	27
11473.8	24
11474.1	40
11474.3	61
11474.6	58
11474.8	43
11475.1	38
11475.3	44
11475.6	36
11475.8	31
11476.1	43
11476.3	15
11476.6	56
11476.8	36
11477.1	59
11477.3	47
11477.6	53
11477.8	20
11478.1	34
11478.3	39
11478.6	59
11478.8	26
11479.1	24
11479.3	57
11479.6	47
11479.8	33
11480.1	37
11480.3	32
11480.6	36
11480.8	45
11481.1	40
11481.3	30
11481.6	36
11481.8	44
11482.1	52
11482.3	32
11482.6	39
11482.8	36
11483.1	46
11483.3	4
11483.6	34
11483.8	57
11484	32
11484.3	39
11484.5	44
11484.8	49
11485	46
11485.3	42
11485.5	35
11485.8	20
11486	38
11486.3	51
11486.5	39
11486.8	33
11487	22
11487.3	43
11487.5	57
11487.8	39
11488	44
11488.3	31
11488.5	25
11488.8	52
11489	33
11489.3	40
11489.5	47
11489.8	46
11490	42
11490.3	46
11490.5	34
11490.8	37
11491	45
11491.3	25
11491.5	31
11491.8	27
11492	40
11492.3	40
11492.5	38
11492.8	35
11493	47
11493.3	53.8155
11493.5	51.5989
11493.8	44.8411
11494	17.7672
11494.3	46.1046
11494.5	40.1819
11494.7	49.1106
11495	47.7489
11495.2	28.0834
11495.5	39.6132
11495.7	47.8344
11496	33.9442
11496.2	44.8672
11496.5	40.9854
11496.7	30.4515
11497	46.9696
11497.2	38.7047
11497.5	40.9839
11497.7	30.2411
11498	36.7915
11498.2	29.6725
11498.5	43.6479
11498.7	49.1563
11499	51.2052
11499.2	31.2514
11499.5	35.5626
11499.7	35.2661
11500	32.1745
11500.2	36.6381
11500.5	40.611
11500.7	36.6998
11501	28.1323
11501.2	42.019
11501.4	34.2676
11501.7	34.3749
11501.9	33.623
11502.2	34.4858
11502.4	30.117
11502.7	29.1278
11502.9	35.202
11503.2	22.4156
11503.4	28.069
11503.7	18.5169
11503.9	27.3894
11504.2	34.4581
11504.4	43.8622
11504.7	25.341
11504.9	28.2652
11505.2	30.1424
11505.4	16.8416
11505.7	26.5825
11505.9	28.1308
11506.2	36.7788
11506.4	27.6244
11506.6	26.8979
11506.9	33.4968
11507.1	35.4009
11507.4	30.3318
11507.6	31.5922
11507.9	28.3247
11508.1	44.5569
11508.4	41.5045
11508.6	22.0764
11508.9	30.4949
11509.1	35.3916
11509.4	30.0559
11509.6	28.8495
11509.9	26.1681
11510.1	31.1829
11510.4	27.3491
11510.6	28.4603
11510.8	39.2425
11511.1	27.9902
11511.3	26.093
11511.6	33.4666
11511.8	43.0152
11512.1	27.1307
11512.3	23.6143
11512.6	15.4415
11512.8	40.6839
11513.1	29.6029
11513.3	38.1815
11513.6	34.6304
11513.8	19.7831
11514.1	27.7484
11514.3	24.1808
11514.5	38.0206
11514.8	23.5702
11515	27.9081
11515.3	32.8554
11515.5	37.8772
11515.8	51.6995
11516	22.7146
11516.3	32.0179
11516.5	36.3118
11516.8	24.983
11517	34.4987
11517.3	30.5026
11517.5	24.0742
11517.8	25.3113
11518	24.8889
11518.2	10.1109
11518.5	28.0265
11518.5	34
11518.8	25
11519	39
11519.3	30
11519.5	23
11519.8	51
11520	26
11520.3	47
11520.5	25
11520.8	23
11521	25
11521.3	33
11521.5	23
11521.8	40
11522	33
11522.3	34
11522.5	26
11522.8	27
11523	44
11523.3	24
11523.5	23
11523.8	19
11524	27
11524.3	6
11524.5	14
11524.8	19
11525	33
11525.2	51
11525.5	35
11525.7	47
11526	17
11526.2	18
11526.5	49
11526.7	39
11527	51
11527.2	34
11527.5	35
11527.7	46
11528	37
11528.2	29
11528.5	29
11528.7	33
11529	15
11529.2	40
11529.5	28
11529.7	38
11530	54
11530.2	43
11530.5	36
11530.7	46
11530.9	39
11531.2	29
11531.4	37
11531.7	18
11531.9	33
11532.2	45
11532.4	38
11532.7	28
11532.9	39
11533.2	46
11533.4	36
11533.7	37
11533.9	64
11534.2	39
11534.4	29
11534.7	26
11534.9	30
11535.2	42
11535.4	41
11535.6	40
11535.9	33
11536.1	31
11536.4	31
11536.6	50
11536.9	36
11537.1	42
11537.4	23
11537.6	47
11537.9	35
11538.1	54
11538.4	37
11538.6	39
11538.9	59
11539.1	49
11539.3	53
11539.6	28
11539.8	19
11540.1	41
11540.3	30
11540.6	40
11540.8	52
11541.1	29
11541.3	48
11541.6	45
11541.8	40
11542.1	48
11542.3	24
11542.6	34
11542.8	42
11543	48
11543.3	46
11543.5	42
11543.8	49
11544	39
11544.3	46
11544.5	27
11544.8	41
11545	24
11545.3	37
11545.5	55
11545.8	41
11546	40
11546.3	38
11546.5	52
11546.7	23
11547	46
11547.2	34
11547.5	35
11547.7	34
11548	21
11548.2	53
11548.5	59
11548.7	63
11549	43
11549.2	26
11549.4	34
11549.7	39
11549.9	45
11550.2	33
11550.4	41
11550.7	37
11550.9	25
11551.2	50
11551.4	46
11551.7	34
11551.9	42
11552.2	36
11552.4	39
11552.6	53
11552.9	51
11553.1	51
11553.4	56
11553.6	41
11553.9	50
11554.1	45
11554.4	41
11554.6	26
11554.9	58
11555.1	43
11555.3	36
11555.6	40
11555.8	45
11556.1	43
11556.3	63
11556.6	40
11556.8	32
11557.1	36
11557.3	31
11557.6	45
11557.8	62
11558	28
11558.3	64
11558.5	43
11558.8	54
11559	41
11559.3	42
11559.5	50
11559.8	35
11560	19
11560.2	40
11560.5	41
11560.7	37
11561	37
11561.2	29
11561.5	40
11561.7	72
11562	62
11562.2	56
11562.5	28
11562.7	8
11562.9	58
11563.2	61
11563.4	40
11563.7	34
11563.9	34
11564.2	33
11564.4	50
11564.7	54
11564.9	31
11565.1	33
11565.4	26
11565.6	33
11565.9	37
11566.1	57
11566.4	50
11566.6	35
11566.9	46
11567.1	38
11567.3	48
11567.6	43
11567.8	23
11568.1	25
11568.3	53
11568.6	54
11568.8	47
11569.1	39
11569.3	44
11569.5	50
11569.8	51
11570	27
11570.3	65
11570.5	56
11570.8	51
11571	53
11571.3	27
11571.5	48
11571.7	32
11572	33
11572.2	48
11572.5	43
11572.7	52
11573	58
11573.2	42
11573.4	46
11573.7	49
11573.9	42
11574.2	37
11574.4	33
11574.7	41
11574.9	58
11575.2	51
11575.4	40
11575.6	44
11575.9	48
11576.1	51
11576.4	51.5
11576.6	52
11576.9	40
11577.1	34
11577.3	53
11577.6	43
11577.8	52
11578.1	42
11578.3	49
11578.6	46
11578.8	49
11579	56
11579.3	43
11579.5	68
11579.8	43
11580	20
11580.3	40
11580.5	57
11580.8	42
11581	33
11581.2	56
11581.5	60
11581.7	48
11582	35
11582.2	44
11582.5	46
11582.7	30
11582.9	44
11583.2	41
11583.4	44
11583.7	45
11583.9	53
11584.2	44
11584.4	50
11584.6	38
11584.9	54
11585.1	40
11585.4	48
11585.6	43
11585.9	41
11586.1	45
11586.3	54
11586.6	46
11586.8	37
11587.1	50
11587.3	52
11587.6	43
11587.8	45
11588	42
11588.3	43
11588.5	40
11588.8	61
11589	34
11589.3	55
11589.5	39
11589.7	48
11590	52
11590.2	33
11590.5	33
11590.7	37
11590.9	30
11591.2	42
11591.4	46
11591.7	50
11591.9	48
11592.2	39
11592.4	39
11592.6	33
11592.9	49
11593.1	40
11593.4	45
11593.6	51
11593.9	50
11594.1	44
11594.3	38
11594.6	68
11594.8	45
11595.1	45
11595.3	40
11595.5	41
11595.8	50
11596	26
11596.3	36
11596.5	52
11596.8	28
11597	51
11597.2	53
11597.5	42
11597.7	50
11598	58
11598.2	49
11598.5	36
11598.7	59
11598.9	57
11599.2	77
11599.4	78
11599.7	70
11599.9	45
11600.1	38
11600.4	48
11600.6	35
11600.9	35
11601.1	48
11601.3	45
11601.6	58
11601.8	49
11602.1	53
11602.3	44
11602.6	38
11602.8	61
11603	46
11603.3	48
11603.5	56
11603.8	41
11604	46
11604.2	43
11604.5	50
11604.7	34
11605	56
11605.2	35
11605.5	39
11605.7	41
11605.9	37
11606.2	50
11606.4	67
11606.7	33
11606.9	54
11607.1	50
11607.4	47
11607.6	57
11607.9	28
11608.1	23
11608.3	57
11608.6	33
11608.8	50
11609.1	36
11609.3	57
11609.5	52
11609.8	56
11610	55
11610.3	56
11610.5	26
11610.7	50
11611	70
11611.2	41
11611.5	46
11611.7	33
11612	35
11612.2	55
11612.4	54
11612.7	53
11612.9	36
11613.2	33
11613.4	59
11613.6	35
11613.9	50
11614.1	38
11614.4	34
11614.6	47
11614.8	57
11615.1	39
11615.3	61
11615.6	43
11615.8	49
11616	42
11616.3	57
11616.5	68
11616.8	43
11617	40
11617.2	45
11617.5	62
11617.7	40
11618	41
11618.2	52
11618.4	52
11618.7	45
11618.9	48
11619.2	52
11619.4	58
11619.6	46
11619.9	38
11620.1	52
11620.4	58
11620.6	65
11620.8	57
11621.1	53
11621.3	44
11621.6	49
11621.8	38
11622	42
11622.3	30
11622.5	50
11622.8	46
11623	35
11623.2	39
11623.5	41
11623.7	43
11624	35
11624.2	39
11624.4	55
11624.7	32
11624.9	41
11625.1	53
11625.4	49
11625.6	47
11625.9	52
11626.1	46
11626.3	48
11626.6	50
11626.8	47
11627.1	48
11627.3	29
11627.5	44
11627.8	43
11628	55
11628.3	54
11628.5	38
11628.7	68
11629	51
11629.2	43
11629.5	57
11629.7	51
11629.9	48
11630.2	33
11630.4	45
11630.6	42
11630.9	49
11631.1	46
11631.4	28
11631.6	52
11631.8	61
11632.1	62
11632.3	39
11632.6	52
11632.8	36
11633	48
11633.3	53
11633.5	57
11633.8	34
11634	44
11634.2	30
11634.5	46
11634.7	70
11634.9	51
11635.2	48
11635.4	31
11635.7	41
11635.9	57
11636.1	47
11636.4	72
11636.6	49
11636.9	46
11637.1	52
11637.3	69
11637.6	56
11637.8	58
11638	45
11638.3	48
11638.5	62
11638.8	42
11639	45
11639.2	38
11639.5	48
11639.7	51
11640	53
11640.2	46
11640.4	37
11640.7	50
11640.9	57
11641.1	42
11641.4	51
11641.6	42
11641.9	63
11642.1	54
11642.3	55
11642.6	43
11642.8	45
11643	41
11643.3	35
11643.5	47
11643.8	67
11644	48
11644.2	42
11644.5	55
11644.7	49
11644.9	49
11645.2	48
11645.4	37
11645.7	57
11645.9	44
11646.1	48
11646.4	64
11646.6	58
11646.8	40
11647.1	58
11647.3	38
11647.6	62
11647.8	43
11648	32
11648.3	41
11648.5	39
11648.7	49
11649	61
11649.2	52
11649.5	34
11649.7	23
11649.9	46
11650.2	72
11650.4	68
11650.6	47
11650.9	47
11651.1	43
11651.4	54
11651.6	42
11651.8	37
11652.1	51
11652.3	57
11652.5	59
11652.8	53
11653	46
11653.3	41
11653.5	44
11653.7	23
11654	54
11654.2	43
11654.4	56
11654.7	40
11654.9	41
11655.1	61
11655.4	29
11655.6	28
11655.9	58
11656.1	60
11656.3	52
11656.6	50
11656.8	38
11657	49
11657.3	34
11657.5	28
11657.7	49
11658	53
11658.2	32
11658.5	41
11658.7	50
11658.9	62
11659.2	52
11659.4	52
11659.6	56
11659.9	45
11660.1	21
11660.4	42
11660.6	22
11660.8	38
11661.1	36
11661.3	30
11661.5	51
11661.8	71
11662	53
11662.2	42
11662.5	51
11662.7	37
11662.9	55
11663.2	64
11663.4	47
11663.7	51
11663.9	32
11664.1	41
11664.4	38
11664.6	37
11664.8	57
11665.1	34
11665.3	34
11665.5	57
11665.8	40
11666	64
11666.3	41
11666.5	47
11666.7	34
11667	28
11667.2	76
11667.4	66
11667.7	47
11667.9	43
11668.1	46
11668.4	36
11668.6	49
11668.8	35
11669.1	51
11669.3	45
11669.6	26
11669.8	62
11670	51
11670.3	47
11670.5	36
11670.7	39
11671	41
11671.2	45
11671.4	47
11671.7	52
11671.9	57
11672.1	46
11672.4	60
11672.6	63
11672.8	56
11673.1	56
11673.3	55
11673.6	48
11673.8	45
11674	38
11674.3	36
11674.5	47
11674.7	30
11675	38
11675.2	49
11675.4	34
11675.7	45
11675.9	39
11676.1	41
11676.4	54
11676.6	35
11676.8	34
11677.1	51
11677.3	42
11677.5	31
11677.8	33
11678	37
11678.3	43
11678.5	51
11678.7	55
11679	54
11679.2	54
11679.4	31
11679.7	41
11679.9	43
11680.1	37
11680.4	41
11680.6	43
11680.8	48
11681.1	65
11681.3	64
11681.5	56
11681.8	35
11682	28
11682.2	42
11682.5	30
11682.7	42
11682.9	53
11683.2	40
11683.4	39
11683.6	53
11683.9	37
11684.1	66
11684.4	30
11684.6	31
11684.8	36
11685.1	62
11685.3	45
11685.5	39
11685.8	39
11686	38
11686.2	51
11686.5	56
11686.7	51
11686.9	45
11687.2	35
11687.4	33
11687.6	54
11687.9	41
11688.1	60
11688.3	49
11688.6	22
11688.8	67
11689	46
11689.3	46
11689.5	48
11689.7	37
11690	49
11690.2	43
11690.4	29
11690.7	40
11690.9	62
11691.1	36
11691.4	15
11691.6	60
11691.8	30
11692.1	37
11692.3	28
11692.5	57
11692.8	44
11693	57
11693.2	42
11693.5	48
11693.7	40
11693.9	40
11694.2	32
11694.4	43
11694.6	40
11694.9	36
11695.1	52
11695.3	40
11695.6	55
11695.8	58
11696	50
11696.3	42
11696.5	44
11696.7	57
11697	45
11697.2	29
11697.4	47
11697.7	48
11697.9	46
11698.1	34
11698.4	36
11698.6	39
11698.8	30
11699.1	49
11699.3	63
11699.5	48
11699.8	35
11700	23
11700.2	40
11700.5	51
11700.7	48
11700.9	41
11701.2	21
11701.4	50
11701.6	45
11701.9	36
11702.1	52
11702.3	46
11702.6	37
11702.8	50
11703	44
11703.3	46
11703.5	39
11703.7	18
11704	43
11704.2	30
11704.4	43
11704.7	41
11704.9	41
11705.1	43
11705.4	51
11705.6	63
11705.8	56
11706.1	50
11706.3	49
11706.5	53
11706.7	47
11707	42
11707.2	45
11707.4	36
11707.7	46
11707.9	37
11708.1	37
11708.4	52
11708.6	42
11708.8	45
11709.1	46
11709.3	38
11709.5	26
11709.8	41
11710	52
11710.2	43
11710.5	57
11710.7	33
11710.9	36
11711.2	42
11711.4	45
11711.6	46
11711.9	46
11712.1	48
11712.3	23
11712.5	32
11712.8	27
11713	31
11713.2	58
11713.5	61
11713.7	52
11713.9	47
11714.2	37
11714.4	55
11714.6	40
11714.9	44
11715.1	37
11715.3	45.9026
11715.6	42.8093
11715.8	45.7963
11716	51.2976
11716.3	55.1619
11716.5	27.7536
11716.7	47.9021
11717	46.469
11717.2	41.6361
11717.4	22.9298
11717.6	50.4839
11717.9	49.6527
11718.1	41.3285
11718.3	50.6892
11718.6	51.6555
11718.8	33.3367
11719	28.8305
11719.3	38.0675
11719.5	34.821
11719.7	50.612
11720	33.9132
11720.2	38.5707
11720.4	25.1341
11720.7	37.5169
11720.9	47.0049
11721.1	50.5631
11721.3	34.6545
11721.6	38.6149
11721.8	47.4582
11722	33.3334
11722.3	43.1602
11722.5	35.1266
11722.7	39.6359
11723	34.1535
11723.2	41.908
11723.4	35.7344
11723.7	46.2483
11723.9	31.618
11724.1	37
11724.3	36.2097
11724.6	28.011
11724.8	31.7926
11725	37.6996
11725.3	25.179
11725.5	42.8652
11725.7	47.6217
11726	46.6165
11726.2	19.7298
11726.4	40.4231
11726.7	37.5378
11726.9	34.6781
11727.1	40.1188
11727.3	45.5893
11727.6	45.7119
11727.8	24.0787
11728	51.7856
11728.3	46.8817
11728.5	45.0391
11728.7	33.4761
11729	42.614
11729.2	33.1953
11729.4	38.9364
11729.7	35.9754
11729.9	43.0913
11730.1	33.4163
11730.3	31.1676
11730.6	33.6824
11730.8	30.4131
11731	32.3411
11731.3	38.8545
11731.5	29.7492
11731.7	32.2817
11732	34.7392
11732.2	43.1277
11732.4	45.0575
11732.6	37.6661
11732.9	32.9722
11733.1	27.1748
11733.3	37.3188
11733.6	41.3404
11733.8	54.9754
11734	42.8073
11734.3	32.4337
11734.5	23.1016
11734.7	23.5839
11734.9	31.5174
11735.2	39.6561
11735.4	28.7854
11735.6	22.9067
11735.9	28.0805
11736.1	27.0977
11736.3	30.8212
11736.6	32.5939
11736.8	26.7154
11737	26.3932
11737.2	35.8398
11737.5	40.7964
11737.7	28.1634
11737.9	26.3495
11738.2	31.0823
11738.4	32.3905
11738.6	30.0785
11738.8	31.3928
11739	21
11739.2	33
11739.5	29
11739.7	14
11739.9	33
11740.1	24
11740.4	22
11740.6	18
11740.8	47
11741.1	46
11741.3	36
11741.5	33
11741.8	23
11742	35
11742.2	33
11742.5	54
11742.7	38
11742.9	49
11743.2	37
11743.4	32
11743.6	17
11743.9	39
11744.1	32
11744.3	38
11744.5	44
11744.8	24
11745	39
11745.2	46
11745.5	39
11745.7	28
11745.9	36
11746.2	23
11746.4	45
11746.6	45
11746.9	34
11747.1	36
11747.3	35
11747.6	50
11747.8	38
11748	47
11748.2	24
11748.5	17
11748.7	51
11748.9	37
11749.2	43
11749.4	32
11749.6	32
11749.9	27
11750.1	50
11750.3	37
11750.6	44
11750.8	40
11751	29
11751.2	47
11751.5	30
11751.7	46
11751.9	38
11752.2	42
11752.4	49
11752.6	55
11752.9	33
11753.1	39
11753.3	53
11753.6	28
11753.8	43
11754	50
11754.2	49
11754.5	52
11754.7	26
11754.9	43
11755.2	37
11755.4	42
11755.6	60
11755.9	37
11756.1	27
11756.3	32
11756.5	61
11756.8	52
11757	38
11757.2	47
11757.5	48
11757.7	34
11757.9	56
11758.2	53
11758.4	49
11758.6	34
11758.8	51
11759.1	60
11759.3	46
11759.5	48
11759.8	43
11760	49
11760.2	50
11760.5	43
11760.7	36
11760.9	31
11761.2	42
11761.4	47
11761.6	27
11761.8	56
11762.1	45
11762.3	45
11762.5	55
11762.8	47
11763	32
11763.2	54
11763.4	48
11763.7	45
11763.9	57
11764.1	42
11764.4	51
11764.6	48
11764.8	44
11765.1	40
11765.3	45
11765.5	47
11765.7	54
11766	46
11766.2	54
11766.4	40
11766.7	51
11766.9	49
11767.1	41
11767.3	37
11767.6	48
11767.8	45
11768	50
11768.3	50
11768.5	56
11768.7	46
11769	36
11769.2	45
11769.4	49
11769.6	50
11769.9	29
11770.1	72
11770.3	54
11770.6	32
11770.8	37
11771	52
11771.2	62
11771.5	45
11771.7	38
11771.9	48
11772.2	46
11772.4	49
11772.6	38
11772.8	55
11773.1	36
11773.3	25
11773.5	54
11773.8	55
11774	49
11774.2	50
11774.5	52
11774.7	49
11774.9	39
11775.1	42
11775.4	31
11775.6	34
11775.8	50
11776.1	61
11776.3	45
11776.5	39
11776.7	61
11777	45
11777.2	32
11777.4	32
11777.7	57
11777.9	38
11778.1	46
11778.3	44
11778.6	50
11778.8	56
11779	47
11779.3	47
11779.5	52
11779.7	43
11779.9	34
11780.2	37
11780.4	49
11780.6	46
11780.8	27
11781.1	49
11781.3	44
11781.5	58
11781.8	59
11782	51
11782.2	28
11782.4	42
11782.7	47
11782.9	65
11783.1	33
11783.4	46
11783.6	51
11783.8	37
11784	52
11784.3	46
11784.5	39
11784.7	35
11785	26
11785.2	70
11785.4	41
11785.6	55
11785.9	33
11786.1	39
11786.3	49
11786.5	50
11786.8	41
11787	52
11787.2	49
11787.5	34
11787.7	47
11787.9	30
11788.1	52
11788.4	46
11788.6	53
11788.8	67
11789.1	37
11789.3	18
11789.5	53
11789.7	52
11790	51
11790.2	70
11790.4	61
11790.6	70
11790.9	44
11791.1	49
11791.3	57
11791.6	48
11791.8	53
11792	62
11792.2	44
11792.5	52
11792.7	44
11792.9	36
11793.1	53
11793.4	42
11793.6	40
11793.8	44
11794.1	52
11794.3	40
11794.5	57
11794.7	42
11795	50
11795.2	44
11795.4	46
11795.6	54
11795.9	29
11796.1	43
11796.3	48
11796.6	55
11796.8	47
11797	52
11797.2	59
11797.5	50
11797.7	41
11797.9	63
11798.1	26
11798.4	61
11798.6	19
11798.8	54
11799	33
11799.3	59
11799.5	46
11799.7	53
11800	65
11800.2	74
11800.4	63
11800.6	51
11800.9	62
11801.1	10
11801.3	45
11801.5	25
11801.8	43
11802	43
11802.2	59
11802.4	46
11802.7	50
11802.9	83
11803.1	43
11803.4	51
11803.6	31
11803.8	43
11804	47
11804.3	51
11804.5	43
11804.7	39
11804.9	45
11805.2	67
11805.4	69
11805.6	65
11805.8	47
11806.1	46
11806.3	45
11806.5	52
11806.7	42
11807	37
11807.2	33
11807.4	66
11807.6	62
11807.9	51
11808.1	50
11808.3	38
11808.6	51
11808.8	43
11809	71
11809.2	63
11809.5	43
11809.7	35
11809.9	37
11810.1	55
11810.4	49
11810.6	55
11810.8	35
11811	40
11811.3	51
11811.5	52
11811.7	75
11811.9	55
11812.2	70
11812.4	55
11812.6	48
11812.8	53
11813.1	51
11813.3	43
11813.5	43
11813.7	50
11814	66
11814.2	47
11814.4	47
11814.6	55
11814.9	33
11815.1	43
11815.3	61
11815.5	45
11815.8	51
11816	58
11816.2	55
11816.4	48
11816.7	56
11816.9	51
11817.1	45
11817.3	43
11817.6	56
11817.8	64
11818	43
11818.3	60
11818.5	41
11818.7	46
11818.9	42
11819.1	59
11819.4	58
11819.6	46
11819.8	33
11820	47
11820.3	61
11820.5	63
11820.7	47
11820.9	32
11821.2	57
11821.4	60
11821.6	53
11821.8	51
11822.1	46
11822.3	44
11822.5	56
11822.7	46
11823	39
11823.2	35
11823.4	38
11823.6	66
11823.9	61
11824.1	57
11824.3	31
11824.5	55
11824.8	45
11825	54
11825.2	36
11825.4	45
11825.7	63
11825.9	38
11826.1	53
11826.3	56
11826.6	58
11826.8	61
11827	45
11827.2	58
11827.5	52
11827.7	55
11827.9	64
11828.1	36
11828.4	59
11828.6	70
11828.8	73
11829	40
11829.3	26
11829.5	33
11829.7	51
11829.9	50
11830.2	56
11830.4	55
11830.6	42
11830.8	69
11831	63
11831.3	68
11831.5	63
11831.7	39
11831.9	50
11832.2	75
11832.4	54
11832.6	57
11832.8	65
11833.1	47
11833.3	51
11833.5	61
11833.7	50
11834	68
11834.2	51
11834.4	43
11834.6	32
11834.9	63
11835.1	58
11835.3	79
11835.5	47
11835.7	66
11836	47
11836.2	45
11836.4	49
11836.6	51
11836.9	77
11837.1	71
11837.3	70
11837.5	48
11837.8	33
11838	42
11838.2	49
11838.4	39
11838.7	38
11838.9	52
11839.1	45
11839.3	42
11839.5	47
11839.8	39
11840	62
11840.2	60
11840.4	39
11840.7	63
11840.9	63
11841.1	57
11841.3	52
11841.6	31
11841.8	55
11842	65
11842.2	54
11842.4	62
11842.7	33
11842.9	51
11843.1	54
11843.3	65
11843.6	67
11843.8	50
11844	45
11844.2	51
11844.5	56
11844.7	65
11844.9	55
11845.1	48
11845.3	51
11845.6	54
11845.8	48
11846	65
11846.2	44
11846.5	55
11846.7	49
11846.9	62
11847.1	38
11847.4	50
11847.6	35
11847.8	46
11848	35
11848.2	59
11848.5	59
11848.7	59
11848.9	47
11849.1	43
11849.4	45
11849.6	67
11849.8	67
11850	51
11850.2	33
11850.5	62
11850.7	51
11850.9	41
11851.1	61
11851.4	52
11851.6	51
11851.8	45
11852	38
11852.2	56
11852.5	42
11852.7	47
11852.9	54
11853.1	51
11853.4	62
11853.6	43
11853.8	59
11854	51
11854.2	61
11854.5	59
11854.7	39
11854.9	57
11855.1	53
11855.4	58
11855.6	71
11855.8	43
11856	52
11856.2	60
11856.5	49
11856.7	31
11856.9	45
11857.1	64
11857.4	60
11857.6	30
11857.8	45
11858	50
11858.2	54
11858.5	66
11858.7	75
11858.9	46
11859.1	53
11859.3	43
11859.6	59
11859.8	59
11860	69
11860.2	62
11860.5	49
11860.7	49
11860.9	53
11861.1	36
11861.3	37
11861.6	52
11861.8	54
11862	54
11862.2	48
11862.4	60
11862.7	54
11862.9	57
11863.1	47
11863.3	52
11863.6	46
11863.8	63
11864	72
11864.2	43
11864.4	46
11864.7	65
11864.9	57
11865.1	54
11865.3	41
11865.5	59
11865.8	56
11866	42
11866.2	55
11866.4	54
11866.7	45
11866.9	32
11867.1	51
11867.3	45
11867.5	51
11867.8	46
11868	56
11868.2	57
11868.4	48
11868.6	47
11868.9	55
11869.1	58
11869.3	58
11869.5	42
11869.7	57
11870	55
11870.2	39
11870.4	61
11870.6	61
11870.8	36
11871.1	63
11871.3	49
11871.5	28
11871.7	60
11871.9	50
11872.2	47
11872.4	68
11872.6	42
11872.8	70
11873.1	33
11873.3	25
11873.5	56
11873.7	69
11873.9	65
11874.2	38
11874.4	46
11874.6	40
11874.8	66
11875	62
11875.3	51
11875.5	37
11875.7	52
11875.9	45
11876.1	51
11876.4	51
11876.6	48
11876.8	56
11877	36
11877.2	51
11877.5	71
11877.7	50
11877.9	42
11878.1	52
11878.3	57
11878.6	55
11878.8	63
11879	65
11879.2	48
11879.4	54
11879.7	51
11879.9	59
11880.1	48
11880.3	28
11880.5	65
11880.8	57
11881	45
11881.2	52
11881.4	58
11881.6	48
11881.9	60
11882.1	48
11882.3	52
11882.5	49
11882.7	66
11883	60
11883.2	64
11883.4	50
11883.6	68
11883.8	43
11884.1	64
11884.3	38
11884.5	33
11884.7	64
11884.9	53
11885.1	52
11885.4	61
11885.6	50
11885.8	46
11886	46
11886.2	40
11886.5	58
11886.7	31
11886.9	41
11887.1	51
11887.3	58
11887.6	45
11887.8	67
11888	62
11888.2	67
11888.4	59
11888.7	40
11888.9	41
11889.1	49
11889.3	61
11889.5	55
11889.8	56
11890	58
11890.2	34
11890.4	64
11890.6	45
11890.8	60
11891.1	41
11891.3	55
11891.5	62
11891.7	58
11891.9	54
11892.2	62
11892.4	63
11892.6	43
11892.8	47
11893	37
11893.3	79
11893.5	45
11893.7	57
11893.9	45
11894.1	66
11894.3	61
11894.6	54
11894.8	60
11895	42
11895.2	47
11895.4	52
11895.7	49
11895.9	42
11896.1	33
11896.3	37
11896.5	60
11896.8	30
11897	55
11897.2	42
11897.4	34
11897.6	58
11897.8	49
11898.1	47
11898.3	61
11898.5	15
11898.7	41
11898.9	56
11899.2	59
11899.4	44
11899.6	41
11899.8	40
11900	38
11900.2	59
11900.5	40
11900.7	54
11900.9	54
11901.1	59
11901.3	53
11901.6	68
11901.8	49
11902	45
11902.2	55
11902.4	30
11902.6	52
11902.9	58
11903.1	48
11903.3	37
11903.5	37
11903.7	50
11904	55
11904.2	70
11904.4	50
11904.6	60
11904.8	65
11905	45
11905.3	51
11905.5	39
11905.7	58
11905.9	48
11906.1	60
11906.3	61
11906.6	53
11906.8	39
11907	56
11907.2	52
11907.4	54
11907.7	54
11907.9	45
11908.1	38
11908.3	68
11908.5	41
11908.7	73
11909	44
11909.2	31
11909.4	64
11909.6	64
11909.8	44
11910	60
11910.3	61
11910.5	40
11910.7	68
11910.9	44
11911.1	48
11911.3	50
11911.6	36
11911.8	42
11912	58
11912.2	42
11912.4	37
11912.7	54
11912.9	51
11913.1	49
11913.3	47
11913.5	64
11913.7	51
11914	37
11914.2	58
11914.4	47
11914.6	60
11914.8	51
11915	46
11915.3	47
11915.5	63
11915.7	54
11915.9	47
11916.1	49
11916.3	51
11916.6	61
11916.8	59
11917	57
11917.2	60
11917.4	35
11917.6	42
11917.9	51
11918.1	58
11918.3	56
11918.5	37
11918.7	45
11918.9	53
11919.2	63
11919.4	54
11919.6	38
11919.8	62
11920	44
11920.2	55
11920.5	59
11920.7	59
11920.9	37
11921.1	50
11921.3	45
11921.5	37
11921.8	53
11922	38
11922.2	66.8131
11922.4	47.8307
11922.6	39.7847
11922.8	57.425
11923.1	48.5562
11923.3	40.0951
11923.5	51.0036
11923.7	56.53
11923.9	63.7379
11924.1	47.0575
11924.4	42.2595
11924.6	56.7098
11924.8	40.1523
11925	40.3194
11925.2	46.7984
11925.4	50.5896
11925.6	52.0358
11925.9	42.0168
11926.1	43.8086
11926.3	46.535
11926.5	53.4676
11926.7	52.7462
11926.9	54.3188
11927.2	45.6711
11927.4	45.2965
11927.6	44.134
11927.8	26.0421
11928	40.9423
11928.2	42.1562
11928.5	44.9783
11928.7	59.4645
11928.9	42.6266
11929.1	40.9908
11929.3	47.8084
11929.5	31.0039
11929.7	45.623
11930	49.0558
11930.2	37.6275
11930.4	33.6851
11930.6	50.1444
11930.8	47.2927
11931	47.5588
11931.3	46.5056
11931.5	56.8135
11931.7	45.9642
11931.9	48.6069
11932.1	45.3743
11932.3	44.3702
11932.6	45.8935
11932.8	36.1523
11933	41.4319
11933.2	49.0592
11933.4	44.6559
11933.6	44.7797
11933.8	41.6114
11934.1	32.8928
11934.3	49.9735
11934.5	51.3236
11934.7	47.3725
11934.9	41.7944
11935.1	41.0776
11935.4	40.667
11935.6	41.0929
11935.8	46.4247
11936	52.2977
11936.2	40.732
11936.4	29.8934
11936.6	42.4462
11936.9	47.8585
11937.1	53.2773
11937.3	36.8802
11937.5	34.7182
11937.7	38.9168
11937.9	44.5048
11938.1	38.8335
11938.4	34.9032
11938.6	42.4065
11938.8	42.2392
11939	37.4327
11939.2	40.8284
11939.4	46.6689
11939.7	41.6052
11939.9	50.1302
11940.1	38.9675
11940.3	38.028
11940.5	32.1281
11940.7	37.9442
11940.9	40.1782
11941.2	45.5484
11941.4	37.3833
11941.6	37.6644
11941.8	36.1268
11942	40.3416
11942.2	46.5004
11942.4	30.3318
11942.7	23.9245
11942.9	40.7076
11943.1	36.5983
11943.3	36.9937
11943.5	37.5668
11943.7	30.9036
11943.9	41.1366
11944.2	30.937
11944.4	28.3272
11944.6	45
11944.8	46
11945	15
11945.2	61
11945.4	35
11945.6	34
11945.9	49
11946.1	25
11946.3	40
11946.5	49
11946.7	47
11946.9	38
11947.2	38
11947.4	36
11947.6	50
11947.8	31
11948	47
11948.2	45
11948.5	40
11948.7	53
11948.9	55
11949.1	41
11949.3	52
11949.5	34
11949.8	22
11950	63
11950.2	58
11950.4	54
11950.6	51
11950.8	37
11951.1	41
11951.3	47
11951.5	61
11951.7	37
11951.9	48
11952.1	44
11952.4	43
11952.6	30
11952.8	52
11953	48
11953.2	56
11953.4	57
11953.6	37
11953.9	54
11954.1	46
11954.3	22
11954.5	36
11954.7	52
11954.9	59
11955.2	47
11955.4	35
11955.6	40
11955.8	40
11956	39
11956.2	59
11956.5	47
11956.7	36
11956.9	30
11957.1	37
11957.3	49
11957.5	47
11957.7	68
11958	65
11958.2	38
11958.4	38
11958.6	61
11958.8	40
11959	44
11959.3	73
11959.5	53
11959.7	46
11959.9	56
11960.1	40
11960.3	48
11960.5	44
11960.8	47
11961	48
11961.2	32
11961.4	52
11961.6	50
11961.8	41
11962	58
11962.3	34
11962.5	38
11962.7	31
11962.9	38
11963.1	61
11963.3	51
11963.6	41
11963.8	65
11964	39
11964.2	58
11964.4	65
11964.6	46
11964.8	42
11965.1	37
11965.3	63
11965.5	44
11965.7	51
11965.9	43
11966.1	68
11966.3	53
11966.6	58
11966.8	53
11967	63
11967.2	32
11967.4	42
11967.6	39
11967.9	60
11968.1	47
11968.3	48
11968.5	39
11968.7	51
11968.9	64
11969.1	39
11969.4	50
11969.6	15
11969.8	39
11970	50
11970.2	61
11970.4	25
11970.6	43
11970.9	55
11971.1	29
11971.3	42
11971.5	78
11971.7	49
11971.9	41
11972.1	40
11972.4	71
11972.6	63
11972.8	58
11973	60
11973.2	56
11973.4	47
11973.6	47
11973.9	55
11974.1	54
11974.3	36
11974.5	35
11974.7	63
11974.9	53
11975.1	49
11975.4	46
11975.6	33
11975.8	43
11976	62
11976.2	54
11976.4	59
11976.6	48
11976.9	25
11977.1	69
11977.3	65
11977.5	57
11977.7	60
11977.9	60
11978.1	30
11978.3	48
11978.6	52
11978.8	54
11979	40
11979.2	51
11979.4	42
11979.6	38
11979.8	53
11980.1	66
11980.3	35
11980.5	65
11980.7	55
11980.9	44
11981.1	47
11981.3	61
11981.6	64
11981.8	49
11982	46
11982.2	67
11982.4	46
11982.6	62
11982.8	56
11983	63
11983.3	47
11983.5	67
11983.7	51
11983.9	36
11984.1	47
11984.3	33
11984.5	73
11984.8	67
11985	38
11985.2	71
11985.4	50
11985.6	40
11985.8	65
11986	49
11986.2	47
11986.5	61
11986.7	44
11986.9	72
11987.1	36
11987.3	31
11987.5	52
11987.7	54
11988	70
11988.2	36
11988.4	47
11988.6	56
11988.8	59
11989	45
11989.2	70
11989.4	19
11989.7	44
11989.9	61
11990.1	26
11990.3	45
11990.5	41
11990.7	60
11990.9	56
11991.1	43
11991.4	62
11991.6	52
11991.8	58
11992	48
11992.2	51
11992.4	57
11992.6	54
11992.8	43
11993.1	54
11993.3	69
11993.5	56
11993.7	61
11993.9	49
11994.1	35
11994.3	42
11994.5	48
11994.8	54
11995	58
11995.2	51
11995.4	61
11995.6	46
11995.8	49
11996	73
11996.2	67
11996.5	62
11996.7	29
11996.9	68
11997.1	60
11997.3	73
11997.5	63
11997.7	44
11997.9	44
11998.2	40
11998.4	76
11998.6	31
11998.8	44
11999	52
11999.2	42
11999.4	50
11999.6	63
11999.9	44
12000.1	60
12000.3	43
12000.5	37
12000.7	71
12000.9	62
12001.1	48
12001.3	59
12001.5	56
12001.8	73
12002	51
12002.2	48
12002.4	43
12002.6	46
12002.8	64
12003	63
12003.2	60
12003.5	35
12003.7	47
12003.9	50
12004.1	61
12004.3	68
12004.5	45
12004.7	61
12004.9	63
12005.1	58
12005.4	36
12005.6	58
12005.8	58
12006	59
12006.2	53
12006.4	58
12006.6	55
12006.8	55
12007	37
12007.3	54
12007.5	63
12007.7	47
12007.9	53
12008.1	52
12008.3	51
12008.5	45
12008.7	65
12009	60
12009.2	48
12009.4	27
12009.6	44
12009.8	52
12010	54
12010.2	50
12010.4	55
12010.6	48
12010.9	60
12011.1	55
12011.3	55
12011.5	29
12011.7	32
12011.9	46
12012.1	43
12012.3	61
12012.5	52
12012.8	64
12013	59
12013.2	55
12013.4	54
12013.6	60
12013.8	62
12014	45
12014.2	43
12014.4	39
12014.6	50
12014.9	41
12015.1	52
12015.3	61
12015.5	69
12015.7	55
12015.9	44
12016.1	58
12016.3	60
12016.5	58
12016.8	41
12017	70
12017.2	69
12017.4	52
12017.6	49
12017.8	52
12018	65
12018.2	60
12018.4	58
12018.7	44
12018.9	64
12019.1	46
12019.3	60
12019.5	45
12019.7	44
12019.9	44
12020.1	47
12020.3	76
12020.5	70
12020.8	60
12021	60
12021.2	73
12021.4	64
12021.6	65
12021.8	36
12022	54
12022.2	56
12022.4	50
12022.6	74
12022.9	62
12023.1	45
12023.3	54
12023.5	55
12023.7	59
12023.9	55
12024.1	42
12024.3	53
12024.5	55
12024.7	53
12025	59
12025.2	57
12025.4	68
12025.6	67
12025.8	52
12026	43
12026.2	66
12026.4	46
12026.6	41
12026.8	38
12027.1	65
12027.3	67
12027.5	61
12027.7	60
12027.9	51
12028.1	58
12028.3	69
12028.5	66
12028.7	54
12028.9	61
12029.2	35
12029.4	40
12029.6	61
12029.8	45
12030	58
12030.2	59
12030.4	58
12030.6	40
12030.8	50
12031	49
12031.2	49
12031.5	63
12031.7	72
12031.9	57
12032.1	60
12032.3	70
12032.5	47
12032.7	48
12032.9	62
12033.1	66
12033.3	67
12033.5	43
12033.8	46
12034	69
12034.2	67
12034.4	57
12034.6	57
12034.8	61
12035	60
12035.2	69
12035.4	58
12035.6	72
12035.9	54
12036.1	42
12036.3	74
12036.5	51
12036.7	44
12036.9	61
12037.1	65
12037.3	51
12037.5	63
12037.7	70
12037.9	56
12038.1	66
12038.4	59
12038.6	49
12038.8	31
12039	60
12039.2	55
12039.4	49
12039.6	58
12039.8	47
12040	44
12040.2	67
12040.4	64
12040.7	59
12040.9	57
12041.1	38
12041.3	61
12041.5	48
12041.7	45
12041.9	56
12042.1	57
12042.3	48
12042.5	64
12042.7	54
12042.9	62
12043.2	66
12043.4	42
12043.6	48
12043.8	49
12044	45
12044.2	65
12044.4	47
12044.6	50
12044.8	54
12045	68
12045.2	44
12045.4	49
12045.7	41
12045.9	53
12046.1	58
12046.3	68
12046.5	66
12046.7	54
12046.9	70
12047.1	63
12047.3	40
12047.5	49
12047.7	61
12047.9	67
12048.2	69
12048.4	36
12048.6	52
12048.8	70
12049	45
12049.2	72
12049.4	60
12049.6	36
12049.8	57
12050	60
12050.2	58
12050.4	46
12050.6	48
12050.9	50
12051.1	44
12051.3	59
12051.5	69
12051.7	54
12051.9	53
12052.1	44
12052.3	45
12052.5	68
12052.7	55
12052.9	26
12053.1	68
12053.3	64
12053.6	58
12053.8	71
12054	45
12054.2	58
12054.4	54
12054.6	67
12054.8	61
12055	60
12055.2	59
12055.4	35
12055.6	41
12055.8	56
12056	60
12056.3	69
12056.5	61
12056.7	38
12056.9	48
12057.1	74
12057.3	60
12057.5	52
12057.7	63
12057.9	36
12058.1	71
12058.3	32
12058.5	46
12058.7	79
12058.9	46
12059.2	65
12059.4	64
12059.6	53
12059.8	51
12060	53
12060.2	62
12060.4	60
12060.6	56
12060.8	47
12061	30
12061.2	49
12061.4	62
12061.6	44
12061.8	49
12062.1	59
12062.3	62
12062.5	51
12062.7	48
12062.9	52
12063.1	73
12063.3	43
12063.5	77
12063.7	60
12063.9	64
12064.1	60
12064.3	65
12064.5	74
12064.7	40
12064.9	52
12065.2	38
12065.4	66
12065.6	57
12065.8	54
12066	58
12066.2	57
12066.4	47
12066.6	62
12066.8	53
12067	49
12067.2	60
12067.4	37
12067.6	57
12067.8	52
12068	50
12068.3	58
12068.5	48
12068.7	42
12068.9	46
12069.1	53
12069.3	51
12069.5	58
12069.7	59
12069.9	41
12070.1	50
12070.3	51
12070.5	63
12070.7	63
12070.9	62
12071.1	63
12071.3	51
12071.6	73
12071.8	53
12072	71
12072.2	43
12072.4	51
12072.6	60
12072.8	44
12073	59
12073.2	67
12073.4	55
12073.6	58
12073.8	50
12074	63
12074.2	65
12074.4	33
12074.6	55
12074.8	63
12075.1	61
12075.3	50
12075.5	50
12075.7	55
12075.9	71
12076.1	48
12076.3	77
12076.5	59
12076.7	41
12076.9	45
12077.1	60
12077.3	60
12077.5	59
12077.7	36
12077.9	72
12078.1	66
12078.3	50
12078.5	43
12078.8	60
12079	52
12079.2	47
12079.4	73
12079.6	35
12079.8	62
12080	46
12080.2	53
12080.4	46
12080.6	49
12080.8	65
12081	55
12081.2	42
12081.4	63
12081.6	56
12081.8	50
12082	49
12082.2	55
12082.5	59
12082.7	62
12082.9	53
12083.1	48
12083.3	45
12083.5	53
12083.7	79
12083.9	54
12084.1	64
12084.3	54
12084.5	48
12084.7	57
12084.9	39
12085.1	72
12085.3	51
12085.5	30
12085.7	40
12085.9	65
12086.1	56
12086.3	59
12086.6	61
12086.8	48
12087	58
12087.2	60
12087.4	45
12087.6	68
12087.8	52
12088	23
12088.2	44
12088.4	52
12088.6	46
12088.8	58
12089	33
12089.2	54
12089.4	34
12089.6	59
12089.8	57
12090	50
12090.2	51
12090.4	65
12090.6	53
12090.8	80
12091.1	43
12091.3	35
12091.5	54
12091.7	62
12091.9	54
12092.1	65
12092.3	39
12092.5	25
12092.7	43
12092.9	63
12093.1	58
12093.3	53
12093.5	66
12093.7	59
12093.9	67
12094.1	61
12094.3	52
12094.5	63
12094.7	59
12094.9	63
12095.1	52
12095.3	64
12095.5	37
12095.8	49
12096	57
12096.2	38
12096.4	62
12096.6	60
12096.8	54
12097	56
12097.2	49
12097.4	35
12097.6	64
12097.8	73
12098	46
12098.2	62
12098.4	41
12098.6	52
12098.8	48
12099	67
12099.2	57
12099.4	60
12099.6	64
12099.8	64
12100	45
12100.2	46
12100.4	62
12100.6	60
12100.8	56
12101.1	42
12101.3	71
12101.5	41
12101.7	66
12101.9	62
12102.1	51
12102.3	47
12102.5	50
12102.7	53
12102.9	63
12103.1	41
12103.3	65
12103.5	77
12103.7	54
12103.9	51
12104.1	64
12104.3	42
12104.5	42
12104.7	53
12104.9	53
12105.1	46
12105.3	57
12105.5	47
12105.7	52
12105.9	58
12106.1	63
12106.3	62
12106.5	49
12106.7	62
12107	39
12107.2	49
12107.4	39
12107.6	44
12107.8	43
12108	41
12108.2	60
12108.4	61
12108.6	82
12108.8	47
12109	58
12109.2	50
12109.4	68
12109.6	55
12109.8	59
12110	41
12110.2	65
12110.4	48
12110.6	71
12110.8	53
12111	64
12111.2	50
12111.4	42
12111.6	51
12111.8	54
12112	56
12112.2	57
12112.4	53
12112.6	55
12112.8	53
12113	72
12113.2	44
12113.4	52
12113.6	47
12113.8	80
12114.1	46
12114.3	74
12114.5	54
12114.7	57
12114.9	32
12115.1	77
12115.3	67
12115.5	75
12115.7	50
12115.9	56
12116.1	55.8104
12116.3	47.0215
12116.5	29.0819
12116.7	52.8266
12116.9	59.25
12117.1	46.5034
12117.3	49.5248
12117.5	41.1134
12117.7	51.1294
12117.9	61.287
12118.1	59.3884
12118.3	59.676
12118.5	51.6705
12118.7	54.8105
12118.9	47.7508
12119.1	43.0024
12119.3	51.9079
12119.5	60.5704
12119.7	47.5432
12119.9	54.2434
12120.1	47.6611
12120.3	54.249
12120.5	53.5636
12120.7	56.0805
12120.9	35.3428
12121.1	47.8833
12121.3	27.4279
12121.5	53.431
12121.7	53.876
12121.9	46.2192
12122.1	51.9391
12122.3	36.3597
12122.5	41.8421
12122.7	55.4651
12122.9	54.1073
12123.2	54.8723
12123.4	53.3561
12123.6	44.1366
12123.8	61.0985
12124	36.5247
12124.2	45.908
12124.4	57.3857
12124.6	42.7759
12124.8	47.1227
12125	51.786
12125.2	57.2285
12125.4	48.2035
12125.6	40.1929
12125.8	39.0891
12126	56.7084
12126.2	48.9599
12126.4	50.6446
12126.6	44.2833
12126.8	42.1204
12127	41.1373
12127.2	49.3545
12127.4	50.3945
12127.6	45.9024
12127.8	45.4635
12128	53.8172
12128.2	44.0697
12128.4	51.9508
12128.6	52.268
12128.8	44.4364
12129	42.9183
12129.2	39.6422
12129.4	44.6356
12129.6	62.0095
12129.8	50.4899
12130	48.701
12130.2	38.0441
12130.4	29.1339
12130.6	35.3608
12130.8	46.8812
12131	54.3076
12131.2	58.4328
12131.4	38.8989
12131.6	33.2267
12131.8	44.8333
12132	49.3396
12132.2	51.5105
12132.4	41.7063
12132.6	45.0588
12132.8	45.6159
12133	43.2142
12133.2	41.1782
12133.4	44.4181
12133.6	29.2745
12133.8	32.712
12134	43.8882
12134.2	52.2247
12134.4	41.1232
12134.6	41.2987
12134.8	48.656
12135	58.5579
12135.2	54.2791
12135.4	45.1402
12135.6	50.6377
12135.8	41.3827
12136	63.7945
12136.2	36.4784
12136.4	44.3306
12136.6	55
12136.8	42
12137	34
12137.2	48
12137.4	36
12137.6	51
12137.8	61
12138.1	27
12138.3	22
12138.5	42
12138.7	49
12138.9	56
12139.1	53
12139.3	23
12139.5	61
12139.7	36
12139.9	70
12140.1	50
12140.3	39
12140.5	38
12140.7	56
12140.9	31
12141.1	57
12141.3	33
12141.5	49
12141.7	52
12141.9	37
12142.1	38
12142.3	58
12142.5	36
12142.7	58
12142.9	40
12143.1	53
12143.3	49
12143.5	56
12143.7	33
12143.9	50
12144.1	50
12144.3	58
12144.5	32
12144.7	52
12144.9	55
12145.1	53
12145.3	55
12145.5	52
12145.7	38
12145.9	29
12146.1	58
12146.3	43
12146.5	56
12146.8	45
12147	50
12147.2	43
12147.4	49
12147.6	50
12147.8	56
12148	51
12148.2	59
12148.4	44
12148.6	61
12148.8	52
12149	53
12149.2	69
12149.4	46
12149.6	58
12149.8	60
12150	52
12150.2	52
12150.4	37
12150.6	45
12150.8	54
12151	58
12151.2	44
12151.4	46
12151.6	56
12151.8	55
12152	71
12152.2	56
12152.4	69
12152.6	54
12152.8	59
12153	69
12153.2	60
12153.4	58
12153.6	59
12153.8	45
12154	56
12154.2	70
12154.4	45
12154.6	41
12154.8	58
12155	66
12155.2	77
12155.4	44
12155.6	34
12155.8	51
12156	53
12156.2	64
12156.4	50
12156.6	67
12156.8	57
12157	38
12157.2	40
12157.4	43
12157.6	77
12157.8	58
12158	61
12158.2	58
12158.4	57
12158.6	58
12158.8	59
12159	70
12159.2	39
12159.4	72
12159.6	55
12159.8	69
12160	63
12160.2	45
12160.4	58
12160.6	57
12160.8	58
12161	69
12161.3	50
12161.5	51
12161.7	56
12161.9	57
12162.1	52
12162.3	53
12162.5	49
12162.7	16
12162.9	52
12163.1	44
12163.3	58
12163.5	60
12163.7	70
12163.9	76
12164.1	58
12164.3	61
12164.5	48
12164.7	41
12164.9	48
12165.1	53
12165.3	72
12165.5	48
12165.7	44
12165.9	50
12166.1	58
12166.3	72
12166.5	52
12166.7	54
12166.9	55
12167.1	55
12167.3	46
12167.5	42
12167.7	77
12167.9	39
12168.1	49
12168.3	61
12168.5	57
12168.7	60
12168.9	55
12169.1	48
12169.3	70
12169.5	66
12169.7	62
12169.9	79
12170.1	58
12170.3	53
12170.5	61
12170.7	67
12170.9	73
12171.1	47
12171.3	36
12171.5	68
12171.7	35
12171.9	62
12172.1	45
12172.3	38
12172.5	68
12172.7	67
12172.9	45
12173.1	54
12173.3	69
12173.5	34
12173.7	69
12173.9	50
12174.1	53
12174.3	50
12174.5	47
12174.7	76
12174.9	37
12175.1	78
12175.3	63
12175.5	57
12175.7	48
12175.9	58
12176.1	55
12176.3	65
12176.5	62
12176.7	50
12176.9	65
12177.1	61
12177.3	64
12177.5	45
12177.7	49
12177.9	48
12178.1	48
12178.3	48
12178.5	56
12178.7	48
12178.9	54
12179.1	58
12179.3	76
12179.5	70
12179.7	68
12179.9	63
12180.1	41
12180.3	70
12180.5	69
12180.7	62
12180.9	47
12181	62
12181.2	51
12181.4	48
12181.6	65
12181.8	43
12182	51
12182.2	51
12182.4	78
12182.6	62
12182.8	75
12183	59
12183.2	65
12183.4	53
12183.6	79
12183.8	72
12184	65
12184.2	52
12184.4	68
12184.6	53
12184.8	65
12185	52
12185.2	74
12185.4	76
12185.6	66
12185.8	52
12186	64
12186.2	43
12186.4	60
12186.6	49
12186.8	46
12187	82
12187.2	79
12187.4	54
12187.6	52
12187.8	61
12188	79
12188.2	69
12188.4	27
12188.6	48
12188.8	52
12189	71
12189.2	74
12189.4	47
12189.6	36
12189.8	42
12190	57
12190.2	57
12190.4	47
12190.6	58
12190.8	67
12191	54
12191.2	70
12191.4	49
12191.6	77
12191.8	67
12192	41
12192.2	49
12192.4	74
12192.6	54
12192.8	49
12193	52
12193.2	58
12193.4	71
12193.6	61
12193.8	52
12194	64
12194.2	47
12194.4	53
12194.6	74
12194.8	58
12195	48
12195.2	45
12195.3	58
12195.5	59
12195.7	85
12195.9	72
12196.1	78
12196.3	51
12196.5	67
12196.7	70
12196.9	56
12197.1	67
12197.3	53
12197.5	43
12197.7	65
12197.9	78
12198.1	69
12198.3	60
12198.5	41
12198.7	50
12198.9	57
12199.1	50
12199.3	54
12199.5	76
12199.7	51
12199.9	80
12200.1	43
12200.3	69
12200.5	66
12200.7	57
12200.9	72
12201.1	67
12201.3	72
12201.5	67
12201.7	60
12201.9	40
12202.1	65
12202.3	40
12202.5	73
12202.7	50
12202.9	28
12203.1	76
12203.3	50
12203.5	60
12203.7	75
12203.9	66
12204	50
12204.2	61
12204.4	48
12204.6	77
12204.8	49
12205	85
12205.2	78
12205.4	54
12205.6	70
12205.8	56
12206	60
12206.2	51
12206.4	57
12206.6	63
12206.8	78
12207	44
12207.2	51
12207.4	74
12207.6	75
12207.8	79
12208	72
12208.2	47
12208.4	57
12208.6	45
12208.8	77
12209	68
12209.2	55
12209.4	62
12209.6	72
12209.8	76
12210	84
12210.2	41
12210.4	41
12210.6	74
12210.7	58
12210.9	60
12211.1	78
12211.3	34
12211.5	67
12211.7	55
12211.9	60
12212.1	59
12212.3	61
12212.5	67
12212.7	89
12212.9	66
12213.1	89
12213.3	42
12213.5	45
12213.7	52
12213.9	63
12214.1	60
12214.3	61
12214.5	46
12214.7	58
12214.9	61
12215.1	48
12215.3	78
12215.5	63
12215.7	87
12215.9	60
12216.1	54
12216.3	73
12216.4	71
12216.6	61
12216.8	48
12217	65
12217.2	72
12217.4	61
12217.6	56
12217.8	68
12218	58
12218.2	70
12218.4	86
12218.6	62
12218.8	42
12219	53
12219.2	59
12219.4	61
12219.6	59
12219.8	45
12220	80
12220.2	61
12220.4	74
12220.6	97
12220.8	48
12221	60
12221.2	62
12221.4	65
12221.5	62
12221.7	70
12221.9	58
12222.1	83
12222.3	60
12222.5	61
12222.7	61
12222.9	35
12223.1	75
12223.3	40
12223.5	46
12223.7	72
12223.9	65
12224.1	57
12224.3	46
12224.5	77
12224.7	60
12224.9	74
12225.1	74
12225.3	69
12225.5	88
12225.7	66
12225.9	61
12226	71
12226.2	76
12226.4	66
12226.6	37
12226.8	60
12227	73
12227.2	72
12227.4	57
12227.6	62
12227.8	74
12228	60
12228.2	70
12228.4	72
12228.6	57
12228.8	63
12229	78
12229.2	75
12229.4	64
12229.6	74
12229.8	61
12230	79
12230.2	83
12230.3	76
12230.5	61
12230.7	40
12230.9	81
12231.1	83
12231.3	56
12231.5	74
12231.7	62
12231.9	56
12232.1	77
12232.3	66
12232.5	71
12232.7	73
12232.9	50
12233.1	66
12233.3	73
12233.5	45
12233.7	72
12233.9	59
12234.1	73
12234.2	80
12234.4	70
12234.6	74
12234.8	77
12235	48
12235.2	70
12235.4	61
12235.6	63
12235.8	64
12236	62
12236.2	67
12236.4	76
12236.6	87
12236.8	72
12237	67
12237.2	43
12237.4	86
12237.6	67
12237.8	76
12237.9	77
12238.1	69
12238.3	59
12238.5	99
12238.7	66
12238.9	68
12239.1	66
12239.3	65
12239.5	75
12239.7	63
12239.9	72
12240.1	65
12240.3	68
12240.5	75
12240.7	47
12240.9	74
12241.1	88
12241.3	56
12241.4	51
12241.6	77
12241.8	59
12242	88
12242.2	68
12242.4	49
12242.6	64
12242.8	57
12243	76
12243.2	80
12243.4	58
12243.6	76
12243.8	88
12244	54
12244.2	74
12244.4	69
12244.6	44
12244.8	80
12244.9	61
12245.1	65
12245.3	84
12245.5	52
12245.7	78
12245.9	58
12246.1	60
12246.3	84
12246.5	74
12246.7	49
12246.9	79
12247.1	74
12247.3	78
12247.5	75
12247.7	76
12247.9	67
12248	67
12248.2	55
12248.4	93
12248.6	54
12248.8	45
12249	69
12249.2	79
12249.4	98
12249.6	71
12249.8	62
12250	76
12250.2	77
12250.4	71
12250.6	77
12250.8	71
12251	70
12251.1	64
12251.3	63
12251.5	80
12251.7	83
12251.9	49
12252.1	74
12252.3	83
12252.5	76
12252.7	73
12252.9	50
12253.1	49
12253.3	75
12253.5	74
12253.7	84
12253.9	69
12254	58
12254.2	97
12254.4	61
12254.6	70
12254.8	74
12255	65
12255.2	58
12255.4	66
12255.6	71
12255.8	49
12256	64
12256.2	77
12256.4	69
12256.6	71
12256.7	82
12256.9	96
12257.1	66
12257.3	58
12257.5	57
12257.7	75
12257.9	78
12258.1	65
12258.3	87
12258.5	74
12258.7	71
12258.9	79
12259.1	76
12259.3	71
12259.5	67
12259.6	71
12259.8	69
12260	84
12260.2	77
12260.4	61
12260.6	55
12260.8	100
12261	72
12261.2	74
12261.4	74
12261.6	75
12261.8	78
12262	94
12262.1	79
12262.3	59
12262.5	71
12262.7	51
12262.9	73
12263.1	67
12263.3	69
12263.5	79
12263.7	71
12263.9	80
12264.1	89
12264.3	76
12264.5	81
12264.7	99
12264.8	72
12265	74
12265.2	78
12265.4	78
12265.6	57
12265.8	72
12266	91
12266.2	83
12266.4	83
12266.6	70
12266.8	58
12267	71
12267.2	73
12267.3	71
12267.5	73
12267.7	73
12267.9	67
12268.1	78
12268.3	73
12268.5	72
12268.7	78
12268.9	49
12269.1	63
12269.3	76
12269.5	90
12269.6	93
12269.8	100
12270	81
12270.2	102
12270.4	81
12270.6	92
12270.8	74
12271	50
12271.2	71
12271.4	88
12271.6	74
12271.8	69
12272	75
12272.1	71
12272.3	88
12272.5	83
12272.7	76
12272.9	83
12273.1	59
12273.3	72
12273.5	65
12273.7	76
12273.9	93
12274.1	79
12274.3	76
12274.4	76
12274.6	74
12274.8	78
12275	79
12275.2	64
12275.4	92
12275.6	57
12275.8	67
12276	65
12276.2	72
12276.4	74
12276.6	90
12276.7	75
12276.9	80
12277.1	60
12277.3	59
12277.5	87
12277.7	69
12277.9	76
12278.1	82
12278.3	77
12278.5	71
12278.7	70
12278.8	70
12279	97
12279.2	60
12279.4	69
12279.6	89
12279.8	65
12280	84
12280.2	74
12280.4	58
12280.6	78
12280.8	68
12281	52
12281.1	85
12281.3	85
12281.5	59
12281.7	76
12281.9	90
12282.1	80
12282.3	90
12282.5	87
12282.7	80
12282.9	87
12283.1	104
12283.2	89
12283.4	69
12283.6	68
12283.8	83
12284	78
12284.2	78
12284.4	64
12284.6	84
12284.8	73
12285	77
12285.2	85
12285.3	76
12285.5	58
12285.7	92
12285.9	82
12286.1	76
12286.3	96
12286.5	65
12286.7	58
12286.9	75
12287.1	90
12287.3	64
12287.4	58
12287.6	73
12287.8	83
12288	65
12288.2	68
12288.4	69
12288.6	52
12288.8	73
12289	56
12289.2	78
12289.3	102
12289.5	82
12289.7	104
12289.9	82
12290.1	69
12290.3	97
12290.5	63
12290.7	84
12290.9	69
12291.1	80
12291.2	76
12291.4	97
12291.6	66
12291.8	84
12292	84
12292.2	96
12292.4	74
12292.6	77
12292.8	74
12293	78
12293.2	62
12293.3	73
12293.5	84
12293.7	69
12293.9	85
12294.1	75
12294.3	84
12294.5	86
12294.7	82
12294.9	66
12295.1	87
12295.2	64
12295.4	87
12295.6	79
12295.8	77
12296	83
12296.2	54
12296.4	89
12296.6	81
12296.8	82
12296.9	89
12297.1	91
12297.3	56
12297.5	96
12297.7	77
12297.9	52
12298.1	74.966
12298.3	71.8203
12298.5	85.0372
12298.7	90.606
12298.8	56.6775
12299	67.8059
12299.2	73.025
12299.4	75.6054
12299.6	79.9814
12299.8	66.9605
12300	61.6659
12300.2	75.9372
12300.4	60.5777
12300.6	72.7909
12300.7	80.1077
12300.9	62.6422
12301.1	80.126
12301.3	64.4422
12301.5	80.5134
12301.7	69.644
12301.9	85.891
12302.1	72.5353
12302.3	78.2416
12302.4	63.2858
12302.6	89.7709
12302.8	71.5782
12303	62.6478
12303.2	67.5757
12303.4	66.6933
12303.6	73.4931
12303.8	78.1438
12304	61.598
12304.2	71.3067
12304.3	72.2197
12304.5	52.871
12304.7	64.7721
12304.9	68.1516
12305.1	64.429
12305.3	68.028
12305.5	49.6423
12305.7	85.9445
12305.9	61.1813
12306	69.4574
12306.2	73.4356
12306.4	55.1816
12306.6	59.9716
12306.8	58.2108
12307	64.2342
12307.2	71.3326
12307.4	67.8418
12307.6	67.7241
12307.7	82.0969
12307.9	74.9955
12308.1	67.265
12308.3	63.7692
12308.5	67.0589
12308.7	77.7086
12308.9	72.1499
12309.1	55.2138
12309.3	63.5436
12309.4	60.8502
12309.6	71.3579
12309.8	81.1944
12310	72.7983
12310.2	66.1729
12310.4	58.4692
12310.6	62.0165
12310.8	75.1546
12311	64.0701
12311.1	54.1377
12311.3	69.3836
12311.5	64
12311.7	72.2871
12311.9	72.5208
12312.1	60.8655
12312.3	63.5306
12312.5	61.9083
12312.7	59.7658
12312.8	65.3075
12313	62.9804
12313.2	63.1043
12313.4	63.6832
12313.6	62.2105
12313.8	68.6042
12314	70.6734
12314.2	69.6753
12314.3	57.5257
12314.5	44.1997
12314.7	57.6884
12314.9	72.5548
12315.1	72.8883
12315.3	65.0109
12315.5	69.0344
12315.7	69.5548
12315.9	56.4969
12316	57.5748
12316.2	62.0739
12316.4	56.2354
12316.6	68.7944
12316.8	70.5755
12316.9	66
12317.1	63
12317.3	65
12317.5	70
12317.7	58
12317.9	77
12318.1	61
12318.3	76
12318.5	33
12318.6	65
12318.8	56
12319	66
12319.2	80
12319.4	50
12319.6	48
12319.8	72
12320	67
12320.2	72
12320.4	69
12320.5	60
12320.7	54
12320.9	61
12321.1	50
12321.3	60
12321.5	50
12321.7	63
12321.9	82
12322.1	59
12322.3	100
12322.4	65
12322.6	71
12322.8	51
12323	75
12323.2	72
12323.4	78
12323.6	61
12323.8	57
12324	67
12324.2	98
12324.3	71
12324.5	74
12324.7	64
12324.9	65
12325.1	67
12325.3	69
12325.5	81
12325.7	64
12325.9	62
12326.1	61
12326.2	82
12326.4	84
12326.6	88
12326.8	79
12327	68
12327.2	57
12327.4	80
12327.6	62
12327.8	73
12327.9	90
12328.1	66
12328.3	76
12328.5	69
12328.7	62
12328.9	57
12329.1	85
12329.3	78
12329.5	82
12329.6	75
12329.8	76
12330	68
12330.2	59
12330.4	61
12330.6	61
12330.8	78
12331	70
12331.2	79
12331.3	74
12331.5	64
12331.7	81
12331.9	79
12332.1	65
12332.3	63
12332.5	94
12332.7	72
12332.9	79
12333.1	58
12333.2	71
12333.4	63
12333.6	60
12333.8	89
12334	69
12334.2	65
12334.4	83
12334.6	82
12334.8	74
12334.9	90
12335.1	80
12335.3	85
12335.5	91
12335.7	85
12335.9	77
12336.1	70
12336.3	50
12336.4	65
12336.6	66
12336.8	78
12337	99
12337.2	83
12337.4	72
12337.6	87
12337.8	69
12338	89
12338.1	81
12338.3	62
12338.5	81
12338.7	92
12338.9	88
12339.1	70
12339.3	73
12339.5	72
12339.7	70
12339.8	74
12340	87
12340.2	90
12340.4	64
12340.6	75
12340.8	83
12341	79
12341.2	93
12341.3	78
12341.5	89
12341.7	83
12341.9	93
12342.1	98
12342.3	81
12342.5	72
12342.7	103
12342.9	78
12343	81
12343.2	72
12343.4	82
12343.6	75
12343.8	71
12344	72
12344.2	96
12344.4	67
12344.5	61
12344.7	71
12344.9	74
12345.1	88
12345.3	73
12345.5	50
12345.7	77
12345.9	73
12346	100
12346.2	96
12346.4	61
12346.6	74
12346.8	82
12347	84
12347.2	82
12347.4	96
12347.6	99
12347.7	85
12347.9	68
12348.1	69
12348.3	104
12348.5	71
12348.7	62
12348.9	96
12349.1	78
12349.2	66
12349.4	85
12349.6	91
12349.8	90
12350	71
12350.2	77
12350.4	78
12350.6	83
12350.7	81
12350.9	89
12351.1	78
12351.3	83
12351.5	77
12351.7	72
12351.9	76
12352.1	91
12352.2	93
12352.4	86
12352.6	60
12352.8	80
12353	75
12353.2	74
12353.4	83
12353.6	102
12353.7	66
12353.9	71
12354.1	77
12354.3	101
12354.5	83
12354.7	91
12354.9	103
12355.1	104
12355.2	98
12355.4	109
12355.6	91
12355.8	73
12356	72
12356.2	77
12356.4	94
12356.5	77
12356.7	88
12356.9	86
12357.1	86
12357.3	81
12357.5	104
12357.7	82
12357.9	87
12358	79
12358.2	88
12358.4	84
12358.6	99
12358.8	77
12359	97
12359.2	88
12359.4	86
12359.5	73
12359.7	84
12359.9	76
12360.1	82
12360.3	81
12360.5	72
12360.7	70
12360.8	86
12361	83
12361.2	80
12361.4	98
12361.6	88.5
12361.8	79
12362	77
12362.2	88
12362.3	77
12362.5	92
12362.7	71
12362.9	70
12363.1	94
12363.3	80
12363.5	92
12363.6	75
12363.8	63
12364	81
12364.2	80
12364.4	94
12364.6	91
12364.8	55
12365	68
12365.1	68
12365.3	101
12365.5	75
12365.7	89
12365.9	84
12366.1	72
12366.3	82
12366.4	85
12366.6	86
12366.8	84
12367	84
12367.2	73
12367.4	100
12367.6	73
12367.7	94
12367.9	80
12368.1	82
12368.3	92
12368.5	98
12368.7	97
12368.9	88
12369	81
12369.2	72
12369.4	93
12369.6	76
12369.8	82
12370	94
12370.2	96
12370.3	92
12370.5	74
12370.7	89
12370.9	77
12371.1	98
12371.3	108
12371.5	95
12371.7	82
12371.8	80
12372	79
12372.2	84
12372.4	93
12372.6	77
12372.8	92
12373	79
12373.1	60
12373.3	90
12373.5	82
12373.7	90
12373.9	81
12374.1	84
12374.3	91
12374.4	85
12374.6	79
12374.8	90
12375	86
12375.2	67
12375.4	78
12375.6	93
12375.7	99
12375.9	103
12376.1	63
12376.3	89
12376.5	94
12376.7	89
12376.8	87
12377	89
12377.2	70
12377.4	77
12377.6	94
12377.8	85
12378	92
12378.1	81
12378.3	78
12378.5	91
12378.7	80
12378.9	110
12379.1	80
12379.3	87
12379.4	83
12379.6	100
12379.8	67
12380	94
12380.2	85
12380.4	97
12380.6	78
12380.7	93
12380.9	105
12381.1	80
12381.3	76
12381.5	73
12381.7	92
12381.8	100
12382	70
12382.2	48
12382.4	92
12382.6	96
12382.8	82
12383	87
12383.1	76
12383.3	56
12383.5	78
12383.7	87
12383.9	87
12384.1	74
12384.3	74
12384.4	81
12384.6	95
12384.8	79
12385	107
12385.2	89
12385.4	62
12385.5	87
12385.7	79
12385.9	91
12386.1	76
12386.3	79
12386.5	107
12386.7	93
12386.8	69
12387	88
12387.2	83
12387.4	77
12387.6	94
12387.8	88
12387.9	80
12388.1	83
12388.3	78
12388.5	93
12388.7	78
12388.9	106
12389.1	93
12389.2	81
12389.4	90
12389.6	83
12389.8	85
12390	106
12390.2	80
12390.3	51
12390.5	67
12390.7	78
12390.9	97
12391.1	76
12391.3	93
12391.5	71
12391.6	93
12391.8	64
12392	86
12392.2	86
12392.4	85
12392.6	86
12392.7	82
12392.9	95
12393.1	71
12393.3	64
12393.5	75
12393.7	93
12393.8	91
12394	83
12394.2	80
12394.4	61
12394.6	98
12394.8	93
12395	77
12395.1	84
12395.3	60
12395.5	85
12395.7	66
12395.9	82
12396.1	102
12396.2	72
12396.4	74
12396.6	63
12396.8	67
12397	93
12397.2	86
12397.3	85
12397.5	103
12397.7	93
12397.9	92
12398.1	87
12398.3	82
12398.4	77
12398.6	90
12398.8	74
12399	75
12399.2	85
12399.4	102
12399.5	79
12399.7	93
12399.9	69
12400.1	72
12400.3	77
12400.5	71
12400.6	82
12400.8	76
12401	60
12401.2	86
12401.4	105
12401.6	81
12401.7	92
12401.9	94
12402.1	71
12402.3	80
12402.5	58
12402.7	74
12402.8	83
12403	85
12403.2	80
12403.4	75
12403.6	63
12403.8	71
12403.9	100
12404.1	100
12404.3	95
12404.5	73
12404.7	81
12404.9	82
12405	60
12405.2	91
12405.4	90
12405.6	70
12405.8	81
12406	92
12406.1	69
12406.3	79
12406.5	75
12406.7	86
12406.9	72
12407.1	96
12407.2	73
12407.4	103
12407.6	85
12407.8	92
12408	76
12408.2	76
12408.3	75
12408.5	82
12408.7	106
12408.9	78
12409.1	86
12409.3	65
12409.4	87
12409.6	77
12409.8	101
12410	81
12410.2	84
12410.4	85
12410.5	80
12410.7	76
12410.9	72
12411.1	72
12411.3	104
12411.5	60
12411.6	86
12411.8	98
12412	88
12412.2	78
12412.4	84
12412.5	89
12412.7	77
12412.9	78
12413.1	107
12413.3	80
12413.5	62
12413.6	84
12413.8	83
12414	81
12414.2	66
12414.4	71
12414.6	70
12414.7	99
12414.9	82
12415.1	87
12415.3	79
12415.5	63
12415.7	101
12415.8	81
12416	95
12416.2	83
12416.4	81
12416.6	74
12416.7	84
12416.9	85
12417.1	93
12417.3	90
12417.5	63
12417.7	80
12417.8	104
12418	68
12418.2	85
12418.4	67
12418.6	104
12418.7	90
12418.9	78
12419.1	86
12419.3	83
12419.5	66
12419.7	97
12419.8	77
12420	99
12420.2	73
12420.4	75
12420.6	94
12420.8	88
12420.9	79
12421.1	88
12421.3	77
12421.5	73
12421.7	86
12421.8	81
12422	72
12422.2	66
12422.4	76
12422.6	79
12422.8	88
12422.9	50
12423.1	77
12423.3	78
12423.5	71
12423.7	92
12423.8	85
12424	94
12424.2	79
12424.4	81
12424.6	62
12424.8	74
12424.9	83
12425.1	85
12425.3	78
12425.5	89
12425.7	85
12425.8	83
12426	102
12426.2	67
12426.4	86
12426.6	84
12426.7	85
12426.9	81
12427.1	77
12427.3	65
12427.5	62
12427.7	98
12427.8	88
12428	86
12428.2	72
12428.4	55
12428.6	83
12428.7	74
12428.9	77
12429.1	76
12429.3	83
12429.5	85
12429.6	79
12429.8	78
12430	76
12430.2	81
12430.4	74
12430.6	77
12430.7	89
12430.9	72
12431.1	82
12431.3	75
12431.5	88
12431.6	76
12431.8	98
12432	99
12432.2	69
12432.4	72
12432.5	70
12432.7	65
12432.9	77
12433.1	80
12433.3	94
12433.5	91
12433.6	60
12433.8	70
12434	78
12434.2	85
12434.4	91
12434.5	86
12434.7	91
12434.9	93
12435.1	76
12435.3	97
12435.4	71
12435.6	85
12435.8	94
12436	68
12436.2	74
12436.3	69
12436.5	86
12436.7	83
12436.9	70
12437.1	69
12437.2	96
12437.4	65
12437.6	67
12437.8	71
12438	90
12438.2	86
12438.3	58
12438.5	79
12438.7	97
12438.9	69
12439.1	69
12439.2	77
12439.4	85
12439.6	86
12439.8	96
12440	64
12440.1	80
12440.3	64
12440.5	69
12440.7	90
12440.9	84
12441	80
12441.2	56
12441.4	64
12441.6	85
12441.8	84
12441.9	76
12442.1	94
12442.3	62
12442.5	70
12442.7	76
12442.8	76
12443	73
12443.2	71
12443.4	79
12443.6	88
12443.7	70
12443.9	78
12444.1	81
12444.3	75
12444.5	78
12444.6	89
12444.8	83
12445	102
12445.2	97
12445.4	75
12445.5	70
12445.7	87
12445.9	79
12446.1	68
12446.3	69
12446.4	89
12446.6	73
12446.8	77
12447	100
12447.2	68
12447.3	76
12447.5	94
12447.7	62
12447.9	86
12448.1	74
12448.2	74
12448.4	75
12448.6	63
12448.8	91
12449	83
12449.1	55
12449.3	87
12449.5	75
12449.7	81
12449.9	43
12450	77
12450.2	89
12450.4	77
12450.6	90
12450.8	83
12450.9	62
12451.1	66
12451.3	74
12451.5	77
12451.7	81
12451.8	77
12452	83
12452.2	87
12452.4	86
12452.5	74
12452.7	94
12452.9	83
12453.1	59
12453.3	87
12453.4	83
12453.6	81
12453.8	75
12454	69
12454.2	79
12454.3	97
12454.5	68
12454.7	81
12454.9	92
12455.1	83
12455.2	82
12455.4	80
12455.6	80
12455.8	88
12456	73
12456.1	93
12456.3	80
12456.5	74
12456.7	90
12456.9	74
12457	70
12457.2	70
12457.4	75
12457.6	85
12457.7	79
12457.9	77
12458.1	77
12458.3	81
12458.5	62
12458.6	97
12458.8	70
12459	56
12459.2	88
12459.4	83
12459.5	80
12459.7	53
12459.9	66
12460.1	82
12460.3	87
12460.4	72
12460.6	88
12460.8	69
12461	79
12461.1	91
12461.3	86
12461.5	80
12461.7	78
12461.9	77
12462	87
12462.2	89
12462.4	88
12462.6	71
12462.8	80
12462.9	73
12463.1	70
12463.3	78
12463.5	87
12463.6	70
12463.8	82
12464	77
12464.2	93
12464.4	69
12464.5	81
12464.7	85
12464.9	72
12465.1	76
12465.3	76
12465.4	76
12465.6	70
12465.8	52
12466	68
12466.1	80
12466.3	74
12466.5	75
12466.7	70
12466.9	82
12467	66
12467.2	93
12467.4	81
12467.6	71
12467.7	71
12467.9	65
12468.1	72
12468.3	80
12468.5	63
12468.6	74.8978
12468.8	50.2602
12469	69.7093
12469.2	89.028
12469.4	86.4221
12469.5	77.1491
12469.7	74.3015
12469.9	55.4757
12470.1	68.5919
12470.2	87.3743
12470.4	76.4412
12470.6	82.6397
12470.8	92.3726
12471	89.9771
12471.1	76.7496
12471.3	75.9821
12471.5	67.1347
12471.7	67.287
12471.8	73.7599
12472	83.5448
12472.2	70.4686
12472.4	75.6192
12472.6	51.1575
12472.7	59.0941
12472.9	78.1293
12473.1	66.5022
12473.3	78.0644
12473.4	73.0108
12473.6	63.9508
12473.8	84.0034
12474	80.6885
12474.2	74.4835
12474.3	68.525
12474.5	89.582
12474.7	70.5931
12474.9	79.8087
12475	66.7505
12475.2	69.6881
12475.4	79.8413
12475.6	60.2988
12475.8	72.1753
12475.9	67.9379
12476.1	59.9584
12476.3	67.311
12476.5	61.4777
12476.6	61.4338
12476.8	69.1391
12477	72.7812
12477.2	85.5902
12477.4	60.3735
12477.5	55.6757
12477.7	68.5233
12477.9	66.9204
12478.1	61.7137
12478.2	74.4251
12478.4	66.6455
12478.6	78.6487
12478.8	68.8614
12478.9	68.6929
12479.1	68.4737
12479.3	80.4669
12479.5	68.5759
12479.7	78.7156
12479.8	76.6683
12480	72.0926
12480.2	80.7153
12480.4	74.733
12480.5	69.9568
12480.7	66.5462
12480.9	72.5245
12481.1	82.4358
12481.3	74.3931
12481.4	57.3279
12481.6	74.0684
12481.8	59.4672
12482	60.2645
12482.1	67.6338
12482.3	70.2431
12482.5	69.011
12482.7	72.9943
12482.8	67.1298
12483	64.9991
12483.2	71.9447
12483.4	73.8252
12483.6	71.3991
12483.7	74.159
12483.9	68.2553
12484.1	56.8812
12484.3	65.6287
12484.4	68.1134
12484.6	62.5902
12484.8	65.6527
12485	64.6383
12485.1	65.4535
12485.3	62.2825
12485.5	72.2992
12485.7	84.58
12485.9	87.2662
12486	67.826
12486.2	82.5017
12486.4	71.8793
12486.5	63
12486.7	69
12486.9	67
12487.1	68
12487.2	67
12487.4	75
12487.6	62
12487.8	67
12488	68
12488.1	65
12488.3	77
12488.5	55
12488.7	73
12488.8	54
12489	86
12489.2	70
12489.4	77
12489.6	66
12489.7	67
12489.9	57
12490.1	61
12490.3	74
12490.5	59
12490.6	67
12490.8	82
12491	96
12491.2	77
12491.3	87
12491.5	73
12491.7	79
12491.9	60
12492.1	68
12492.2	61
12492.4	64
12492.6	75
12492.8	68
12492.9	90
12493.1	80
12493.3	72
12493.5	67
12493.7	50
12493.8	71
12494	88
12494.2	82
12494.4	77
12494.5	77
12494.7	83
12494.9	80
12495.1	85
12495.3	94
12495.4	74
12495.6	37
12495.8	84
12496	74
12496.2	77
12496.3	91
12496.5	72
12496.7	90
12496.9	97
12497	80
12497.2	75
12497.4	74
12497.6	53
12497.8	60
12497.9	84
12498.1	67
12498.3	77
12498.5	78
12498.6	74
12498.8	78
12499	87
12499.2	78
12499.4	81
12499.5	67
12499.7	61
12499.9	79
12500.1	79
12500.2	68
12500.4	53
12500.6	64
12500.8	89
12500.9	91
12501.1	78
12501.3	76
12501.5	70
12501.7	76
12501.8	89
12502	89
12502.2	86
12502.4	65
12502.5	62
12502.7	64
12502.9	86
12503.1	83
12503.3	60
12503.4	67
12503.6	76
12503.8	61
12504	87
12504.1	62
12504.3	81
12504.5	76
12504.7	94
12504.9	73
12505	89
12505.2	78
12505.4	82
12505.6	81
12505.7	70
12505.9	80
12506.1	77
12506.3	83
12506.4	52
12506.6	77
12506.8	76
12507	66
12507.2	67
12507.3	106
12507.5	80
12507.7	82
12507.9	59
12508	77
12508.2	71
12508.4	60
12508.6	91
12508.7	79
12508.9	86
12509.1	75
12509.3	76
12509.5	87
12509.6	91
12509.8	73
12510	75
12510.2	74
12510.3	79
12510.5	83
12510.7	72
12510.9	77
12511	73
12511.2	101
12511.4	81
12511.6	78
12511.8	86
12511.9	74
12512.1	70
12512.3	68
12512.5	89
12512.6	99
12512.8	89
12513	91
12513.2	80
12513.3	94
12513.5	67
12513.7	66
12513.9	75
12514	74
12514.2	77
12514.4	91
12514.6	65
12514.8	85
12514.9	81
12515.1	90
12515.3	91
12515.5	72
12515.6	76
12515.8	88
12516	95
12516.2	77
12516.3	88
12516.5	78
12516.7	70
12516.9	85
12517	68
12517.2	72
12517.4	79
12517.6	97
12517.8	82
12517.9	90
12518.1	84
12518.3	71
12518.5	68
12518.6	63
12518.8	97
12519	68
12519.2	61
12519.3	82
12519.5	85
12519.7	72
12519.9	100
12520	106
12520.2	115
12520.4	70
12520.6	76
12520.7	86
12520.9	65
12521.1	81
12521.3	77
12521.5	74
12521.6	81
12521.8	66
12522	78
12522.2	82
12522.3	97
12522.5	76
12522.7	85
12522.9	59
12523	105
12523.2	100
12523.4	70
12523.6	74
12523.7	73
12523.9	84
12524.1	84
12524.3	97
12524.4	73
12524.6	78
12524.8	76
12525	74
12525.1	80
12525.3	56
12525.5	79
12525.7	84
12525.8	83
12526	80
12526.2	76
12526.4	69
12526.5	68
12526.7	65
12526.9	78
12527.1	94
12527.2	90
12527.4	88
12527.6	70
12527.8	85
12528	85
12528.1	99
12528.3	86
12528.5	73
12528.7	86
12528.8	84
12529	89
12529.2	63
12529.4	98
12529.5	95
12529.7	92
12529.9	72
12530.1	75
12530.2	85
12530.4	35
12530.6	94
12530.8	88
12530.9	69
12531.1	64
12531.3	77
12531.5	79
12531.6	76
12531.8	86
12532	86
12532.2	76
12532.3	71
12532.5	70
12532.7	85
12532.9	91
12533	82
12533.2	85
12533.4	85
12533.6	76
12533.7	93
12533.9	87
12534.1	90
12534.3	80
12534.4	90
12534.6	82
12534.8	85
12535	81
12535.1	78
12535.3	89
12535.5	79
12535.7	80
12535.8	86
12536	79
12536.2	86
12536.4	83
12536.5	90
12536.7	79
12536.9	79
12537.1	67
12537.2	81
12537.4	93
12537.6	87
12537.8	69
12537.9	77
12538.1	74
12538.3	82
12538.5	87
12538.6	70
12538.8	60
12539	51
12539.1	91
12539.3	97
12539.5	105
12539.7	96
12539.8	67
12540	73
12540.2	70
12540.4	82
12540.5	102
12540.7	87
12540.9	98
12541.1	77
12541.2	93
12541.4	79
12541.6	75
12541.8	87
12541.9	86
12542.1	80
12542.3	77
12542.5	87
12542.6	89
12542.8	71
12543	70
12543.2	82
12543.3	93
12543.5	84
12543.7	73
12543.9	75
12544	89
12544.2	86
12544.4	88
12544.6	70
12544.7	71
12544.9	72
12545.1	77
12545.3	70
12545.4	93
12545.6	69
12545.8	78
12545.9	64
12546.1	69
12546.3	102
12546.5	98
12546.6	57
12546.8	78
12547	96
12547.2	77
12547.3	89
12547.5	72
12547.7	77
12547.9	86
12548	72
12548.2	76
12548.4	80
12548.6	62
12548.7	59
12548.9	80
12549.1	62
12549.3	78
12549.4	83
12549.6	67
12549.8	74
12549.9	83
12550.1	91
12550.3	81
12550.5	75
12550.6	75
12550.8	73
12551	71
12551.2	88
12551.3	83
12551.5	79
12551.7	80
12551.9	87
12552	82
12552.2	81
12552.4	49
12552.6	88
12552.7	83
12552.9	87
12553.1	66
12553.2	68
12553.4	90
12553.6	111
12553.8	75
12553.9	59
12554.1	64
12554.3	79
12554.5	91
12554.6	91
12554.8	71
12555	92
12555.2	73
12555.3	87
12555.5	91
12555.7	91
12555.8	106
12556	74
12556.2	81
12556.4	97
12556.5	89
12556.7	77
12556.9	85
12557.1	84
12557.2	86
12557.4	86
12557.6	80
12557.7	86
12557.9	68
12558.1	43
12558.3	79
12558.4	92
12558.6	95
12558.8	80
12559	73
12559.1	75
12559.3	68
12559.5	81
12559.7	86
12559.8	74
12560	65
12560.2	76
12560.3	88
12560.5	87
12560.7	71
12560.9	90
12561	80
12561.2	84
12561.4	83
12561.6	95
12561.7	85
12561.9	88
12562.1	74
12562.2	63
12562.4	91
12562.6	76
12562.8	82
12562.9	67
12563.1	83
12563.3	75
12563.5	82
12563.6	93
12563.8	83
12564	89
12564.1	97
12564.3	85
12564.5	68
12564.7	81
12564.8	72
12565	72
12565.2	102
12565.4	80
12565.5	78
12565.7	68
12565.9	94
12566	65
12566.2	96
12566.4	81
12566.6	50
12566.7	79
12566.9	84
12567.1	90
12567.2	86
12567.4	85
12567.6	75
12567.8	68
12567.9	83
12568.1	105
12568.3	86
12568.5	59
12568.6	54
12568.8	83
12569	76
12569.1	67
12569.3	65
12569.5	89
12569.7	61
12569.8	60
12570	87
12570.2	84
12570.3	76
12570.5	84
12570.7	70
12570.9	91
12571	70
12571.2	78
12571.4	78
12571.6	89
12571.7	85
12571.9	73
12572.1	81
12572.2	63
12572.4	84
12572.6	66
12572.8	84
12572.9	78
12573.1	77
12573.3	86
12573.4	81
12573.6	94
12573.8	85
12574	86
12574.1	71
12574.3	80
12574.5	69
12574.6	80
12574.8	73
12575	95
12575.2	98
12575.3	88
12575.5	72
12575.7	84
12575.9	91
12576	57
12576.2	78
12576.4	76
12576.5	92
12576.7	77
12576.9	76
12577.1	69
12577.2	80
12577.4	80
12577.6	88
12577.7	80
12577.9	62
12578.1	74
12578.3	80
12578.4	76
12578.6	82
12578.8	49
12578.9	73
12579.1	74
12579.3	80
12579.5	73
12579.6	80
12579.8	78
12580	77
12580.1	64
12580.3	82
12580.5	48
12580.7	87
12580.8	78
12581	74
12581.2	79
12581.3	70
12581.5	83
12581.7	73
12581.9	69
12582	87
12582.2	93
12582.4	71
12582.5	74
12582.7	70
12582.9	83
12583	74
12583.2	79
12583.4	73
12583.6	65
12583.7	87
12583.9	75
12584.1	79
12584.2	62
12584.4	56
12584.6	79
12584.8	81
12584.9	55
12585.1	83
12585.3	74
12585.4	85
12585.6	64
12585.8	67
12586	67
12586.1	89
12586.3	58
12586.5	64
12586.6	99
12586.8	71
12587	70
12587.2	73
12587.3	72
12587.5	75
12587.7	73
12587.8	89
12588	78
12588.2	60
12588.3	71
12588.5	72
12588.7	76
12588.9	63
12589	76
12589.2	73
12589.4	80
12589.5	82
12589.7	93
12589.9	74
12590.1	66
12590.2	80
12590.4	53
12590.6	70
12590.7	73
12590.9	81
12591.1	88
12591.2	58
12591.4	71
12591.6	90
12591.8	82
12591.9	70
12592.1	85
12592.3	69
12592.4	59
12592.6	55
12592.8	75
12593	66
12593.1	72
12593.3	81
12593.5	83
12593.6	81
12593.8	63
12594	62
12594.1	84
12594.3	83
12594.5	82
12594.7	67
12594.8	65
12595	60
12595.2	65
12595.3	69
12595.5	71
12595.7	70
12595.8	100
12596	76
12596.2	66
12596.4	81
12596.5	73
12596.7	82
12596.9	76
12597	77
12597.2	90
12597.4	62
12597.5	73
12597.7	66
12597.9	86
12598.1	103
12598.2	79
12598.4	68
12598.6	53
12598.7	77
12598.9	73
12599.1	83
12599.2	44
12599.4	76
12599.6	66
12599.8	84
12599.9	99
12600.1	62
12600.3	50
12600.4	55
12600.6	78
12600.8	79
12600.9	75
12601.1	77
12601.3	87
12601.5	87
12601.6	99
12601.8	65
12602	50
12602.1	93
12602.3	77
12602.5	73
12602.6	82
12602.8	65
12603	90
12603.1	78
12603.3	86
12603.5	83
12603.7	80
12603.8	67
12604	73
12604.2	71
12604.3	59
12604.5	86
12604.7	71
12604.8	80
12605	51
12605.2	75
12605.4	77
12605.5	57
12605.7	74
12605.9	69
12606	71
12606.2	68
12606.4	96
12606.5	79
12606.7	68
12606.9	75
12607	76
12607.2	74
12607.4	69
12607.6	62
12607.7	53
12607.9	76
12608.1	71
12608.2	84
12608.4	75
12608.6	64
12608.7	74
12608.9	87
12609.1	78
12609.2	73
12609.4	86
12609.6	47
12609.8	57
12609.9	69
12610.1	82
12610.3	67
12610.4	63
12610.6	60
12610.8	76
12610.9	57
12611.1	65
12611.3	85
12611.4	68
12611.6	74
12611.8	70
12611.9	78
12612.1	76
12612.3	76
12612.5	57
12612.6	83
12612.8	73
12613	68
12613.1	78
12613.3	54
12613.5	55
12613.6	64
12613.8	82
12614	89
12614.1	81
12614.3	81
12614.5	76
12614.6	77
12614.8	58
12615	70
12615.2	70
12615.3	60
12615.5	72
12615.7	73
12615.8	77
12616	65
12616.2	60
12616.3	68
12616.5	66
12616.7	78
12616.8	70
12617	80
12617.2	88
12617.3	57
12617.5	75
12617.7	65
12617.8	50
12618	84
12618.2	74
12618.4	55
12618.5	68
12618.7	49
12618.9	76
12619	89
12619.2	85
12619.4	76
12619.5	42
12619.7	62
12619.9	66
12620	82
12620.2	96
12620.4	81
12620.5	57
12620.7	69
12620.9	61
12621	80
12621.2	68
12621.4	62
12621.6	60
12621.7	72
12621.9	72
12622.1	78
12622.2	79
12622.4	72
12622.6	68
12622.7	82
12622.9	71
12623.1	63
12623.2	88
12623.4	64
12623.6	65
12623.7	59
12623.9	69
12624.1	64
12624.2	80
12624.4	66
12624.6	83
12624.7	82
12624.9	78
12625.1	72
12625.2	59
12625.4	67
12625.6	69
12625.8	73
12625.9	60
12626.1	91
12626.3	77
12626.4	66
12626.6	72
12626.8	76
12626.9	81
12627.1	84
12627.3	57
12627.4	84
12627.6	78
12627.8	70
12627.9	64
12628.1	72
12628.3	84
12628.4	77
12628.6	75
12628.8	60.0322
12628.9	65.9391
12629.1	73.4379
12629.3	97.0972
12629.4	57.1852
12629.6	63.9697
12629.8	72.5839
12629.9	73.1111
12630.1	76.2404
12630.3	78.5968
12630.4	63.6695
12630.6	59.3334
12630.8	51.8659
12630.9	69.2059
12631.1	62.9873
12631.3	75.487
12631.4	46.871
12631.6	75.4205
12631.8	77.0067
12631.9	89.6758
12632.1	60.67
12632.3	60.1002
12632.5	61.5644
12632.6	61.336
12632.8	73.4455
12633	60.0984
12633.1	71.8921
12633.3	72.8129
12633.5	71.6909
12633.6	57.6369
12633.8	59.5654
12634	67.6661
12634.1	66.8405
12634.3	56.7858
12634.5	58.412
12634.6	59.2634
12634.8	71.35
12635	64.3713
12635.1	74.4438
12635.3	76.1123
12635.5	59.458
12635.6	67.6725
12635.8	56.3818
12636	65.3436
12636.1	63.4257
12636.3	66.6196
12636.5	66.1834
12636.6	66.669
12636.8	78.6244
12637	68.1847
12637.1	53.7944
12637.3	51.2398
12637.5	58.0018
12637.6	62.6213
12637.8	57.1927
12638	71.983
12638.1	70.3127
12638.3	71.7636
12638.5	59.0523
12638.6	47.4426
12638.8	58.1091
12639	68.8138
12639.1	65.4943
12639.3	62.5672
12639.5	56.8968
12639.6	53.6523
12639.8	63.6073
12640	63.5846
12640.1	64.4036
12640.3	69.7061
12640.5	72.6775
12640.6	68.5971
12640.8	54.5744
12641	69.8448
12641.1	83.3648
12641.3	68.1368
12641.5	71.3156
12641.6	61.1265
12641.8	54.2304
12642	57.0589
12642.1	59.695
12642.3	66.6061
12642.5	66.2849
12642.6	59.3542
12642.8	62.8935
12643	67.4453
12643.1	59.5158
12643.3	52.6692
12643.5	51.6163
12643.6	65.5285
12643.8	68.4041
12644	57.3644
12644.1	72.6455
12644.3	59.4822
12644.5	60.0314
12644.6	53.44
12644.8	60.0882
12645	56.6047
12645.1	76.0876
12645.3	63.3417
12645.5	70.5358
12645.6	81.3768
12645.8	55
12646	70
12646.1	57
12646.3	65
12646.5	81
12646.6	71
12646.8	59
12647	76
12647.1	48
12647.3	44
12647.5	65
12647.6	65
12647.8	70
12648	84
12648.1	60
12648.3	66
12648.5	68
12648.6	83
12648.8	82
12649	64
12649.1	55
12649.3	60
12649.5	67
12649.6	75
12649.8	68
12650	65
12650.2	72
12650.3	69
12650.5	73
12650.7	78
12650.8	56
12651	56
12651.2	78
12651.3	58
12651.5	61
12651.7	78
12651.8	62
12652	71
12652.2	71
12652.3	60
12652.5	75
12652.7	63
12652.8	51
12653	61
12653.2	88
12653.3	83
12653.5	63
12653.7	57
12653.8	68
12654	74
12654.2	79
12654.3	49
12654.5	62
12654.7	70
12654.8	75
12655	81
12655.2	74
12655.3	67
12655.5	87
12655.7	65
12655.8	66
12656	89
12656.2	67
12656.4	91
12656.5	56
12656.7	73
12656.9	64
12657	75
12657.2	41
12657.4	66
12657.5	64
12657.7	62
12657.9	73
12658	82
12658.2	63
12658.4	54
12658.5	73
12658.7	72
12658.9	59
12659	71
12659.2	81
12659.4	64
12659.5	74
12659.7	65
12659.9	65
12660	66
12660.2	58
12660.4	61
12660.5	84
12660.7	64
12660.9	75
12661	77
12661.2	56
12661.4	68
12661.5	52
12661.7	69
12661.9	58
12662	72
12662.2	72
12662.4	88
12662.5	62
12662.7	69
12662.9	46
12663	68
12663.2	62
12663.4	67
12663.5	74
12663.7	75
12663.9	76
12664	71
12664.2	81
12664.4	73
12664.5	61
12664.7	34
12664.9	55
12665	60
12665.2	78
12665.4	74
12665.5	77
12665.7	79
12665.9	74
12666	81
12666.2	77
12666.4	66
12666.5	65
12666.7	61
12666.9	80
12667	74
12667.2	77
12667.4	78
12667.5	64
12667.7	58
12667.9	57
12668	70
12668.2	89
12668.4	56
12668.5	85
12668.7	78
12668.9	67
12669	70
12669.2	66
12669.4	70
12669.5	87
12669.7	67
12669.9	89
12670	83
12670.2	51
12670.4	79
12670.5	69
12670.7	60
12670.9	67
12671	65
12671.2	85
12671.4	64
12671.5	80
12671.7	69
12671.9	56
12672	66
12672.2	64
12672.4	72
12672.5	64
12672.7	76
12672.8	75
12673	70
12673.2	78
12673.3	66
12673.5	80
12673.7	47
12673.8	67
12674	65
12674.2	77
12674.3	80
12674.5	71
12674.7	75
12674.8	74
12675	68
12675.2	86
12675.3	71
12675.5	63
12675.7	57
12675.8	70
12676	79
12676.2	85
12676.3	75
12676.5	68
12676.7	57
12676.8	61
12677	86
12677.2	77
12677.3	62
12677.5	62
12677.7	50
12677.8	65
12678	72
12678.2	69
12678.3	53
12678.5	69
12678.7	80
12678.8	78
12679	58
12679.1	76
12679.3	52
12679.5	78
12679.6	83
12679.8	75
12680	58
12680.1	84
12680.3	63
12680.5	61
12680.6	73
12680.8	83
12681	80
12681.1	71
12681.3	72
12681.5	80
12681.6	81
12681.8	88
12682	51
12682.1	74
12682.3	74
12682.5	80
12682.6	92
12682.8	75
12683	85
12683.1	79
12683.3	88
12683.4	76
12683.6	71
12683.8	56
12683.9	71
12684.1	80
12684.3	58
12684.4	71
12684.6	70
12684.8	57
12684.9	58
12685.1	59
12685.3	73
12685.4	75
12685.6	44
12685.8	64
12685.9	89
12686.1	72
12686.3	57
12686.4	78
12686.6	70
12686.8	84
12686.9	72
12687.1	54
12687.2	59
12687.4	63
12687.6	84
12687.7	80
12687.9	77
12688.1	67
12688.2	73
12688.4	68
12688.6	80
12688.7	90
12688.9	55
12689.1	56
12689.2	68
12689.4	90
12689.6	81
12689.7	71
12689.9	74
12690	60
12690.2	45
12690.4	78
12690.5	85
12690.7	67
12690.9	68
12691	76
12691.2	89
12691.4	80
12691.5	77
12691.7	68
12691.9	62
12692	58
12692.2	72
12692.4	76
12692.5	80
12692.7	67
12692.8	65
12693	82
12693.2	74
12693.3	76
12693.5	79
12693.7	86
12693.8	57
12694	87
12694.2	74
12694.3	77
12694.5	73
12694.7	78
12694.8	61
12695	79
12695.1	74
12695.3	62
12695.5	69
12695.6	80
12695.8	83
12696	89
12696.1	65
12696.3	80
12696.5	58
12696.6	93
12696.8	86
12697	82
12697.1	86
12697.3	63
12697.4	86
12697.6	71
12697.8	63
12697.9	71
12698.1	61
12698.3	67
12698.4	75
12698.6	73
12698.8	103
12698.9	68
12699.1	77
12699.3	85
12699.4	82
12699.6	79
12699.7	74
12699.9	76
12700.1	72
12700.2	75
12700.4	73
12700.6	99
12700.7	68
12700.9	78
12701.1	67
12701.2	66
12701.4	75
12701.5	78
12701.7	73
12701.9	63
12702	71
12702.2	67
12702.4	79
12702.5	80
12702.7	67
12702.9	89
12703	69
12703.2	73
12703.3	80
12703.5	89
12703.7	80
12703.8	66
12704	86
12704.2	88
12704.3	72
12704.5	52
12704.7	75
12704.8	53
12705	86
12705.1	90
12705.3	72
12705.5	63
12705.6	90
12705.8	89
12706	75
12706.1	68
12706.3	59
12706.5	65
12706.6	86
12706.8	65
12706.9	74
12707.1	67
12707.3	74
12707.4	73
12707.6	88
12707.8	67
12707.9	61
12708.1	53
12708.3	72
12708.4	86
12708.6	77
12708.7	66
12708.9	74
12709.1	82
12709.2	55
12709.4	82
12709.6	95
12709.7	77
12709.9	53
12710	61
12710.2	89
12710.4	81
12710.5	88
12710.7	86
12710.9	72
12711	96
12711.2	76
12711.4	70
12711.5	79
12711.7	62
12711.8	88
12712	84
12712.2	79
12712.3	49
12712.5	87
12712.7	56
12712.8	74
12713	71
12713.1	58
12713.3	81
12713.5	68
12713.6	89
12713.8	95
12714	83
12714.1	82
12714.3	52
12714.4	82
12714.6	91
12714.8	73
12714.9	77
12715.1	76
12715.3	73
12715.4	77
12715.6	92
12715.8	74
12715.9	86
12716.1	60
12716.2	80
12716.4	64
12716.6	59
12716.7	81
12716.9	64
12717.1	80
12717.2	80
12717.4	61
12717.5	68
12717.7	68
12717.9	44
12718	58
12718.2	66
12718.4	86
12718.5	64
12718.7	64
12718.8	63
12719	67
12719.2	71
12719.3	60
12719.5	84
12719.7	43
12719.8	65
12720	89
12720.1	76
12720.3	78
12720.5	59
12720.6	76
12720.8	90
12721	74
12721.1	75
12721.3	67
12721.4	70
12721.6	77
12721.8	85
12721.9	57
12722.1	81
12722.2	65
12722.4	74
12722.6	84
12722.7	56
12722.9	76
12723.1	72
12723.2	59
12723.4	74
12723.5	70
12723.7	72
12723.9	72
12724	77
12724.2	59
12724.4	75
12724.5	98
12724.7	80
12724.8	74
12725	67
12725.2	85
12725.3	65
12725.5	80
12725.7	63
12725.8	55
12726	52
12726.1	74
12726.3	66
12726.5	89
12726.6	43
12726.8	60
12726.9	69
12727.1	65
12727.3	76
12727.4	69
12727.6	72
12727.8	72
12727.9	64
12728.1	72
12728.2	76
12728.4	74
12728.6	62
12728.7	82
12728.9	84
12729.1	68
12729.2	49
12729.4	61
12729.5	79
12729.7	70
12729.9	66
12730	78
12730.2	74
12730.3	41
12730.5	71
12730.7	73
12730.8	83
12731	63
12731.2	38
12731.3	55
12731.5	46
12731.6	79
12731.8	51
12732	81
12732.1	73
12732.3	69
12732.4	73
12732.6	93
12732.8	60
12732.9	62
12733.1	56
12733.3	76
12733.4	76
12733.6	70
12733.7	55
12733.9	88
12734.1	66
12734.2	72
12734.4	77
12734.5	55
12734.7	56
12734.9	87
12735	46
12735.2	62
12735.3	67
12735.5	56
12735.7	77
12735.8	61
12736	71
12736.2	63
12736.3	62
12736.5	52
12736.6	82
12736.8	63
12737	77
12737.1	93
12737.3	56
12737.4	47
12737.6	63
12737.8	72
12737.9	62
12738.1	66
12738.2	95
12738.4	85
12738.6	66
12738.7	69
12738.9	83
12739.1	61
12739.2	88
12739.4	77
12739.5	100
12739.7	85
12739.9	60
12740	52
12740.2	74
12740.3	78
12740.5	66
12740.7	64
12740.8	68
12741	57
12741.1	69
12741.3	91
12741.5	74
12741.6	50
12741.8	60
12741.9	76
12742.1	79
12742.3	65
12742.4	81
12742.6	72
12742.8	86
12742.9	81
12743.1	78
12743.2	70
12743.4	66
12743.6	63
12743.7	64
12743.9	73
12744	85
12744.2	49
12744.4	57
12744.5	68
12744.7	94
12744.8	76
12745	68
12745.2	76
12745.3	72
12745.5	53
12745.6	66
12745.8	86
12746	74
12746.1	56
12746.3	72
12746.4	59
12746.6	73
12746.8	79
12746.9	68
12747.1	58
12747.2	53
12747.4	72
12747.6	73
12747.7	70
12747.9	75
12748	74
12748.2	88
12748.4	66
12748.5	75
12748.7	69
12748.8	67
12749	74
12749.2	69
12749.3	77
12749.5	72
12749.6	57
12749.8	81
12750	74
12750.1	74
12750.3	52
12750.4	68
12750.6	72
12750.8	73
12750.9	67
12751.1	76
12751.2	44
12751.4	48
12751.6	72
12751.7	65
12751.9	70
12752	70
12752.2	58
12752.4	42
12752.5	78
12752.7	83
12752.8	81
12753	57
12753.2	51
12753.3	55
12753.5	73
12753.6	84
12753.8	78
12754	57
12754.1	65
12754.3	74
12754.4	60
12754.6	83
12754.8	70
12754.9	32
12755.1	83
12755.2	62
12755.4	77
12755.6	65
12755.7	72
12755.9	59
12756	63
12756.2	90
12756.4	72
12756.5	64
12756.7	51
12756.8	73
12757	47
12757.2	64
12757.3	78
12757.5	87
12757.6	50
12757.8	71
12758	90
12758.1	77
12758.3	67
12758.4	59
12758.6	63
12758.8	79
12758.9	78
12759.1	53
12759.2	65
12759.4	53
12759.6	69
12759.7	69
12759.9	80
12760	56
12760.2	42
12760.3	78
12760.5	80
12760.7	68
12760.8	56
12761	63
12761.1	81
12761.3	86
12761.5	78
12761.6	76
12761.8	51
12761.9	78
12762.1	85
12762.3	43
12762.4	78
12762.6	69
12762.7	73
12762.9	48
12763.1	63
12763.2	83
12763.4	74
12763.5	78
12763.7	56
12763.8	69
12764	71
12764.2	69
12764.3	61
12764.5	72
12764.6	74
12764.8	65
12765	50
12765.1	66
12765.3	62
12765.4	79
12765.6	70
12765.8	79
12765.9	87
12766.1	47
12766.2	53
12766.4	77
12766.6	65
12766.7	69
12766.9	61
12767	86
12767.2	80
12767.3	56
12767.5	66
12767.7	78
12767.8	51
12768	44
12768.1	76
12768.3	63
12768.5	77
12768.6	71
12768.8	68
12768.9	78
12769.1	71
12769.2	74
12769.4	67
12769.6	62
12769.7	61
12769.9	81
12770	69
12770.2	71
12770.4	63
12770.5	64
12770.7	50
12770.8	70
12771	67
12771.2	69
12771.3	56
12771.5	49
12771.6	73
12771.8	63
12771.9	42
12772.1	76
12772.3	76
12772.4	72
12772.6	75
12772.7	41
12772.9	86
12773.1	74
12773.2	64
12773.4	69
12773.5	76
12773.7	65
12773.8	65
12774	58
12774.2	46
12774.3	58
12774.5	84
12774.6	52
12774.8	65
12775	49
12775.1	63
12775.3	80
12775.4	52
12775.6	50
12775.7	64
12775.9	69
12776.1	76
12776.2	66
12776.4	69
12776.5	74
12776.7	50
12776.8	76
12777	57
12777.2	42
12777.3	79
12777.5	73
12777.6	56
12777.8	64
12778	65
12778.1	61
12778.3	48
12778.4	62
12778.6	72
12778.7	78
12778.9	82
12779.1	54
12779.2	63
12779.4	69.9509
12779.5	60.9081
12779.7	64.9668
12779.8	62.4626
12780	60.8463
12780.2	63.0289
12780.3	70.5607
12780.5	60.253
12780.6	57.588
12780.8	59.705
12781	59.3826
12781.1	73.3118
12781.3	71.8918
12781.4	62.5938
12781.6	83.3089
12781.7	45.9122
12781.9	52.2275
12782.1	67.8568
12782.2	68.0522
12782.4	86.95
12782.5	62.6117
12782.7	58.088
12782.8	75.2234
12783	77.1396
12783.2	52.4404
12783.3	72.7375
12783.5	50.6034
12783.6	71.6935
12783.8	74.5062
12783.9	62.5889
12784.1	58.2638
12784.3	68.6226
12784.4	52.9387
12784.6	57.2534
12784.7	53.6233
12784.9	57.5614
12785	52.0428
12785.2	48.8328
12785.4	63.7087
12785.5	69.0291
12785.7	46.5159
12785.8	52.5547
12786	67.8681
12786.2	63.6871
12786.3	57.754
12786.5	50.9795
12786.6	57.1668
12786.8	41.1697
12786.9	52.6686
12787.1	71.843
12787.3	63.1385
12787.4	56.0373
12787.6	61.1486
12787.7	62.7671
12787.9	51.3825
12788	52.0203
12788.2	60.2112
12788.4	54.1337
12788.5	61.1879
12788.7	58.6444
12788.8	50.3099
12789	59.9329
12789.1	58.4374
12789.3	52.3888
12789.5	53.4791
12789.6	53.949
12789.8	74.0302
12789.9	65.6787
12790.1	57.2329
12790.2	61.1256
12790.4	65.2345
12790.5	62.0438
12790.7	58.3739
12790.9	66.8819
12791	56.4722
12791.2	46.1909
12791.3	44.3546
12791.5	61.3104
12791.6	67.1392
12791.8	61.5628
12792	61.9712
12792.1	65.0055
12792.3	57.7393
12792.4	60.4471
12792.6	45.4083
12792.7	64.8411
12792.9	71.7586
12793.1	60.4749
12793.2	75.9342
12793.4	47.9597
12793.5	59.7621
12793.7	62.6859
12793.8	63.3205
12794	49.0416
12794.2	59.366
12794.3	66.9561
12794.5	75.7221
12794.6	68.1082
12794.8	61.2973
12794.9	73.1354
12795.1	56.2184
12795.3	40.6548
12795.4	65.347
12795.4	66
12795.6	62
12795.7	54
12795.9	40
12796	68
12796.2	45
12796.4	55
12796.5	67
12796.7	82
12796.8	54
12797	60
12797.2	43
12797.3	63
12797.5	63
12797.6	55
12797.8	48
12797.9	61
12798.1	85
12798.3	47
12798.4	63
12798.6	62
12798.7	42
12798.9	68
12799.1	53
12799.2	73
12799.4	69
12799.5	73
12799.7	68
12799.8	56
12800	72
12800.2	56
12800.3	70
12800.5	60
12800.6	74
12800.8	82
12801	72
12801.1	71
12801.3	68
12801.4	65
12801.6	69
12801.7	84
12801.9	61
12802.1	56
12802.2	66
12802.4	68
12802.5	80
12802.7	80
12802.8	66
12803	63
12803.2	74
12803.3	86
12803.5	78
12803.6	75
12803.8	57
12804	43
12804.1	81
12804.3	91
12804.4	71
12804.6	70
12804.7	77
12804.9	78
12805.1	57
12805.2	83
12805.4	75
12805.5	94
12805.7	65
12805.8	90
12806	87
12806.2	65
12806.3	69
12806.5	72
12806.6	77
12806.8	79
12806.9	86
12807.1	90
12807.3	72
12807.4	62
12807.6	73
12807.7	49
12807.9	91
12808	72
12808.2	65
12808.4	82
12808.5	96
12808.7	77
12808.8	90
12809	68
12809.2	73
12809.3	90
12809.5	70
12809.6	95
12809.8	76
12809.9	52
12810.1	63
12810.3	77
12810.4	69
12810.6	68
12810.7	84
12810.9	63
12811	76
12811.2	70
12811.4	70
12811.5	70
12811.7	51
12811.8	82
12812	79
12812.1	75
12812.3	91
12812.5	75
12812.6	83
12812.8	75
12812.9	69
12813.1	85
12813.2	77
12813.4	73
12813.6	83
12813.7	90
12813.9	74
12814	72
12814.2	90
12814.3	69
12814.5	83
12814.7	73
12814.8	94
12815	61
12815.1	70
12815.3	79
12815.4	78
12815.6	91
12815.8	86
12815.9	79
12816.1	67
12816.2	91
12816.4	73
12816.5	77
12816.7	65
12816.8	39
12817	93
12817.2	76
12817.3	52
12817.5	84
12817.6	67
12817.8	76
12817.9	76
12818.1	52
12818.3	80
12818.4	77
12818.6	52
12818.7	82
12818.9	80
12819	66
12819.2	74
12819.4	70
12819.5	83
12819.7	78
12819.8	77
12820	89
12820.1	77
12820.3	61
12820.5	95
12820.6	82
12820.8	72
12820.9	66
12821.1	76
12821.2	83
12821.4	75
12821.5	76
12821.7	91
12821.9	58
12822	51
12822.2	65
12822.3	86
12822.5	85
12822.6	55
12822.8	73
12823	70
12823.1	75
12823.3	80
12823.4	93
12823.6	72
12823.7	63
12823.9	81
12824	92
12824.2	66
12824.4	74
12824.5	61
12824.7	68
12824.8	82
12825	83
12825.1	79
12825.3	70
12825.5	64
12825.6	81
12825.8	71
12825.9	69
12826.1	69
12826.2	88
12826.4	72
12826.5	75
12826.7	66
12826.9	88
12827	72
12827.2	52
12827.3	67
12827.5	87
12827.6	82
12827.8	68
12828	62
12828.1	77
12828.3	59
12828.4	77
12828.6	84
12828.7	67
12828.9	76
12829	61
12829.2	62
12829.4	78
12829.5	83
12829.7	76
12829.8	66
12830	77
12830.1	73
12830.3	71
12830.4	68
12830.6	93
12830.8	80
12830.9	96
12831.1	77
12831.2	52
12831.4	50
12831.5	60
12831.7	76
12831.8	76
12832	70
12832.2	83
12832.3	78.5
12832.5	74
12832.6	70
12832.8	73
12832.9	69
12833.1	49
12833.2	91
12833.4	77
12833.6	106
12833.7	86
12833.9	78
12834	71
12834.2	88
12834.3	63
12834.5	71
12834.6	83
12834.8	65
12835	74
12835.1	67
12835.3	65
12835.4	65
12835.6	76
12835.7	81
12835.9	71
12836	98
12836.2	88
12836.4	72
12836.5	64
12836.7	69
12836.8	71
12837	72
12837.1	74
12837.3	64
12837.4	86
12837.6	81
12837.8	106
12837.9	79
12838.1	84
12838.2	69
12838.4	78
12838.5	95
12838.7	83
12838.8	72
12839	80
12839.1	67
12839.3	85
12839.5	65
12839.6	66
12839.8	64
12839.9	65
12840.1	70
12840.2	64
12840.4	71
12840.5	84
12840.7	60
12840.9	77
12841	76
12841.2	89
12841.3	62
12841.5	46
12841.6	88
12841.8	74
12841.9	60
12842.1	85
12842.2	73
12842.4	88
12842.6	79
12842.7	70
12842.9	66
12843	58
12843.2	62
12843.3	67
12843.5	83
12843.6	71
12843.8	73
12844	65
12844.1	79
12844.3	73
12844.4	63
12844.6	54
12844.7	72
12844.9	69
12845	70
12845.2	71
12845.3	85
12845.5	78
12845.7	68
12845.8	55
12846	69
12846.1	84
12846.3	93
12846.4	58
12846.6	79
12846.7	70
12846.9	78
12847	70
12847.2	81
12847.4	49
12847.5	59
12847.7	75
12847.8	73
12848	66
12848.1	74
12848.3	73
12848.4	67
12848.6	60
12848.7	83
12848.9	87
12849.1	72
12849.2	65
12849.4	88
12849.5	71
12849.7	77
12849.8	68
12850	80
12850.1	80
12850.3	75
12850.4	66
12850.6	68
12850.8	56
12850.9	46
12851.1	65
12851.2	79
12851.4	74
12851.5	74
12851.7	83
12851.8	74
12852	65
12852.1	61
12852.3	83
12852.4	55
12852.6	65
12852.8	72
12852.9	64
12853.1	51
12853.2	63
12853.4	76
12853.5	66
12853.7	76
12853.8	89
12854	67
12854.1	64
12854.3	79
12854.4	62
12854.6	84
12854.8	75
12854.9	64
12855.1	75
12855.2	71
12855.4	68
12855.5	89
12855.7	90
12855.8	57
12856	63
12856.1	72
12856.3	80
12856.4	73
12856.6	68
12856.8	59
12856.9	54
12857.1	64
12857.2	78
12857.4	50
12857.5	63
12857.7	65
12857.8	62
12858	83
12858.1	63
12858.3	77
12858.4	88
12858.6	59
12858.8	67
12858.9	57
12859.1	66
12859.2	74
12859.4	73
12859.5	69
12859.7	70
12859.8	89
12860	71
12860.1	68
12860.3	60
12860.4	67
12860.6	74
12860.8	71
12860.9	60
12861.1	88
12861.2	71
12861.4	63
12861.5	85
12861.7	60
12861.8	52
12862	63
12862.1	89
12862.3	82
12862.4	74
12862.6	66
12862.7	71
12862.9	76
12863.1	79
12863.2	59
12863.4	73
12863.5	33
12863.7	78
12863.8	83
12864	65
12864.1	72
12864.3	64
12864.4	65
12864.6	71
12864.7	60
12864.9	86
12865	48
12865.2	64
12865.4	89
12865.5	50
12865.7	65
12865.8	58
12866	64
12866.1	70
12866.3	77
12866.4	86
12866.6	63
12866.7	66
12866.9	65
12867	62
12867.2	61
12867.3	63
12867.5	53
12867.6	56
12867.8	71
12868	56
12868.1	63
12868.3	68
12868.4	56
12868.6	67
12868.7	68
12868.9	77
12869	70
12869.2	80
12869.3	57
12869.5	72
12869.6	88
12869.8	65
12869.9	70
12870.1	88
12870.2	64
12870.4	90
12870.5	64
12870.7	65
12870.9	44
12871	54
12871.2	67
12871.3	70
12871.5	76
12871.6	60
12871.8	71
12871.9	71
12872.1	71
12872.2	78
12872.4	78
12872.5	55
12872.7	79
12872.8	81
12873	75
12873.1	79
12873.3	73
12873.5	55
12873.6	62
12873.8	75
12873.9	83
12874.1	78
12874.2	73
12874.4	65
12874.5	81
12874.7	73
12874.8	73
12875	84
12875.1	66
12875.3	80
12875.4	64
12875.6	78
12875.7	78
12875.9	63
12876	74
12876.2	64
12876.3	51
12876.5	59
12876.7	55
12876.8	87
12877	82
12877.1	73
12877.3	79
12877.4	87
12877.6	57
12877.7	45
12877.9	68
12878	59
12878.2	71
12878.3	66
12878.5	72
12878.6	66
12878.8	75
12878.9	87
12879.1	85
12879.2	44
12879.4	55
12879.5	65
12879.7	67
12879.8	74
12880	76
12880.1	55
12880.3	82
12880.5	65
12880.6	83
12880.8	82
12880.9	67
12881.1	61
12881.2	60
12881.4	81
12881.5	85
12881.7	65
12881.8	72
12882	70
12882.1	62
12882.3	76
12882.4	80
12882.6	72
12882.7	47
12882.9	67
12883	80
12883.2	66
12883.3	62
12883.5	71
12883.6	67
12883.8	82
12883.9	67
12884.1	79
12884.2	85
12884.4	45
12884.6	73
12884.7	73
12884.9	75
12885	62
12885.2	66
12885.3	60
12885.5	80
12885.6	75
12885.8	81
12885.9	85
12886.1	48
12886.2	76
12886.4	87
12886.5	66
12886.7	70
12886.8	68
12887	58
12887.1	79
12887.3	75
12887.4	55
12887.6	80
12887.7	77
12887.9	65
12888	71
12888.2	77
12888.3	84
12888.5	68
12888.6	56
12888.8	73
12888.9	86
12889.1	78
12889.2	78
12889.4	36
12889.6	78
12889.7	81
12889.9	89
12890	69
12890.2	60
12890.3	55
12890.5	82
12890.6	56
12890.8	74
12890.9	92
12891.1	73
12891.2	73
12891.4	76
12891.5	87
12891.7	78
12891.8	68
12892	78
12892.1	78
12892.3	77
12892.4	77
12892.6	60
12892.7	73
12892.9	71
12893	60
12893.2	78
12893.3	72
12893.5	50
12893.6	69
12893.8	72
12893.9	95
12894.1	66
12894.2	65
12894.4	46
12894.5	80
12894.7	91
12894.8	69
12895	68
12895.1	51
12895.3	70
12895.4	63
12895.6	62
12895.7	80
12895.9	77
12896	99
12896.2	77
12896.3	67
12896.5	84
12896.7	76
12896.8	65
12897	88
12897.1	87
12897.3	82
12897.4	84
12897.6	50
12897.7	62
12897.9	85
12898	69
12898.2	104
12898.3	83
12898.5	47
12898.6	84
12898.8	88
12898.9	62
12899.1	69
12899.2	85
12899.4	74
12899.5	74
12899.7	65
12899.8	92
12900	94
12900.1	77
12900.3	87
12900.4	80
12900.6	88
12900.7	71
12900.9	66
12901	75
12901.2	70
12901.3	108
12901.5	85
12901.6	61
12901.8	73
12901.9	95
12902.1	88
12902.2	94
12902.4	82
12902.5	70
12902.7	79
12902.8	80
12903	83
12903.1	85
12903.3	51
12903.4	87
12903.6	84
12903.7	85
12903.9	82
12904	83
12904.2	105
12904.3	76
12904.5	90
12904.6	93
12904.8	93
12904.9	84
12905.1	70
12905.2	73
12905.4	86
12905.5	108
12905.7	66
12905.8	85
12906	70
12906.1	81
12906.3	102
12906.4	93
12906.6	84
12906.7	79
12906.9	90
12907	101
12907.2	98
12907.3	92
12907.5	87
12907.6	89
12907.8	98
12907.9	99
12908.1	78
12908.2	93
12908.4	76
12908.5	87
12908.7	81
12908.8	81
12909	80
12909.1	84
12909.3	81
12909.4	84
12909.6	88
12909.7	84
12909.9	86
12910	86
12910.2	76
12910.3	90
12910.5	82
12910.6	89
12910.8	89
12910.9	84
12911.1	81
12911.2	63
12911.4	76
12911.5	76
12911.7	92
12911.8	86
12912	95
12912.1	94
12912.3	92
12912.4	66
12912.6	83
12912.7	95
12912.9	71
12913	70
12913.2	81
12913.3	85
12913.5	103
12913.6	87
12913.8	87
12913.9	78
12914.1	72
12914.2	89
12914.4	99
12914.5	85
12914.7	79
12914.8	86
12915	76
12915.1	89
12915.3	92
12915.4	97
12915.6	73
12915.7	86
12915.9	94
12916	72
12916.2	90
12916.3	86
12916.5	85
12916.6	77
12916.7	98
12916.9	85
12917	69
12917.2	74
12917.3	76
12917.5	89
12917.6	86
12917.8	70
12917.9	65
12918.1	82
12918.2	94
12918.4	85
12918.5	85
12918.7	82
12918.8	87
12919	49
12919.1	76
12919.3	86
12919.4	83
12919.6	95
12919.7	78
12919.9	76
12920	87
12920.2	75
12920.3	87
12920.5	87
12920.6	90
12920.8	95
12920.9	71
12921.1	85
12921.2	79.0412
12921.4	82.9002
12921.5	66.6991
12921.7	62.7719
12921.8	52.7082
12922	82.5582
12922.1	61.3905
12922.3	69.9181
12922.4	75.5311
12922.6	67.6613
12922.7	75.6712
12922.9	71.3344
12923	69.5559
12923.2	92.9593
12923.3	65.7102
12923.5	63.2928
12923.6	84.7651
12923.7	70.0471
12923.9	88.0666
12924	70.4721
12924.2	80.5852
12924.3	93.1808
12924.5	72.2351
12924.6	62.2716
12924.8	66.1781
12924.9	80.1039
12925.1	69.2045
12925.2	71.2733
12925.4	87.2452
12925.5	74.1677
12925.7	60.6548
12925.8	82.5753
12926	69.3365
12926.1	65.537
12926.3	77.5633
12926.4	63.9764
12926.6	58.6466
12926.7	74.562
12926.9	80.3737
12927	58.3008
12927.2	83.9291
12927.3	67.2263
12927.5	74.8682
12927.6	59.6031
12927.8	77.7748
12927.9	72.6817
12928.1	63.2203
12928.2	69.899
12928.4	71.5775
12928.5	73.0683
12928.6	76.2516
12928.8	83.4665
12928.9	65.5273
12929.1	73.8774
12929.2	72.1367
12929.4	59.9905
12929.5	57.4301
12929.7	63.8859
12929.8	63.7026
12930	61.1223
12930.1	62.7624
12930.3	58.7106
12930.4	59.6414
12930.6	62.9528
12930.7	61.4078
12930.9	58.0015
12931	71.1883
12931.2	56.3523
12931.3	51.6072
12931.5	61.4143
12931.6	71.129
12931.8	58.214
12931.9	62.0695
12932.1	62.7018
12932.2	73.0691
12932.4	73.5202
12932.5	65.2436
12932.7	54.4517
12932.8	57.2211
12932.9	63.175
12933.1	60.3917
12933.2	55.5896
12933.4	62.5274
12933.5	70.0679
12933.7	61.9717
12933.8	66.6838
12934	60.0392
12934.1	74.2766
12934.3	76.9953
12934.4	68.5865
12934.6	48.0205
12934.7	57.3394
12934.9	50.2089
12935	54.9518
12935.2	61.2055
12935.3	60.0696
12935.5	60.7954
12935.6	55.5164
12935.8	58.1797
12935.9	67.858
12936.1	51.5021
12936.2	32.8988
12936.3	52.7034
12936.5	68.6735
12936.6	77
12936.8	69
12936.9	47
12937.1	41
12937.2	70
12937.4	60
12937.5	60
12937.7	49
12937.8	38
12938	31
12938.1	88
12938.3	70
12938.4	68
12938.6	51
12938.7	47
12938.9	68
12939	63
12939.2	76
12939.3	59
12939.5	69
12939.6	70
12939.8	57
12939.9	60
12940.1	65
12940.2	64
12940.4	75
12940.5	68
12940.7	64
12940.8	46
12941	76
12941.1	73
12941.3	64
12941.4	58
12941.6	63
12941.7	72
12941.9	44
12942	42
12942.2	51
12942.3	71
12942.5	68
12942.6	52
12942.8	77
12942.9	53
12943.1	77
12943.2	74
12943.3	76
12943.5	66
12943.6	36
12943.8	62
12943.9	59
12944.1	74
12944.2	47
12944.4	54
12944.5	73
12944.7	73
12944.8	65
12945	63
12945.1	61
12945.3	66
12945.4	60
12945.6	56
12945.7	73
12945.9	56
12946	49
12946.2	54
12946.3	74
12946.5	72
12946.6	50
12946.8	68
12946.9	61
12947.1	73
12947.2	70
12947.4	61
12947.5	50
12947.7	58
12947.8	52
12948	61
12948.1	92
12948.3	61
12948.4	63
12948.6	44
12948.7	68
12948.9	66
12949	56
12949.2	63
12949.3	74
12949.4	36
12949.6	57
12949.7	78
12949.9	75
12950	69
12950.2	62
12950.3	68
12950.5	61
12950.6	75
12950.8	56
12950.9	43
12951.1	70
12951.2	80
12951.4	57
12951.5	70
12951.7	69
12951.8	51
12952	62
12952.1	82
12952.3	71
12952.4	76
12952.6	51
12952.7	71
12952.9	53
12953	51
12953.2	72
12953.3	63
12953.5	59
12953.6	64
12953.8	63
12953.9	62
12954	63
12954.2	73
12954.3	70
12954.5	63
12954.6	53
12954.8	51
12954.9	62
12955.1	81
12955.2	75
12955.4	64
12955.5	55
12955.7	61
12955.8	62
12956	63
12956.1	66
12956.3	67
12956.4	76
12956.6	61
12956.7	51
12956.9	71
12957	55
12957.2	78
12957.3	72
12957.5	53
12957.6	51
12957.8	71
12957.9	55
12958	66
12958.2	50
12958.3	63
12958.5	59
12958.6	65
12958.8	81
12958.9	53
12959.1	41
12959.2	59
12959.4	60
12959.5	74
12959.7	68
12959.8	80
12960	71
12960.1	76
12960.3	57
12960.4	54
12960.6	52
12960.7	65
12960.9	70
12961	52
12961.1	69
12961.3	58
12961.4	38
12961.6	63
12961.7	58
12961.9	72
12962	65
12962.2	57
12962.3	55
12962.5	57
12962.6	66
12962.8	84
12962.9	84
12963.1	83
12963.2	54
12963.4	55
12963.5	74
12963.7	78
12963.8	51
12964	47
12964.1	67
12964.2	55
12964.4	71
12964.5	71
12964.7	57
12964.8	65
12965	59
12965.1	65
12965.3	81
12965.4	64
12965.6	60
12965.7	79
12965.9	88
12966	64
12966.2	58
12966.3	62
12966.5	57
12966.6	64
12966.8	58
12966.9	51
12967	59
12967.2	42
12967.3	62
12967.5	79
12967.6	63
12967.8	59
12967.9	73
12968.1	57
12968.2	67
12968.4	67
12968.5	67
12968.7	64
12968.8	42
12969	57
12969.1	59
12969.3	83
12969.4	66
12969.5	49
12969.7	78
12969.8	61
12970	71
12970.1	69
12970.3	60
12970.4	67
12970.6	70
12970.7	67
12970.9	86
12971	62
12971.2	53.5
12971.3	45
12971.5	75
12971.6	89
12971.8	89
12971.9	60
12972	46
12972.2	69
12972.3	68
12972.5	74
12972.6	64
12972.8	41
12972.9	62
12973.1	68
12973.2	57
12973.4	48
12973.5	70
12973.7	63
12973.8	64
12974	64
12974.1	70
12974.2	59
12974.4	65
12974.5	88
12974.7	70
12974.8	51
12975	55
12975.1	68
12975.3	76
12975.4	63
12975.6	43
12975.7	63
12975.9	66
12976	66
12976.2	71
12976.3	67
12976.4	51
12976.6	77
12976.7	69
12976.9	57
12977	71
12977.2	69
12977.3	74
12977.5	60
12977.6	66
12977.8	69
12977.9	70
12978.1	57
12978.2	60
12978.4	45
12978.5	56
12978.6	67
12978.8	76
12978.9	76
12979.1	58
12979.2	58
12979.4	67
12979.5	82
12979.7	86
12979.8	61
12980	69
12980.1	61
12980.3	77
12980.4	71
12980.5	68
12980.7	52
12980.8	52
12981	68
12981.1	73
12981.3	96
12981.4	54
12981.6	68
12981.7	54
12981.9	68
12982	66
12982.2	71
12982.3	50
12982.4	65
12982.6	60
12982.7	55
12982.9	67
12983	73
12983.2	64
12983.3	68
12983.5	59
12983.6	73
12983.8	70
12983.9	70
12984.1	80
12984.2	67
12984.3	66
12984.5	79
12984.6	61
12984.8	70
12984.9	57
12985.1	61
12985.2	73
12985.4	82
12985.5	85
12985.7	48
12985.8	76
12985.9	66
12986.1	73
12986.2	58
12986.4	44
12986.5	76
12986.7	57
12986.8	62
12987	93
12987.1	74
12987.3	74
12987.4	74
12987.6	75
12987.7	88
12987.8	53
12988	71
12988.1	45
12988.3	51
12988.4	80
12988.6	56
12988.7	59
12988.9	74
12989	73
12989.2	52
12989.3	74
12989.4	41
12989.6	53
12989.7	74
12989.9	72
12990	69
12990.2	66
12990.3	64
12990.5	47
12990.6	68
12990.8	74
12990.9	65
12991	64
12991.2	59
12991.3	58
12991.5	69
12991.6	76
12991.8	66
12991.9	75
12992.1	69
12992.2	54
12992.4	68
12992.5	59
12992.6	75
12992.8	70
12992.9	71
12993.1	54
12993.2	63
12993.4	83
12993.5	51
12993.7	49
12993.8	69
12994	69
12994.1	89
12994.2	63
12994.4	38
12994.5	68
12994.7	70
12994.8	68
12995	55
12995.1	69
12995.3	66
12995.4	63
12995.5	84
12995.7	65
12995.8	66
12996	65
12996.1	63
12996.3	82
12996.4	66
12996.6	59
12996.7	78
12996.9	49
12997	45
12997.1	77
12997.3	67
12997.4	57
12997.6	68
12997.7	70
12997.9	58
12998	65
12998.2	52
12998.3	60
12998.4	49
12998.6	75
12998.7	54
12998.9	76
12999	66
12999.2	58
12999.3	65
12999.5	47
12999.6	64
12999.8	59
12999.9	63
13000	44
13000.2	77
13000.3	56
13000.5	81
13000.6	75
13000.8	66
13000.9	66
13001.1	64
13001.2	78
13001.3	57
13001.5	49
13001.6	67
13001.8	88
13001.9	41
13002.1	74
13002.2	70
13002.4	67
13002.5	54
13002.6	74
13002.8	77
13002.9	61
13003.1	47
13003.2	75
13003.4	61
13003.5	80
13003.7	70
13003.8	73
13003.9	53
13004.1	72
13004.2	60
13004.4	67
13004.5	44
13004.7	54
13004.8	78
13005	70
13005.1	63
13005.2	66
13005.4	61
13005.5	73
13005.7	67
13005.8	51
13006	69
13006.1	60
13006.3	46
13006.4	57
13006.5	63
13006.7	68
13006.8	62
13007	79
13007.1	70
13007.3	61
13007.4	58
13007.6	81
13007.7	67
13007.8	49
13008	46
13008.1	65
13008.3	62
13008.4	47
13008.6	76
13008.7	61
13008.9	62
13009	81
13009.1	75
13009.3	80
13009.4	54
13009.6	51
13009.7	64
13009.9	65
13010	52
13010.1	67
13010.3	61
13010.4	88
13010.6	90
13010.7	60
13010.9	53
13011	44
13011.2	80
13011.3	57
13011.4	60
13011.6	50
13011.7	66
13011.9	56
13012	66
13012.2	54
13012.3	77
13012.5	73
13012.6	48
13012.7	79
13012.9	71
13013	52
13013.2	68
13013.3	56
13013.5	55
13013.6	55
13013.7	78
13013.9	66
13014	70
13014.2	57
13014.3	39
13014.5	63
13014.6	67
13014.8	69
13014.9	40
13015	55
13015.2	55
13015.3	63
13015.5	58
13015.6	68
13015.8	77
13015.9	73
13016	77
13016.2	71
13016.3	60
13016.5	60
13016.6	60
13016.8	64
13016.9	57
13017	58
13017.2	58
13017.3	64
13017.5	66
13017.6	74
13017.8	45
13017.9	49
13018.1	52
13018.2	67
13018.3	69
13018.5	64
13018.6	54
13018.8	56
13018.9	61
13019.1	76
13019.2	66
13019.3	65
13019.5	42
13019.6	34
13019.8	68
13019.9	79
13020.1	54
13020.2	57
13020.3	61
13020.5	70
13020.6	71
13020.8	51
13020.9	82
13021.1	64
13021.2	29
13021.3	73
13021.5	67
13021.6	59
13021.8	58
13021.9	54
13022.1	54
13022.2	73
13022.4	77
13022.5	51
13022.6	37
13022.8	35
13022.9	62
13023.1	50
13023.2	55
13023.4	70
13023.5	57
13023.6	51
13023.8	61
13023.9	89
13024.1	83
13024.2	48
13024.4	49
13024.5	80
13024.6	68
13024.8	57
13024.9	60
13025.1	58
13025.2	70
13025.4	68
13025.5	68
13025.6	66
13025.8	63
13025.9	57
13026.1	82
13026.2	52
13026.4	71
13026.5	79
13026.6	68
13026.8	59
13026.9	36
13027.1	75
13027.2	71
13027.4	54
13027.5	47
13027.6	72
13027.8	55
13027.9	59
13028.1	63
13028.2	57
13028.4	60
13028.5	59
13028.6	73
13028.8	47
13028.9	64
13029.1	62
13029.2	71
13029.4	64
13029.5	65
13029.6	50
13029.8	51
13029.9	55
13030.1	68
13030.2	68
13030.3	59
13030.5	77
13030.6	75
13030.8	52
13030.9	62
13031.1	47
13031.2	68
13031.3	61
13031.5	68
13031.6	67
13031.8	75
13031.9	64
13032.1	64
13032.2	76
13032.3	75
13032.5	63
13032.6	68
13032.8	62
13032.9	64
13033.1	69
13033.2	65
13033.3	84
13033.5	63
13033.6	78
13033.8	60
13033.9	64
13034	52
13034.2	75
13034.3	63
13034.5	56
13034.6	72
13034.8	64
13034.9	81
13035	55
13035.2	64
13035.3	76
13035.5	100
13035.6	92
13035.8	75
13035.9	78
13036	68
13036.2	74
13036.3	88
13036.5	91
13036.6	77
13036.8	100
13036.9	79
13037	96
13037.2	81
13037.3	96
13037.5	80
13037.6	103
13037.7	104
13037.9	112
13038	106
13038.2	112
13038.3	131
13038.5	110
13038.6	136
13038.7	147
13038.9	164
13039	141
13039.2	135
13039.3	174
13039.4	189
13039.6	212
13039.7	200
13039.9	219
13040	203
13040.2	246
13040.3	254
13040.4	280
13040.6	291
13040.7	309
13040.9	343
13041	375
13041.1	366
13041.3	395
13041.4	400
13041.6	395
13041.7	387
13041.9	399
13042	385
13042.1	402
13042.3	355
13042.4	353
13042.6	351
13042.7	308
13042.8	313
13043	317
13043.1	256
13043.3	273
13043.4	266
13043.6	232
13043.7	214
13043.8	216
13044	188
13044.1	207
13044.3	192
13044.4	163
13044.5	176
13044.7	142
13044.8	151
13045	144
13045.1	153
13045.3	118
13045.4	115
13045.5	119
13045.7	134
13045.8	140
13046	107
13046.1	73
13046.2	83
13046.4	103
13046.5	92
13046.7	107
13046.8	96
13046.9	105
13047.1	91
13047.2	98
13047.4	99
13047.5	72
13047.7	76
13047.8	77
13047.9	91
13048.1	99
13048.2	92
13048.4	74
13048.5	80
13048.6	97
13048.8	83
13048.9	88
13049.1	83
13049.2	76
13049.3	80
13049.5	59
13049.6	66
13049.8	75
13049.9	68
13050.1	62
13050.2	75
13050.3	57
13050.5	77
13050.6	72
13050.8	57
13050.9	85
13051	76
13051.2	68
13051.3	62
13051.5	66
13051.6	64
13051.7	78
13051.9	86
13052	67
13052.2	49
13052.3	56
13052.4	71
13052.6	51
13052.7	69
13052.9	64
13053	68
13053.2	79
13053.3	59
13053.4	66
13053.6	68
13053.7	48
13053.9	67
13054	59
13054.1	71
13054.3	38
13054.4	72
13054.6	69
13054.7	59
13054.8	67
13055	67
13055.1	60
13055.3	40
13055.4	53
13055.5	71
13055.7	56.9907
13055.8	46.2865
13056	79.0989
13056.1	67.7924
13056.2	56.1222
13056.4	62.4961
13056.5	64.4868
13056.7	78.2454
13056.8	55.0425
13056.9	54.9294
13057.1	51.5163
13057.2	62.748
13057.4	47.8285
13057.5	58.284
13057.7	64.2595
13057.8	55.3816
13057.9	62.1515
13058.1	54.7694
13058.2	54.8431
13058.4	43.2222
13058.5	41.5937
13058.6	54.1116
13058.8	57.5811
13058.9	54.7142
13059.1	41.4389
13059.2	44.9189
13059.3	53.5945
13059.5	43.3248
13059.6	51.0328
13059.8	50.1404
13059.9	48.5658
13060	47.338
13060.2	55.969
13060.3	46.4929
13060.5	53.6588
13060.6	64.002
13060.7	69.6375
13060.9	50.4576
13061	57.1093
13061.2	47.918
13061.3	60.7403
13061.4	56.3281
13061.6	55.7786
13061.7	61.9986
13061.9	48.5978
13062	54.9557
13062.1	55.2833
13062.3	42.3511
13062.4	52.0133
13062.6	46.2306
13062.7	46.835
13062.8	41.8043
13063	49.5604
13063.1	45.0443
13063.3	39.2103
13063.4	52.8474
13063.5	57.6759
13063.7	53.1447
13063.8	47.8479
13064	52.809
13064.1	49.7619
13064.2	50.9057
13064.4	48.6796
13064.5	49.095
13064.7	47.659
13064.8	49.4405
13064.9	49.675
13065.1	54.3381
13065.2	49.4062
13065.4	53.9091
13065.5	55.0236
13065.6	47.2629
13065.8	53.1472
13065.9	61.0247
13066.1	50.9148
13066.2	36.7633
13066.3	38.8454
13066.5	47.2436
13066.6	35.5556
13066.8	50.2207
13066.9	49.0502
13067	60.2497
13067.2	40.7249
13067.3	45.505
13067.5	50.8503
13067.6	56.9674
13067.7	43.7787
13067.9	39.5268
13068	50.9521
13068.2	43.4923
13068.3	42.3519
13068.4	44.6089
13068.6	47.0059
13068.7	36.179
13068.9	38.227
13069	50.0577
13069.1	48.9368
13069.3	45.2248
13069.4	51.2118
13069.6	28.9158
13069.6	28
13069.7	33
13069.8	50
13070	52
13070.1	31
13070.3	40
13070.4	52
13070.5	29
13070.7	52
13070.8	39
13071	42
13071.1	28
13071.3	50
13071.4	64
13071.5	21
13071.7	27
13071.8	40
13072	39
13072.1	46
13072.2	56
13072.4	43
13072.5	38
13072.7	39
13072.8	67
13072.9	38
13073.1	43
13073.2	53
13073.4	45
13073.5	47
13073.6	37
13073.8	43
13073.9	52
13074.1	52
13074.2	39
13074.4	46
13074.5	53
13074.6	38
13074.8	46
13074.9	39
13075.1	25
13075.2	46
13075.3	63
13075.5	51
13075.6	51
13075.8	28
13075.9	43
13076	55
13076.2	39
13076.3	49
13076.5	40
13076.6	55
13076.7	59
13076.9	57
13077	44
13077.2	50
13077.3	47
13077.5	57
13077.6	50
13077.7	66
13077.9	55
13078	53
13078.2	52
13078.3	59
13078.4	63
13078.6	65
13078.7	42
13078.9	32
13079	55
13079.1	55
13079.3	44
13079.4	57
13079.6	56
13079.7	59
13079.8	69
13080	46
13080.1	64
13080.3	46
13080.4	45
13080.5	66
13080.7	47
13080.8	38
13081	61
13081.1	72
13081.2	53
13081.4	51
13081.5	41
13081.7	38
13081.8	62
13081.9	60
13082.1	65
13082.2	50
13082.4	51
13082.5	61
13082.7	56
13082.8	52
13082.9	63
13083.1	49
13083.2	40
13083.4	60
13083.5	48
13083.6	81
13083.8	46
13083.9	64
13084.1	44
13084.2	40
13084.3	60
13084.5	77
13084.6	66
13084.8	52
13084.9	62
13085	62
13085.2	60
13085.3	59
13085.5	68
13085.6	51
13085.7	37
13085.9	52
13086	45
13086.2	70
13086.3	63
13086.4	56
13086.6	54
13086.7	66
13086.9	81
13087	51
13087.1	46
13087.3	45
13087.4	63
13087.6	50
13087.7	69
13087.8	39
13088	84
13088.1	51
13088.3	51
13088.4	66
13088.5	53
13088.7	72
13088.8	29
13089	51
13089.1	65
13089.2	64
13089.4	56
13089.5	46
13089.7	55
13089.8	42
13089.9	62
13090.1	50
13090.2	59
13090.4	35
13090.5	55
13090.6	55
13090.8	47
13090.9	47
13091.1	61
13091.2	69
13091.3	43
13091.5	73
13091.6	69
13091.8	60
13091.9	44
13092	61
13092.2	42
13092.3	54
13092.4	36
13092.6	76
13092.7	48
13092.9	61
13093	75
13093.1	42
13093.3	70
13093.4	38
13093.6	66
13093.7	67
13093.8	83
13094	39
13094.1	61
13094.3	53
13094.4	47
13094.5	63
13094.7	51
13094.8	56
13095	46
13095.1	71
13095.2	49
13095.4	69
13095.5	62
13095.7	65
13095.8	53
13095.9	78
13096.1	60
13096.2	53
13096.4	60
13096.5	50
13096.6	47
13096.8	54
13096.9	62
13097.1	50
13097.2	49
13097.3	49
13097.5	63
13097.6	65
13097.7	57
13097.9	68
13098	54
13098.2	55
13098.3	62
13098.4	48
13098.6	66
13098.7	59
13098.9	55
13099	63
13099.1	54
13099.3	59
13099.4	65
13099.6	65
13099.7	33
13099.8	73
13100	63
13100.1	66
13100.3	52
13100.4	52
13100.5	62
13100.7	51
13100.8	51
13100.9	56
13101.1	48
13101.2	65
13101.4	73
13101.5	57
13101.6	42
13101.8	50
13101.9	80
13102.1	54
13102.2	46
13102.3	63
13102.5	41
13102.6	52
13102.8	57
13102.9	61
13103	65
13103.2	52
13103.3	34
13103.4	56
13103.6	63
13103.7	68
13103.9	44
13104	53
13104.1	68
13104.3	57
13104.4	54
13104.6	58
13104.7	56
13104.8	48
13105	58
13105.1	67
13105.3	47
13105.4	48
13105.5	60
13105.7	69
13105.8	53
13105.9	45
13106.1	58
13106.2	58
13106.4	30
13106.5	86
13106.6	76
13106.8	65
13106.9	63
13107.1	65
13107.2	67
13107.3	70
13107.5	56
13107.6	77
13107.7	70
13107.9	33
13108	51
13108.2	64
13108.3	60
13108.4	53
13108.6	60
13108.7	61
13108.9	58
13109	62
13109.1	56
13109.3	32
13109.4	36
13109.5	59
13109.7	57
13109.8	72
13110	54
13110.1	58
13110.2	57
13110.4	66
13110.5	70
13110.7	77
13110.8	67
13110.9	42
13111.1	57
13111.2	57
13111.3	66
13111.5	65
13111.6	55
13111.8	70
13111.9	48
13112	53
13112.2	62
13112.3	57
13112.4	49
13112.6	64
13112.7	34
13112.9	67
13113	46
13113.1	32
13113.3	54
13113.4	67
13113.6	71
13113.7	59
13113.8	62
13114	43
13114.1	67
13114.2	53
13114.4	71
13114.5	59
13114.7	41
13114.8	47
13114.9	50
13115.1	53
13115.2	51
13115.3	62
13115.5	59
13115.6	65
13115.8	68
13115.9	49
13116	73
13116.2	53
13116.3	66
13116.4	66
13116.6	68
13116.7	62
13116.9	58
13117	43
13117.1	63
13117.3	56
13117.4	59
13117.6	39
13117.7	47
13117.8	55
13118	62
13118.1	63
13118.2	59
13118.4	43
13118.5	73
13118.7	69
13118.8	69
13118.9	45
13119.1	51
13119.2	58
13119.3	68
13119.5	60
13119.6	58
13119.8	63
13119.9	71
13120	48
13120.2	46
13120.3	69
13120.4	63
13120.6	63
13120.7	60
13120.9	59
13121	58
13121.1	87
13121.3	51
13121.4	70
13121.5	69
13121.7	73
13121.8	65
13122	47
13122.1	65
13122.2	56
13122.4	74
13122.5	60
13122.6	59
13122.8	68
13122.9	88
13123.1	65
13123.2	62
13123.3	37
13123.5	60
13123.6	58
13123.7	42
13123.9	71
13124	54
13124.2	64
13124.3	55
13124.4	35
13124.6	73
13124.7	69
13124.8	64
13125	61
13125.1	63
13125.3	54
13125.4	50
13125.5	82
13125.7	60
13125.8	69
13125.9	27
13126.1	61
13126.2	61
13126.3	66
13126.5	46
13126.6	63
13126.8	60
13126.9	64
13127	43
13127.2	57
13127.3	71
13127.4	34
13127.6	66
13127.7	53
13127.9	64
13128	67
13128.1	37
13128.3	49
13128.4	72
13128.5	62
13128.7	65
13128.8	64
13129	42
13129.1	58
13129.2	59
13129.4	70
13129.5	60
13129.6	53
13129.8	69
13129.9	61
13130	63
13130.2	66
13130.3	60
13130.5	50
13130.6	60
13130.7	73
13130.9	49
13131	54
13131.1	55
13131.3	38
13131.4	60
13131.6	60
13131.7	83
13131.8	71
13132	47
13132.1	72
13132.2	56
13132.4	63
13132.5	57
13132.6	89
13132.8	84
13132.9	54
13133.1	81
13133.2	56
13133.3	70
13133.5	54
13133.6	61
13133.7	70
13133.9	72
13134	73
13134.1	45
13134.3	60
13134.4	69
13134.6	60
13134.7	70
13134.8	64
13135	60
13135.1	64
13135.2	64
13135.4	63
13135.5	54
13135.6	62
13135.8	52
13135.9	68
13136.1	79
13136.2	67
13136.3	51
13136.5	48
13136.6	66
13136.7	75
13136.9	81
13137	55
13137.1	84
13137.3	55
13137.4	47
13137.6	50
13137.7	53
13137.8	58
13138	71
13138.1	61
13138.2	71
13138.4	72
13138.5	73
13138.6	81
13138.8	56
13138.9	73
13139.1	82
13139.2	60
13139.3	68
13139.5	68
13139.6	78
13139.7	59
13139.9	74
13140	66
13140.1	44
13140.3	73
13140.4	51
13140.6	73
13140.7	65
13140.8	62
13141	62
13141.1	63
13141.2	70
13141.4	68
13141.5	59
13141.6	65
13141.8	75
13141.9	79
13142	60
13142.2	47
13142.3	74
13142.5	65
13142.6	73
13142.7	68
13142.9	53
13143	67
13143.1	64
13143.3	68
13143.4	66
13143.5	78
13143.7	83
13143.8	66
13144	64
13144.1	65
13144.2	75
13144.4	81
13144.5	75
13144.6	52
13144.8	68
13144.9	71
13145	78
13145.2	67
13145.3	70
13145.4	54
13145.6	77
13145.7	77
13145.9	63
13146	69
13146.1	63
13146.3	66
13146.4	74
13146.5	69
13146.7	64
13146.8	83
13146.9	77
13147.1	93
13147.2	70
13147.3	82
13147.5	69
13147.6	60
13147.8	74
13147.9	95
13148	73
13148.2	76
13148.3	66
13148.4	79
13148.6	81
13148.7	76
13148.8	66
13149	67
13149.1	53
13149.2	74
13149.4	76
13149.5	69
13149.6	77
13149.8	70
13149.9	71
13150.1	54
13150.2	74
13150.3	88
13150.5	83
13150.6	69
13150.7	83
13150.9	89
13151	90
13151.1	65
13151.3	86
13151.4	73
13151.5	66
13151.7	81
13151.8	74
13151.9	89
13152.1	66
13152.2	67
13152.4	88
13152.5	83
13152.6	64
13152.8	89
13152.9	65
13153	88
13153.2	83
13153.3	68
13153.4	58
13153.6	76
13153.7	84
13153.8	81
13154	100
13154.1	61
13154.2	56
13154.4	76
13154.5	72
13154.6	68
13154.8	76
13154.9	72
13155.1	88
13155.2	70
13155.3	78
13155.5	98
13155.6	72
13155.7	66
13155.9	77
13156	83
13156.1	89
13156.3	66
13156.4	77
13156.5	88
13156.7	75
13156.8	72
13156.9	83
13157.1	78
13157.2	74
13157.3	91
13157.5	98
13157.6	91
13157.8	59
13157.9	55
13158	91
13158.2	81
13158.3	89
13158.4	93
13158.6	81
13158.7	67
13158.8	76
13159	88
13159.1	80
13159.2	88
13159.4	81
13159.5	74
13159.6	70
13159.8	106
13159.9	88
13160	78
13160.2	61
13160.3	83
13160.4	95
13160.6	86
13160.7	99
13160.8	90
13161	79
13161.1	97
13161.3	105
13161.4	85
13161.5	79
13161.7	85
13161.8	70
13161.9	90
13162.1	80
13162.2	95
13162.3	78
13162.5	85
13162.6	85
13162.7	100
13162.9	89
13163	107
13163.1	72
13163.3	92
13163.4	98
13163.5	96
13163.7	75
13163.8	82
13163.9	70
13164.1	113
13164.2	100
13164.3	81
13164.5	85
13164.6	83
13164.7	92
13164.9	118
13165	94
13165.2	82
13165.3	83
13165.4	106
13165.6	97
13165.7	101
13165.8	107
13166	101
13166.1	107
13166.2	90
13166.4	94
13166.5	103
13166.6	96
13166.8	79
13166.9	109
13167	101
13167.2	101
13167.3	96
13167.4	87
13167.6	104
13167.7	90
13167.8	108
13168	122
13168.1	97
13168.2	70
13168.4	79
13168.5	104
13168.6	89
13168.8	94
13168.9	87
13169	109
13169.2	82
13169.3	92
13169.4	111
13169.6	81
13169.7	98
13169.8	93
13170	98
13170.1	101
13170.2	102
13170.4	97
13170.5	110
13170.6	109
13170.8	112
13170.9	121
13171	96
13171.2	89
13171.3	106
13171.4	110
13171.6	96
13171.7	78
13171.9	128
13172	115
13172.1	111
13172.3	100
13172.4	101
13172.5	108
13172.7	89
13172.8	117
13172.9	108
13173.1	104
13173.2	112
13173.3	112
13173.5	96
13173.6	116
13173.7	114
13173.9	100
13174	110
13174.1	106
13174.3	124
13174.4	101
13174.5	102
13174.7	99
13174.8	113
13174.9	76
13175.1	126
13175.2	111
13175.3	109
13175.5	112
13175.6	74
13175.7	115
13175.9	111
13176	122
13176.1	114
13176.3	115
13176.4	95
13176.5	111
13176.7	121
13176.8	115
13176.9	121
13177.1	99
13177.2	119
13177.3	92
13177.5	99
13177.6	104
13177.7	87
13177.9	113
13178	106
13178.1	113
13178.3	98
13178.4	113
13178.5	106
13178.7	121
13178.8	92
13178.9	123
13179.1	98
13179.2	115
13179.3	106
13179.5	102
13179.6	113
13179.7	119
13179.9	117
13180	109
13180.1	111
13180.3	118
13180.4	99
13180.5	108
13180.7	96
13180.8	101
13180.9	93
13181.1	105
13181.2	100
13181.3	100
13181.5	116
13181.6	100
13181.7	114
13181.9	102
13182	92
13182.1	96
13182.3	82
13182.4	91
13182.5	97.0147
13182.7	101.971
13182.8	87.9367
13182.9	105.563
13183	94.2353
13183.2	103.375
13183.3	107.188
13183.4	105.597
13183.6	84.1188
13183.7	83.9269
13183.8	106.438
13184	112.839
13184.1	102.033
13184.2	85.086
13184.4	106.128
13184.5	110.387
13184.6	90.8496
13184.8	99.0933
13184.9	83.4421
13185	87.6062
13185.2	86.4606
13185.3	94.3624
13185.4	86.5234
13185.6	92.6125
13185.7	93.1561
13185.8	92.9665
13186	88.0733
13186.1	83.3261
13186.2	86.503
13186.4	84.9583
13186.5	71.5181
13186.6	79.244
13186.8	84.817
13186.9	80.5838
13187	80.1339
13187.2	87.2665
13187.3	80.6241
13187.4	97.7087
13187.6	87.5713
13187.7	74.2993
13187.8	73.5713
13188	74.7834
13188.1	82.0071
13188.2	76.7281
13188.4	70.548
13188.5	77.262
13188.6	74.9194
13188.8	72.6842
13188.9	76.3971
13189	79.4664
13189.2	86.2234
13189.3	69.9651
13189.4	59.8951
13189.6	74.28
13189.7	82.6632
13189.8	70.3605
13189.9	73.8832
13190.1	73.421
13190.2	75.8252
13190.3	75.2144
13190.5	74.8945
13190.6	77.8335
13190.7	62.9549
13190.9	60.2536
13191	72.9265
13191.1	64.4503
13191.3	67.6156
13191.4	56.388
13191.5	66.3159
13191.7	60.3095
13191.8	53.8719
13191.9	57.7912
13192.1	66.3163
13192.2	54.1044
13192.3	56.9516
13192.5	63.7419
13192.6	71.8868
13192.7	65.307
13192.9	49.1833
13193	57.6538
13193.1	63.9853
13193.3	65.7009
13193.4	72.7415
13193.5	68.594
13193.7	58.5107
13193.8	60.5053
13193.9	52.2343
13194	54.5388
13194.2	61.1942
13194.3	66.1953
13194.4	67.4545
13194.6	54.6091
13194.7	59.7912
13194.8	58.2267
13195	50.56
13195.1	57.567
13195.2	59.5024
13195.4	54.4118
13195.5	51.6194
13195.6	65.5096
13195.8	58.3748
13195.9	61.2749
13196	53
13196.1	82
13196.3	46
13196.4	54
13196.5	54
13196.7	52
13196.8	51
13196.9	67
13197.1	57
13197.2	65
13197.3	62
13197.5	61
13197.6	69
13197.7	70
13197.9	44
13198	35
13198.1	66
13198.3	42
13198.4	55
13198.5	74
13198.7	53
13198.8	35
13198.9	63
13199.1	65
13199.2	41
13199.3	56
13199.5	55
13199.6	45
13199.7	74
13199.9	50
13200	74
13200.1	49
13200.3	42
13200.4	55
13200.5	55
13200.7	59
13200.8	62
13200.9	65
13201.1	59
13201.2	57
13201.3	55
13201.5	55
13201.6	56
13201.7	63
13201.9	50
13202	55
13202.1	49
13202.3	68
13202.4	77
13202.5	51
13202.7	57
13202.8	46
13202.9	76
13203.1	64
13203.2	55
13203.3	66
13203.5	69
13203.6	58
13203.7	50
13203.9	65
13204	63
13204.1	64
13204.3	57
13204.4	63
13204.5	74
13204.7	51
13204.8	70
13204.9	56
13205.1	69
13205.2	61
13205.3	69
13205.5	57
13205.6	66
13205.7	68
13205.9	52
13206	58
13206.1	54
13206.3	81
13206.4	74
13206.5	42
13206.7	59
13206.8	59
13206.9	62
13207.1	65
13207.2	47
13207.3	47
13207.5	45
13207.6	29
13207.7	58
13207.9	57
13208	53
13208.1	40
13208.3	30
13208.4	47
13208.5	60
13208.6	42
13208.8	58
13208.9	59
13209	61
13209.2	70
13209.3	75
13209.4	67
13209.6	49
13209.7	62
13209.8	51
13210	69
13210.1	71
13210.2	46
13210.4	67
13210.5	49
13210.6	62
13210.8	55
13210.9	71
13211	57
13211.2	40
13211.3	57
13211.4	35
13211.6	51
13211.7	62
13211.8	52
13212	64
13212.1	83
13212.2	67
13212.4	61
13212.5	52
13212.6	54
13212.8	51
13212.9	67
13213	78
13213.2	54
13213.3	45
13213.4	77
13213.6	51
13213.7	47
13213.8	57
13214	64
13214.1	52
13214.2	57
13214.3	57
13214.5	52
13214.6	60
13214.7	48
13214.9	52
13215	50
13215.1	60
13215.3	62
13215.4	64
13215.5	46
13215.7	57
13215.8	68
13215.9	75
13216.1	58
13216.2	53
13216.3	64
13216.5	46
13216.6	53
13216.7	39
13216.9	52
13217	68
13217.1	71
13217.3	58
13217.4	67
13217.5	58
13217.7	54
13217.8	55
13217.9	57
13218	83
13218.2	45
13218.3	65
13218.4	53
13218.6	60
13218.7	75
13218.8	70
13219	56
13219.1	58
13219.2	52
13219.4	63
13219.5	55
13219.6	68
13219.8	53
13219.9	62
13220	27
13220.2	57
13220.3	68
13220.4	50
13220.6	51
13220.7	67
13220.8	56
13221	46
13221.1	73
13221.2	35
13221.3	49
13221.5	82
13221.6	57
13221.7	64
13221.9	51
13222	46
13222.1	57
13222.3	68
13222.4	62
13222.5	59
13222.7	49
13222.8	62
13222.9	72
13223.1	67
13223.2	65
13223.3	62
13223.5	57
13223.6	52
13223.7	69
13223.8	86
13224	65
13224.1	40
13224.2	56
13224.4	56
13224.5	69
13224.6	78
13224.8	58
13224.9	64
13225	70
13225.2	76
13225.3	63
13225.4	69
13225.6	62
13225.7	55
13225.8	60
13226	53
13226.1	76
13226.2	57
13226.3	65
13226.5	58
13226.6	60
13226.7	72
13226.9	66
13227	54
13227.1	49
13227.3	53.5
13227.4	58
13227.5	53
13227.7	41
13227.8	54
13227.9	51
13228.1	61
13228.2	64
13228.3	68
13228.5	65
13228.6	71
13228.7	66
13228.8	68
13229	76
13229.1	66
13229.2	39
13229.4	53
13229.5	74
13229.6	62
13229.8	71
13229.9	37
13230	54
13230.2	59
13230.3	71
13230.4	55
13230.5	60
13230.7	51
13230.8	65
13230.9	67
13231.1	49
13231.2	64
13231.3	55
13231.5	48
13231.6	57
13231.7	54
13231.9	56
13232	55
13232.1	44
13232.3	62
13232.4	75
13232.5	82
13232.6	73
13232.8	76
13232.9	75
13233	67
13233.2	57
13233.3	50
13233.4	68
13233.6	51
13233.7	73
13233.8	60
13234	73
13234.1	50
13234.2	63
13234.3	58
13234.5	62
13234.6	54
13234.7	75
13234.9	61
13235	57
13235.1	65
13235.3	83
13235.4	85
13235.5	60
13235.7	52
13235.8	58
13235.9	81
13236	34
13236.2	58
13236.3	88
13236.4	69
13236.6	76
13236.7	63
13236.8	73
13237	56
13237.1	68
13237.2	56
13237.4	59
13237.5	82
13237.6	70
13237.7	64
13237.9	52
13238	61
13238.1	53
13238.3	83
13238.4	46
13238.5	60
13238.7	56
13238.8	90
13238.9	73
13239.1	71
13239.2	74
13239.3	72
13239.4	77
13239.6	72
13239.7	63
13239.8	59
13240	64
13240.1	74
13240.2	64
13240.4	69
13240.5	69
13240.6	68
13240.8	89
13240.9	76
13241	70
13241.1	72
13241.3	64
13241.4	78
13241.5	84
13241.7	91
13241.8	82
13241.9	68
13242.1	83
13242.2	66
13242.3	89
13242.4	77
13242.6	100
13242.7	61
13242.8	59
13243	86
13243.1	72
13243.2	74
13243.4	68
13243.5	71
13243.6	87
13243.7	62
13243.9	73
13244	70
13244.1	83
13244.3	79
13244.4	59
13244.5	60
13244.7	75
13244.8	55
13244.9	71
13245	59
13245.2	90
13245.3	93
13245.4	73
13245.6	79
13245.7	77
13245.8	65
13246	86
13246.1	78
13246.2	57
13246.3	72
13246.5	70
13246.6	81
13246.7	73
13246.9	58
13247	78
13247.1	77
13247.3	62
13247.4	88
13247.5	91
13247.6	67
13247.8	64
13247.9	59
13248	74
13248.2	73
13248.3	69
13248.4	62
13248.6	63
13248.7	87
13248.8	86
13248.9	80
13249.1	75
13249.2	85
13249.3	55
13249.5	63
13249.6	62
13249.7	59
13249.9	76
13250	83
13250.1	79
13250.2	77
13250.4	57
13250.5	70
13250.6	47
13250.8	71
13250.9	70
13251	66
13251.2	73
13251.3	75
13251.4	77
13251.5	53
13251.7	75
13251.8	64
13251.9	79
13252.1	80
13252.2	72
13252.3	83
13252.4	84
13252.6	63
13252.7	68
13252.8	78
13253	91
13253.1	78
13253.2	65
13253.4	66
13253.5	73
13253.6	65
13253.7	91
13253.9	78
13254	69
13254.1	82
13254.3	64
13254.4	75
13254.5	67
13254.6	58
13254.8	81
13254.9	68
13255	87
13255.2	91
13255.3	87
13255.4	88
13255.6	64
13255.7	65
13255.8	83
13255.9	57
13256.1	76
13256.2	74
13256.3	52
13256.5	83
13256.6	82
13256.7	76
13256.8	87
13257	62
13257.1	65
13257.2	69
13257.4	70
13257.5	69
13257.6	85
13257.8	72
13257.9	82
13258	77
13258.1	80
13258.3	80
13258.4	68
13258.5	73
13258.7	72
13258.8	66
13258.9	82
13259	74
13259.2	50
13259.3	80
13259.4	71
13259.6	75
13259.7	67
13259.8	79
13259.9	78
13260.1	101
13260.2	79
13260.3	67
13260.5	67
13260.6	93
13260.7	88
13260.8	75
13261	87
13261.1	65
13261.2	66
13261.4	82
13261.5	71
13261.6	69
13261.8	96
13261.9	93
13262	67
13262.1	85
13262.3	74
13262.4	110
13262.5	88
13262.7	75
13262.8	66
13262.9	73
13263	91
13263.2	82
13263.3	77
13263.4	89
13263.6	68
13263.7	87
13263.8	73
13263.9	74
13264.1	70
13264.2	86
13264.3	89
13264.5	60
13264.6	77
13264.7	81
13264.8	89
13265	90
13265.1	84
13265.2	94
13265.4	78
13265.5	70
13265.6	63
13265.7	90
13265.9	75
13266	71
13266.1	79
13266.3	81
13266.4	69
13266.5	89
13266.6	87
13266.8	69
13266.9	70
13267	80
13267.2	84
13267.3	57
13267.4	88
13267.5	79
13267.7	82
13267.8	100
13267.9	98
13268.1	88
13268.2	103
13268.3	61
13268.4	86
13268.6	95
13268.7	86
13268.8	87
13269	82
13269.1	93
13269.2	97
13269.3	97
13269.5	93
13269.6	83
13269.7	52
13269.8	92
13270	86
13270.1	100
13270.2	87
13270.4	100
13270.5	100
13270.6	91
13270.7	98
13270.9	93
13271	72
13271.1	68
13271.3	85
13271.4	111
13271.5	92
13271.6	86
13271.8	66
13271.9	92
13272	105
13272.2	116
13272.3	87
13272.4	85
13272.5	90
13272.7	94
13272.8	106
13272.9	87
13273.1	100
13273.2	89
13273.3	87
13273.4	87
13273.6	105
13273.7	86
13273.8	92
13274	69
13274.1	103
13274.2	92
13274.3	95
13274.5	84
13274.6	94
13274.7	99
13274.8	88
13275	97
13275.1	104
13275.2	111
13275.4	93
13275.5	106
13275.6	104
13275.7	94
13275.9	113
13276	108
13276.1	87
13276.3	100
13276.4	99
13276.5	94
13276.6	92
13276.8	99
13276.9	106
13277	111
13277.1	113
13277.3	80
13277.4	93
13277.5	99
13277.7	103
13277.8	88
13277.9	104
13278	108
13278.2	83
13278.3	93
13278.4	128
13278.6	112
13278.7	116
13278.8	123
13278.9	118
13279.1	102
13279.2	120
13279.3	94
13279.4	107
13279.6	107
13279.7	119
13279.8	108
13280	85
13280.1	113
13280.2	89
13280.3	101
13280.5	108
13280.6	82
13280.7	100
13280.8	112
13281	116
13281.1	102
13281.2	115
13281.4	116
13281.5	98
13281.6	108
13281.7	121
13281.9	97
13282	96
13282.1	79
13282.2	110
13282.4	100
13282.5	110
13282.6	108
13282.8	97
13282.9	117
13283	102
13283.1	95
13283.3	114
13283.4	112
13283.5	110
13283.6	79
13283.8	105
13283.9	129
13284	116
13284.2	127
13284.3	107
13284.4	92
13284.5	98
13284.7	96
13284.8	91
13284.9	81
13285	96
13285.2	103
13285.3	106
13285.4	89
13285.6	118
13285.7	96
13285.8	81
13285.9	105
13286.1	104
13286.2	93
13286.3	90
13286.4	90
13286.6	114
13286.7	112
13286.8	92
13287	113
13287.1	89
13287.2	99
13287.3	86
13287.5	96
13287.6	80
13287.7	88
13287.8	91
13288	83
13288.1	120
13288.2	94
13288.4	78
13288.5	73
13288.6	91
13288.7	108
13288.9	95
13289	71
13289.1	84
13289.2	81
13289.4	76
13289.5	105
13289.6	101
13289.7	80
13289.9	98
13290	100
13290.1	84
13290.3	78
13290.4	92
13290.5	77
13290.6	68
13290.8	84
13290.9	67
13291	78
13291.1	86
13291.3	66
13291.4	78
13291.5	89
13291.6	81
13291.8	87
13291.9	59
13292	53
13292.2	68
13292.3	82
13292.4	79
13292.5	75
13292.7	84
13292.8	66
13292.9	83
13293	75
13293.2	79
13293.3	58
13293.4	49
13293.5	71
13293.7	69
13293.8	45
13293.9	65
13294.1	62
13294.2	51
13294.3	56
13294.4	52
13294.6	94
13294.7	53
13294.8	43
13294.9	60
13295.1	66
13295.2	69
13295.3	76
13295.4	57
13295.6	78
13295.7	51
13295.8	48
13295.9	62
13296.1	54
13296.2	37
13296.3	59
13296.5	60
13296.6	55
13296.7	61
13296.8	48
13297	57
13297.1	62
13297.2	65
13297.3	78
13297.5	58
13297.6	40
13297.7	65
13297.8	44
13298	49
13298.1	43
13298.2	64
13298.3	60
13298.5	68
13298.6	58
13298.7	63
13298.9	42
13299	42
13299.1	62
13299.2	57
13299.4	57
13299.5	37
13299.6	63
13299.7	45
13299.9	44
13300	54
13300.1	76
13300.2	67
13300.4	38
13300.5	84
13300.6	61
13300.7	58
13300.9	57
13301	67
13301.1	46
13301.2	68
13301.4	69
13301.5	52
13301.6	41
13301.8	51
13301.9	66
13302	68
13302.1	68
13302.3	40
13302.4	73
13302.5	54.9903
13302.6	54.063
13302.8	73.9899
13302.9	66.5822
13303	60.3475
13303.1	47.2253
13303.3	73.7288
13303.4	64.7087
13303.5	62.297
13303.6	54.3027
13303.8	76.5138
13303.9	72.0915
13304	66.4386
13304.1	74.2958
13304.3	57.6442
13304.4	48.381
13304.5	48.7117
13304.6	69.2708
13304.8	68.496
13304.9	66.8794
13305	46.4799
13305.1	55.5657
13305.3	48.9456
13305.4	59.576
13305.5	62.1483
13305.7	66.3242
13305.8	62.9701
13305.9	57.1354
13306	59.1913
13306.2	40.4636
13306.3	57.8301
13306.4	50.3106
13306.5	50.7954
13306.7	47.4048
13306.8	60.1757
13306.9	68.591
13307	68.4926
13307.2	73.6002
13307.3	62.4704
13307.4	62.7605
13307.5	57.1473
13307.7	58.4947
13307.8	52.8211
13307.9	56.2712
13308	50.3156
13308.2	64.674
13308.3	60.9265
13308.4	57.932
13308.5	64.5534
13308.7	58.9348
13308.8	65.313
13308.9	61.7334
13309	55.1164
13309.2	61.7654
13309.3	51.2946
13309.4	71.2125
13309.5	72.4445
13309.7	57.247
13309.8	61.6798
13309.9	68.5565
13310	54.2096
13310.2	63.4296
13310.3	70.1721
13310.4	65.349
13310.5	53.4625
13310.7	47.6427
13310.8	59.6656
13310.9	58.3787
13311	41.7628
13311.2	49.4668
13311.3	54.027
13311.4	70.0158
13311.5	67.1642
13311.7	68.8312
13311.8	62.0283
13311.9	50.5223
13312	56.7341
13312.2	65.7415
13312.3	58.0795
13312.4	57.3724
13312.5	75.2523
13312.7	64.3545
13312.8	50.5478
13312.9	52.6761
13313	65.2442
13313.2	64.3826
13313.3	52.1772
13313.4	45.5372
13313.5	55.6415
13313.7	64.2987
13313.8	63.4692
13313.9	57.0738
13314	58.6291
13314.2	65.9078
13314.3	66.9306
13314.4	71.1225
13314.5	69.3662
13314.7	62.1651
13314.8	56.3928
13314.9	60.5963
13315	66.5425
13315.2	65.7019
13315.3	67.9835
13315.4	63
13315.5	68
13315.6	56
13315.8	64
13315.9	61
13316	71
13316.1	62
13316.3	42
13316.4	48
13316.5	54
13316.7	79
13316.8	57
13316.9	55
13317	56
13317.2	73
13317.3	73
13317.4	40
13317.5	77
13317.7	50
13317.8	58
13317.9	80
13318	52
13318.2	44
13318.3	59
13318.4	53
13318.6	64
13318.7	38
13318.8	72
13318.9	65
13319.1	48
13319.2	64
13319.3	63
13319.4	58
13319.6	62
13319.7	74
13319.8	56
13319.9	67
13320.1	61
13320.2	63
13320.3	55
13320.4	56
13320.6	57
13320.7	54
13320.8	57
13320.9	57
13321.1	64
13321.2	58
13321.3	79
13321.5	74
13321.6	66
13321.7	42
13321.8	29
13322	67
13322.1	73
13322.2	73
13322.3	65
13322.5	54
13322.6	69
13322.7	90
13322.8	60
13323	68
13323.1	71
13323.2	50
13323.3	69
13323.5	66
13323.6	86
13323.7	47
13323.8	61
13324	72
13324.1	49
13324.2	77
13324.4	83
13324.5	66
13324.6	52
13324.7	82
13324.9	48
13325	59
13325.1	61
13325.2	60
13325.4	59
13325.5	68
13325.6	93
13325.7	94
13325.9	54
13326	77
13326.1	70
13326.2	70
13326.4	87
13326.5	85
13326.6	84
13326.7	61
13326.9	77
13327	67
13327.1	68
13327.2	64
13327.4	86
13327.5	70
13327.6	65
13327.8	72
13327.9	64
13328	63
13328.1	71
13328.3	62
13328.4	50
13328.5	78
13328.6	61
13328.8	79
13328.9	67
13329	75
13329.1	65
13329.3	68
13329.4	65
13329.5	85
13329.6	71
13329.8	76
13329.9	78
13330	66
13330.1	50
13330.3	69
13330.4	66
13330.5	69
13330.6	61
13330.8	53
13330.9	68
13331	77
13331.1	66
13331.3	54
13331.4	72
13331.5	54
13331.6	66
13331.8	69
13331.9	57
13332	44
13332.1	61
13332.3	71
13332.4	76
13332.5	50
13332.6	64
13332.8	86
13332.9	65
13333	60
13333.1	83
13333.3	68
13333.4	63
13333.5	48
13333.6	74
13333.8	67
13333.9	88
13334	73
13334.1	58
13334.3	71
13334.4	55
13334.5	82
13334.7	76
13334.8	57
13334.9	59
13335	65
13335.2	71
13335.3	64
13335.4	76
13335.5	77
13335.7	76
13335.8	59
13335.9	70
13336	62
13336.2	76
13336.3	44
13336.4	81
13336.5	67
13336.7	79
13336.8	56
13336.9	58
13337	72
13337.2	65
13337.3	59
13337.4	80
13337.5	77
13337.7	90
13337.8	66
13337.9	89
13338	80
13338.2	62
13338.3	73
13338.4	51
13338.5	76
13338.7	56
13338.8	77
13338.9	60
13339	41
13339.2	64
13339.3	72
13339.4	76
13339.5	62
13339.7	74
13339.8	64
13339.9	70
13340	78
13340.2	59
13340.3	39
13340.4	74
13340.5	65
13340.6	71
13340.8	73
13340.9	47
13341	43
13341.1	72
13341.3	73
13341.4	58
13341.5	85
13341.6	75
13341.8	62
13341.9	70
13342	63
13342.1	82
13342.3	65
13342.4	33
13342.5	63
13342.6	87
13342.8	59
13342.9	64
13343	70
13343.1	63
13343.3	77
13343.4	59
13343.5	80
13343.6	93
13343.8	59
13343.9	70
13344	69
13344.1	62
13344.3	86
13344.4	65
13344.5	83
13344.6	76
13344.8	71
13344.9	69.5
13345	68
13345.1	69
13345.3	66
13345.4	65
13345.5	61
13345.6	76
13345.8	90
13345.9	75
13346	82
13346.1	78
13346.3	72
13346.4	51
13346.5	59
13346.6	77
13346.8	75
13346.9	78
13347	67
13347.1	67
13347.3	70
13347.4	77
13347.5	73
13347.6	83
13347.7	55
13347.9	65
13348	58
13348.1	66
13348.2	79
13348.4	57
13348.5	60
13348.6	73
13348.7	61
13348.9	87
13349	72
13349.1	58
13349.2	74
13349.4	70
13349.5	79
13349.6	74
13349.7	77
13349.9	75
13350	71
13350.1	57
13350.2	69
13350.4	78
13350.5	57
13350.6	83
13350.7	70
13350.9	82
13351	73
13351.1	72
13351.2	57
13351.3	65
13351.5	55
13351.6	72
13351.7	74
13351.8	80
13352	66
13352.1	73
13352.2	58
13352.3	83
13352.5	52
13352.6	39
13352.7	66
13352.8	59
13353	65
13353.1	70
13353.2	67
13353.3	69
13353.5	67
13353.6	80
13353.7	57
13353.8	77
13353.9	52
13354.1	75
13354.2	76
13354.3	70
13354.4	76
13354.6	60
13354.7	61
13354.8	88
13354.9	89
13355.1	74
13355.2	66
13355.3	58
13355.4	62
13355.6	60
13355.7	53
13355.8	79
13355.9	87
13356.1	63
13356.2	98
13356.3	48
13356.4	59
13356.5	57
13356.7	59
13356.8	65
13356.9	66
13357	81
13357.2	60
13357.3	59
13357.4	76
13357.5	71
13357.7	74
13357.8	84
13357.9	69
13358	68
13358.2	67
13358.3	73
13358.4	72
13358.5	74
13358.6	60
13358.8	61
13358.9	62
13359	68
13359.1	79
13359.3	52
13359.4	76
13359.5	61
13359.6	88
13359.8	61
13359.9	74
13360	50
13360.1	66
13360.3	80
13360.4	78
13360.5	75
13360.6	73
13360.7	53
13360.9	76
13361	75
13361.1	67
13361.2	62
13361.4	66
13361.5	58
13361.6	71
13361.7	63
13361.9	61
13362	61
13362.1	51
13362.2	57
13362.3	67
13362.5	70
13362.6	76
13362.7	73
13362.8	68
13363	73
13363.1	51
13363.2	78
13363.3	82
13363.5	48
13363.6	76
13363.7	77
13363.8	81
13363.9	57
13364.1	74
13364.2	50
13364.3	58
13364.4	74
13364.6	64
13364.7	73
13364.8	71
13364.9	75
13365.1	61
13365.2	66
13365.3	78
13365.4	85
13365.5	65
13365.7	66
13365.8	61
13365.9	57
13366	60
13366.2	60
13366.3	65
13366.4	60
13366.5	74
13366.7	54
13366.8	72
13366.9	68
13367	56
13367.1	83
13367.3	69
13367.4	60
13367.5	62
13367.6	56
13367.8	59
13367.9	58
13368	58
13368.1	47
13368.3	80
13368.4	67
13368.5	67
13368.6	59
13368.7	65
13368.9	66
13369	67
13369.1	63
13369.2	73
13369.4	72
13369.5	51
13369.6	73
13369.7	65
13369.8	60
13370	54
13370.1	59
13370.2	54
13370.3	66
13370.5	76
13370.6	79
13370.7	57
13370.8	67
13371	69
13371.1	50
13371.2	67
13371.3	72
13371.4	57
13371.6	62
13371.7	67
13371.8	57
13371.9	80
13372.1	56
13372.2	59
13372.3	59
13372.4	78
13372.5	52
13372.7	60
13372.8	53
13372.9	45
13373	75
13373.2	64
13373.3	78
13373.4	56
13373.5	56
13373.6	61
13373.8	64
13373.9	55
13374	42
13374.1	68
13374.3	50
13374.4	68
13374.5	79
13374.6	41
13374.7	64
13374.9	53
13375	68
13375.1	73
13375.2	56
13375.4	72
13375.5	76
13375.6	54
13375.7	76
13375.8	70
13376	48
13376.1	64
13376.2	51
13376.3	68
13376.5	51
13376.6	60
13376.7	52
13376.8	59
13376.9	50
13377.1	65
13377.2	64
13377.3	92
13377.4	71
13377.6	41
13377.7	42
13377.8	66
13377.9	78
13378	47
13378.2	82
13378.3	53
13378.4	67
13378.5	69
13378.7	69
13378.8	59
13378.9	66
13379	67
13379.1	48
13379.3	80
13379.4	51
13379.5	39
13379.6	53
13379.8	62
13379.9	56
13380	49
13380.1	65
13380.2	66
13380.4	45
13380.5	82
13380.6	72
13380.7	58
13380.9	59
13381	68
13381.1	63
13381.2	28
13381.3	59
13381.5	63
13381.6	64
13381.7	65
13381.8	56
13381.9	61
13382.1	55
13382.2	60
13382.3	70
13382.4	74
13382.6	44
13382.7	63
13382.8	64
13382.9	53
13383	71
13383.2	56
13383.3	61
13383.4	72
13383.5	42
13383.7	63
13383.8	70
13383.9	56
13384	68
13384.1	67
13384.3	47
13384.4	69
13384.5	60
13384.6	66
13384.7	65
13384.9	31
13385	60
13385.1	66
13385.2	67
13385.4	58
13385.5	49
13385.6	46
13385.7	71
13385.8	67
13386	55
13386.1	68
13386.2	49
13386.3	77
13386.4	77
13386.6	61
13386.7	52
13386.8	66
13386.9	56
13387.1	50
13387.2	68
13387.3	54
13387.4	75
13387.5	36
13387.7	53
13387.8	52
13387.9	59
13388	53
13388.1	64
13388.3	70
13388.4	54
13388.5	77
13388.6	62
13388.8	64
13388.9	61
13389	57
13389.1	54
13389.2	71
13389.4	58
13389.5	60
13389.6	66
13389.7	61
13389.8	73
13390	61
13390.1	34
13390.2	43
13390.3	72
13390.5	44
13390.6	64
13390.7	47
13390.8	51
13390.9	78
13391.1	72
13391.2	50
13391.3	63
13391.4	57
13391.5	63
13391.7	68
13391.8	57
13391.9	61
13392	48
13392.1	33
13392.3	66
13392.4	60
13392.5	34
13392.6	48
13392.8	52
13392.9	69
13393	70
13393.1	49
13393.2	56
13393.4	56
13393.5	28
13393.6	65
13393.7	60
13393.8	50
13394	62
13394.1	54
13394.2	82
13394.3	64
13394.4	47
13394.6	61
13394.7	55
13394.8	55
13394.9	60
13395	43
13395.2	68
13395.3	49
13395.4	55
13395.5	44
13395.7	49
13395.8	50
13395.9	70
13396	45
13396.1	58
13396.3	34
13396.4	47
13396.5	53
13396.6	48
13396.7	49
13396.9	59
13397	45
13397.1	74
13397.2	64
13397.3	40
13397.5	43
13397.6	50
13397.7	63
13397.8	64
13397.9	50
13398.1	55
13398.2	67
13398.3	55
13398.4	58
13398.5	77
13398.7	59
13398.8	31
13398.9	59
13399	57
13399.2	28
13399.3	41
13399.4	49
13399.5	61
13399.6	46
13399.8	56
13399.9	60
13400	50
13400.1	34
13400.2	65
13400.4	60
13400.5	60
13400.6	51
13400.7	55
13400.8	52
13401	46
13401.1	66
13401.2	61
13401.3	43
13401.4	42
13401.6	57
13401.7	57
13401.8	52
13401.9	45
13402	47
13402.2	38
13402.3	64
13402.4	66
13402.5	58
13402.6	59
13402.8	41
13402.9	54
13403	57
13403.1	57
13403.2	61
13403.4	48
13403.5	35
13403.6	58
13403.7	62
13403.8	62
13404	46
13404.1	51
13404.2	55
13404.3	45
13404.4	69
13404.6	51
13404.7	49
13404.8	53
13404.9	62
13405	62
13405.2	31
13405.3	48
13405.4	44
13405.5	71
13405.6	41
13405.8	59
13405.9	64
13406	38
13406.1	49
13406.2	44
13406.4	49
13406.5	54
13406.6	55
13406.7	54
13406.8	62
13407	40
13407.1	57
13407.2	43
13407.3	43
13407.4	51
13407.6	62
13407.7	56
13407.8	57
13407.9	53
13408	41
13408.2	71
13408.3	38
13408.4	44
13408.5	44
13408.6	40
13408.8	33
13408.9	43
13409	52
13409.1	52
13409.2	56
13409.4	60
13409.5	59
13409.6	52
13409.7	56
13409.8	58
13410	36
13410.1	57
13410.2	50
13410.3	36
13410.4	45
13410.6	24
13410.7	38
13410.8	61
13410.9	56
13411	66
13411.2	48
13411.3	49
13411.4	46
13411.5	72
13411.6	55
13411.8	42
13411.9	48
13412	55
13412.1	48
13412.2	59
13412.4	71
13412.5	42
13412.6	27
13412.7	66
13412.8	39
13413	67
13413.1	59
13413.2	45
13413.3	29
13413.4	39
13413.6	59
13413.7	67
13413.8	58
13413.9	30
13414	31
13414.2	35
13414.3	53
13414.4	43
13414.5	47
13414.6	59
13414.7	41
13414.9	68
13415	39
13415.1	41
13415.2	51
13415.3	42
13415.5	50
13415.6	51
13415.7	34
13415.8	41
13415.9	45
13416.1	46.976
13416.2	44.8481
13416.3	56.3239
13416.4	38.3458
13416.5	48.958
13416.7	60.0924
13416.8	40.7949
13416.9	69.4829
13417	25.2409
13417.1	54.0422
13417.3	57.3153
13417.4	39.3902
13417.5	45.6704
13417.6	41.4925
13417.7	39.739
13417.9	59.8754
13418	51.7783
13418.1	49.9213
13418.2	47.9397
13418.3	49.0498
13418.4	41.4677
13418.6	44.7897
13418.7	43.3145
13418.8	41.9858
13418.9	42.0845
13419	43.6224
13419.2	49.5749
13419.3	40.9458
13419.4	48.816
13419.5	43.2699
13419.6	39.2405
13419.8	38.0273
13419.9	33.6811
13420	47.046
13420.1	43.8244
13420.2	44.2281
13420.4	49.979
13420.5	39.868
13420.6	33.1724
13420.7	28.327
13420.8	45.4833
13420.9	52.8451
13421.1	39.6307
13421.2	27.6003
13421.3	52.4522
13421.4	44.8788
13421.5	39.3895
13421.7	37.0479
13421.8	35.1692
13421.9	39.1077
13422	46.2081
13422.1	38.4558
13422.3	36.7631
13422.4	34.8549
13422.5	33.4871
13422.6	37.8882
13422.7	34.7947
13422.8	35.8082
13423	39.3508
13423.1	46.8839
13423.2	32.3299
13423.3	47.3799
13423.4	43.8248
13423.6	44.5221
13423.7	34.8221
13423.8	27.8972
13423.9	39.6476
13424	38.6527
13424.2	36.7035
13424.3	28.6233
13424.4	40.9602
13424.5	38.3256
13424.6	34.1858
13424.7	41.1332
13424.9	42.0533
13425	42.1921
13425.1	42.4179
13425.2	45.8076
13425.3	40.6618
13425.5	30.8878
13425.6	36.5712
13425.7	44.407
13425.8	40.7751
13425.9	39.9698
13426.1	39.7533
13426.2	41.2946
13426.3	37.8706
13426.4	33.2397
13426.5	29.862
13426.6	42.1064
13426.8	38.6122
13426.9	36.7285
13427	35.8874
13427.1	34.259
13427.2	22.2709
13427.4	28.7523
13427.5	38.2438
13427.6	36.2575
13427.7	29.7858
13427.8	34.5099
13428	33.1874
13428.1	25.9645
13428.2	24.1471
13428.3	24.0382
13428.4	25
13428.5	39
13428.6	45
13428.7	38
13428.8	39
13429	42
13429.1	41
13429.2	20
13429.3	29
13429.4	45
13429.6	31
13429.7	42
13429.8	32
13429.9	28
13430	32
13430.2	31
13430.3	39
13430.4	44
13430.5	22
13430.6	18
13430.8	49
13430.9	31
13431	44
13431.1	33
13431.2	25
13431.4	48
13431.5	39
13431.6	48
13431.7	44
13431.8	8
13432	44
13432.1	39
13432.2	32
13432.3	44
13432.4	42
13432.6	28
13432.7	41
13432.8	40
13432.9	52
13433	43
13433.2	30
13433.3	50
13433.4	46
13433.5	42
13433.6	57
13433.8	51
13433.9	45
13434	35
13434.1	9
13434.2	50
13434.4	39
13434.5	24
13434.6	47
13434.7	40
13434.8	51
13435	23
13435.1	34
13435.2	31
13435.3	30
13435.4	49
13435.6	47
13435.7	41
13435.8	45
13435.9	57
13436	50
13436.2	43
13436.3	56
13436.4	42
13436.5	36
13436.6	41
13436.7	45
13436.9	52
13437	39
13437.1	18
13437.2	42
13437.3	52
13437.5	60
13437.6	35
13437.7	21
13437.8	39
13437.9	54
13438.1	52
13438.2	51
13438.3	56
13438.4	55
13438.5	49
13438.7	48
13438.8	53
13438.9	38
13439	35
13439.1	56
13439.3	34
13439.4	32
13439.5	59
13439.6	29
13439.7	52
13439.9	29
13440	52
13440.1	25
13440.2	18
13440.3	26
13440.4	52
13440.6	62
13440.7	46
13440.8	39
13440.9	33
13441	48
13441.2	53
13441.3	43
13441.4	45
13441.5	44
13441.6	16
13441.8	38
13441.9	39
13442	48
13442.1	44
13442.2	40
13442.4	35
13442.5	53
13442.6	38
13442.7	42
13442.8	48
13442.9	33
13443.1	58
13443.2	47
13443.3	47
13443.4	36
13443.5	44
13443.7	45
13443.8	41
13443.9	45
13444	62
13444.1	74
13444.3	44
13444.4	32
13444.5	40
13444.6	51
13444.7	49
13444.9	56
13445	44
13445.1	42
13445.2	37
13445.3	46
13445.4	30
13445.6	32
13445.7	35
13445.8	48
13445.9	57
13446	25
13446.2	48
13446.3	57
13446.4	50
13446.5	46
13446.6	56
13446.8	52
13446.9	18
13447	45
13447.1	57
13447.2	52
13447.3	26
13447.5	63
13447.6	40
13447.7	56
13447.8	54
13447.9	21
13448.1	31
13448.2	26
13448.3	38
13448.4	49
13448.5	46
13448.7	65
13448.8	67
13448.9	47
13449	64
13449.1	57
13449.2	46
13449.4	57
13449.5	47
13449.6	30
13449.7	50
13449.8	37
13450	48
13450.1	61
13450.2	43
13450.3	37
13450.4	54
13450.5	58
13450.7	48
13450.8	35
13450.9	36
13451	57
13451.1	47
13451.3	36
13451.4	29
13451.5	38
13451.6	54
13451.7	53
13451.8	50
13452	58
13452.1	33
13452.2	39
13452.3	40
13452.4	49
13452.6	57
13452.7	44
13452.8	45
13452.9	54
13453	52
13453.2	46
13453.3	42
13453.4	38
13453.5	41
13453.6	42
13453.7	63
13453.9	55
13454	23
13454.1	26
13454.2	69
13454.3	39
13454.5	35
13454.6	39
13454.7	67
13454.8	62
13454.9	45
13455	47
13455.2	65
13455.3	19
13455.4	47
13455.5	44
13455.6	51
13455.8	28
13455.9	55
13456	37
13456.1	56
13456.2	59
13456.3	62
13456.5	37
13456.6	14
13456.7	54
13456.8	65
13456.9	51
13457	54
13457.2	33
13457.3	55
13457.4	54
13457.5	61
13457.6	47
13457.8	48
13457.9	29
13458	55
13458.1	50
13458.2	27
13458.3	40
13458.5	44
13458.6	33
13458.7	51
13458.8	59
13458.9	52
13459.1	38
13459.2	38
13459.3	47
13459.4	55
13459.5	38
13459.6	39
13459.8	55
13459.9	55
13460	59
13460.1	59
13460.2	59
13460.3	49
13460.5	59
13460.6	59
13460.7	33
13460.8	53
13460.9	40
13461.1	65
13461.2	65
13461.3	52
13461.4	52
13461.5	70
13461.6	50
13461.8	50
13461.9	68
13462	42
13462.1	51
13462.2	59
13462.4	51
13462.5	42
13462.6	43
13462.7	51
13462.8	51
13462.9	33
13463.1	51
13463.2	43
13463.3	47
13463.4	37
13463.5	28
13463.6	55
13463.8	59
13463.9	51
13464	58
13464.1	48
13464.2	33
13464.3	61
13464.5	49
13464.6	51
13464.7	54
13464.8	48
13464.9	54
13465.1	46
13465.2	39
13465.3	43
13465.4	54
13465.5	45
13465.6	71
13465.8	43
13465.9	41
13466	61
13466.1	52
13466.2	43
13466.3	45
13466.5	56
13466.6	58
13466.7	56
13466.8	49
13466.9	64
13467	50
13467.2	53
13467.3	64
13467.4	22
13467.5	30
13467.6	59
13467.8	48
13467.9	58
13468	59
13468.1	41
13468.2	35
13468.3	46
13468.5	55
13468.6	57
13468.7	40
13468.8	41
13468.9	43
13469	63
13469.2	54
13469.3	46
13469.4	54
13469.5	45
13469.6	45
13469.7	43
13469.9	47
13470	47
13470.1	40
13470.2	56
13470.3	65
13470.4	63
13470.6	35
13470.7	34
13470.8	54
13470.9	58
13471	45
13471.1	49
13471.3	37
13471.4	37
13471.5	57
13471.6	56
13471.7	52
13471.8	38
13472	46
13472.1	44
13472.2	44
13472.3	66
13472.4	45
13472.6	25
13472.7	60
13472.8	56
13472.9	57
13473	56
13473.1	48
13473.3	48
13473.4	38
13473.5	50
13473.6	52
13473.7	56
13473.8	52
13474	31
13474.1	51
13474.2	62
13474.3	38
13474.4	48
13474.5	57
13474.7	47
13474.8	49
13474.9	55
13475	42
13475.1	50
13475.2	41
13475.4	50
13475.5	59
13475.6	51
13475.7	35
13475.8	22
13475.9	37
13476.1	53
13476.2	63
13476.3	33
13476.4	57
13476.5	32
13476.6	68
13476.8	61
13476.9	78
13477	60
13477.1	48
13477.2	42
13477.3	46
13477.5	45
13477.6	54
13477.7	56
13477.8	57
13477.9	43
13478	50
13478.2	37
13478.3	78
13478.4	30
13478.5	29
13478.6	57
13478.7	34
13478.9	55
13479	59
13479.1	40
13479.2	74
13479.3	31
13479.4	45
13479.5	55
13479.7	46
13479.8	59
13479.9	41
13480	34
13480.1	47
13480.2	57
13480.4	39
13480.5	54
13480.6	45
13480.7	59
13480.8	46
13480.9	35
13481.1	59
13481.2	52
13481.3	15
13481.4	53
13481.5	37
13481.6	53
13481.8	50
13481.9	39
13482	46
13482.1	38
13482.2	30
13482.3	45
13482.5	49
13482.6	23
13482.7	39
13482.8	51
13482.9	62
13483	46
13483.2	39
13483.3	43
13483.4	43
13483.5	21
13483.6	51
13483.7	49
13483.8	55
13484	53
13484.1	58
13484.2	33
13484.3	44
13484.4	45
13484.5	48
13484.7	39
13484.8	38
13484.9	40
13485	32
13485.1	62
13485.2	41
13485.4	41
13485.5	34
13485.6	46
13485.7	51
13485.8	66
13485.9	38
13486.1	37
13486.2	43
13486.3	49
13486.4	61
13486.5	29
13486.6	40
13486.7	45
13486.9	46
13487	40
13487.1	74
13487.2	48
13487.3	20
13487.4	39
13487.6	44
13487.7	75
13487.8	34
13487.9	26
13488	51
13488.1	48
13488.3	49
13488.4	75
13488.5	39
13488.6	61
13488.7	34
13488.8	56
13488.9	51
13489.1	53
13489.2	10
13489.3	59
13489.4	44
13489.5	39
13489.6	56
13489.8	49
13489.9	43
13490	30
13490.1	43
13490.2	64
13490.3	42
13490.5	49
13490.6	59
13490.7	37
13490.8	44
13490.9	47
13491	48
13491.1	55
13491.3	58
13491.4	64
13491.5	53
13491.6	40
13491.7	45
13491.8	35
13492	46
13492.1	50
13492.2	44
13492.3	66
13492.4	19
13492.5	37
13492.6	45
13492.8	68
13492.9	35
13493	37
13493.1	40
13493.2	32
13493.3	50
13493.5	51
13493.6	54
13493.7	36
13493.8	58
13493.9	63
13494	61
13494.1	29
13494.3	58
13494.4	53
13494.5	61
13494.6	56
13494.7	48
13494.8	47
13495	42
13495.1	46
13495.2	60
13495.3	40
13495.4	41
13495.5	39
13495.6	51
13495.8	40
13495.9	44
13496	64
13496.1	61
13496.2	41
13496.3	54
13496.5	66
13496.6	54
13496.7	56
13496.8	66
13496.9	55
13497	35
13497.1	33
13497.3	38
13497.4	33
13497.5	33
13497.6	53
13497.7	40
13497.8	69
13497.9	44
13498.1	44
13498.2	48
13498.3	38
13498.4	60
13498.5	40
13498.6	54
13498.8	50
13498.9	49
13499	48
13499.1	40
13499.2	45
13499.3	47
13499.4	58
13499.6	64
13499.7	52
13499.8	38
13499.9	49
13500	39
13500.1	60
13500.2	30
13500.4	43
13500.5	58
13500.6	55
13500.7	54
13500.8	33
13500.9	51
13501.1	51
13501.2	31
13501.3	53
13501.4	58
13501.5	49
13501.6	53
13501.7	59
13501.9	40
13502	45
13502.1	46
13502.2	56
13502.3	35
13502.4	46
13502.5	52
13502.7	45
13502.8	32
13502.9	47
13503	45
13503.1	30
13503.2	62
13503.3	44
13503.5	47
13503.6	34
13503.7	21
13503.8	37
13503.9	62
13504	37
13504.2	31
13504.3	30
13504.4	54
13504.5	63
13504.6	42
13504.7	63
13504.8	37
13505	23
13505.1	55
13505.2	41
13505.3	41
13505.4	48
13505.5	31
13505.6	41
13505.8	42
13505.9	54
13506	50
13506.1	31
13506.2	34
13506.3	53
13506.4	43
13506.6	39
13506.7	41
13506.8	35
13506.9	40
13507	47
13507.1	59
13507.2	50
13507.4	37
13507.5	34
13507.6	47
13507.7	47
13507.8	37
13507.9	52
13508	45
13508.2	31
13508.3	49
13508.4	50
13508.5	52
13508.6	42
13508.7	43
13508.8	44
13509	67
13509.1	50
13509.2	55
13509.3	43
13509.4	44
13509.5	61
13509.6	43
13509.8	49
13509.9	41
13510	22
13510.1	66
13510.2	45
13510.3	32
13510.4	24
13510.6	37
13510.7	33
13510.8	38
13510.9	52
13511	60
13511.1	36
13511.2	38
13511.4	47
13511.5	50
13511.6	42
13511.7	28
13511.8	39
13511.9	33
13512	49
13512.2	43
13512.3	30
13512.4	47
13512.5	46
13512.6	56
13512.7	43
13512.8	61
13513	45
13513.1	23
13513.2	50
13513.3	45
13513.4	46
13513.5	74
13513.6	41
13513.7	41
13513.9	36
13514	53
13514.1	47
13514.2	60
13514.3	34
13514.4	44
13514.5	58
13514.7	35
13514.8	40
13514.9	45
13515	54
13515.1	49
13515.2	55
13515.3	32
13515.5	42
13515.6	15
13515.7	44
13515.8	43
13515.9	46
13516	43
13516.1	47
13516.3	40
13516.4	37
13516.5	43
13516.6	49
13516.7	35
13516.8	36
13516.9	44
13517	57
13517.2	34
13517.3	31
13517.4	36
13517.5	38
13517.6	54
13517.7	49
13517.8	57
13518	48
13518.1	47
13518.2	35
13518.3	50
13518.4	46
13518.5	24
13518.6	39
13518.8	41
13518.9	41
13519	47
13519.1	58
13519.2	25
13519.3	44
13519.4	42
13519.5	57
13519.7	33
13519.8	28
13519.9	46
13520	51
13520.1	62
13520.2	58
13520.3	40
13520.5	41
13520.6	33
13520.7	49
13520.8	37
13520.9	34
13521	52
13521.1	50
13521.3	52
13521.4	50
13521.5	35
13521.6	44
13521.7	43
13521.8	32
13521.9	39
13522	55
13522.2	50
13522.3	25
13522.4	52
13522.5	41
13522.6	49
13522.7	35
13522.8	48
13523	36
13523.1	56
13523.2	42
13523.3	39
13523.4	48
13523.5	50
13523.6	32
13523.7	41
13523.9	57
13524	46
13524.1	23
13524.2	30.0264
13524.3	43.8295
13524.4	35.9482
13524.5	50.3876
13524.6	39.9245
13524.8	36.2852
13524.9	28.0294
13525	38.9082
13525.1	30.654
13525.2	54.6499
13525.3	37.0163
13525.4	43.3134
13525.6	25.243
13525.7	40.1185
13525.8	44.1911
13525.9	48.9152
13526	46.2267
13526.1	34.346
13526.2	26.3869
13526.3	39.2865
13526.5	45.3499
13526.6	38.5018
13526.7	34.5425
13526.8	27.2071
13526.9	43.5611
13527	34.7241
13527.1	40.94
13527.2	37.2165
13527.4	25.42
13527.5	40.0004
13527.6	49.0844
13527.7	30.2378
13527.8	36.2282
13527.9	48.0404
13528	35.7611
13528.2	42.3703
13528.3	21.633
13528.4	47.7397
13528.5	31.7532
13528.6	29.3863
13528.7	33.6669
13528.8	41.3268
13528.9	26.7615
13529.1	27.6169
13529.2	35.9762
13529.3	32.9215
13529.4	48.1155
13529.5	28.5698
13529.6	35.1277
13529.7	27.958
13529.8	32.8955
13530	40.3779
13530.1	44.627
13530.2	34.3761
13530.3	31.3183
13530.4	37.4391
13530.5	42.5333
13530.6	31.3324
13530.7	36.9833
13530.9	35.34
13531	31.2146
13531.1	23.6321
13531.2	41.6232
13531.3	35.7054
13531.4	35.1131
13531.5	32.1898
13531.6	31.9984
13531.8	47.3531
13531.9	37.0618
13532	30.8579
13532.1	32.1623
13532.2	25.3741
13532.3	42.1931
13532.4	43.5189
13532.5	39.2859
13532.7	41.2452
13532.8	28.7542
13532.9	32.2194
13533	36.2654
13533.1	34.1046
13533.2	34.095
13533.3	32.8357
13533.4	33.5504
13533.6	31.0617
13533.7	35.809
13533.8	32.71
13533.9	33.5451
13534	21.0303
13534.1	10.1388
13534.2	23.532
13534.3	31.3267
13534.5	55.2635
13534.6	40.5387
13534.7	13.8728
13534.8	36.1109
13534.9	36.91
13535	36.5616
13535.1	23.4821
13535.2	34.8713
13535.4	32.1365
13535.4	32
13535.5	36
13535.6	22
13535.7	47
13535.8	19
13535.9	28
13536	46
13536.2	41
13536.3	41
13536.4	29
13536.5	36
13536.6	23
13536.7	22
13536.8	18
13537	32
13537.1	40
13537.2	35
13537.3	29
13537.4	25
13537.5	52
13537.6	32
13537.8	25
13537.9	22
13538	40
13538.1	22
13538.2	36
13538.3	28
13538.4	29
13538.5	26
13538.7	41
13538.8	34
13538.9	52
13539	14
13539.1	33
13539.2	40
13539.3	29
13539.5	24
13539.6	33
13539.7	38
13539.8	26
13539.9	46
13540	52
13540.1	54
13540.3	51
13540.4	41
13540.5	39
13540.6	64
13540.7	45
13540.8	39
13540.9	40
13541	33
13541.2	38
13541.3	36
13541.4	45
13541.5	36
13541.6	24
13541.7	39
13541.8	48
13542	54
13542.1	46
13542.2	44
13542.3	37
13542.4	56
13542.5	49
13542.6	43
13542.8	26
13542.9	22
13543	34
13543.1	40
13543.2	43
13543.3	35
13543.4	39
13543.5	27
13543.7	30
13543.8	51
13543.9	39
13544	29
13544.1	35
13544.2	41
13544.3	51
13544.5	45
13544.6	38
13544.7	51
13544.8	48
13544.9	45
13545	46
13545.1	33
13545.2	21
13545.4	40
13545.5	38
13545.6	41
13545.7	58
13545.8	62
13545.9	16
13546	31
13546.1	42
13546.3	51
13546.4	47
13546.5	32
13546.6	39
13546.7	49
13546.8	33
13546.9	37
13547.1	40
13547.2	31
13547.3	42
13547.4	28
13547.5	30
13547.6	50
13547.7	47
13547.8	33
13548	48
13548.1	31
13548.2	41
13548.3	39
13548.4	30
13548.5	34
13548.6	39
13548.8	52
13548.9	31
13549	29
13549.1	59
13549.2	53
13549.3	50
13549.4	45
13549.5	34
13549.7	49
13549.8	48
13549.9	35
13550	22
13550.1	51
13550.2	28
13550.3	44
13550.4	53
13550.6	27
13550.7	51
13550.8	32
13550.9	38
13551	44
13551.1	27
13551.2	37
13551.3	34
13551.5	45
13551.6	44
13551.7	45
13551.8	52
13551.9	61
13552	48
13552.1	28
13552.3	42
13552.4	34
13552.5	64
13552.6	52
13552.7	36
13552.8	37
13552.9	49
13553	52
13553.2	44
13553.3	42
13553.4	10
13553.5	40
13553.6	32
13553.7	60
13553.8	45
13553.9	29
13554.1	38
13554.2	48
13554.3	66
13554.4	62
13554.5	54
13554.6	39
13554.7	48
13554.8	49
13555	47
13555.1	41
13555.2	37
13555.3	34
13555.4	46
13555.5	47
13555.6	50
13555.7	36
13555.9	37
13556	59
13556.1	45
13556.2	57
13556.3	30
13556.4	34
13556.5	49
13556.6	66
13556.8	32
13556.9	55
13557	29
13557.1	54
13557.2	69
13557.3	44
13557.4	71
13557.5	30
13557.7	47
13557.8	38
13557.9	56
13558	49
13558.1	43
13558.2	33
13558.3	41
13558.4	46
13558.6	46
13558.7	35
13558.8	50
13558.9	36
13559	39
13559.1	43
13559.2	45
13559.3	53
13559.5	40
13559.6	61
13559.7	49
13559.8	50
13559.9	50
13560	40
13560.1	40
13560.2	42
13560.3	29
13560.5	33
13560.6	42
13560.7	34
13560.8	67
13560.9	42
13561	56
13561.1	61
13561.2	31
13561.4	37
13561.5	51
13561.6	42
13561.7	42
13561.8	37
13561.9	48
13562	63
13562.1	59
13562.3	53.5
13562.4	48
13562.5	50
13562.6	49
13562.7	43
13562.8	34
13562.9	46
13563	47
13563.2	36
13563.3	41
13563.4	47
13563.5	61
13563.6	61
13563.7	38
13563.8	30
13563.9	37
13564	34
13564.2	52
13564.3	45
13564.4	45
13564.5	66
13564.6	41
13564.7	54
13564.8	60
13564.9	34
13565.1	31
13565.2	56
13565.3	55
13565.4	36
13565.5	43
13565.6	37
13565.7	32
13565.8	43
13565.9	54
13566.1	39
13566.2	34
13566.3	44
13566.4	47
13566.5	35
13566.6	45
13566.7	35
13566.8	52
13567	29
13567.1	51
13567.2	44
13567.3	53
13567.4	44
13567.5	38
13567.6	35
13567.7	50
13567.8	52
13568	28
13568.1	57
13568.2	35
13568.3	51
13568.4	52
13568.5	40
13568.6	50
13568.7	49
13568.9	59
13569	62
13569.1	54
13569.2	35
13569.3	52
13569.4	35
13569.5	47
13569.6	43
13569.7	47
13569.9	44
13570	37
13570.1	41
13570.2	37
13570.3	41
13570.4	44
13570.5	48
13570.6	40
13570.7	68
13570.9	42
13571	48
13571.1	54
13571.2	42
13571.3	52
13571.4	43
13571.5	64
13571.6	55
13571.8	29
13571.9	38
13572	59
13572.1	52
13572.2	55
13572.3	52
13572.4	37
13572.5	49
13572.6	42
13572.8	51
13572.9	38
13573	38
13573.1	54
13573.2	55
13573.3	41
13573.4	43
13573.5	33
13573.6	55
13573.8	59
13573.9	42
13574	53
13574.1	40
13574.2	41
13574.3	49
13574.4	51
13574.5	30
13574.6	46
13574.8	48
13574.9	38
13575	49
13575.1	37
13575.2	57
13575.3	36
13575.4	15
13575.5	50
13575.6	50
13575.8	48
13575.9	54
13576	45
13576.1	45
13576.2	35
13576.3	48
13576.4	69
13576.5	40
13576.6	36
13576.8	43
13576.9	40
13577	60
13577.1	64
13577.2	48
13577.3	39
13577.4	44
13577.5	34
13577.6	52
13577.8	30
13577.9	45
13578	48
13578.1	41
13578.2	56
13578.3	31
13578.4	52
13578.5	34
13578.6	38
13578.8	54
13578.9	39
13579	56
13579.1	43
13579.2	49
13579.3	43
13579.4	55
13579.5	44
13579.6	43
13579.8	52
13579.9	55
13580	33
13580.1	44
13580.2	33
13580.3	56
13580.4	51
13580.5	40
13580.6	58
13580.7	36
13580.9	42
13581	33
13581.1	58
13581.2	53
13581.3	38
13581.4	37
13581.5	50
13581.6	53
13581.7	48
13581.9	51
13582	42
13582.1	47
13582.2	48
13582.3	56
13582.4	25
13582.5	35
13582.6	37
13582.7	50
13582.8	32
13583	46
13583.1	45
13583.2	44
13583.3	21
13583.4	40
13583.5	57
13583.6	36
13583.7	44
13583.8	52
13584	44
13584.1	48
13584.2	42
13584.3	50
13584.4	60
13584.5	32
13584.6	28
13584.7	45
13584.8	33
13584.9	40
13585.1	46
13585.2	48
13585.3	52
13585.4	44
13585.5	52
13585.6	39
13585.7	24
13585.8	42
13585.9	42
13586.1	42
13586.2	43
13586.3	54
13586.4	51
13586.5	51
13586.6	57
13586.7	53
13586.8	51
13586.9	29
13587	45
13587.2	38
13587.3	46
13587.4	55
13587.5	48
13587.6	38
13587.7	55
13587.8	45
13587.9	35
13588	28
13588.1	15
13588.3	49
13588.4	46
13588.5	65
13588.6	34
13588.7	39
13588.8	42
13588.9	51
13589	36
13589.1	33
13589.3	39
13589.4	39
13589.5	43
13589.6	38
13589.7	48
13589.8	45
13589.9	49
13590	43
13590.1	83
13590.2	38
13590.4	62
13590.5	52
13590.6	33
13590.7	37
13590.8	45
13590.9	37
13591	56
13591.1	50
13591.2	40
13591.3	58
13591.5	48
13591.6	60
13591.7	47
13591.8	44
13591.9	45
13592	38
13592.1	52
13592.2	37
13592.3	28
13592.4	36
13592.6	37
13592.7	60
13592.8	54
13592.9	48
13593	40
13593.1	44
13593.2	58
13593.3	43
13593.4	38
13593.5	36
13593.7	26
13593.8	41
13593.9	37
13594	63
13594.1	42
13594.2	55
13594.3	62
13594.4	46
13594.5	55
13594.6	43
13594.7	25
13594.9	35
13595	39
13595.1	47
13595.2	41
13595.3	42
13595.4	51
13595.5	41
13595.6	45
13595.7	44
13595.8	45
13596	29
13596.1	50
13596.2	48
13596.3	50
13596.4	54
13596.5	36
13596.6	49
13596.7	34
13596.8	51
13596.9	51
13597.1	22
13597.2	40
13597.3	43
13597.4	35
13597.5	25
13597.6	45
13597.7	46
13597.8	71
13597.9	47
13598	60
13598.1	64
13598.3	39
13598.4	27
13598.5	33
13598.6	38
13598.7	40
13598.8	35
13598.9	23
13599	52
13599.1	31
13599.2	48
13599.4	57
13599.5	31
13599.6	32
13599.7	55
13599.8	34
13599.9	30
13600	25
13600.1	46
13600.2	37
13600.3	37
13600.4	45
13600.6	32
13600.7	27
13600.8	36
13600.9	54
13601	38
13601.1	56
13601.2	45
13601.3	46
13601.4	43
13601.5	51
13601.6	48
13601.8	30
13601.9	39
13602	31
13602.1	61
13602.2	42
13602.3	53
13602.4	45
13602.5	47
13602.6	36
13602.7	47
13602.8	28
13603	50
13603.1	29
13603.2	38
13603.3	61
13603.4	34
13603.5	39
13603.6	28
13603.7	43
13603.8	32
13603.9	61
13604	33
13604.2	38
13604.3	27
13604.4	52
13604.5	36
13604.6	42
13604.7	45
13604.8	39
13604.9	14
13605	34
13605.1	53
13605.2	36
13605.4	49
13605.5	37
13605.6	41
13605.7	36
13605.8	44
13605.9	50
13606	50
13606.1	46
13606.2	44
13606.3	34
13606.4	49
13606.6	45
13606.7	41
13606.8	50
13606.9	53
13607	66
13607.1	46
13607.2	36
13607.3	23
13607.4	48
13607.5	49
13607.6	45
13607.8	52
13607.9	43
13608	50
13608.1	46
13608.2	50
13608.3	52
13608.4	29
13608.5	33
13608.6	37
13608.7	43
13608.8	40
13609	58
13609.1	52
13609.2	36
13609.3	39
13609.4	36
13609.5	47
13609.6	38
13609.7	34
13609.8	41
13609.9	34
13610	29
13610.1	47
13610.3	45
13610.4	32
13610.5	49
13610.6	26
13610.7	29
13610.8	56
13610.9	36
13611	38
13611.1	49
13611.2	46
13611.3	44
13611.4	36
13611.6	51
13611.7	58
13611.8	39
13611.9	36
13612	30
13612.1	21
13612.2	41
13612.3	43
13612.4	44
13612.5	37
13612.6	32
13612.8	38
13612.9	45
13613	48
13613.1	34
13613.2	34
13613.3	21
13613.4	40
13613.5	34
13613.6	49
13613.7	41
13613.8	34
13613.9	34
13614.1	49
13614.2	44
13614.3	40
13614.4	51
13614.5	61
13614.6	46
13614.7	22
13614.8	54
13614.9	47
13615	52
13615.1	29
13615.2	31
13615.4	23
13615.5	55
13615.6	40
13615.7	30
13615.8	41
13615.9	31
13616	47
13616.1	30
13616.2	23
13616.3	48
13616.4	23
13616.5	37
13616.7	37
13616.8	37
13616.9	46
13617	53
13617.1	38
13617.2	44
13617.3	22
13617.4	33
13617.5	36
13617.6	31
13617.7	52
13617.8	41
13617.9	28
13618.1	26
13618.2	65
13618.3	48
13618.4	46
13618.5	44
13618.6	23
13618.7	32
13618.8	38
13618.9	37
13619	46
13619.1	49
13619.2	44
13619.4	59
13619.5	36
13619.6	33
13619.7	36
13619.8	28
13619.9	39
13620	38
13620.1	42
13620.2	34
13620.3	44
13620.4	57
13620.5	35
13620.6	27
13620.8	47
13620.9	30
13621	28
13621.1	41
13621.2	57
13621.3	37
13621.4	49
13621.5	20
13621.6	38
13621.7	34
13621.8	42
13621.9	38
13622.1	24
13622.2	27
13622.3	33
13622.4	25
13622.5	37
13622.6	30
13622.7	25
13622.8	36
13622.9	42
13623	48
13623.1	53
13623.2	26
13623.3	40
13623.5	29
13623.6	36
13623.7	50
13623.8	23
13623.9	42
13624	20
13624.1	36
13624.2	61
13624.3	51
13624.4	37
13624.5	14
13624.6	40
13624.7	50
13624.9	57
13625	36
13625.1	43
13625.2	18
13625.3	43
13625.4	46
13625.5	50
13625.6	27
13625.7	31
13625.8	27
13625.9	57
13626	37
13626.1	25
13626.2	21
13626.4	37
13626.5	28
13626.6	36.0196
13626.7	31.9376
13626.8	49.1891
13626.9	35.512
13627	46.9832
13627.1	35.3259
13627.2	35.4517
13627.3	49.6331
13627.4	62.8386
13627.5	23.5554
13627.6	37.9399
13627.8	47.3018
13627.9	27.4412
13628	37.9498
13628.1	32.7227
13628.2	45.5497
13628.3	37.2601
13628.4	27.7806
13628.5	37.255
13628.6	38.9853
13628.7	32.0993
13628.8	32.6473
13628.9	30.6471
13629	27.672
13629.1	36.7708
13629.3	30.6246
13629.4	44.9317
13629.5	28.0116
13629.6	44.0838
13629.7	39.6643
13629.8	42.2071
13629.9	37.4688
13630	54.462
13630.1	31.9216
13630.2	40.0876
13630.3	46.7901
13630.4	27.9104
13630.5	35.8815
13630.7	38.5429
13630.8	31.7402
13630.9	34.0868
13631	32.2579
13631.1	32.2711
13631.2	44.7626
13631.3	27.5209
13631.4	43.1982
13631.5	48.4324
13631.6	23.4456
13631.7	38.8769
13631.8	28.3371
13631.9	33.4947
13632	32.639
13632.1	28.8053
13632.3	45.4367
13632.4	24.1054
13632.5	21.3343
13632.6	29.8104
13632.7	35.0251
13632.8	17.7523
13632.9	36.3007
13633	41.7661
13633.1	34.083
13633.2	28.4181
13633.3	28.337
13633.4	27.4762
13633.5	28.516
13633.6	17.0691
13633.8	24.9254
13633.9	28.2115
13634	25.3411
13634.1	29.1706
13634.2	27.0443
13634.3	22.4058
13634.4	28.0097
13634.5	24.0138
13634.6	28.7808
13634.7	23.2567
13634.8	23.294
13634.9	29.4716
13635	35.0616
13635.1	33.69
13635.3	28.1354
13635.4	16.2138
13635.5	15.199
13635.6	18.027
13635.7	28.5494
13635.8	29.7353
13635.9	27.8832
13636	35.5447
13636.1	37.5744
13636.2	38.0022
13636.3	34.3365
13636.4	35.1067
13636.5	21.6328
13636.6	14.3507
13636.7	29.2756
13636.9	11.2377
13637	17.2559
13637.1	29.7199
13637.2	25.6649
13637.3	22.1943
13637.4	28.9179
13637.5	34
13637.6	45
13637.7	11
13637.8	6
13637.9	14
13638	33
13638.1	42
13638.2	31
13638.3	39
13638.5	23
13638.6	36
13638.7	21
13638.8	39
13638.9	23
13639	13
13639.1	22
13639.2	34
13639.3	15
13639.4	35
13639.5	20
13639.6	35
13639.8	25
13639.9	31
13640	35
13640.1	28
13640.2	-5
13640.3	16
13640.4	37
13640.5	31
13640.6	14
13640.7	33
13640.8	30
13640.9	32
13641	41
13641.2	35
13641.3	28
13641.4	43
13641.5	38
13641.6	38
13641.7	37
13641.8	22
13641.9	21
13642	31
13642.1	37
13642.2	36
13642.3	31
13642.5	14
13642.6	15
13642.7	28
13642.8	22
13642.9	19
13643	37
13643.1	47
13643.2	30
13643.3	17
13643.4	35
13643.5	50
13643.6	27
13643.7	29
13643.9	38
13644	29
13644.1	45
13644.2	23
13644.3	28
13644.4	25
13644.5	48
13644.6	50
13644.7	35
13644.8	36
13644.9	16
13645	40
13645.1	47
13645.3	35
13645.4	42
13645.5	26
13645.6	34
13645.7	27
13645.8	43
13645.9	35
13646	29
13646.1	5
13646.2	31
13646.3	41
13646.4	39
13646.5	54
13646.7	58
13646.8	27
13646.9	44
13647	37
13647.1	25
13647.2	35
13647.3	37
13647.4	64
13647.5	40
13647.6	36
13647.7	53
13647.8	30
13647.9	26
13648.1	50
13648.2	30
13648.3	42
13648.4	29
13648.5	33
13648.6	47
13648.7	39
13648.8	45
13648.9	38
13649	32
13649.1	23
13649.2	49
13649.3	32
13649.4	37
13649.6	28
13649.7	35
13649.8	42
13649.9	20
13650	42
13650.1	30
13650.2	33
13650.3	37
13650.4	56
13650.5	63
13650.6	31
13650.7	28
13650.8	56
13651	46
13651.1	53
13651.2	47
13651.3	46
13651.4	16
13651.5	45
13651.6	40
13651.7	31
13651.8	33
13651.9	38
13652	32
13652.1	44
13652.2	31
13652.3	42
13652.5	39
13652.6	22
13652.7	36
13652.8	41
13652.9	45
13653	33
13653.1	35
13653.2	28
13653.3	34
13653.4	50
13653.5	40
13653.6	23
13653.7	34
13653.8	37
13654	37
13654.1	52
13654.2	47
13654.3	25
13654.4	40
13654.5	34
13654.6	38
13654.7	49
13654.8	36
13654.9	30
13655	41
13655.1	25
13655.2	28
13655.3	42
13655.5	37
13655.6	42
13655.7	0
13655.8	22
13655.9	63
13656	58
13656.1	35
13656.2	50
13656.3	41
13656.4	65
13656.5	25
13656.6	27
13656.7	47
13656.8	34
13656.9	36
13657.1	58
13657.2	41
13657.3	47
13657.4	35
13657.5	30
13657.6	73
13657.7	52
13657.8	43
13657.9	37
13658	41
13658.1	52
13658.2	38
13658.3	49
13658.4	34
13658.6	46
13658.7	40
13658.8	33
13658.9	44
13659	29
13659.1	53
13659.2	44
13659.3	36
13659.4	30
13659.5	40
13659.6	28
13659.7	70
13659.8	36
13659.9	49
13660	36
13660.2	2
13660.3	47
13660.4	50
13660.5	44
13660.6	52
13660.7	39
13660.8	45
13660.9	31
13661	54
13661.1	44
13661.2	41
13661.3	26
13661.4	31
13661.5	35
13661.6	46
13661.8	52
13661.9	43
13662	31
13662.1	47
13662.2	47
13662.3	62
13662.4	45
13662.5	29
13662.6	41
13662.7	41
13662.8	44.5
13662.9	48
13663	50
13663.1	38
13663.2	40
13663.3	54
13663.5	58
13663.6	25
13663.7	7
13663.8	48
13663.9	33
13664	51
13664.1	36
13664.2	43
13664.3	22
13664.4	24
13664.5	59
13664.6	50
13664.7	25
13664.8	45
13664.9	32
13665.1	31
13665.2	43
13665.3	30
13665.4	56
13665.5	52
13665.6	43
13665.7	47
13665.8	51
13665.9	22
13666	34
13666.1	49
13666.2	35
13666.3	43
13666.4	31
13666.5	37
13666.6	38
13666.8	43
13666.9	47
13667	55
13667.1	26
13667.2	37
13667.3	41
13667.4	41
13667.5	49
13667.6	29
13667.7	40
13667.8	32
13667.9	58
13668	52
13668.1	52
13668.2	38
13668.3	26
13668.4	41
13668.6	50
13668.7	50
13668.8	37
13668.9	25
13669	38
13669.1	51
13669.2	37
13669.3	50
13669.4	46
13669.5	45
13669.6	41
13669.7	40
13669.8	47
13669.9	47
13670	58
13670.1	42
13670.3	36
13670.4	39
13670.5	35
13670.6	47
13670.7	41
13670.8	46
13670.9	47
13671	51
13671.1	35
13671.2	56
13671.3	35
13671.4	53
13671.5	23
13671.6	51
13671.7	42
13671.8	39
13671.9	56
13672.1	29
13672.2	49
13672.3	41
13672.4	37
13672.5	54
13672.6	40
13672.7	38
13672.8	46
13672.9	36
13673	45
13673.1	46
13673.2	43
13673.3	57
13673.4	42
13673.5	24
13673.6	43
13673.7	57
13673.9	32
13674	39
13674.1	48
13674.2	39
13674.3	56
13674.4	40
13674.5	41
13674.6	34
13674.7	27
13674.8	60
13674.9	46
13675	44
13675.1	39
13675.2	35
13675.3	56
13675.4	51
13675.5	40
13675.6	51
13675.8	43
13675.9	48
13676	25
13676.1	48
13676.2	51
13676.3	55
13676.4	50
13676.5	44
13676.6	52
13676.7	63
13676.8	45
13676.9	57
13677	44
13677.1	46
13677.2	47
13677.3	28
13677.4	48
13677.5	46
13677.7	19
13677.8	43
13677.9	48
13678	48
13678.1	51
13678.2	27
13678.3	37
13678.4	48
13678.5	40
13678.6	33
13678.7	45
13678.8	44
13678.9	48
13679	34
13679.1	38
13679.2	38
13679.3	40
13679.4	44
13679.5	41
13679.7	51
13679.8	33
13679.9	34
13680	48
13680.1	32
13680.2	41
13680.3	44
13680.4	19
13680.5	28
13680.6	46
13680.7	48
13680.8	52
13680.9	35
13681	38
13681.1	43
13681.2	34
13681.3	40
13681.4	45
13681.5	37
13681.7	29
13681.8	41
13681.9	44
13682	44
13682.1	62
13682.2	40
13682.3	20
13682.4	34
13682.5	44
13682.6	51
13682.7	48
13682.8	50
13682.9	49
13683	36
13683.1	39
13683.2	30
13683.3	45
13683.4	20
13683.5	38
13683.6	69
13683.8	49
13683.9	44
13684	30
13684.1	39
13684.2	58
13684.3	54
13684.4	48
13684.5	19
13684.6	43
13684.7	51
13684.8	47
13684.9	44
13685	49
13685.1	53
13685.2	37
13685.3	31
13685.4	54
13685.5	32
13685.6	34
13685.7	48
13685.9	51
13686	39
13686.1	50
13686.2	49
13686.3	16
13686.4	49
13686.5	53
13686.6	59
13686.7	52
13686.8	30
13686.9	42
13687	52
13687.1	47
13687.2	48
13687.3	41
13687.4	49
13687.5	30
13687.6	49
13687.7	44
13687.8	38
13687.9	22
13688.1	33
13688.2	36
13688.3	42
13688.4	45
13688.5	29
13688.6	48
13688.7	60
13688.8	31
13688.9	40
13689	42
13689.1	24
13689.2	38
13689.3	27
13689.4	58
13689.5	45
13689.6	46
13689.7	49
13689.8	53
13689.9	55
13690	42
13690.1	55
13690.2	24
13690.4	58
13690.5	21
13690.6	39
13690.7	35
13690.8	38
13690.9	25
13691	58
13691.1	17
13691.2	23
13691.3	45
13691.4	28
13691.5	49
13691.6	50
13691.7	53
13691.8	36
13691.9	30
13692	28
13692.1	31
13692.2	30
13692.3	48
13692.4	33
13692.5	40
13692.7	55
13692.8	25
13692.9	40
13693	26
13693.1	32
13693.2	29
13693.3	46
13693.4	48
13693.5	41
13693.6	44
13693.7	42
13693.8	49
13693.9	44
13694	50
13694.1	50
13694.2	35
13694.3	50
13694.4	36
13694.5	31
13694.6	47
13694.7	33
13694.8	57
13694.9	40
13695	27
13695.2	39
13695.3	30
13695.4	42
13695.5	50
13695.6	39
13695.7	47
13695.8	31
13695.9	61
13696	61
13696.1	43
13696.2	35
13696.3	59
13696.4	52
13696.5	32
13696.6	39
13696.7	37
13696.8	35
13696.9	38
13697	38
13697.1	33
13697.2	44
13697.3	25
13697.4	41
13697.5	33
13697.7	34
13697.8	26
13697.9	30
13698	22
13698.1	26
13698.2	25
13698.3	41
13698.4	43
13698.5	37
13698.6	41
13698.7	40
13698.8	36
13698.9	35
13699	50
13699.1	36
13699.2	22
13699.3	44
13699.4	33
13699.5	49
13699.6	44
13699.7	51
13699.8	50
13699.9	24
13700	40
13700.1	56
13700.3	43
13700.4	31
13700.5	16
13700.6	48
13700.7	42
13700.8	39
13700.9	43
13701	24
13701.1	42
13701.2	53
13701.3	45
13701.4	43
13701.5	22
13701.6	41
13701.7	34
13701.8	36
13701.9	39
13702	25
13702.1	32
13702.2	31
13702.3	36
13702.4	49
13702.5	56
13702.6	48
13702.7	19
13702.8	44
13702.9	22
13703.1	52
13703.2	52
13703.3	25
13703.4	58
13703.5	41
13703.6	30
13703.7	30
13703.8	36
13703.9	23
13704	34
13704.1	41
13704.2	41
13704.3	40
13704.4	39
13704.5	39
13704.6	30
13704.7	38
13704.8	48
13704.9	27
13705	29
13705.1	35
13705.2	33
13705.3	36
13705.4	31
13705.5	44
13705.6	41
13705.7	30
13705.8	36
13706	23
13706.1	22
13706.2	22
13706.3	31
13706.4	50
13706.5	45
13706.6	41
13706.7	45
13706.8	21
13706.9	37
13707	42
13707.1	44
13707.2	38
13707.3	12
13707.4	60
13707.5	41
13707.6	30
13707.7	23
13707.8	26
13707.9	34
13708	34
13708.1	31
13708.2	41
13708.3	31
13708.4	25
13708.5	43
13708.6	43
13708.7	28
13708.8	49
13708.9	12
13709	35
13709.2	51
13709.3	36
13709.4	34
13709.5	32
13709.6	25
13709.7	47
13709.8	44
13709.9	25
13710	48
13710.1	24
13710.2	59
13710.3	34
13710.4	34
13710.5	52
13710.6	42
13710.7	17
13710.8	49
13710.9	47
13711	30
13711.1	49
13711.2	48
13711.3	48
13711.4	53
13711.5	27
13711.6	38
13711.7	48
13711.8	42
13711.9	50
13712	39
13712.1	35
13712.2	36
13712.3	39
13712.5	37
13712.6	37
13712.7	29
13712.8	44
13712.9	31
13713	32
13713.1	42
13713.2	62
13713.3	44
13713.4	35
13713.5	48
13713.6	49
13713.7	27
13713.8	48
13713.9	45
13714	42
13714.1	46
13714.2	35
13714.3	56
13714.4	26
13714.5	33
13714.6	31
13714.7	33
13714.8	26
13714.9	45
13715	42
13715.1	37
13715.2	50
13715.3	37
13715.4	22
13715.5	35
13715.6	42
13715.7	25
13715.8	46
13715.9	19
13716.1	39
13716.2	31
13716.3	38
13716.4	29
13716.5	33
13716.6	21
13716.7	51
13716.8	41
13716.9	16
13717	36
13717.1	32
13717.2	33
13717.3	32
13717.4	60
13717.5	40
13717.6	24
13717.7	52
13717.8	42
13717.9	44
13718	32
13718.1	38
13718.2	30
13718.3	37
13718.4	30
13718.5	62
13718.6	41
13718.7	37
13718.8	36
13718.9	41
13719	39
13719.1	30
13719.2	36
13719.3	42
13719.4	30
13719.5	27
13719.6	39
13719.7	26
13719.8	47
13719.9	43
13720.1	37
13720.2	31
13720.3	27
13720.4	35
13720.5	37
13720.6	54
13720.7	39
13720.8	35
13720.9	35
13721	52
13721.1	45
13721.2	39
13721.3	29
13721.4	33
13721.5	42
13721.6	46
13721.7	47
13721.8	36
13721.9	42
13722	35
13722.1	35
13722.2	27
13722.3	40
13722.4	31
13722.5	31
13722.6	53
13722.7	37
13722.8	26
13722.9	27
13723	41
13723.1	46
13723.2	40
13723.3	41
13723.4	23
13723.5	18
13723.6	23
13723.7	34
13723.8	35.973
13723.9	44.7103
13724	36.4868
13724.1	33.9762
13724.2	23.2939
13724.3	42.9764
13724.4	40.658
13724.6	34.1094
13724.7	40.5235
13724.8	49.3064
13724.9	40.7868
13725	24.9187
13725.1	34.3684
13725.2	39.3306
13725.3	24.3397
13725.4	42.3109
13725.5	31.9995
13725.6	28.1316
13725.7	32.0112
13725.8	39.6235
13725.9	42.1387
13726	40.0382
13726.1	39.7131
13726.2	28.5664
13726.3	30.8942
13726.4	21.5265
13726.5	32.1507
13726.6	38.5888
13726.7	34.0192
13726.8	36.0427
13726.9	21.3707
13727	42.9586
13727.1	55.9115
13727.2	37.6623
13727.3	36.2625
13727.4	33.6737
13727.5	17.8203
13727.6	22.4763
13727.7	34.404
13727.8	37.4504
13727.9	37.9097
13728	29.2953
13728.1	28.4761
13728.2	31.8191
13728.3	36.7357
13728.4	36.5657
13728.5	25.6911
13728.6	19.3333
13728.7	26.0915
13728.8	36.0795
13728.9	35.8482
13729	23.1254
13729.1	22.1019
13729.2	28.0734
13729.3	39.2624
13729.4	27.4133
13729.5	36.1833
13729.6	28.1902
13729.8	19.2571
13729.9	30.8447
13730	35.0265
13730.1	35.8177
13730.2	21.8413
13730.3	18.9247
13730.4	32.3806
13730.5	25.906
13730.6	37.7636
13730.7	50.5126
13730.8	21.292
13730.9	15.9769
13731	19.0215
13731.1	19.0147
13731.2	31.3195
13731.3	12.7484
13731.4	24.2914
13731.5	24.3611
13731.6	32.9775
13731.7	23.2906
13731.8	23.1341
13731.9	20.0036
13732	37.4463
13732.1	31.8237
13732.2	21.5656
13732.3	23.0083
13732.4	18.2816
13732.5	17.0169
13732.6	29.4577
13732.7	22.2118
13732.8	34.368
13732.9	30.361
13733	25.0605
13733.1	20.4649
13733.2	36.0589
13733.3	35.1048
13733.4	28.6764
13733.5	30.7586
13733.6	26.1938
13733.7	21.1585
13733.8	26.7289
13733.9	35.3408
13734	35.5259
13734.1	21.7517
13734.2	25.0448
13734.3	31
13734.4	28
13734.5	17
13734.6	19
13734.7	13
13734.8	43
13734.9	22
13735	24
13735.1	29
13735.2	18
13735.3	25
13735.4	15
13735.5	42
13735.6	34
13735.7	33
13735.8	20
13735.9	31
13736	25
13736.1	31
13736.2	22
13736.3	42
13736.4	33
13736.5	22
13736.6	29
13736.7	29
13736.8	43
13736.9	18
13737	25
13737.1	30
13737.2	38
13737.3	41
13737.4	3
13737.5	30
13737.7	45
13737.8	35
13737.9	24
13738	25
13738.1	25
13738.2	18
13738.3	15
13738.4	48
13738.5	22
13738.6	8
13738.7	33
13738.8	35
13738.9	28
13739	19
13739.1	34
13739.2	44
13739.3	15
13739.4	30
13739.5	35
13739.6	27
13739.7	30
13739.8	35
13739.9	23
13740	39
13740.1	37
13740.2	47
13740.3	25
13740.4	13
13740.5	29
13740.6	46
13740.7	23
13740.8	28
13740.9	38
13741	34
13741.1	43
13741.2	29
13741.3	38
13741.4	31
13741.5	31
13741.7	27
13741.8	36
13741.9	43
13742	47
13742.1	35
13742.2	23
13742.3	42
13742.4	33
13742.5	39
13742.6	29
13742.7	23
13742.8	49
13742.9	32
13743	29
13743.1	42
13743.2	31
13743.3	34
13743.4	56
13743.5	40
13743.6	43
13743.7	27
13743.8	21
13743.9	54
13744	48
13744.1	31
13744.2	39
13744.3	40
13744.4	35
13744.5	38
13744.6	33
13744.7	47
13744.8	40
13744.9	37
13745	45
13745.1	30
13745.2	41
13745.3	44
13745.4	48
13745.5	44
13745.6	53
13745.7	44
13745.8	38
13745.9	24
13746	26
13746.2	42
13746.3	28
13746.4	37
13746.5	22
13746.6	35
13746.7	23
13746.8	34
13746.9	50
13747	35
13747.1	41
13747.2	35
13747.3	41
13747.4	29
13747.5	39
13747.6	42
13747.7	29
13747.8	42
13747.9	50
13748	35
13748.1	41
13748.2	30
13748.3	21
13748.4	47
13748.5	39
13748.6	52
13748.7	43
13748.8	16
13748.9	33
13749	27
13749.1	22
13749.2	35
13749.3	44
13749.4	38
13749.5	25
13749.6	35
13749.7	59
13749.8	8
13749.9	27
13750	46
13750.1	31
13750.2	33
13750.3	36
13750.4	43
13750.5	41
13750.6	53
13750.7	42
13750.8	34
13750.9	31
13751	28
13751.1	46
13751.2	31
13751.3	49
13751.5	49
13751.6	36
13751.7	35
13751.8	29
13751.9	32
13752	58
13752.1	38
13752.2	47
13752.3	38
13752.4	44
13752.5	33
13752.6	37
13752.7	39
13752.8	59
13752.9	34
13753	38
13753.1	44
13753.2	41
13753.3	45
13753.4	35
13753.5	35
13753.6	54
13753.7	44
13753.8	36
13753.9	37
13754	43
13754.1	55
13754.2	26
13754.3	32
13754.4	24
13754.5	31
13754.6	61
13754.7	53
13754.8	40
13754.9	44
13755	33
13755.1	60
13755.2	46
13755.3	44
13755.4	36
13755.5	36
13755.6	48
13755.7	45
13755.8	44
13755.9	28
13756	32
13756.1	48
13756.2	60
13756.3	32
13756.4	36
13756.5	24
13756.6	44
13756.7	42
13756.8	46
13756.9	50
13757	40
13757.1	50
13757.2	19
13757.3	39
13757.4	45
13757.5	38
13757.6	51
13757.7	33
13757.8	27
13757.9	54
13758	51
13758.2	47
13758.3	37
13758.4	27
13758.5	55
13758.6	43
13758.7	39
13758.8	43
13758.9	27
13759	37
13759.1	53
13759.2	49
13759.3	45
13759.4	27
13759.5	14
13759.6	52
13759.7	48
13759.8	30
13759.9	43
13760	43
13760.1	42
13760.2	50
13760.3	53
13760.4	47
13760.5	47
13760.6	43
13760.7	43
13760.8	42
13760.9	31
13761	35
13761.1	39
13761.2	41
13761.3	33
13761.4	41
13761.5	27
13761.6	13
13761.7	44
13761.8	42
13761.9	36
13762	23
13762.1	56
13762.2	60
13762.3	35
13762.4	38
13762.5	53
13762.6	34
13762.7	34
13762.8	37
13762.9	47
13763	46
13763.1	47
13763.2	35
13763.3	30
13763.4	57
13763.5	49
13763.6	41
13763.7	33
13763.8	35
13763.9	42
13764	50
13764.1	26
13764.2	44
13764.3	57
13764.4	51
13764.5	59
13764.6	61
13764.7	62
13764.8	22
13764.9	39
13765	31
13765.1	38
13765.2	39
13765.3	57
13765.4	19
13765.5	35
13765.6	49
13765.7	33
13765.8	44
13765.9	35
13766	41
13766.1	52
13766.2	48
13766.3	38
13766.4	21
13766.5	20
13766.6	42
13766.7	40
13766.8	31
13766.9	38
13767	46
13767.1	29
13767.2	46
13767.3	55
13767.4	59
13767.5	49
13767.6	34
13767.7	47
13767.8	47
13767.9	33
13768	36
13768.1	41
13768.2	39
13768.3	31
13768.4	36
13768.5	52
13768.6	34
13768.7	31
13768.8	31
13768.9	38
13769	40
13769.1	39
13769.2	25
13769.3	45
13769.4	51
13769.5	42
13769.6	53
13769.8	32
13769.9	34
13770	35
13770.1	49
13770.2	44
13770.3	44
13770.4	41
13770.5	41
13770.6	40
13770.7	42
13770.8	44
13770.9	50
13771	48
13771.1	48
13771.2	55
13771.3	32
13771.4	27
13771.5	40
13771.6	50
13771.7	55
13771.8	36
13771.9	55
13772	36
13772.1	23
13772.2	45
13772.3	46
13772.4	49
13772.5	36
13772.6	51
13772.7	50
13772.8	43
13772.9	40
13773	42
13773.1	29
13773.2	45
13773.3	35
13773.4	38
13773.5	47
13773.6	44
13773.7	52
13773.8	37
13773.9	47
13774	55
13774.1	50
13774.2	36
13774.3	48
13774.4	37
13774.5	49
13774.6	49
13774.7	26
13774.8	54
13774.9	44
13775	44
13775.1	48
13775.2	51
13775.3	25
13775.4	22
13775.5	34
13775.6	52
13775.7	65
13775.8	36
13775.9	41
13776	41
13776.1	56
13776.2	36
13776.3	48
13776.4	40
13776.5	44
13776.6	52
13776.7	38
13776.8	38
13776.9	32
13777	48
13777.1	46
13777.2	57
13777.3	41
13777.4	40
13777.5	30
13777.6	21
13777.7	46
13777.8	58
13777.9	48
13778	41
13778.1	46
13778.2	43
13778.3	27
13778.4	50
13778.5	42
13778.6	39
13778.7	43
13778.8	51
13778.9	49
13779	41
13779.1	39
13779.2	49
13779.3	51
13779.4	34
13779.5	54
13779.6	53
13779.7	36
13779.8	23
13779.9	57
13780	47
13780.1	62
13780.2	32
13780.3	39
13780.4	40
13780.5	37
13780.6	47
13780.7	50
13780.8	27
13780.9	42
13781	46
13781.1	37
13781.2	49
13781.3	35
13781.4	35
13781.5	17
13781.6	62
13781.7	40
13781.8	41
13781.9	49
13782	38
13782.1	67
13782.2	36
13782.3	50
13782.4	50
13782.5	27
13782.6	25
13782.7	38
13782.8	59
13782.9	45
13783	57
13783	34
13783.1	55
13783.2	45
13783.3	36
13783.4	26
13783.5	37
13783.6	35
13783.7	58
13783.8	40
13783.9	43
13784	32
13784.1	25
13784.2	49
13784.3	38
13784.4	43
13784.5	34
13784.6	36
13784.7	36
13784.8	55
13784.9	39
13785	43
13785.1	28
13785.2	42
13785.3	61
13785.4	31
13785.5	29
13785.6	30
13785.7	47
13785.8	52
13785.9	47
13786	42
13786.1	47
13786.2	33
13786.3	30
13786.4	45
13786.5	41
13786.6	45
13786.7	44
13786.8	25
13786.9	44
13787	46
13787.1	32
13787.2	44
13787.3	44
13787.4	42
13787.5	53
13787.6	52
13787.7	60
13787.8	40
13787.9	35
13788	54
13788.1	46
13788.2	50
13788.3	44
13788.4	41
13788.5	27
13788.6	53
13788.7	43
13788.8	36
13788.9	38
13789	43
13789.1	30
13789.2	37
13789.3	38
13789.4	27
13789.5	37
13789.6	29
13789.7	46
13789.8	51
13789.9	45
13790	34
13790.1	44
13790.2	45
13790.3	45
13790.4	46
13790.5	37
13790.6	20
13790.7	46
13790.8	54
13790.9	49
13791	44
13791.1	36
13791.2	39
13791.3	33
13791.4	36
13791.5	30
13791.6	38
13791.7	23
13791.8	48
13791.9	30
13792	33
13792.1	35
13792.2	55
13792.3	48
13792.4	51
13792.5	36
13792.6	53
13792.7	43
13792.8	22
13792.9	27
13793	40
13793.1	50
13793.2	37
13793.3	25
13793.4	61
13793.5	50
13793.6	27
13793.7	38
13793.8	24
13793.9	16
13794	25
13794.1	23
13794.2	65
13794.3	32
13794.4	26
13794.5	30
13794.5	51
13794.6	56
13794.7	46
13794.8	55
13794.9	21
13795	25
13795.1	40
13795.2	31
13795.3	37
13795.4	38
13795.5	44
13795.6	52
13795.7	41
13795.8	36
13795.9	29
13796	24
13796.1	40
13796.2	52
13796.3	54
13796.4	38
13796.5	30
13796.6	24
13796.7	36
13796.8	45
13796.9	51
13797	31
13797.1	50
13797.2	40
13797.3	28
13797.4	49
13797.5	55
13797.6	33
13797.7	20
13797.8	50
13797.9	40
13798	39
13798.1	46
13798.2	46
13798.3	31
13798.4	38
13798.5	49
13798.6	21
13798.7	41
13798.8	41
13798.9	41
13799	56
13799.1	56
13799.2	44
13799.3	36
13799.4	56
13799.5	52
13799.6	40
13799.7	28
13799.8	50
13799.9	26
13800	50
13800.1	38
13800.2	20
13800.3	31
13800.4	21
13800.5	51
13800.6	35
13800.7	44
13800.8	25
13800.9	12
13801	35
13801	43
13801.1	46
13801.2	38
13801.3	38
13801.4	55
13801.5	35
13801.6	67
13801.7	51
13801.8	31
13801.9	25
13802	37
13802.1	37
13802.2	39
13802.3	45
13802.4	42
13802.5	36
13802.6	24
13802.7	39
13802.8	50
13802.9	33
13803	20
13803.1	52
13803.2	53
13803.3	41
13803.4	34
13803.5	30
13803.6	30
13803.7	46
13803.8	34
13803.9	35
13804	43
13804.1	37
13804.2	45
13804.3	29
13804.4	45
13804.5	39
13804.6	28
13804.7	28
13804.8	42
13804.9	46
13805	57
13805.1	34
13805.2	16
13805.3	25
13805.4	39
13805.5	22
13805.6	41
13805.7	28
13805.8	16
13805.9	35
13806	35
13806.1	46
13806.2	42
13806.2	28
13806.3	45
13806.4	57
13806.5	27
13806.6	45
13806.7	34
13806.8	38
13806.9	30
13807	25
13807.1	34
13807.2	35
13807.3	37
13807.4	39
13807.5	54
13807.6	41
13807.7	43
13807.8	36
13807.9	37
13808	29
13808.1	48
13808.2	29
13808.3	46
13808.4	36
13808.5	48
13808.6	48
13808.7	36
13808.8	27
13808.9	44
13809	22
13809.1	56
13809.2	28
13809.3	35
13809.4	18
13809.5	19
13809.6	58
13809.7	42
13809.8	51
13809.9	31
13810	37
13810.1	31
13810.2	29
13810.3	47
13810.4	27
13810.5	16
13810.5	31
13810.6	38
13810.7	29
13810.8	51
13810.9	28
13811	51
13811.1	29
13811.2	44
13811.3	43
13811.4	30
13811.5	25
13811.6	24
13811.7	34
13811.8	39
13811.9	55
13812	50
13812.1	28
13812.2	31
13812.3	33
13812.4	49
13812.5	51
13812.6	34
13812.7	31
13812.8	38
13812.9	30
13813	39
13813.1	25
13813.2	17
13813.3	37
13813.4	39
13813.5	35
13813.6	32
13813.7	22
13813.8	44
13813.9	55
13814	45
13814.1	48
13814.2	35
13814.3	28
13814.4	43
13814.4	24
13814.5	46
13814.6	35
13814.7	36
13814.8	33
13814.9	46
13815	31
13815.1	47
13815.2	40
13815.3	20
13815.4	45
13815.5	49
13815.6	41
13815.7	38
13815.8	34
13815.9	28
13816	28
13816.1	36
13816.2	50.9028
13816.3	27.0292
13816.4	17.9568
13816.5	47.0942
13816.6	24.2005
13816.7	41.6699
13816.8	34.5292
13816.9	44.7451
13817	34.3079
13817.1	41.3329
13817.2	38.666
13817.3	43.366
13817.4	29.0702
13817.5	36.4176
13817.6	25.9941
13817.7	32.9645
13817.8	33.9641
13817.8	24.2052
13817.9	26.2124
13818	37.039
13818.1	39.226
13818.2	32.3697
13818.3	21.5487
13818.4	32.0608
13818.5	30.2081
13818.6	21.2786
13818.7	30.9724
13818.8	33.6129
13818.9	18.1998
13819	38.2374
13819.1	28.9149
13819.2	25.1853
13819.3	26.8312
13819.4	33.517
13819.5	34.6628
13819.6	22.3956
13819.7	27.6749
13819.8	22.196
13819.9	24.423
13820	35.6248
13820.1	44.8152
13820.2	36.1335
13820.3	36.2623
13820.4	36.2502
13820.5	33.2433
13820.6	40.9971
13820.7	19.2024
13820.8	32.2328
13820.9	27.5456
13821	41.4196
13821	36.3399
13821.1	39.7744
13821.2	30.8065
13821.3	29.904
13821.4	23.1538
13821.5	36.2764
13821.6	33.9851
13821.7	21.3248
13821.8	26.4622
13821.9	26.6908
13822	35.3515
13822.1	31.4916
13822.2	32.5931
13822.3	30.2884
13822.4	29.0751
13822.5	30.5201
13822.6	39.2984
13822.7	27.7789
13822.8	24.7426
13822.9	26.5915
13823	20.9448
13823.1	32.8836
13823.2	27.0497
13823.3	30.6141
13823.4	28.8738
13823.5	36.4883
13823.6	27.0697
13823.7	26.2207
13823.8	36.3037
13823.9	21.9225
13824	27.4682
13824	13.1549
13824.1	30.057
13824.2	32.8475
13824.3	36.7599
13824.4	32.0304
13824.5	22.6816
13824.6	25.1167
13824.7	25.6593
13824.8	26.3409
13824.9	35.1382
13825	25.0038
13825.1	24.3136
13825.2	14.5366
13825.3	27.1923
13825.4	68.1578
13825.5	20.9016
13825.6	28.0894
13825.7	19.4801
13825.8	17.0982
13825.9	30.6582
13826	37.4374
13826.1	30.9115
13826.2	11.9746
13826.2	9
13826.3	30
13826.4	42
13826.5	37
13826.6	9
13826.7	10
13826.8	25
13826.9	25
13827	62
13827.1	22
13827.2	21
13827.3	20
13827.4	8
13827.5	29
13827.6	7
13827.7	26
13827.8	-6
13827.9	28
13827.9	30
13828	35
13828.1	15
13828.2	29
13828.3	42
13828.4	51
13828.5	27
13828.6	51
13828.7	20
13828.8	19
13828.9	31
13829	39
13829.1	31
13829.2	4
13829.3	27
13829.4	25
13829.5	21
13829.6	39
13829.7	32
13829.8	9
13829.9	20
13830	32
13830.1	43
13830.2	46
13830.3	44
13830.4	48
13830.5	38
13830.6	43
13830.7	41
13830.8	34
13830.9	48
13831	23
13831.1	15
13831.2	36
13831.3	51
13831.4	16
13831.5	27
13831.6	33
13831.7	26
13831.8	39
13831.9	34
13832	27
13832.1	24
13832.2	31
13832.2	21
13832.3	29
13832.4	43
13832.5	48
13832.6	19
13832.7	48
13832.8	50
13832.9	47
13833	40
13833.1	29
13833.2	42
13833.3	31
13833.4	39
13833.5	40
13833.6	48
13833.7	33
13833.8	33
13833.9	43
13834	40
13834.1	46
13834.2	36
13834.3	46
13834.4	29
13834.5	18
13834.6	47
13834.7	34
13834.8	37
13834.9	44
13835	33
13835.1	51
13835.2	39
13835.3	44
13835.4	42
13835.5	40
13835.6	37
13835.7	13
13835.8	36
13835.9	21
13836	42
13836	44
13836.1	50
13836.2	32
13836.3	24
13836.4	65
13836.5	44
13836.6	41
13836.7	10
13836.8	40
13836.9	36
13837	48
13837.1	48
13837.2	21
13837.3	40
13837.4	46
13837.5	58
13837.6	28
13837.7	58
13837.8	44
13837.9	59
13838	47
13838.1	36
13838.2	31
13838.3	36
13838.4	33
13838.5	23
13838.6	44
13838.7	19
13838.8	54
13838.9	32
13839	39
13839.1	26
13839.2	25
13839.3	31
13839.4	26
13839.4	35
13839.5	29
13839.6	48
13839.7	35
13839.8	39
13839.9	33
13840	12
13840.1	42
13840.2	35
13840.3	39
13840.4	36
13840.5	54
13840.6	55
13840.7	35
13840.8	33
13840.9	42
13841	47
13841.1	35
13841.2	43
13841.3	42
13841.4	39
13841.5	35
13841.6	45
13841.7	41
13841.8	45
13841.9	35
13842	49
13842.1	38
13842.2	24
13842.3	18
13842.4	29
13842.5	36
13842.6	37
13842.6	42
13842.7	39
13842.8	56
13842.9	36
13843	34
13843.1	39
13843.2	25
13843.3	50
13843.4	30
13843.5	39
13843.6	27
13843.7	32
13843.8	33
13843.9	17
13844	49
13844.1	35
13844.2	24
13844.3	28
13844.4	56
13844.5	28
13844.6	47
13844.7	24
13844.8	28
13844.9	36
13845	62
13845.1	41
13845.2	46
13845.3	40
13845.4	38
13845.5	47
13845.5	50
13845.6	49
13845.7	38
13845.8	25
13845.9	33
13846	37
13846.1	26
13846.2	53
13846.3	46
13846.4	22
13846.5	44
13846.6	23
13846.7	48
13846.8	23
13846.9	35
13847	40
13847.1	37
13847.2	50
13847.3	41
13847.4	41
13847.5	40
13847.6	42
13847.7	29
13847.8	44
13847.9	34
13848	40
13848.1	27
13848.2	44
13848.3	40
13848.3	31
13848.4	44
13848.5	39
13848.6	42
13848.7	26
13848.8	41
13848.9	34
13849	27
13849.1	43
13849.2	49
13849.3	50
13849.4	34
13849.5	43
13849.6	45
13849.7	44
13849.8	31
13849.9	47
13850	43
13850.1	30
13850.2	36
13850.3	45
13850.4	39
13850.5	43
13850.6	39
13850.7	44
13850.8	50
13850.9	37
13851	37
13851	41
13851.1	26
13851.2	41
13851.3	38
13851.4	50
13851.5	26
13851.6	41
13851.7	48
13851.8	45
13851.9	27
13852	49
13852.1	36
13852.2	18
13852.3	48
13852.4	49
13852.5	42
13852.6	60
13852.7	49
13852.8	36
13852.9	38
13853	45
13853.1	46
13853.2	52
13853.3	24
13853.4	39
13853.5	44
13853.5	43
13853.6	40
13853.7	32
13853.8	61
13853.9	52
13854	49
13854.1	46
13854.2	34
13854.3	22
13854.4	38
13854.5	30
13854.6	39
13854.7	55
13854.8	55
13854.9	21
13855	53
13855.1	39
13855.2	37
13855.3	49
13855.4	46
13855.5	30
13855.6	39
13855.7	48
13855.8	36
13855.9	47
13855.9	41
13856	55
13856.1	46
13856.2	48
13856.3	41
13856.4	36
13856.5	51
13856.6	51
13856.7	30
13856.8	42
13856.9	46
13857	49
13857.1	65
13857.2	51
13857.3	35
13857.4	39
13857.5	34
13857.6	44
13857.7	45
13857.8	61
13857.9	41
13858	59
13858.1	42
13858.2	40
13858.2	54
13858.3	30
13858.4	21
13858.5	45
13858.6	60
13858.7	45
13858.8	53
13858.9	38
13859	14
13859.1	36
13859.2	48
13859.3	54
13859.4	41
13859.5	25
13859.6	58
13859.7	48
13859.8	57
13859.9	48
13860	46
13860.1	29
13860.2	40
13860.3	50
13860.4	38
13860.4	47
13860.5	26
13860.6	40
13860.7	25
13860.8	27
13860.9	35
13861	45
13861.1	24
13861.2	42
13861.3	29
13861.4	47
13861.5	46
13861.6	30
13861.7	47
13861.8	50
13861.9	43
13862	45
13862.1	45
13862.2	47
13862.3	43
13862.4	35
13862.5	36
13862.5	52
13862.6	43
13862.7	45
13862.8	49
13862.9	34
13863	44
13863.1	35
13863.2	36
13863.3	50
13863.4	43
13863.5	48
13863.6	15
13863.7	36
13863.8	43
13863.9	51
13864	38
13864.1	29
13864.2	36
13864.3	27
13864.4	49
13864.5	45
13864.6	36
13864.6	44
13864.7	35
13864.8	26
13864.9	46
13865	30
13865.1	54
13865.2	37
13865.3	45
13865.4	57
13865.5	43
13865.6	43
13865.7	30
13865.8	48
13865.9	32
13866	27
13866.1	49
13866.2	53
13866.3	52
13866.4	30
13866.5	39
13866.6	38
13866.6	44
13866.7	42
13866.8	45
13866.9	45
13867	41
13867.1	42
13867.2	35
13867.3	28
13867.4	44
13867.5	48
13867.6	37
13867.7	61
13867.8	44
13867.9	52
13868	40
13868.1	34
13868.2	34
13868.3	34
13868.4	52
13868.5	40
13868.6	41
13868.6	45
13868.7	45
13868.8	42
13868.9	52
13869	14
13869.1	40
13869.2	60
13869.3	33
13869.4	54
13869.5	49
13869.6	48
13869.7	46
13869.8	30
13869.9	19
13870	30
13870.1	46
13870.2	25
13870.3	45
13870.4	37
13870.5	41
13870.5	37
13870.6	48
13870.7	50
13870.8	38
13870.9	40
13871	26
13871.1	40
13871.2	37
13871.3	39
13871.4	40
13871.5	33
13871.6	34
13871.7	50
13871.8	27
13871.9	64
13872	44
13872.1	39
13872.2	43
13872.3	49
13872.3	52
13872.4	48
13872.5	39
13872.6	27
13872.7	42
13872.8	48
13872.9	52
13873	43
13873.1	39
13873.2	45
13873.3	38
13873.4	26
13873.5	59
13873.6	39
13873.7	30
13873.8	49
13873.9	53
13874	33
13874.1	61
13874.1	31
13874.2	40
13874.3	38
13874.4	32
13874.5	44
13874.6	37
13874.7	28
13874.8	37
13874.9	28
13875	36
13875.1	50
13875.2	36
13875.3	46
13875.4	54
13875.5	46
13875.6	49
13875.7	22
13875.8	47
13875.8	45
13875.9	29
13876	60
13876.1	35
13876.2	49
13876.3	50
13876.4	32
13876.5	36
13876.6	35
13876.7	44
13876.8	47
13876.9	34
13877	34
13877.1	51
13877.2	40
13877.3	35
13877.4	41
13877.5	19
13877.5	57
13877.6	44
13877.7	51
13877.8	30
13877.9	39
13878	44
13878.1	40
13878.2	45
13878.3	27
13878.4	37
13878.5	40
13878.6	54
13878.7	30
13878.8	35
13878.9	36
13879	26
13879.1	41
13879.2	31
13879.2	33
13879.3	42
13879.4	49
13879.5	40
13879.6	45
13879.7	30
13879.8	31
13879.9	28
13880	44
13880.1	60
13880.2	45
13880.3	41
13880.4	56
13880.5	38
13880.6	34
13880.7	50
13880.8	32
13880.8	36
13880.9	45
13881	23
13881.1	33
13881.2	28
13881.3	36
13881.4	56
13881.5	41
13881.6	30
13881.7	44
13881.8	28
13881.9	24
13882	42
13882.1	29
13882.2	32
13882.3	46
13882.4	50
13882.5	35
13882.5	48
13882.6	40
13882.7	45
13882.8	33
13882.9	25
13883	28
13883.1	28
13883.2	34
13883.3	46
13883.4	36
13883.5	42
13883.6	38
13883.7	33
13883.8	47
13883.9	30
13884	37
13884	45
13884.1	50
13884.2	23
13884.3	15
13884.4	36
13884.5	60
13884.6	49
13884.7	29
13884.8	45
13884.9	46
13885	34
13885.1	50
13885.2	34
13885.3	36
13885.4	25
13885.5	35
13885.6	39
13885.6	51
13885.7	30
13885.8	34
13885.9	47
13886	19
13886.1	33
13886.2	43
13886.3	37
13886.4	49
13886.5	37
13886.6	32
13886.7	37
13886.8	46
13886.9	42
13887	32
13887.1	20
13887.1	24
13887.2	35
13887.3	45
13887.4	24
13887.5	30
13887.6	32
13887.7	53
13887.8	46
13887.9	46
13888	39
13888.1	14
13888.2	32
13888.3	55
13888.4	41
13888.5	39
13888.6	41
13888.6	34
13888.7	47
13888.8	64
13888.9	41
13889	30
13889.1	33
13889.2	33
13889.3	44
13889.4	62
13889.5	43
13889.6	34
13889.7	26
13889.8	66
13889.9	35
13890	41
13890	53
13890.1	39
13890.2	37
13890.3	35
13890.4	56
13890.5	36
13890.6	33
13890.7	24
13890.8	55
13890.9	42
13891	48
13891.1	46
13891.2	38
13891.3	51
13891.4	61
13891.5	32
13891.5	29
13891.6	29
13891.7	27
13891.8	62
13891.9	42
13892	44
13892.1	36
13892.2	35
13892.3	55
13892.4	49
13892.5	44
13892.6	34
13892.7	29
13892.8	31
13892.9	28
13892.9	44
13893	39
13893.1	42
13893.2	43
13893.3	32
13893.4	28
13893.5	37
13893.6	33
13893.7	7
13893.8	60
13893.9	36
13894	32
13894.1	44
13894.2	49
13894.3	34
13894.3	32
13894.4	46
13894.5	40
13894.6	30
13894.7	51
13894.8	20
13894.9	37
13895	22
13895.1	51
13895.2	25
13895.3	24
13895.4	48
13895.5	45
13895.6	45
13895.6	34
13895.7	20
13895.8	26
13895.9	26
13896	44
13896.1	47
13896.2	42
13896.3	37
13896.4	51
13896.5	60
13896.6	33
13896.7	37
13896.8	30
13896.9	55
13897	36
13897	30
13897.1	36
13897.2	43
13897.3	37
13897.4	48
13897.5	31
13897.6	42
13897.7	37
13897.8	10
13897.9	52
13898	39
13898.1	43
13898.2	30
13898.3	39
13898.3	54
13898.4	43
13898.5	37
13898.6	47
13898.7	25
13898.8	41
13898.9	41
13899	30
13899.1	23
13899.2	36
13899.3	24
13899.4	24
13899.5	35
13899.6	35
13899.6	40
13899.7	42
13899.8	22
13899.9	29
13900	37
13900.1	30
13900.2	45
13900.3	27
13900.4	38
13900.5	30
13900.6	45
13900.7	34
13900.8	41
13900.9	23
13900.9	37
13901	52
13901.1	53
13901.2	30
13901.3	13
13901.4	20
13901.5	36
13901.6	36
13901.7	39
13901.8	34
13901.9	62
13902	34
13902.1	32
13902.2	47
13902.2	27
13902.3	53
13902.4	35
13902.5	44
13902.6	45
13902.7	35
13902.8	28
13902.9	37
13903	36
13903.1	38
13903.2	29
13903.3	20
13903.4	34
13903.4	58
13903.5	33
13903.6	26
13903.7	44
13903.8	41
13903.9	41
13904	34
13904.1	41
13904.2	22
13904.3	34
13904.4	33.8762
13904.5	46.7151
13904.6	35.8487
13904.7	38.6253
13904.7	42.852
13904.8	22.656
13904.9	48.9899
13905	37.979
13905.1	36.1642
13905.2	33.4312
13905.3	15.7148
13905.4	22.6978
13905.5	45.3357
13905.6	37.7599
13905.7	36.9901
13905.8	27.1737
13905.9	32.851
13905.9	23.4877
13906	33.3819
13906.1	34.2164
13906.2	26.2635
13906.3	25.0409
13906.4	32.6942
13906.5	33.6821
13906.6	31.3963
13906.7	35.7685
13906.8	23.0838
13906.9	12.0765
13907	25.354
13907.1	41.1915
13907.1	27.2627
13907.2	29.6576
13907.3	22.0336
13907.4	26.7879
13907.5	21.3137
13907.6	36.4216
13907.7	41.9607
13907.8	25.9228
13907.9	33.3605
13908	20.2076
13908.1	32.4496
13908.2	41.5343
13908.3	33.9322
13908.3	30.9937
13908.4	29.3238
13908.5	28.4559
13908.6	12.1944
13908.7	27.7303
13908.8	37.0015
13908.9	24.9084
13909	18.8944
13909.1	35.8352
13909.2	28.6556
13909.3	36.0934
13909.4	31.3019
13909.5	23.5187
13909.5	37.2628
13909.6	43.2691
13909.7	36.4121
13909.8	36.014
13909.9	22.8468
13910	30.4295
13910.1	27.7043
13910.2	31.161
13910.3	31.4942
13910.4	32.7227
13910.5	36.2258
13910.6	40.0248
13910.7	38.6925
13910.7	36.1051
13910.8	22.6023
13910.9	9.97549
13911	29.8078
13911.1	26.184
13911.2	36.0381
13911.3	29.0853
13911.4	25.7277
13911.5	28.7839
13911.6	24.155
13911.7	33.1931
13911.8	24.4592
13911.8	29.681
13911.9	20.5138
13912	4.59148
13912.1	29.1417
13912.2	31.3118
13912.3	20.686
13912.4	26.7643
13912.5	17.2277
13912.6	31.5264
13912.7	32.5842
13912.8	38.1415
13912.9	30.345
13913	19.285
13913	7.60159
13913.1	18.498
13913.2	28.0063
13913.3	36.5849
13913.4	24.926
13913.5	16.159
13913.6	27.6935
13913.6	34
13913.7	24
13913.8	34
13913.9	17
13914	31
13914.1	9
13914.2	46
13914.3	27
13914.4	38
13914.5	15
13914.6	20
13914.7	37
13914.7	33
13914.8	33
13914.9	19
13915	-2
13915.1	22
13915.2	14
13915.3	34
13915.4	37
13915.5	17
13915.6	33
13915.7	5
13915.8	21
13915.9	30
13916	24
13916.1	32
13916.1	36
13916.2	16
13916.3	39
13916.4	32
13916.5	30
13916.6	40
13916.7	20
13916.8	25
13916.9	46
13917	25
13917.1	32
13917.2	16
13917.3	26
13917.4	43
13917.4	28
13917.5	20
13917.6	36
13917.7	27
13917.8	27
13917.9	28
13918	22
13918.1	30
13918.2	41
13918.3	23
13918.4	36
13918.5	43
13918.6	41
13918.7	40
13918.8	27
13918.8	28
13918.9	37
13919	18
13919.1	26
13919.2	57
13919.3	20
13919.4	28
13919.5	47
13919.6	37
13919.7	36
13919.8	20
13919.9	24
13920	31
13920.1	26
13920.1	30
13920.2	50
13920.3	50
13920.4	45
13920.5	33
13920.6	41
13920.7	23
13920.8	55
13920.9	30
13921	18
13921.1	22
13921.2	41
13921.3	43
13921.4	29
13921.4	45
13921.5	37
13921.6	42
13921.7	27
13921.8	40
13921.9	34
13922	44
13922.1	49
13922.2	45
13922.3	38
13922.4	31
13922.5	36
13922.6	44
13922.7	56
13922.7	17
13922.8	49
13922.9	44
13923	26
13923.1	30
13923.2	44
13923.3	26
13923.4	24
13923.5	27
13923.6	41
13923.7	36
13923.8	29
13923.9	42
13923.9	51
13924	32
13924.1	46
13924.2	32
13924.3	29
13924.4	53
13924.5	54
13924.6	57
13924.7	52
13924.8	34
13924.9	22
13925	23
13925.1	36
13925.2	36
13925.2	35
13925.3	19
13925.4	25
13925.5	44
13925.6	32
13925.7	35
13925.8	25
13925.9	40
13926	48
13926.1	42
13926.2	39
13926.3	32
13926.4	38
13926.4	40
13926.5	29
13926.6	31
13926.7	34
13926.8	19
13926.9	40
13927	36
13927.1	49
13927.2	37
13927.3	35
13927.4	24
13927.5	30
13927.6	44
13927.6	52
13927.7	45
13927.8	14
13927.9	39
13928	40
13928.1	48
13928.2	28
13928.3	31
13928.4	31
13928.5	52
13928.6	46
13928.7	34
13928.8	41
13928.8	29
13928.9	40
13929	41
13929.1	49
13929.2	26
13929.3	32
13929.4	42
13929.5	36
13929.6	40
13929.7	35
13929.8	32
13929.9	41
13930	32
13930	34
13930.1	45
13930.2	44
13930.3	28
13930.4	36
13930.5	39
13930.6	66
13930.7	26
13930.8	46
13930.9	52
13931	45
13931.1	23
13931.2	43
13931.2	41
13931.3	18
13931.4	48
13931.5	37
13931.6	59
13931.7	42
13931.8	31
13931.9	62
13932	48
13932.1	65
13932.2	31
13932.3	39
13932.4	45
13932.4	30
13932.5	32
13932.6	41
13932.7	25
13932.8	46
13932.9	37
13933	32
13933.1	42
13933.2	44
13933.3	19
13933.4	34
13933.5	28
13933.5	43
13933.6	54
13933.7	41
13933.8	37
13933.9	30
13934	53
13934.1	45
13934.2	46
13934.3	40
13934.4	27
13934.5	42
13934.6	36
13934.6	43
13934.7	32
13934.8	49
13934.9	35
13935	46
13935.1	51
13935.2	66
13935.3	44
13935.4	47
13935.5	35
13935.6	29
13935.7	23
13935.8	42
13935.8	37
13935.9	47
13936	55
13936.1	43
13936.2	35
13936.3	50
13936.4	37
13936.5	43
13936.6	39
13936.7	47
13936.8	53
13936.9	42
13936.9	43
13937	45
13937.1	37
13937.2	38
13937.3	37
13937.4	31
13937.5	46
13937.6	36
13937.7	39
13937.8	30
13937.9	41
13938	11
13938	50
13938.1	37
13938.2	43
13938.3	38
13938.4	37
13938.5	35
13938.6	62
13938.7	53
13938.8	37
13938.9	30
13939	31
13939.1	31
13939.1	48
13939.2	38
13939.3	27
13939.4	25
13939.5	31
13939.6	42
13939.7	43
13939.8	39
13939.9	18
13940	35
13940.1	31
13940.2	43
13940.2	63
13940.3	43
13940.4	39
13940.5	43
13940.6	27
13940.7	47
13940.8	37
13940.9	23
13941	41
13941.1	57
13941.2	33
13941.3	42
13941.3	43
13941.4	38
13941.5	50
13941.6	46
13941.7	69
13941.8	35
13941.9	39
13942	39
13942.1	47
13942.2	46
13942.3	39
13942.3	35
13942.4	39
13942.5	51
13942.6	39
13942.7	43
13942.8	37
13942.9	23
13943	33
13943.1	35
13943.2	53
13943.3	40
13943.4	53
13943.4	52
13943.5	51
13943.6	50
13943.7	60
13943.8	34
13943.9	30
13944	53
13944.1	47
13944.2	62
13944.3	35
13944.4	15
13944.4	38
13944.5	51
13944.6	43
13944.7	47
13944.8	29
13944.9	23
13945	33
13945.1	25
13945.2	45
13945.3	38
13945.4	41
13945.4	30
13945.5	56
13945.6	44
13945.7	55
13945.8	18
13945.9	43
13946	46
13946.1	46
13946.2	63
13946.3	49
13946.4	35
13946.5	39
13946.5	35
13946.6	55
13946.7	54
13946.8	33
13946.9	27
13947	37
13947.1	31
13947.2	57
13947.3	32
13947.4	35
13947.5	44
13947.5	29
13947.6	46
13947.7	54
13947.8	25
13947.9	64
13948	46
13948.1	27
13948.2	55
13948.3	24
13948.4	30
13948.5	39
13948.5	37
13948.6	43
13948.7	46
13948.8	33
13948.9	43
13949	16
13949.1	33
13949.2	49
13949.3	26
13949.4	27
13949.5	50
13949.5	58
13949.6	42
13949.7	41
13949.8	31
13949.9	57
13950	43
13950.1	49
13950.2	40
13950.3	25
13950.4	30
13950.5	43
13950.5	38
13950.6	54
13950.7	46
13950.8	39
13950.9	47
13951	57
13951.1	39
13951.2	45
13951.3	49
13951.4	1
13951.5	40
13951.5	47
13951.6	58
13951.7	52
13951.8	46
13951.9	24
13952	33
13952.1	33
13952.2	42
13952.3	49
13952.4	12
13952.4	40
13952.5	40
13952.6	27
13952.7	42
13952.8	34
13952.9	26
13953	40
13953.1	59
13953.2	25
13953.3	43
13953.4	29
13953.4	14
13953.5	49
13953.6	40
13953.7	47
13953.8	30
13953.9	45
13954	42
13954.1	52
13954.2	49
13954.3	47
13954.4	18
13954.4	41
13954.5	46
13954.6	60
13954.7	53
13954.8	45
13954.9	42
13955	37
13955.1	50
13955.2	20
13955.3	44
13955.3	37
13955.4	40
13955.5	53
13955.6	50
13955.7	30
13955.8	24
13955.9	38
13956	30
13956.1	33
13956.2	39
13956.3	34
13956.3	33
13956.4	43
13956.5	34
13956.6	53
13956.7	35
13956.8	40
13956.9	49
13957	27
13957.1	32
13957.2	37
13957.2	42
13957.3	32
13957.4	47
13957.5	42
13957.6	52
13957.7	53
13957.8	42
13957.9	51
13958	35
13958.1	50
13958.1	42
13958.2	51
13958.3	39
13958.4	51
13958.5	47
13958.6	31
13958.7	31
13958.8	29
13958.9	43
13959	55
13959	23
13959.1	47
13959.2	50
13959.3	43
13959.4	37
13959.5	31
13959.6	51
13959.7	33
13959.8	23
13959.9	32
13960	57
13960	43
13960.1	50
13960.2	19
13960.3	34
13960.4	50
13960.5	47
13960.6	47
13960.7	43
13960.8	17
13960.9	43
13960.9	51
13961	37
13961.1	43
13961.2	30
13961.3	47
13961.4	37
13961.5	30
13961.6	35
13961.7	47
13961.8	35
13961.8	44
13961.9	35
13962	27
13962.1	65
13962.2	13
13962.3	30
13962.4	47
13962.5	31
13962.6	46
13962.7	34
13962.7	13
13962.8	43
13962.9	47
13963	51
13963.1	51
13963.2	30
13963.3	41
13963.4	45
13963.5	51
13963.6	39
13963.6	21
13963.7	26
13963.8	48
13963.9	31
13964	43
13964.1	42
13964.2	37
13964.3	34
13964.4	37
13964.5	45
13964.5	43
13964.6	38
13964.7	37
13964.8	42
13964.9	38
13965	57
13965.1	35
13965.2	22
13965.3	21
13965.3	45
13965.4	42
13965.5	49
13965.6	43
13965.7	22
13965.8	52
13965.9	41
13966	26
13966.1	29
13966.2	37
13966.2	46
13966.3	36
13966.4	55
13966.5	26
13966.6	44
13966.7	35
13966.8	46
13966.9	39
13967	39
13967.1	30
13967.1	59
13967.2	39
13967.3	37
13967.4	39
13967.5	35
13967.6	21
13967.7	43
13967.8	46
13967.9	33
13968	39
13968	22
13968.1	19
13968.2	19
13968.3	34
13968.4	37
13968.5	31
13968.6	43
13968.7	39
13968.8	35
13968.8	48
13968.9	47
13969	27
13969.1	55
13969.2	15
13969.3	16
13969.4	59
13969.5	19
13969.6	43
13969.7	35
13969.7	42
13969.8	47
13969.9	51
13970	43
13970.1	21
13970.2	27
13970.3	35
13970.4	17
13970.5	27
13970.5	42
13970.6	45
13970.7	35
13970.8	36
13970.9	47
13971	39
13971.1	36
13971.2	15
13971.3	20
13971.3	31
13971.4	31
13971.5	48
13971.6	43
13971.7	38
13971.8	39
13971.9	39
13972	38
13972.1	17
13972.2	35
13972.2	43
13972.3	35
13972.4	35
13972.5	34
13972.6	47
13972.7	59
13972.8	45
13972.9	45
13973	55
13973	31
13973.1	31
13973.2	28
13973.3	40
13973.4	39
13973.5	35
13973.6	15
13973.7	34
13973.8	48
13973.8	39
13973.9	39
13974	37
13974.1	47
13974.2	54
13974.3	53
13974.4	23
13974.5	46
13974.6	35
13974.7	59
13974.7	16
13974.8	37
13974.9	39
13975	29
13975.1	33
13975.2	40
13975.3	44
13975.4	19
13975.5	36
13975.5	32
13975.6	42
13975.7	44
13975.8	35
13975.9	38
13976	42
13976.1	39
13976.2	38
13976.3	39
13976.3	23
13976.4	27
13976.5	33
13976.6	47
13976.7	37
13976.8	25
13976.9	27
13977	26
13977.1	43
13977.1	40
13977.2	38
13977.3	37
13977.4	27
13977.5	19
13977.6	34
13977.7	27
13977.8	52
13977.9	51
13977.9	29
13978	47
13978.1	27
13978.2	50
13978.3	35
13978.4	18
13978.5	41
13978.6	43
13978.7	33
13978.7	23
13978.8	23
13978.9	48
13979	37
13979.1	28
13979.2	35
13979.3	33
13979.4	16
13979.5	30
13979.5	24
13979.6	35
13979.7	44
13979.8	54
13979.9	41
13980	36
13980.1	39
13980.2	52
13980.3	43
13980.3	18
13980.4	68
13980.5	35
13980.6	32
13980.7	41
13980.8	19
13980.9	34
13981	37
13981.1	36
13981.1	40
13981.2	43
13981.3	27
13981.4	38
13981.5	46
13981.6	44
13981.7	33
13981.8	41
13981.8	29
13981.9	47
13982	38
13982.1	42
13982.2	36
13982.3	22
13982.4	43
13982.5	39
13982.6	37
13982.6	38
13982.7	27
13982.8	33
13982.9	31
13983	40
13983.1	41
13983.2	45
13983.3	28
13983.4	37
13983.4	42
13983.5	36
13983.6	20
13983.7	44
13983.8	46
13983.9	37
13984	48
13984.1	40
13984.2	36
13984.2	31
13984.3	42
13984.4	36
13984.5	40
13984.6	18
13984.7	35
13984.8	35
13984.9	38
13984.9	28
13985	27
13985.1	33
13985.2	39
13985.3	35
13985.4	40
13985.5	43
13985.6	22
13985.7	41
13985.7	13
13985.8	46
13985.9	31
13986	29
13986.1	26
13986.2	44
13986.3	41
13986.4	35
13986.4	28
13986.5	27
13986.6	44
13986.7	28
13986.8	31
13986.9	36
13987	27
13987.1	44
13987.2	40
13987.2	47
13987.3	38
13987.4	35
13987.5	38
13987.6	10
13987.7	29
13987.8	35
13987.9	29
13987.9	39
13988	59
13988.1	36
13988.2	31.0146
13988.3	25.9612
13988.4	46.7379
13988.5	52.2009
13988.6	27.5153
13988.7	18.3995
13988.7	40.8465
13988.8	40.8989
13988.9	16.4256
13989	38.7589
13989.1	30.6999
13989.2	33.5953
13989.3	23.1338
13989.4	36.0221
13989.4	33.8803
13989.5	26.7892
13989.6	26.4649
13989.7	52.1784
13989.8	30.3835
13989.9	21.3453
13990	41.0072
13990.1	44.8442
13990.2	27.2184
13990.2	40.7038
13990.3	41.8323
13990.4	32.4722
13990.5	28.1188
13990.6	7.00168
13990.7	36.6381
13990.8	50.6989
13990.9	34.2118
13990.9	29.6284
13991	20.665
13991.1	28.0367
13991.2	38.6753
13991.3	43.2476
13991.4	30.9862
13991.5	16.6242
13991.6	5.31462
13991.6	43.3084
13991.7	41.4912
13991.8	34.2492
13991.9	29.9689
13992	31.5097
13992.1	33.5165
13992.2	37.3534
13992.3	26.3908
13992.3	26.3516
13992.4	28.2903
13992.5	18.6604
13992.6	39.9255
13992.7	29.1887
13992.8	34.5382
13992.9	31.1071
13993	31.1666
13993.1	32.072
13993.1	35.7216
13993.2	25.4695
13993.3	32.5985
13993.4	30.6674
13993.5	22.8253
13993.6	32.5274
13993.7	28.2913
13993.8	28.2925
13993.8	27.5814
13993.9	28.8011
13994	36.6471
13994.1	26.7857
13994.2	29.444
13994.3	37.8966
13994.4	29.239
13994.5	34.6635
13994.5	28.4137
13994.6	32.3112
13994.7	21.4988
13994.8	24.4372
13994.9	27.8927
13995	27.062
13995.1	33.3528
13995.2	33.8204
13995.2	25.8628
13995.3	19.1839
13995.4	16.6561
13995.5	17.7598
13995.6	29.0399
13995.7	25.9369
13995.8	24.5982
13995.9	23.472
13995.9	17.1944
13996	24.8564
13996.1	25.7803
13996.2	34.2277
13996.3	23.6761
13996.4	20.7894
13996.5	28.1599
13996.6	28.8544
13996.6	30.7601
13996.7	36.378
13996.8	13.8536
13996.9	10.9094
13997	23.761
13997.1	35.5473
13997.2	29.8679
13997.3	28
13997.3	18
13997.4	11
13997.5	28
13997.6	25
13997.7	28
13997.8	33
13997.9	11
13998	24
13998.1	34
13998.1	42
13998.2	26
13998.3	39
13998.4	22
13998.5	29
13998.6	29
13998.7	37
13998.8	27
13998.9	15
13998.9	24
13999	26
13999.1	24
13999.2	33
13999.3	41
13999.4	18
13999.5	23
13999.6	20
13999.7	48
13999.7	30
13999.8	37
13999.9	23
14000	28
14000.1	18
14000.2	41
14000.3	26
14000.4	27
14000.5	44
14000.5	33
14000.6	40
14000.7	13
14000.8	5
14000.9	42
14001	38
14001.1	40
14001.2	26
14001.3	40
14001.3	33
14001.4	25
14001.5	42
14001.6	49
14001.7	42
14001.8	6
14001.9	40
14002	37
14002.1	36
14002.1	13
14002.2	45
14002.3	42
14002.4	50
14002.5	24
14002.6	36
14002.7	30
14002.8	27
14002.8	33
14002.9	32
14003	38
14003.1	39
14003.2	33
14003.3	42
14003.4	44
14003.5	45
14003.6	47
14003.6	36
14003.7	23
14003.8	30
14003.9	32
14004	41
14004.1	30
14004.2	35
14004.3	37
14004.4	40
14004.4	46
14004.5	45
14004.6	19
14004.7	36
14004.8	38
14004.9	33
14005	46
14005.1	33
14005.2	30
14005.2	43
14005.3	32
14005.4	43
14005.5	50
14005.6	43
14005.7	29
14005.8	42
14005.9	43
14005.9	33
14006	7
14006.1	20
14006.2	35
14006.3	21
14006.4	42
14006.5	47
14006.6	24
14006.7	33
14006.7	44
14006.8	37
14006.9	41
14007	44
14007.1	20
14007.2	46
14007.3	34
14007.4	34
14007.4	38
14007.5	52
14007.6	41
14007.7	43
14007.8	43
14007.9	35
14008	26
14008.1	12
14008.2	29
14008.2	45
14008.3	37
14008.4	43
14008.5	34
14008.6	28
14008.7	44
14008.8	34
14008.9	43
14008.9	39
14009	34
14009.1	28
14009.2	29
14009.3	41
14009.4	31
14009.5	33
14009.6	40
14009.7	34
14009.7	40
14009.8	41
14009.9	38
14010	12
14010.1	45
14010.2	44
14010.3	34
14010.4	29
14010.4	44
14010.5	22
14010.6	12
14010.7	23
14010.8	48
14010.9	40
14011	27
14011.1	48
14011.1	65
14011.2	44
14011.3	48
14011.4	31
14011.5	46
14011.6	34
14011.7	34
14011.8	46
14011.9	39
14011.9	31
14012	35
14012.1	25
14012.2	41
14012.3	39
14012.4	47
14012.5	47
14012.6	26
14012.6	36
14012.7	37
14012.8	43
14012.9	23
14013	47
14013.1	58
14013.2	48
14013.3	35
14013.3	33
14013.4	57
14013.5	29
14013.6	38
14013.7	31
14013.8	26
14013.9	38
14014	58
14014.1	53
14014.1	57
14014.2	27
14014.3	25
14014.4	49
14014.5	46
14014.6	44
14014.7	49
14014.8	22
14014.8	28
14014.9	45
14015	34
14015.1	44
14015.2	27
14015.3	40
14015.4	62
14015.5	53
14015.5	48
14015.6	49
14015.7	40
14015.8	23
14015.9	50
14016	40
14016.1	52
14016.2	38
14016.2	31
14016.3	43
14016.4	42
14016.5	50
14016.6	55
14016.7	43
14016.8	31
14016.9	51
14016.9	35
14017	39
14017.1	25
14017.2	45
14017.3	57
14017.4	65
14017.5	43
14017.6	44
14017.6	42
14017.7	28
14017.8	28
14017.9	39
14018	41
14018.1	43
14018.2	16
14018.3	40
14018.3	35
14018.4	42
14018.5	47
14018.6	30
14018.7	46
14018.8	39
14018.9	55
14019	63
14019	21
14019.1	41
14019.2	57
14019.3	43
14019.4	45
14019.5	46
14019.6	24
14019.7	52
14019.7	51
14019.8	34
14019.9	55
14020	36
14020.1	36
14020.2	47
14020.3	47
14020.4	53
14020.4	36
14020.5	42
14020.6	51
14020.7	55
14020.8	34
14020.9	38
14021	41
14021.1	25
14021.1	41
14021.2	45
14021.3	59
14021.4	36
14021.5	40
14021.6	42
14021.7	42
14021.8	37
14021.8	40
14021.9	44
14022	17
14022.1	31
14022.2	56
14022.3	58
14022.4	44
14022.5	38
14022.5	49
14022.6	28
14022.7	35
14022.8	42
14022.9	53
14023	52
14023.1	48
14023.2	51
14023.2	37
14023.3	30
14023.4	54
14023.5	30
14023.6	45
14023.7	42
14023.8	37
14023.8	49
14023.9	31
14024	44
14024.1	43
14024.2	64
14024.3	24
14024.4	45
14024.5	32
14024.5	43
14024.6	34
14024.7	44
14024.8	46
14024.9	36
14025	49
14025.1	45
14025.2	46
14025.2	37
14025.3	34
14025.4	36
14025.5	52
14025.6	39
14025.7	52
14025.8	27
14025.9	10
14025.9	54
14026	41
14026.1	56
14026.2	31
14026.3	37
14026.4	43
14026.5	48
14026.5	48
14026.6	43
14026.7	30
14026.8	25
14026.9	42
14027	44
14027.1	53
14027.2	43
14027.2	32
14027.3	33
14027.4	46
14027.5	26
14027.6	55
14027.7	44
14027.8	38
14027.9	53
14027.9	37
14028	49
14028.1	38
14028.2	35
14028.3	20
14028.4	40
14028.5	46
14028.5	43
14028.6	29
14028.7	38
14028.8	46
14028.9	29
14029	51
14029.1	54
14029.2	23
14029.2	39
14029.3	58
14029.4	41
14029.5	49
14029.6	33
14029.7	35
14029.8	49
14029.8	38
14029.9	28
14030	40
14030.1	25
14030.2	66
14030.3	49
14030.4	34
14030.5	28
14030.5	30
14030.6	39
14030.7	46
14030.8	39
14030.9	38
14031	51
14031.1	17
14031.1	35
14031.2	43
14031.3	29
14031.4	49
14031.5	40
14031.6	37
14031.7	47
14031.8	48
14031.8	48
14031.9	50
14032	44
14032.1	41
14032.2	42
14032.3	52
14032.4	49
14032.4	52
14032.5	46
14032.6	49
14032.7	58
14032.8	54
14032.9	38
14033	33
14033.1	30
14033.1	59
14033.2	35
14033.3	57
14033.4	52
14033.5	27
14033.6	29
14033.7	55
14033.7	42
14033.8	54
14033.9	19
14034	50
14034.1	39
14034.2	47
14034.3	35
14034.3	41
14034.4	37
14034.5	39
14034.6	37
14034.7	59
14034.8	32
14034.9	32
14035	31
14035	50
14035.1	61
14035.2	28
14035.3	40
14035.4	43
14035.5	59
14035.6	56
14035.6	62
14035.7	28
14035.8	43
14035.9	47
14036	38
14036.1	39
14036.2	46
14036.2	33
14036.3	37
14036.4	51
14036.5	27
14036.6	25
14036.7	36
14036.8	46
14036.9	47
14036.9	45
14037	50
14037.1	28
14037.2	45
14037.3	53
14037.4	52
14037.5	43
14037.5	42
14037.6	56
14037.7	44
14037.8	30
14037.9	45
14038	55
14038.1	38
14038.1	32
14038.2	49
14038.3	42
14038.4	37
14038.5	39
14038.6	48
14038.7	46
14038.7	25
14038.8	38
14038.9	31
14039	28
14039.1	31
14039.2	24
14039.3	39
14039.4	45
14039.4	40
14039.5	43
14039.6	44
14039.7	35
14039.8	38
14039.9	52
14040	39
14040	18
14040.1	49
14040.2	39
14040.3	38
14040.4	37
14040.5	37
14040.6	40
14040.6	41
14040.7	41
14040.8	46
14040.9	26
14041	34
14041.1	56
14041.2	40
14041.2	45
14041.3	39
14041.4	47
14041.5	38
14041.6	52
14041.7	50
14041.8	39
14041.8	31
14041.9	31
14042	30
14042.1	55
14042.2	31
14042.3	31
14042.4	49
14042.4	53
14042.5	47
14042.6	43
14042.7	41
14042.8	32
14042.9	28
14043	37
14043	53
14043.1	64
14043.2	32
14043.3	36
14043.4	36
14043.5	52
14043.6	46
14043.6	42
14043.7	56
14043.8	34
14043.9	30
14044	27
14044.1	47
14044.2	38
14044.2	41
14044.3	33
14044.4	55
14044.5	17
14044.6	35
14044.7	48
14044.8	44
14044.8	51
14044.9	30
14045	23
14045.1	46
14045.2	42
14045.3	31
14045.4	35
14045.4	37
14045.5	41
14045.6	51
14045.7	51
14045.8	43
14045.9	32
14046	46
14046	43
14046.1	17
14046.2	45
14046.3	42
14046.4	23
14046.5	37
14046.6	28
14046.6	50
14046.7	47
14046.8	57
14046.9	36
14047	38
14047.1	27
14047.2	15
14047.2	34
14047.3	52
14047.4	41
14047.5	39
14047.6	21
14047.7	53
14047.8	40
14047.8	42
14047.9	39
14048	18
14048.1	56
14048.2	42
14048.3	49
14048.4	39
14048.4	33
14048.5	30
14048.6	45
14048.7	38
14048.8	53
14048.9	26
14049	13
14049	24
14049.1	35
14049.2	28
14049.3	45
14049.4	38
14049.5	46
14049.6	51
14049.6	44
14049.7	40
14049.8	41
14049.9	21
14050	41
14050.1	42
14050.1	44
14050.2	56
14050.3	32
14050.4	32
14050.5	21
14050.6	44
14050.7	44
14050.7	40
14050.8	28
14050.9	38
14051	46
14051.1	34
14051.2	42
14051.3	42
14051.3	33
14051.4	37
14051.5	33
14051.6	33
14051.7	37
14051.8	22
14051.9	46
14051.9	68
14052	50
14052.1	38
14052.2	41
14052.3	47
14052.4	30
14052.5	51
14052.5	47
14052.6	38
14052.7	39
14052.8	37
14052.9	41
14053	37
14053	35
14053.1	31
14053.2	60
14053.3	40
14053.4	52
14053.5	35
14053.6	27
14053.6	32
14053.7	32
14053.8	38
14053.9	63
14054	43
14054.1	26
14054.2	34
14054.2	27
14054.3	41
14054.4	35
14054.5	35
14054.6	47
14054.7	49
14054.7	36
14054.8	45
14054.9	37
14055	29
14055.1	54
14055.2	24
14055.3	44
14055.3	48
14055.4	48
14055.5	31
14055.6	28
14055.7	30
14055.8	68
14055.9	36
14055.9	27
14056	26
14056.1	35
14056.2	32
14056.3	38
14056.4	47
14056.4	33
14056.5	29
14056.6	40
14056.7	41
14056.8	35
14056.9	26
14057	24
14057	38
14057.1	42
14057.2	49
14057.3	39
14057.4	36
14057.5	27
14057.5	53
14057.6	36
14057.7	15
14057.8	38
14057.9	37
14058	32
14058.1	32
14058.1	23
14058.2	31
14058.3	62
14058.4	40
14058.5	52
14058.6	35
14058.7	29
14058.7	29
14058.8	38
14058.9	46
14059	31
14059.1	38
14059.2	54
14059.2	41
14059.3	37
14059.4	53
14059.5	35
14059.6	47
14059.7	36
14059.8	34
14059.8	28
14059.9	45
14060	29
14060.1	12
14060.2	29
14060.3	52
14060.3	36
14060.4	46
14060.5	42
14060.6	22
14060.7	34
14060.8	52
14060.9	45
14060.9	19
14061	27
14061.1	29
14061.2	36
14061.3	40
14061.4	41
14061.4	33
14061.5	18
14061.6	42
14061.7	60
14061.8	46
14061.9	32
14062	23
14062	39
14062.1	42
14062.2	27
14062.3	24
14062.4	33
14062.5	13
14062.5	67
14062.6	41
14062.7	36
14062.8	34
14062.9	24
14063	51
14063	40
14063.1	36
14063.2	27
14063.3	38
14063.4	45
14063.5	56
14063.6	38
14063.6	39
14063.7	33
14063.8	20
14063.9	38
14064	53
14064.1	31
14064.1	40
14064.2	4
14064.3	49
14064.4	40
14064.5	39
14064.6	46
14064.7	54
14064.7	6
14064.8	40
14064.9	45
14065	31
14065.1	43
14065.2	41
14065.2	18
14065.3	40
14065.4	47
14065.5	49
14065.6	46
14065.7	37
14065.7	46
14065.8	43
14065.9	36
14066	37
14066.1	42
14066.2	21
14066.3	35
14066.3	28
14066.4	52
14066.5	17
14066.6	42
14066.7	49
14066.8	40
14066.8	30
14066.9	40
14067	27
14067.1	30
14067.2	36
14067.3	33
14067.3	36
14067.4	21
14067.5	25
14067.6	36
14067.7	26
14067.8	34
14067.9	24
14067.9	30
14068	30
14068.1	36.9063
14068.2	48.9347
14068.3	30.0683
14068.4	36.0453
14068.4	16.8261
14068.5	21.8952
14068.6	37.2722
14068.7	45.0671
14068.8	35.975
14068.9	46.144
14068.9	44.5769
14069	44.3884
14069.1	51.1634
14069.2	20.351
14069.3	33.1211
14069.4	37.5039
14069.4	34.9515
14069.5	30.3141
14069.6	33.1696
14069.7	39.58
14069.8	22.4212
14069.9	26.8617
14070	27.3326
14070	29.1388
14070.1	22.4853
14070.2	26.8446
14070.3	30.8715
14070.4	39.2509
14070.5	38.1038
14070.5	36.2899
14070.6	18.0978
14070.7	33.6836
14070.8	46.9793
14070.9	39.8654
14071	30.4439
14071	32.6608
14071.1	30.3532
14071.2	24.3912
14071.3	30.8944
14071.4	33.2514
14071.5	42.0651
14071.5	24.1406
14071.6	23.8783
14071.7	36.5899
14071.8	35.7684
14071.9	28.4391
14072	26.1871
14072	35.7919
14072.1	20.9246
14072.2	33.3929
14072.3	30.0329
14072.4	33.4396
14072.5	18.145
14072.6	25.0975
14072.6	32.1775
14072.7	33.743
14072.8	41.7612
14072.9	39.7358
14073	34.6465
14073.1	26.5936
14073.1	30.1384
14073.2	32.0639
14073.3	32.243
14073.4	30.3731
14073.5	23.7411
14073.6	28.0489
14073.6	28.0258
14073.7	28.3949
14073.8	28.4066
14073.9	19.7309
14074	23.1945
14074.1	37.3714
14074.1	44.1526
14074.2	34.208
14074.3	27.2981
14074.4	37.8171
14074.5	29.9997
14074.6	34.6323
14074.6	42.1635
14074.7	28.7457
14074.8	22.4551
14074.9	27.6233
14075	29.4698
14075.1	36.2557
14075.1	32.8165
14075.2	35.9305
14075.3	28.1642
14075.4	30.2846
14075.5	28.9375
14075.6	19.924
14075.6	30.7713
14075.7	18.1859
14075.8	20.333
14075.9	31.2752
14076	37.4731
14076.1	29.6426
14076.1	23.6156
14076.2	27.2755
14076.3	33.0714
14076.4	31.1968
14076.5	39.4755
14076.6	38.4069
14076.6	15.4843
14076.7	11.5655
14076.8	21
14076.9	38
14076.9	16
14077	21
14077.1	32
14077.2	32
14077.3	41
14077.4	28
14077.5	28
14077.5	28
14077.6	16
14077.7	22
14077.8	30
14077.9	36
14078	32
14078	28
14078.1	31
14078.2	33
14078.3	44
14078.4	52
14078.5	38
14078.6	19
14078.6	46
14078.7	30
14078.8	22
14078.9	23
14079	37
14079.1	55
14079.1	35
14079.2	35
14079.3	27
14079.4	38
14079.5	35
14079.6	41
14079.7	17
14079.7	27
14079.8	13
14079.9	29
14080	36
14080.1	42
14080.2	47
14080.2	24
14080.3	32
14080.4	32
14080.5	29
14080.6	35
14080.7	30
14080.8	26
14080.8	24
14080.9	26
14081	43
14081.1	25
14081.2	19
14081.3	22
14081.3	35
14081.4	17
14081.5	32
14081.6	39
14081.7	47
14081.8	35
14081.9	28
14081.9	32
14082	41
14082.1	43
14082.2	41
14082.3	36
14082.4	42
14082.4	48
14082.5	37
14082.6	44
14082.7	8
14082.8	19
14082.9	38
14083	54
14083	46
14083.1	34
14083.2	41
14083.3	45
14083.4	33
14083.5	55
14083.5	41
14083.6	32
14083.7	36
14083.8	40
14083.9	37
14084	28
14084	22
14084.1	42
14084.2	34
14084.3	42
14084.4	34
14084.5	45
14084.6	11
14084.6	33
14084.7	33
14084.8	33
14084.9	22
14085	31
14085.1	56
14085.1	40
14085.2	48
14085.3	37
14085.4	47
14085.5	30
14085.6	36
14085.7	70
14085.7	46
14085.8	95
14085.9	57
14086	44
14086.1	37
14086.2	59
14086.2	51
14086.3	36
14086.4	18
14086.5	32
14086.6	59
14086.7	37
14086.7	36
14086.8	25
14086.9	42
14087	45
14087.1	44
14087.2	46
14087.3	40
14087.3	17
14087.4	50
14087.5	46
14087.6	47
14087.7	32
14087.8	16
14087.8	41
14087.9	41
14088	41
14088.1	48
14088.2	34
14088.3	50
14088.3	52
14088.4	24
14088.5	44
14088.6	11
14088.7	29
14088.8	36
14088.8	46
14088.9	50
14089	47
14089.1	34
14089.2	38
14089.3	51
14089.4	33
14089.4	57
14089.5	65
14089.6	53
14089.7	57
14089.8	42
14089.9	42
14089.9	34
14090	36
14090.1	40
14090.2	35
14090.3	41
14090.4	57
14090.4	44
14090.5	38
14090.6	51
14090.7	54
14090.8	44
14090.9	44
14090.9	35
14091	31
14091.1	47
14091.2	36
14091.3	48
14091.4	57
14091.5	39
14091.5	39
14091.6	48
14091.7	52
14091.8	36
14091.9	37
14092	33
14092	38
14092.1	58
14092.2	46
14092.3	32
14092.4	28
14092.5	41
14092.5	37
14092.6	45
14092.7	56
14092.8	46
14092.9	32
14093	52
14093	52
14093.1	48
14093.2	33
14093.3	32
14093.4	48
14093.5	38
14093.5	36
14093.6	48
14093.7	46
14093.8	46
14093.9	61
14094	28
14094	32
14094.1	45
14094.2	33
14094.3	44
14094.4	42
14094.5	34
14094.6	38
14094.6	48
14094.7	38
14094.8	39
14094.9	49
14095	39
14095.1	34
14095.1	31
14095.2	35
14095.3	56
14095.4	47
14095.5	47
14095.6	51
14095.6	45
14095.7	30
14095.8	45
14095.9	37
14096	23
14096.1	30
14096.1	39
14096.2	56
14096.3	48
14096.4	33
14096.5	40
14096.6	47
14096.6	42
14096.7	50
14096.8	50
14096.9	42
14097	29
14097.1	55
14097.1	53
14097.2	51
14097.3	47
14097.4	36
14097.5	25
14097.6	34
14097.6	41
14097.7	47
14097.8	42
14097.9	16
14098	37
14098.1	52
14098.1	61
14098.2	37
14098.3	50
14098.4	28
14098.5	32
14098.6	52
14098.6	50
14098.7	47
14098.8	36
14098.9	34
14099	64
14099.1	37
14099.1	47
14099.2	26
14099.3	41
14099.4	50
14099.5	46
14099.6	45
14099.6	43
14099.7	38
14099.8	41
14099.9	53
14100	62
14100.1	43
14100.1	41
14100.2	46
14100.3	46
14100.4	65
14100.5	49
14100.6	40
14100.6	51
14100.7	39
14100.8	48
14100.9	50
14101	38
14101.1	17
14101.1	15
14101.2	38
14101.3	39
14101.4	55
14101.5	34
14101.6	47
14101.6	39
14101.7	29
14101.8	35
14101.9	49
14102	43
14102.1	43
14102.1	38
14102.2	31
14102.3	36
14102.4	29
14102.5	37
14102.6	41
14102.6	43
14102.7	42
14102.8	54
14102.9	18
14103	42
14103.1	39
14103.1	41
14103.2	31
14103.3	27
14103.4	43
14103.5	35
14103.6	48
14103.6	47
14103.7	41
14103.8	25
14103.9	55
14104	48
14104.1	55
14104.1	52
14104.2	44
14104.3	33
14104.4	54
14104.5	37
14104.5	24
14104.6	36
14104.7	26
14104.8	43
14104.9	50
14105	44
14105	54
14105.1	47
14105.2	41
14105.3	23
14105.4	36
14105.5	43
14105.5	57
14105.6	30
14105.7	39
14105.8	42
14105.9	41
14106	40
14106	39
14106.1	29
14106.2	45
14106.3	54
14106.4	46
14106.5	45
14106.5	20
14106.6	52
14106.7	33
14106.8	53
14106.9	50
14107	34
14107	50
14107.1	50
14107.2	44
14107.3	53
14107.4	57
14107.4	45
14107.5	51
14107.6	68
14107.7	52
14107.8	24
14107.9	66
14107.9	43
14108	46
14108.1	46
14108.2	52
14108.3	35
14108.4	17
14108.4	61
14108.5	35
14108.6	42
14108.7	25
14108.8	44
14108.9	32
14108.9	51
14109	57
14109.1	28
14109.2	44
14109.3	66
14109.4	45
14109.4	46
14109.5	62
14109.6	44
14109.7	17
14109.8	36
14109.8	41
14109.9	47
14110	40
14110.1	42
14110.2	44
14110.3	54
14110.3	47
14110.4	40
14110.5	43
14110.6	16
14110.7	53
14110.8	45
14110.8	34
14110.9	47
14111	44
14111.1	32
14111.2	50
14111.3	33
14111.3	71
14111.4	38
14111.5	36
14111.6	41
14111.7	54
14111.7	53
14111.8	47
14111.9	44
14112	44
14112.1	29
14112.2	46
14112.2	63
14112.3	70
14112.4	36
14112.5	34
14112.6	53
14112.7	37
14112.7	49
14112.8	46
14112.9	49
14113	38
14113.1	46
14113.1	44
14113.2	43
14113.3	26
14113.4	33
14113.5	31
14113.6	58
14113.6	53
14113.7	33
14113.8	38
14113.9	37
14114	49
14114.1	44
14114.1	48
14114.2	45
14114.3	54
14114.4	40
14114.5	42
14114.5	24
14114.6	36
14114.7	35
14114.8	60
14114.9	55
14115	42
14115	34
14115.1	35
14115.2	50
14115.3	55
14115.4	63
14115.5	39
14115.5	53
14115.6	39
14115.7	43
14115.8	51
14115.9	25
14115.9	54
14116	27
14116.1	53
14116.2	43
14116.3	48
14116.4	41
14116.4	47
14116.5	46
14116.6	47
14116.7	44
14116.8	30
14116.8	41
14116.9	47
14117	39
14117.1	62
14117.2	55
14117.3	42
14117.3	41
14117.4	31
14117.5	51
14117.6	45
14117.7	57
14117.8	42
14117.8	55
14117.9	51
14118	38
14118.1	32
14118.2	39
14118.2	43
14118.3	53
14118.4	45
14118.5	40
14118.6	43
14118.7	29
14118.7	56
14118.8	38
14118.9	24
14119	51
14119.1	54
14119.1	40
14119.2	35
14119.3	42
14119.4	43
14119.5	41
14119.6	46
14119.6	49
14119.7	49
14119.8	51
14119.9	40
14120	47
14120	22
14120.1	34
14120.2	41
14120.3	32
14120.4	33
14120.5	35
14120.5	31
14120.6	50
14120.7	42
14120.8	48
14120.9	35
14120.9	31
14121	51
14121.1	39
14121.2	32
14121.3	37
14121.4	43
14121.4	45
14121.5	51
14121.6	54
14121.7	42
14121.8	29
14121.8	30
14121.9	41
14122	29
14122.1	49
14122.2	44
14122.3	41
14122.3	40
14122.4	28
14122.5	42
14122.6	32
14122.7	38
14122.7	26
14122.8	32
14122.9	55
14123	48
14123.1	33
14123.2	43
14123.2	46
14123.3	41
14123.4	30
14123.5	60
14123.6	37
14123.6	19
14123.7	48
14123.8	31
14123.9	48
14124	34
14124.1	47
14124.1	46
14124.2	19
14124.3	32
14124.4	51
14124.5	33
14124.5	39
14124.6	39
14124.7	38
14124.8	45
14124.9	30
14125	39
14125	41
14125.1	43
14125.2	54
14125.3	61
14125.4	51
14125.4	30
14125.5	47
14125.6	37
14125.7	60
14125.8	29
14125.8	19
14125.9	41
14126	46
14126.1	32
14126.2	38
14126.3	41
14126.3	40
14126.4	35
14126.5	36
14126.6	53
14126.7	26
14126.7	18
14126.8	35
14126.9	50
14127	54
14127.1	31
14127.1	47
14127.2	31
14127.3	33
14127.4	25
14127.5	49
14127.6	29
14127.6	21
14127.7	30
14127.8	40
14127.9	48
14128	36
14128	36
14128.1	47
14128.2	54
14128.3	38
14128.4	46
14128.5	34
14128.5	25
14128.6	49
14128.7	39
14128.8	31
14128.9	31
14128.9	54
14129	42
14129.1	29
14129.2	41
14129.3	41
14129.3	19
14129.4	11
14129.5	32
14129.6	50
14129.7	42
14129.8	21
14129.8	35
14129.9	48
14130	53
14130.1	49
14130.2	58
14130.2	23
14130.3	28
14130.4	48
14130.5	38
14130.6	41
14130.6	33
14130.7	46
14130.8	38
14130.9	41
14131	40
14131.1	64
14131.1	37
14131.2	33
14131.3	46
14131.4	46
14131.5	26
14131.5	42
14131.6	42
14131.7	49
14131.8	31
14131.9	37
14131.9	37
14132	41
14132.1	34
14132.2	53
14132.3	54
14132.3	30
14132.4	42
14132.5	31
14132.6	40
14132.7	35
14132.8	45
14132.8	29
14132.9	35
14133	18
14133.1	37
14133.2	40
14133.2	40
14133.3	27
14133.4	11
14133.5	32
14133.6	34
14133.6	32
14133.7	39
14133.8	37
14133.9	32
14134	51
14134	40
14134.1	39
14134.2	28
14134.3	10
14134.4	25
14134.5	46
14134.5	37
14134.6	34
14134.7	31
14134.8	44
14134.9	31
14134.9	28
14135	41
14135.1	49
14135.2	32
14135.3	31
14135.3	50
14135.4	32
14135.5	56
14135.6	20
14135.7	47
14135.7	55
14135.8	50
14135.9	52
14136	24
14136.1	5
14136.2	49
14136.2	41
14136.3	36
14136.4	52
14136.5	46
14136.6	46
14136.6	50
14136.7	24
14136.8	34
14136.9	33
14137	15
14137	57
14137.1	36
14137.2	35
14137.3	52
14137.4	29
14137.4	44
14137.5	36
14137.6	41
14137.7	48
14137.8	32
14137.8	16
14137.9	38
14138	42
14138.1	34
14138.2	30
14138.2	36
14138.3	33
14138.4	33
14138.5	45
14138.6	55
14138.7	44
14138.7	32
14138.8	48
14138.9	50
14139	47
14139.1	54
14139.1	22
14139.2	40
14139.3	31
14139.4	31
14139.5	63
14139.5	23
14139.6	22
14139.7	37
14139.8	33
14139.9	61
14139.9	27
14140	41
14140.1	40
14140.2	32
14140.3	30
14140.3	53
14140.4	46
14140.5	30
14140.6	44
14140.7	29
14140.7	52
14140.8	29
14140.9	35
14141	32
14141.1	42
14141.1	30
14141.2	52
14141.3	27
14141.4	42
14141.5	29
14141.6	41
14141.6	28
14141.7	33
14141.8	23
14141.9	30
14142	20
14142	32
14142.1	30
14142.2	45
14142.3	43
14142.4	54
14142.4	48
14142.5	45
14142.6	38
14142.7	37
14142.8	43
14142.8	44
14142.9	34
14143	39
14143.1	42
14143.2	43
14143.2	30
14143.3	37
14143.4	37
14143.5	27
14143.6	17
14143.6	29
14143.7	26
14143.8	48
14143.9	39
14144	42
14144	52
14144.1	59
14144.2	38
14144.3	41
14144.4	19
14144.4	26
14144.5	21.0212
14144.6	28.8761
14144.7	39.4505
14144.8	35.114
14144.8	32.7105
14144.9	41.2436
14145	36.8167
14145.1	37.1382
14145.2	25.2443
14145.2	18.8829
14145.3	20.3448
14145.4	34.427
14145.5	34.6864
14145.6	28.409
14145.6	34.9901
14145.7	38.5139
14145.8	43.9117
14145.9	50.3684
14146	33.1943
14146	51.5623
14146.1	49.8341
14146.2	33.5099
14146.3	43.7303
14146.4	44.6873
14146.4	35.3034
14146.5	44.7258
14146.6	30.2129
14146.7	47.3489
14146.8	37.5157
14146.8	27.2356
14146.9	38.5449
14147	25.4065
14147.1	41.1621
14147.2	34.079
14147.2	31.9235
14147.3	27.4578
14147.4	18.9249
14147.5	29.5685
14147.6	13.5266
14147.6	33.1017
14147.7	38.6667
14147.8	35.9559
14147.9	37.1654
14148	32.5576
14148	41.4633
14148.1	31.9769
14148.2	34.6307
14148.3	37.8788
14148.4	32.4552
14148.4	41.2704
14148.5	39.9032
14148.6	35.8812
14148.7	34.7806
14148.8	31.994
14148.8	29.108
14148.9	47.0398
14149	26.3683
14149.1	26.8151
14149.2	26.527
14149.2	36.2593
14149.3	32.9674
14149.4	32.5929
14149.5	27.9989
14149.6	31.2011
14149.6	31.223
14149.7	32.6992
14149.8	37.22
14149.9	33.1458
14150	26.8421
14150	38.6725
14150.1	33.6856
14150.2	30.2066
14150.3	22.2193
14150.4	13.0743
14150.4	27.8787
14150.5	26.0196
14150.6	32.423
14150.7	43.9851
14150.8	20.4647
14150.8	36.5815
14150.9	30.3137
14151	30.1894
14151.1	37.6798
14151.2	42.5872
14151.2	8.91827
14151.3	30.1993
14151.4	21.4578
14151.5	19.8018
14151.6	27.793
14151.6	31.5469
14151.7	34.5077
14151.8	40.8356
14151.9	42.3598
14152	25.9771
14152	22.3342
14152.1	26.8844
14152.2	23.721
14152.3	29.6814
14152.4	33.9333
14152.4	30.5087
14152.5	32.8679
14152.6	36
14152.6	34
14152.7	34
14152.8	28
14152.9	30
14153	28
14153	29
14153.1	9
14153.2	30
14153.3	23
14153.4	28
14153.4	30
14153.5	26
14153.6	35
14153.7	41
14153.8	42
14153.8	25
14153.9	15
14154	-1
14154.1	16
14154.2	31
14154.3	38
14154.3	19
14154.4	57
14154.5	24
14154.6	43
14154.7	43
14154.7	33
14154.8	18
14154.9	28
14155	21
14155.1	37
14155.1	38
14155.2	55
14155.3	26
14155.4	24
14155.5	56
14155.5	43
14155.6	37
14155.7	21
14155.8	18
14155.9	42
14155.9	31
14156	38
14156.1	52
14156.2	33
14156.3	25
14156.4	35
14156.4	45
14156.5	42
14156.6	62
14156.7	16
14156.8	51
14156.8	40
14156.9	29
14157	57
14157.1	24
14157.2	37
14157.2	44
14157.3	42
14157.4	38
14157.5	26
14157.6	22
14157.6	32
14157.7	33
14157.8	51
14157.9	41
14158	45
14158	24
14158.1	40
14158.2	43
14158.3	44
14158.4	26
14158.5	34
14158.5	46
14158.6	21
14158.7	34
14158.8	33
14158.9	23
14158.9	51
14159	26
14159.1	25
14159.2	36
14159.3	37
14159.3	31
14159.4	45
14159.5	44
14159.6	50
14159.7	50
14159.7	27
14159.8	44
14159.9	34
14160	37
14160.1	39
14160.1	17
14160.2	46
14160.3	49
14160.4	32
14160.5	43
14160.5	28
14160.6	29
14160.7	46
14160.8	40
14160.9	37
14160.9	40
14161	44
14161.1	37
14161.2	46
14161.3	46
14161.3	22
14161.4	24
14161.5	24
14161.6	69
14161.7	47
14161.8	25
14161.8	36
14161.9	40
14162	28
14162.1	29
14162.2	54
14162.2	58
14162.3	34
14162.4	30
14162.5	26
14162.6	27
14162.6	43
14162.7	45
14162.8	23
14162.9	47
14163	37
14163	41
14163.1	44
14163.2	37
14163.3	49
14163.4	44
14163.4	36
14163.5	46
14163.6	38
14163.7	60
14163.8	26
14163.8	30
14163.9	49
14164	61
14164.1	44
14164.2	27
14164.2	35
14164.3	38
14164.4	66
14164.5	36
14164.6	63
14164.6	27
14164.7	51
14164.8	33
14164.9	32
14165	39
14165	39
14165.1	47
14165.2	34
14165.3	60
14165.4	37
14165.4	59
14165.5	35
14165.6	55
14165.7	54
14165.8	40
14165.8	41
14165.9	45
14166	45
14166.1	45
14166.2	42
14166.2	40
14166.3	58
14166.4	42
14166.5	60
14166.6	61
14166.6	44
14166.7	43
14166.8	33
14166.9	48
14167	26
14167	52
14167.1	41
14167.2	42
14167.3	44
14167.4	45
14167.4	42
14167.5	20
14167.6	41
14167.7	44
14167.8	50
14167.8	43
14167.9	40
14168	50
14168.1	44
14168.2	35
14168.2	55
14168.3	56
14168.4	45
14168.5	44
14168.6	31
14168.6	47
14168.7	54
14168.8	38
14168.9	26
14169	19
14169	43
14169.1	39
14169.2	27
14169.3	59
14169.4	47
14169.4	37
14169.5	53
14169.6	41
14169.7	47
14169.8	43
14169.8	32
14169.9	52
14170	42
14170.1	51
14170.2	57
14170.2	56
14170.3	36
14170.4	57
14170.5	53
14170.6	46
14170.6	42
14170.7	10
14170.8	42
14170.9	42
14171	51
14171	43
14171.1	39
14171.2	33
14171.3	65
14171.4	69
14171.4	49
14171.5	33
14171.6	38.5
14171.7	44
14171.8	58
14171.8	48
14171.9	46
14172	33
14172.1	44
14172.2	39
14172.2	50
14172.3	49
14172.4	40
14172.5	20
14172.6	51
14172.6	27
14172.7	46
14172.8	54
14172.9	38
14173	45
14173	33
14173.1	53
14173.2	43
14173.3	35
14173.4	28
14173.4	50
14173.5	64
14173.6	45
14173.7	53
14173.8	36
14173.8	43
14173.9	54
14174	44
14174.1	54
14174.1	44
14174.2	25
14174.3	57
14174.4	44
14174.5	49
14174.5	22
14174.6	34
14174.7	32
14174.8	56
14174.9	40
14174.9	45
14175	25
14175.1	54
14175.2	50
14175.3	36
14175.3	46
14175.4	48
14175.5	51
14175.6	41
14175.7	44
14175.7	23
14175.8	26
14175.9	25
14176	46
14176.1	52
14176.1	43
14176.2	55
14176.3	28
14176.4	53
14176.5	42
14176.5	37
14176.6	29
14176.7	50
14176.8	38
14176.8	45
14176.9	48
14177	38
14177.1	55
14177.2	41
14177.2	36
14177.3	52
14177.4	47
14177.5	47
14177.6	36
14177.6	54
14177.7	42
14177.8	33
14177.9	21
14178	66
14178	43
14178.1	21
14178.2	46
14178.3	42
14178.4	35
14178.4	51
14178.5	64
14178.6	67
14178.7	37
14178.8	27
14178.8	45
14178.9	34
14179	37
14179.1	48
14179.1	37
14179.2	32
14179.3	39
14179.4	38
14179.5	38
14179.5	26
14179.6	52
14179.7	51
14179.8	37
14179.9	27
14179.9	55
14180	38
14180.1	65
14180.2	38
14180.3	33
14180.3	43
14180.4	49
14180.5	44
14180.6	33
14180.7	32
14180.7	41
14180.8	54
14180.9	56
14181	58
14181	20
14181.1	44
14181.2	25
14181.3	34
14181.4	41
14181.4	58
14181.5	40
14181.6	28
14181.7	35
14181.8	48
14181.8	45
14181.9	38
14182	52
14182.1	37
14182.2	56
14182.2	54
14182.3	45
14182.4	46
14182.5	46
14182.5	52
14182.6	55
14182.7	56
14182.8	45
14182.9	39
14182.9	12
14183	53
14183.1	50
14183.2	32
14183.3	45
14183.3	38
14183.4	50
14183.5	47
14183.6	50
14183.7	54
14183.7	59
14183.8	31
14183.9	45
14184	57
14184	43
14184.1	45
14184.2	39
14184.3	62
14184.4	58
14184.4	53
14184.5	38
14184.6	47
14184.7	43
14184.8	51
14184.8	34
14184.9	67
14185	51
14185.1	55
14185.2	57
14185.2	41
14185.3	31
14185.4	43
14185.5	35
14185.5	38
14185.6	56
14185.7	57
14185.8	35
14185.9	43
14185.9	37
14186	42
14186.1	48
14186.2	53
14186.3	31
14186.3	46
14186.4	45
14186.5	50
14186.6	38
14186.6	47
14186.7	35
14186.8	46
14186.9	65
14187	41
14187	55
14187.1	17
14187.2	25
14187.3	54
14187.4	48
14187.4	41
14187.5	46
14187.6	24
14187.7	51
14187.8	58
14187.8	56
14187.9	39
14188	34
14188.1	37
14188.1	63
14188.2	42
14188.3	47
14188.4	45
14188.5	42
14188.5	39
14188.6	53
14188.7	37
14188.8	50
14188.8	31
14188.9	39
14189	42
14189.1	50
14189.2	39
14189.2	59
14189.3	27
14189.4	29
14189.5	39
14189.6	55
14189.6	87
14189.7	39
14189.8	34
14189.9	43
14189.9	39
14190	37
14190.1	45
14190.2	47
14190.3	47
14190.3	35
14190.4	36
14190.5	46
14190.6	41
14190.7	37
14190.7	51
14190.8	38
14190.9	43
14191	42
14191	38
14191.1	61
14191.2	51
14191.3	23
14191.4	61
14191.4	11
14191.5	50
14191.6	63
14191.7	47
14191.8	56
14191.8	25
14191.9	27
14192	45
14192.1	53
14192.1	52
14192.2	34
14192.3	53
14192.4	38
14192.5	42
14192.5	32
14192.6	49
14192.7	42
14192.8	47
14192.8	37
14192.9	46
14193	54
14193.1	31
14193.2	39
14193.2	42
14193.3	29
14193.4	51
14193.5	61
14193.6	41
14193.6	35
14193.7	34
14193.8	31
14193.9	60
14193.9	52
14194	55
14194.1	45
14194.2	39
14194.3	38
14194.3	64
14194.4	35
14194.5	32
14194.6	31
14194.6	47
14194.7	50
14194.8	45
14194.9	58
14195	27
14195	69
14195.1	47
14195.2	16
14195.3	47
14195.4	31
14195.4	44
14195.5	37
14195.6	60
14195.7	41
14195.7	47
14195.8	26
14195.9	52
14196	66
14196.1	34
14196.1	43
14196.2	21
14196.3	36
14196.4	39
14196.4	53
14196.5	49
14196.6	38
14196.7	34
14196.8	39
14196.8	58
14196.9	32
14197	37
14197.1	35
14197.1	47
14197.2	29
14197.3	32
14197.4	42
14197.5	41
14197.5	37
14197.6	38
14197.7	54
14197.8	47
14197.8	44
14197.9	32
14198	41
14198.1	35
14198.2	43
14198.2	30
14198.3	42
14198.4	36
14198.5	41
14198.5	47
14198.6	29
14198.7	45
14198.8	38
14198.9	44
14198.9	51
14199	40
14199.1	34
14199.2	27
14199.2	42
14199.3	55
14199.4	40
14199.5	33
14199.6	33
14199.6	33
14199.7	53
14199.8	52
14199.9	44
14199.9	40
14200	42
14200.1	52
14200.2	56
14200.3	50
14200.3	46
14200.4	43
14200.5	42
14200.6	54
14200.6	49
14200.7	41
14200.8	33
14200.9	15
14201	37
14201	62
14201.1	72
14201.2	44
14201.3	29
14201.3	42
14201.4	55
14201.5	34
14201.6	54
14201.7	42
14201.7	25
14201.8	35
14201.9	43
14202	51
14202	45
14202.1	56
14202.2	31
14202.3	71
14202.4	45
14202.4	32
14202.5	48
14202.6	29
14202.7	51
14202.7	68
14202.8	40
14202.9	54
14203	36
14203.1	41
14203.1	36
14203.2	32
14203.3	47
14203.4	50
14203.4	28
14203.5	42
14203.6	30
14203.7	41
14203.8	49
14203.8	44
14203.9	23
14204	37
14204.1	34
14204.1	48
14204.2	48
14204.3	39
14204.4	60
14204.5	43
14204.5	34
14204.6	66
14204.7	23
14204.8	34
14204.8	57
14204.9	31
14205	45
14205.1	37
14205.1	35
14205.2	38
14205.3	47
14205.4	46
14205.5	40
14205.5	25
14205.6	37
14205.7	39
14205.8	37
14205.8	44
14205.9	30
14206	38
14206.1	43
14206.2	28
14206.2	38
14206.3	49
14206.4	31
14206.5	47
14206.5	40
14206.6	47
14206.7	44
14206.8	39
14206.8	35
14206.9	40
14207	29
14207.1	54
14207.2	41
14207.2	33
14207.3	48
14207.4	44
14207.5	55
14207.5	42
14207.6	38
14207.7	44
14207.8	44
14207.9	41
14207.9	47
14208	49
14208.1	32
14208.2	46
14208.2	50
14208.3	47
14208.4	32
14208.5	32
14208.5	43
14208.6	43
14208.7	37
14208.8	38
14208.9	34
14208.9	35
14209	33
14209.1	34
14209.2	57
14209.2	41
14209.3	9
14209.4	28
14209.5	41
14209.6	44
14209.6	52
14209.7	30
14209.8	14
14209.9	38
14209.9	40
14210	48
14210.1	29
14210.2	45
14210.2	55
14210.3	40
14210.4	38
14210.5	34
14210.6	18
14210.6	13
14210.7	48
14210.8	51
14210.9	37
14210.9	11
14211	28
14211.1	38
14211.2	31
14211.2	38
14211.3	51
14211.4	32
14211.5	25
14211.6	29
14211.6	45
14211.7	49
14211.8	40
14211.9	38
14211.9	36
14212	42
14212.1	48
14212.2	58
14212.2	49
14212.3	28
14212.4	49
14212.5	38
14212.6	35
14212.6	44
14212.7	20
14212.8	40
14212.9	51
14212.9	61
14213	46
14213.1	44
14213.2	40
14213.2	45
14213.3	34
14213.4	27
14213.5	38
14213.6	44
14213.6	30
14213.7	41
14213.8	37
14213.9	29
14213.9	52
14214	27
14214.1	32
14214.2	32
14214.2	40
14214.3	42
14214.4	49
14214.5	28
14214.6	40
14214.6	42
14214.7	33
14214.8	48
14214.9	34
14214.9	28
14215	37
14215.1	52
14215.2	40
14215.2	49
14215.3	50
14215.4	48
14215.5	30
14215.5	28
14215.6	54
14215.7	49
14215.8	50
14215.9	23
14215.9	44
14216	49
14216.1	34
14216.2	43
14216.2	41
14216.3	48
14216.4	50
14216.5	23
14216.5	39
14216.6	50
14216.7	46
14216.8	33
14216.9	35
14216.9	27
14217	45
14217.1	43
14217.2	40
14217.2	45
14217.3	20.9563
14217.4	35.6853
14217.5	44.3285
14217.5	41.8861
14217.6	53.4115
14217.7	43.3069
14217.8	21.3446
14217.8	38.6702
14217.9	41.6764
14218	43.555
14218.1	51.9852
14218.2	31.5135
14218.2	46.7554
14218.3	55.044
14218.4	51.8037
14218.5	48.87
14218.5	24.1175
14218.6	17.9656
14218.7	34.3802
14218.8	41.874
14218.8	44.476
14218.9	40.9617
14219	29.2841
14219.1	51.1189
14219.1	33.6754
14219.2	23.1796
14219.3	50.5273
14219.4	49.1157
14219.5	34.2621
14219.5	27.1018
14219.6	29.4395
14219.7	41.1316
14219.8	50.1602
14219.8	30.3754
14219.9	41.3939
14220	28.7407
14220.1	44.2409
14220.1	34.6538
14220.2	27.491
14220.3	36.8594
14220.4	26.741
14220.4	32.8815
14220.5	41.384
14220.6	24.4188
14220.7	34.0237
14220.8	33.1394
14220.8	34.8916
14220.9	35.0705
14221	24.0829
14221.1	35.9335
14221.1	31.0132
14221.2	42.4673
14221.3	30.9268
14221.4	37.0455
14221.4	25.8164
14221.5	30.5451
14221.6	41.5989
14221.7	32.6848
14221.7	31.9303
14221.8	38.4396
14221.9	37.1142
14222	32.4879
14222	34.4357
14222.1	32.1382
14222.2	43.2384
14222.3	35.8726
14222.4	22.3993
14222.4	32.313
14222.5	38.4459
14222.6	43.8538
14222.7	43.1509
14222.7	35.981
14222.8	36.186
14222.9	26.261
14223	29.869
14223	39.3198
14223.1	37.1456
14223.2	38.3281
14223.3	29.9154
14223.3	24.349
14223.4	30.5309
14223.5	34.6907
14223.6	30.6202
14223.6	33.7993
14223.7	31.4447
14223.8	27.2796
14223.9	31.8947
14224	29.3504
14224	26.5964
14224.1	25.1788
14224.2	27.7282
14224.3	31.5086
14224.3	28.3001
14224.4	33.2977
14224.5	40.6053
14224.6	21.7658
14224.6	17.7632
14224.7	28.8833
14224.8	30.7168
14224.9	22.0945
14224.9	27.4219
14225	16.4652
14225.1	34.7877
14225.2	27
14225.2	34
14225.3	32
14225.4	43
14225.5	27
14225.6	21
14225.6	41
14225.7	32
14225.8	31
14225.9	41
14225.9	38
14226	44
14226.1	30
14226.2	35
14226.3	24
14226.3	15
14226.4	46
14226.5	21
14226.6	25
14226.6	32
14226.7	31
14226.8	5
14226.9	32
14226.9	42
14227	48
14227.1	43
14227.2	18
14227.3	26
14227.3	25
14227.4	32
14227.5	17
14227.6	19
14227.6	41
14227.7	40
14227.8	28
14227.9	46
14228	19
14228	26
14228.1	34
14228.2	22
14228.3	25
14228.3	29
14228.4	29
14228.5	51
14228.6	35
14228.6	54
14228.7	38
14228.8	32
14228.9	35
14229	25
14229	29
14229.1	25
14229.2	40
14229.3	33
14229.3	42
14229.4	26
14229.5	36
14229.6	28
14229.6	36
14229.7	37
14229.8	55
14229.9	18
14230	32
14230	40
14230.1	36
14230.2	25
14230.3	25
14230.3	40
14230.4	30
14230.5	36
14230.6	42
14230.6	44
14230.7	26
14230.8	33
14230.9	38
14231	43
14231	32
14231.1	33
14231.2	34
14231.3	37
14231.3	29
14231.4	38
14231.5	48
14231.6	41
14231.6	66
14231.7	20
14231.8	17
14231.9	34
14232	34
14232	47
14232.1	52
14232.2	46
14232.3	57
14232.3	33
14232.4	41
14232.5	52
14232.6	37
14232.6	22
14232.7	50
14232.8	28
14232.9	46
14233	42
14233	23
14233.1	43
14233.2	30
14233.3	39
14233.3	31
14233.4	47
14233.5	19
14233.6	23
14233.6	37
14233.7	57
14233.8	33
14233.9	47
14234	37
14234	42
14234.1	40
14234.2	50
14234.3	15
14234.3	24
14234.4	29
14234.5	30
14234.6	55
14234.6	35
14234.7	40
14234.8	30
14234.9	55
14235	59
14235	39
14235.1	30
14235.2	55
14235.3	23
14235.3	25
14235.4	37
14235.5	49
14235.6	41
14235.6	39
14235.7	44
14235.8	52
14235.9	28
14235.9	46
14236	39
14236.1	28
14236.2	30
14236.3	48
14236.3	45
14236.4	53
14236.5	30
14236.6	43
14236.6	44
14236.7	38
14236.8	50
14236.9	15
14236.9	31
14237	28
14237.1	49
14237.2	49
14237.3	43
14237.3	33
14237.4	46
14237.5	38
14237.6	52
14237.6	29
14237.7	28
14237.8	31
14237.9	47
14237.9	44
14238	58
14238.1	24
14238.2	21
14238.2	41
14238.3	50
14238.4	43
14238.5	54
14238.6	60
14238.6	46
14238.7	45
14238.8	45
14238.9	37
14238.9	44
14239	39
14239.1	48
14239.2	50
14239.2	38
14239.3	16
14239.4	37
14239.5	44
14239.5	45
14239.6	47
14239.7	54
14239.8	16
14239.9	38
14239.9	40
14240	29
14240.1	53
14240.2	52
14240.2	41
14240.3	58
14240.4	36
14240.5	54
14240.5	52
14240.6	30
14240.7	49
14240.8	26
14240.8	33
14240.9	50
14241	39
14241.1	44
14241.1	41
14241.2	42
14241.3	49
14241.4	29
14241.5	26
14241.5	38
14241.6	41
14241.7	50
14241.8	44
14241.8	43
14241.9	47
14242	60
14242.1	51
14242.1	40
14242.2	41
14242.3	25
14242.4	56
14242.4	45
14242.5	44
14242.6	24
14242.7	38
14242.8	34
14242.8	48
14242.9	38
14243	38
14243.1	35
14243.1	15
14243.2	33
14243.3	51
14243.4	47
14243.4	41
14243.5	49
14243.6	42
14243.7	47
14243.7	51
14243.8	68
14243.9	54
14244	45
14244	55
14244.1	35
14244.2	58
14244.3	39
14244.3	36
14244.4	29
14244.5	23
14244.6	63
14244.7	43
14244.7	44
14244.8	42
14244.9	33
14245	43
14245	39
14245.1	46
14245.2	49
14245.3	46
14245.3	53
14245.4	41
14245.5	33
14245.6	22
14245.6	49
14245.7	40
14245.8	38
14245.9	28
14245.9	31
14246	52
14246.1	36
14246.2	47
14246.2	36
14246.3	53
14246.4	28
14246.5	50
14246.6	61
14246.6	56
14246.7	22
14246.8	28
14246.9	33
14246.9	42
14247	56
14247.1	43
14247.2	36
14247.2	44
14247.3	51
14247.4	46
14247.5	47
14247.5	34
14247.6	52
14247.7	49
14247.8	43
14247.8	55
14247.9	43
14248	10
14248.1	44
14248.1	45
14248.2	35
14248.3	31
14248.4	47
14248.4	26
14248.5	42
14248.6	55
14248.7	43
14248.8	41
14248.8	29
14248.9	43
14249	35
14249.1	69
14249.1	56
14249.2	26
14249.3	29
14249.4	45
14249.4	30
14249.5	64
14249.6	41
14249.7	46
14249.7	32
14249.8	45
14249.9	22
14250	36
14250	41
14250.1	46
14250.2	38
14250.3	31
14250.3	42
14250.4	36
14250.5	45
14250.6	47
14250.6	41
14250.7	47
14250.8	52
14250.9	34
14250.9	47
14251	22
14251.1	39
14251.2	46
14251.3	55
14251.3	31
14251.4	43
14251.5	39
14251.6	63
14251.6	47
14251.7	43
14251.8	55
14251.9	25
14251.9	41
14252	55
14252.1	45
14252.2	45
14252.2	58
14252.3	54
14252.4	41
14252.5	56
14252.5	44
14252.6	35
14252.7	45
14252.8	42
14252.8	58
14252.9	54
14253	51
14253.1	34
14253.1	35
14253.2	39
14253.3	55
14253.4	59
14253.4	55
14253.5	9
14253.6	53
14253.7	47
14253.7	51
14253.8	59
14253.9	46
14254	24
14254	51
14254.1	57
14254.2	41
14254.3	41
14254.3	30
14254.4	69
14254.5	34
14254.6	40
14254.6	46
14254.7	31
14254.8	50
14254.9	47
14254.9	42
14255	43
14255.1	59
14255.2	37
14255.3	57
14255.3	43
14255.4	41
14255.5	25
14255.6	46
14255.6	36
14255.7	63
14255.8	44
14255.9	46
14255.9	33
14256	48
14256.1	63
14256.2	52
14256.2	49
14256.3	44
14256.4	22
14256.5	45
14256.5	46
14256.6	54
14256.7	46
14256.8	43
14256.8	52
14256.9	21
14257	51
14257.1	51
14257.1	39
14257.2	30
14257.3	38
14257.4	53
14257.4	53
14257.5	41
14257.6	37
14257.7	47
14257.7	54
14257.8	42
14257.9	42
14258	60
14258	21
14258.1	51
14258.2	33
14258.3	51
14258.3	48
14258.4	62
14258.5	53
14258.6	52
14258.6	51
14258.7	56
14258.8	33
14258.9	26
14258.9	46
14259	49
14259.1	36
14259.2	56
14259.2	23
14259.3	45
14259.4	60
14259.5	56
14259.5	58
14259.6	25
14259.7	56
14259.8	50
14259.8	38
14259.9	41
14260	60
14260.1	56
14260.1	41
14260.2	35
14260.3	46
14260.4	50
14260.4	42
14260.5	42
14260.6	41
14260.7	31
14260.7	61
14260.8	21
14260.9	37
14261	34
14261	35
14261.1	52
14261.2	36
14261.3	38
14261.3	43
14261.4	55
14261.5	44
14261.6	26
14261.6	45
14261.7	57
14261.8	43
14261.9	52
14261.9	37
14262	40
14262.1	46
14262.2	27
14262.2	44
14262.3	62
14262.4	40
14262.5	27
14262.5	25
14262.6	32
14262.7	57
14262.8	54
14262.8	21
14262.9	50
14263	56
14263.1	44
14263.1	61
14263.2	42
14263.3	41
14263.4	22
14263.4	50
14263.5	42
14263.6	43
14263.7	36
14263.7	53
14263.8	45
14263.9	43
14264	55
14264	40
14264.1	36
14264.2	44
14264.3	27
14264.3	45
14264.4	44
14264.5	34
14264.6	56
14264.6	41
14264.7	42
14264.8	40
14264.8	45
14264.9	34
14265	24
14265.1	43
14265.1	40
14265.2	34
14265.3	53
14265.4	44
14265.4	45
14265.5	48
14265.6	41
14265.7	50
14265.7	40
14265.8	28
14265.9	44
14266	62
14266	39
14266.1	38
14266.2	38
14266.3	50
14266.3	43
14266.4	47
14266.5	31
14266.6	31
14266.6	39
14266.7	41
14266.8	33
14266.9	33
14266.9	37
14267	27
14267.1	44
14267.2	58
14267.2	50
14267.3	52
14267.4	39
14267.5	50
14267.5	37
14267.6	53
14267.7	52
14267.8	33
14267.8	39
14267.9	34
14268	58
14268.1	38
14268.1	58
14268.2	47
14268.3	19
14268.4	33
14268.4	37
14268.5	45
14268.6	47
14268.7	33
14268.7	38
14268.8	48
14268.9	54
14268.9	47
14269	50
14269.1	31
14269.2	46
14269.2	45
14269.3	33
14269.4	43
14269.5	41
14269.5	49
14269.6	40
14269.7	38
14269.8	51
14269.8	34
14269.9	30
14270	44
14270.1	41
14270.1	53
14270.2	45
14270.3	39
14270.4	36
14270.4	32
14270.5	48
14270.6	46
14270.7	37
14270.7	34
14270.8	50
14270.9	36
14271	49
14271	42
14271.1	43
14271.2	39
14271.3	40
14271.3	44
14271.4	49
14271.5	21
14271.5	43
14271.6	44
14271.7	32
14271.8	60
14271.8	42
14271.9	45
14272	58
14272.1	38
14272.1	32
14272.2	33
14272.3	38
14272.4	49
14272.4	39
14272.5	42
14272.6	32
14272.7	39
14272.7	28
14272.8	45
14272.9	29
14273	44
14273	45
14273.1	50
14273.2	48
14273.3	42
14273.3	38
14273.4	32
14273.5	41
14273.6	30
14273.6	37
14273.7	39
14273.8	42
14273.8	24
14273.9	19
14274	58
14274.1	45
14274.1	31
14274.2	54
14274.3	39
14274.4	33
14274.4	46
14274.5	45
14274.6	43
14274.7	35
14274.7	36
14274.8	43
14274.9	32
14275	47
14275	51
14275.1	20
14275.2	35
14275.3	46
14275.3	61
14275.4	55
14275.5	30
14275.5	23
14275.6	27
14275.7	38
14275.8	59
14275.8	31
14275.9	57
14276	37
14276.1	35
14276.1	53
14276.2	41
14276.3	42
14276.4	38
14276.4	55
14276.5	28
14276.6	48
14276.7	39
14276.7	51
14276.8	27
14276.9	38
14277	34
14277	59
14277.1	43
14277.2	49
14277.2	27
14277.3	31
14277.4	47
14277.5	43
14277.5	32
14277.6	29
14277.7	39
14277.8	51
14277.8	31
14277.9	50
14278	48
14278.1	33
14278.1	33
14278.2	33
14278.3	27
14278.4	28
14278.4	56
14278.5	58
14278.6	42
14278.6	47
14278.7	34
14278.8	28
14278.9	39
14278.9	47
14279	45
14279.1	43
14279.2	44
14279.2	41
14279.3	55
14279.4	32
14279.5	25
14279.5	42
14279.6	24
14279.7	57
14279.8	52
14279.8	38
14279.9	41
14280	38
14280	30
14280.1	62
14280.2	33
14280.3	32
14280.3	39
14280.4	25
14280.5	35
14280.6	38
14280.6	30
14280.7	39
14280.8	28
14280.9	35
14280.9	39
14281	39
14281.1	43
14281.2	38
14281.2	19
14281.3	23
14281.4	33
14281.4	49
14281.5	35
14281.6	37
14281.7	35
14281.7	32
14281.8	36
14281.9	41
14282	42
14282	27
14282.1	32
14282.2	46
14282.3	56
14282.3	31
14282.4	45
14282.5	38
14282.5	35
14282.6	36
14282.7	55
14282.8	50
14282.8	15
14282.9	31
14283	56
14283.1	37
14283.1	47
14283.2	43
14283.3	37
14283.4	36
14283.4	34
14283.5	53
14283.6	37
14283.6	24
14283.7	54
14283.8	39
14283.9	28
14283.9	36
14284	40
14284.1	33
14284.2	31
14284.2	46
14284.3	46
14284.4	42
14284.5	40
14284.5	35
14284.6	37
14284.7	49
14284.7	35
14284.8	28
14284.9	31
14285	28
14285	54
14285.1	35
14285.2	46
14285.3	33
14285.3	44
14285.4	45
14285.5	43
14285.6	29
14285.6	36
14285.7	34
14285.8	44
14285.8	49
14285.9	40
14286	22
14286.1	41
14286.1	34
14286.2	36
14286.3	46
14286.4	27
14286.4	34
14286.5	37
14286.6	44
14286.7	61
14286.7	31
14286.8	37
14286.9	52
14286.9	52
14287	52
14287.1	40.9581
14287.2	33.9143
14287.2	33.6694
14287.3	33.9272
14287.4	36.591
14287.5	37.6707
14287.5	44.2833
14287.6	47.875
14287.7	34.2667
14287.7	39.6637
14287.8	32.6579
14287.9	24.7935
14288	33.1846
14288	34.9526
14288.1	32.3563
14288.2	24.9899
14288.3	49.0049
14288.3	24.2675
14288.4	48.1565
14288.5	43.1822
14288.6	45.7328
14288.6	25.3292
14288.7	47.1555
14288.8	36.6885
14288.8	29.0021
14288.9	33.651
14289	31.1678
14289.1	21.2863
14289.1	14.9468
14289.2	30.6074
14289.3	37.2951
14289.4	45.7773
14289.4	31.6252
14289.5	46.1164
14289.6	25.5959
14289.6	34.1762
14289.7	34.068
14289.8	38.5629
14289.9	37.6481
14289.9	20.7755
14290	36.6961
14290.1	29.1935
14290.2	44.6219
14290.2	53.0974
14290.3	40.7771
14290.4	27.9455
14290.5	9.13017
14290.5	36.1017
14290.6	35.7806
14290.7	37.6476
14290.7	32.2377
14290.8	22.6816
14290.9	36.1031
14291	25.2518
14291	37.8678
14291.1	32.782
14291.2	34.3429
14291.3	36.8283
14291.3	22.2784
14291.4	43.3171
14291.5	25.6427
14291.5	46
14291.6	18.6598
14291.7	20.7812
14291.8	31.7549
14291.8	38.5286
14291.9	44.6066
14292	31.2548
14292.1	17.1512
14292.1	31.0175
14292.2	26.3468
14292.3	41.6797
14292.3	32.3523
14292.4	29.265
14292.5	39.2958
14292.6	18.6843
14292.6	21.915
14292.7	42.1252
14292.8	28.017
14292.9	29.2584
14292.9	28.3966
14293	21.4106
14293.1	38.99
14293.1	38.5854
14293.2	16.9761
14293.3	28.135
14293.4	32.4934
14293.4	30.0667
14293.5	24.4654
14293.6	21.9721
14293.7	25.0946
14293.7	29.5707
14293.8	39.5957
14293.9	38.9919
14293.9	30.433
14294	26.1877
14294.1	25.4531
14294.2	18.894
14294.2	27.6133
14294.3	30.2574
14294.4	35
14294.4	36
14294.5	45
14294.6	23
14294.7	42
14294.7	23
14294.8	42
14294.9	30
14294.9	29
14295	11
14295.1	39
14295.2	17
14295.2	27
14295.3	52
14295.4	23
14295.5	37
14295.5	38
14295.6	25
14295.7	32
14295.8	41
14295.8	18
14295.9	35
14296	46
14296.1	36
14296.1	38
14296.2	31
14296.3	33
14296.4	25
14296.4	38
14296.5	31
14296.6	1
14296.6	42
14296.7	30
14296.8	19
14296.9	27
14296.9	8
14297	21
14297.1	37
14297.2	29
14297.2	57
14297.3	34
14297.4	32
14297.5	60
14297.5	44
14297.6	40
14297.7	49
14297.8	26
14297.8	18
14297.9	54
14298	32
14298	42
14298.1	45
14298.2	11
14298.3	31
14298.3	30
14298.4	21
14298.5	42
14298.6	17
14298.6	29
14298.7	37
14298.8	46
14298.9	47
14298.9	28
14299	34
14299.1	46
14299.2	41
14299.2	23
14299.3	38
14299.4	25
14299.4	37
14299.5	32
14299.6	29
14299.7	59
14299.7	40
14299.8	40
14299.9	42
14300	32
14300	57
14300.1	30
14300.2	20
14300.3	47
14300.3	52
14300.4	48
14300.5	37
14300.6	50
14300.6	31
14300.7	46
14300.8	50
14300.8	42
14300.9	27
14301	43
14301.1	29
14301.1	41
14301.2	31
14301.3	41
14301.4	27
14301.4	50
14301.5	42
14301.6	35
14301.7	42
14301.7	19
14301.8	23
14301.9	33
14301.9	45
14302	43
14302.1	25
14302.2	49
14302.2	40
14302.3	36
14302.4	35
14302.5	42
14302.5	46
14302.6	46
14302.7	32
14302.8	33
14302.8	35
14302.9	23
14303	25
14303	30
14303.1	52
14303.2	43
14303.3	43
14303.3	30
14303.4	31
14303.5	56
14303.6	45
14303.6	39
14303.7	47
14303.8	43
14303.9	40
14303.9	38
14304	49
14304.1	41
14304.1	33
14304.2	42
14304.3	37
14304.4	52
14304.4	14
14304.5	36
14304.6	39
14304.7	46
14304.7	48
14304.8	41
14304.9	18
14305	65
14305	23
14305.1	40
14305.2	56
14305.2	35
14305.3	36
14305.4	53
14305.5	44
14305.5	26
14305.6	41
14305.7	22
14305.8	28
14305.8	32
14305.9	39
14306	34
14306.1	35
14306.1	42
14306.2	36
14306.3	27
14306.3	43
14306.4	41
14306.5	31
14306.6	18
14306.6	29
14306.7	65
14306.8	62
14306.9	51
14306.9	27
14307	42
14307.1	40
14307.1	57
14307.2	47
14307.3	49
14307.4	33
14307.4	38
14307.5	46
14307.6	41
14307.7	44
14307.7	42
14307.8	37
14307.9	47
14308	38
14308	22
14308.1	47
14308.2	42
14308.2	31
14308.3	33
14308.4	59
14308.5	65
14308.5	41
14308.6	23
14308.7	44
14308.8	45
14308.8	58
14308.9	54
14309	39
14309	30
14309.1	24
14309.2	39
14309.3	45
14309.3	35
14309.4	23
14309.5	36
14309.6	43
14309.6	20
14309.7	47
14309.8	31
14309.9	34
14309.9	45
14310	54
14310.1	53
14310.1	43
14310.2	23
14310.3	46
14310.4	43
14310.4	38
14310.5	45
14310.6	29
14310.7	39
14310.7	25
14310.8	35
14310.9	40
14310.9	40
14311	43
14311.1	50
14311.2	63
14311.2	44
14311.3	44
14311.4	43
14311.5	53
14311.5	53
14311.6	42
14311.7	48
14311.7	45
14311.8	46.5
14311.9	48
14312	31
14312	54
14312.1	40
14312.2	37
14312.3	62
14312.3	47
14312.4	37
14312.5	52
14312.5	34
14312.6	27
14312.7	41
14312.8	36
14312.8	64
14312.9	33
14313	31
14313.1	42
14313.1	46
14313.2	46
14313.3	46
14313.3	47
14313.4	23
14313.5	39
14313.6	25
14313.6	35
14313.7	43
14313.8	33
14313.9	31
14313.9	56
14314	59
14314.1	45
14314.1	42
14314.2	33
14314.3	42
14314.4	49
14314.4	48
14314.5	31
14314.6	48
14314.7	29
14314.7	48
14314.8	58
14314.9	55
14314.9	42
14315	38
14315.1	50
14315.2	17
14315.2	39
14315.3	47
14315.4	47
14315.4	43
14315.5	32
14315.6	57
14315.7	45
14315.7	33
14315.8	45
14315.9	56
14316	52
14316	58
14316.1	50
14316.2	42
14316.2	26
14316.3	44
14316.4	37
14316.5	41
14316.5	41
14316.6	43
14316.7	62
14316.8	72
14316.8	54
14316.9	66
14317	29
14317	27
14317.1	52
14317.2	49
14317.3	61
14317.3	42
14317.4	35
14317.5	50
14317.6	54
14317.6	24
14317.7	61
14317.8	37
14317.8	43
14317.9	53
14318	60
14318.1	56
14318.1	62
14318.2	37
14318.3	52
14318.3	50
14318.4	42
14318.5	39
14318.6	38
14318.6	46
14318.7	49
14318.8	47
14318.9	41
14318.9	41
14319	45
14319.1	28
14319.1	67
14319.2	76
14319.3	56
14319.4	40
14319.4	32
14319.5	35
14319.6	42
14319.6	64
14319.7	36
14319.8	26
14319.9	75
14319.9	59
14320	32
14320.1	36
14320.2	31
14320.2	51
14320.3	57
14320.4	46
14320.4	40
14320.5	47
14320.6	37
14320.7	50
14320.7	65
14320.8	54
14320.9	27
14320.9	32
14321	43
14321.1	48
14321.2	45
14321.2	47
14321.3	56
14321.4	47
14321.5	56
14321.5	28
14321.6	61
14321.7	28
14321.7	35
14321.8	48
14321.9	58
14322	50
14322	56
14322.1	29
14322.2	56
14322.2	57
14322.3	45
14322.4	52
14322.5	50
14322.5	38
14322.6	50
14322.7	44
14322.7	62
14322.8	31
14322.9	27
14323	41
14323	68
14323.1	55
14323.2	61
14323.3	47
14323.3	52
14323.4	58
14323.5	45
14323.5	54
14323.6	47
14323.7	40
14323.8	41
14323.8	50
14323.9	51
14324	51
14324	44
14324.1	52
14324.2	49
14324.3	29
14324.3	43
14324.4	34
14324.5	24
14324.5	36
14324.6	64
14324.7	51
14324.8	67
14324.8	32
14324.9	44
14325	36
14325.1	45
14325.1	61
14325.2	38
14325.3	50
14325.3	44
14325.4	54
14325.5	64
14325.6	37
14325.6	37
14325.7	56
14325.8	37
14325.8	46
14325.9	52
14326	36
14326.1	30
14326.1	44
14326.2	45
14326.3	56
14326.3	32
14326.4	51
14326.5	48
14326.6	36
14326.6	34
14326.7	50
14326.8	37
14326.8	36
14326.9	42
14327	43
14327.1	49
14327.1	38
14327.2	48
14327.3	43
14327.3	39
14327.4	56
14327.5	39
14327.6	38
14327.6	27
14327.7	43
14327.8	54
14327.9	49
14327.9	31
14328	37
14328.1	39
14328.1	43
14328.2	70
14328.3	49
14328.4	38
14328.4	25
14328.5	43
14328.6	49
14328.6	42
14328.7	39
14328.8	52
14328.9	41
14328.9	54
14329	59
14329.1	55
14329.1	54
14329.2	48
14329.3	35
14329.4	39
14329.4	45
14329.5	47
14329.6	44
14329.6	33
14329.7	47
14329.8	44
14329.9	21
14329.9	50
14330	32
14330.1	57
14330.1	56
14330.2	44
14330.3	51
14330.4	58
14330.4	32
14330.5	50
14330.6	60
14330.6	49
14330.7	39
14330.8	28
14330.9	35
14330.9	42
14331	46
14331.1	51
14331.1	44
14331.2	35
14331.3	59
14331.4	63
14331.4	51
14331.5	50
14331.6	27
14331.6	35
14331.7	53
14331.8	51
14331.9	45
14331.9	57
14332	43
14332.1	38
14332.1	29
14332.2	34
14332.3	46
14332.4	43
14332.4	37
14332.5	34
14332.6	65
14332.6	43
14332.7	33
14332.8	50
14332.9	51
14332.9	36
14333	31
14333.1	46
14333.1	55
14333.2	71
14333.3	20
14333.4	47
14333.4	53
14333.5	39
14333.6	51
14333.6	36
14333.7	51
14333.8	54
14333.9	39
14333.9	37
14334	56
14334.1	47
14334.1	53
14334.2	41
14334.3	20
14334.4	44
14334.4	39
14334.5	18
14334.6	66
14334.6	50
14334.7	56
14334.8	55
14334.9	49
14334.9	67
14335	13
14335.1	36
14335.1	59
14335.2	34
14335.3	35
14335.3	50
14335.4	28
14335.5	37
14335.6	45
14335.6	39
14335.7	35
14335.8	42
14335.8	44
14335.9	54
14336	37
14336.1	49
14336.1	29
14336.2	46
14336.3	41
14336.3	50
14336.4	52
14336.5	52
14336.6	29
14336.6	38
14336.7	27
14336.8	44
14336.8	44
14336.9	34
14337	33
14337.1	41
14337.1	40
14337.2	56
14337.3	45
14337.3	24
14337.4	24
14337.5	38
14337.6	48
14337.6	50
14337.7	44
14337.8	20
14337.8	47
14337.9	36
14338	53
14338	42
14338.1	24
14338.2	29
14338.3	44
14338.3	30
14338.4	49
14338.5	50
14338.5	62
14338.6	54
14338.7	37
14338.8	30
14338.8	31
14338.9	31
14339	51
14339	40
14339.1	55
14339.2	37
14339.3	13
14339.3	51
14339.4	42
14339.5	51
14339.5	38
14339.6	22
14339.7	51
14339.8	31
14339.8	45
14339.9	53
14340	35
14340	49
14340.1	43
14340.2	32
14340.2	36
14340.3	51
14340.4	30
14340.5	45
14340.5	46
14340.6	40
14340.7	51
14340.7	37
14340.8	38
14340.9	51
14341	40
14341	53
14341.1	54
14341.2	15
14341.2	39
14341.3	42
14341.4	32
14341.5	53
14341.5	39
14341.6	23
14341.7	25
14341.7	44
14341.8	50
14341.9	43
14341.9	33
14342	42
14342.1	18
14342.2	49
14342.2	53
14342.3	44
14342.4	49
14342.4	39
14342.5	34
14342.6	52
14342.7	46
14342.7	52
14342.8	41
14342.9	43
14342.9	56
14343	49
14343.1	18
14343.1	40
14343.2	15
14343.3	32
14343.4	58
14343.4	49
14343.5	14
14343.6	43
14343.6	34
14343.7	47
14343.8	56
14343.9	57
14343.9	43
14344	37
14344.1	53
14344.1	46
14344.2	30
14344.3	29
14344.3	50
14344.4	30
14344.5	39
14344.6	39
14344.6	38
14344.7	43
14344.8	33
14344.8	37
14344.9	45
14345	25
14345.1	65
14345.1	34
14345.2	40
14345.3	62
14345.3	48
14345.4	56
14345.5	31
14345.5	10
14345.6	39
14345.7	38
14345.8	48
14345.8	43
14345.9	39
14346	27
14346	49
14346.1	42
14346.2	31
14346.2	31
14346.3	17
14346.4	32
14346.5	33
14346.5	31
14346.6	43
14346.7	40
14346.7	46
14346.8	28
14346.9	41
14347	43
14347	38
14347.1	57
14347.2	52
14347.2	30
14347.3	73
14347.4	39
14347.4	22
14347.5	40
14347.6	29
14347.7	34
14347.7	43
14347.8	33
14347.9	52
14347.9	48
14348	49
14348.1	61
14348.1	12
14348.2	22
14348.3	54
14348.4	44
14348.4	46
14348.5	46
14348.6	41
14348.6	63
14348.7	40
14348.8	51
14348.8	47
14348.9	24
14349	15
14349.1	26
14349.1	45
14349.2	43
14349.3	32
14349.3	19
14349.4	37
14349.5	28
14349.6	39
14349.6	34
14349.7	55
14349.8	32
14349.8	64
14349.9	39
14350	55
14350	27
14350.1	54
14350.2	42
14350.3	29
14350.3	49
14350.4	51
14350.5	39
14350.5	23
14350.6	42
14350.7	42
14350.7	43
14350.8	37
14350.9	45
14351	33
14351	43
14351.1	47
14351.2	44
14351.2	36
14351.3	36
14351.4	41
14351.4	47
14351.5	40
14351.6	44
14351.7	26
14351.7	38
14351.8	41
14351.9	56
14351.9	26
14352	37
14352.1	37
14352.1	34
14352.2	50
14352.3	51
14352.4	32
14352.4	48
14352.5	21
14352.6	25
14352.6	49
14352.7	46
14352.8	48
14352.8	36
14352.9	42
14353	64
14353.1	35
14353.1	30
14353.2	58
14353.3	37
14353.3	34
14353.4	57
14353.5	59
14353.5	15
14353.6	33.9265
14353.7	42.8975
14353.8	47.9046
14353.8	48.2933
14353.9	24.6237
14354	32.1358
14354	36.3084
14354.1	52.3297
14354.2	37.3484
14354.2	38.9579
14354.3	28.6272
14354.4	49.5542
14354.5	34.1528
14354.5	37.9913
14354.6	48.2047
14354.7	31.4844
14354.7	17.5946
14354.8	24.5118
14354.9	45.6397
14354.9	44.7962
14355	13.7713
14355.1	33.6103
14355.1	38.4175
14355.2	49.0409
14355.3	39.0021
14355.4	36.3074
14355.4	24.2603
14355.5	26.4716
14355.6	24.2852
14355.6	49.9401
14355.7	36.0081
14355.8	45.9728
14355.8	45.5898
14355.9	29.9382
14356	41.7204
14356.1	24.5938
14356.1	55.0441
14356.2	29.6412
14356.3	20.4404
14356.3	32.2431
14356.4	36.4325
14356.5	30.2118
14356.5	37
14356.6	38.8931
14356.7	28.7451
14356.8	37.6378
14356.8	27.413
14356.9	45.5376
14357	43.5192
14357	29.1176
14357.1	19.469
14357.2	36.4751
14357.2	34.6908
14357.3	42.8601
14357.4	35.0442
14357.5	35.2794
14357.5	46.1078
14357.6	45.3601
14357.7	38.6859
14357.7	39.1622
14357.8	20.0154
14357.9	28.2683
14357.9	29.6107
14358	29.9387
14358.1	38.3279
14358.1	26.594
14358.2	32.6081
14358.3	37.3163
14358.4	29.9786
14358.4	30.766
14358.5	36.2728
14358.6	15.6581
14358.6	28.0944
14358.7	29.4531
14358.8	43.5746
14358.8	24.8668
14358.9	31.2181
14359	41.6971
14359	36.7407
14359.1	35.8907
14359.2	42.314
14359.3	20.6778
14359.3	23.9074
14359.4	23.143
14359.5	35.8623
14359.5	29.6675
14359.6	33.8079
14359.7	34
14359.7	25.7693
14359.8	29.0096
14359.9	44.0841
14360	37.0415
14360	21.2206
14360.1	15.1036
14360.2	12.7377
14360.2	33.3575
14360.3	10.3395
14360.4	16.8672
14360.4	35.3572
14360.5	25.3186
14360.6	29.6117
14360.6	36.5201
14360.7	38
14360.7	22
14360.8	24
14360.9	36
14361	30
14361	43
14361.1	45
14361.2	34
14361.2	40
14361.3	23
14361.4	31
14361.4	32
14361.5	27
14361.6	40
14361.7	43
14361.7	33
14361.8	48
14361.9	43
14361.9	30
14362	33
14362.1	10
14362.2	34
14362.2	49
14362.3	33
14362.4	34
14362.4	57
14362.5	27
14362.6	52
14362.6	30
14362.7	43
14362.8	28
14362.9	25
14362.9	42
14363	39
14363.1	35
14363.1	68
14363.2	44
14363.3	33
14363.4	47
14363.4	31
14363.5	36
14363.6	34
14363.6	14
14363.7	43
14363.8	39
14363.8	24
14363.9	43
14364	31
14364.1	33
14364.1	33
14364.2	40
14364.3	47
14364.3	31
14364.4	12
14364.5	46
14364.5	20
14364.6	33
14364.7	33
14364.8	36
14364.8	49
14364.9	32
14365	36
14365	50
14365.1	22
14365.2	22
14365.3	40
14365.3	66
14365.4	25
14365.5	23
14365.5	31
14365.6	62
14365.7	57
14365.7	28
14365.8	45
14365.9	33
14366	23
14366	42
14366.1	44
14366.2	42
14366.2	44
14366.3	39
14366.4	47
14366.4	42
14366.5	43
14366.6	48
14366.7	37
14366.7	33
14366.8	45
14366.9	47
14366.9	44
14367	20
14367.1	38
14367.2	56
14367.2	29
14367.3	28
14367.4	44
14367.4	43
14367.5	40
14367.6	56
14367.6	54
14367.7	46
14367.8	33
14367.9	32
14367.9	38
14368	41
14368.1	63
14368.1	32
14368.2	32
14368.3	17
14368.3	42
14368.4	41
14368.5	42
14368.6	26
14368.6	30
14368.7	31
14368.8	42
14368.8	49
14368.9	43
14369	37
14369	43
14369.1	35
14369.2	58
14369.3	49
14369.3	50
14369.4	57
14369.5	31
14369.5	51
14369.6	32
14369.7	41
14369.8	46
14369.8	37
14369.9	37
14370	58
14370	48
14370.1	39
14370.2	28
14370.2	22
14370.3	43
14370.4	60
14370.5	39
14370.5	40
14370.6	37
14370.7	35
14370.7	52
14370.8	41
14370.9	54
14370.9	36
14371	49
14371.1	58
14371.2	54
14371.2	57
14371.3	46
14371.4	38
14371.4	39
14371.5	43
14371.6	62
14371.6	29
14371.7	29
14371.8	45
14371.9	51
14371.9	43
14372	58
14372.1	36
14372.1	54
14372.2	39
14372.3	31
14372.3	43
14372.4	46
14372.5	27
14372.5	51
14372.6	39
14372.7	37
14372.8	51
14372.8	51
14372.9	27
14373	45
14373	50
14373.1	43
14373.2	33
14373.2	37
14373.3	56
14373.4	37
14373.5	33
14373.5	40
14373.6	48
14373.7	46
14373.7	38
14373.8	32
14373.9	50
14373.9	54
14374	31
14374.1	47
14374.2	66
14374.2	37
14374.3	35
14374.4	27
14374.4	41
14374.5	65
14374.6	46
14374.6	55
14374.7	47
14374.8	32
14374.9	36
14374.9	35
14375	35
14375.1	35
14375.1	46
14375.2	48
14375.3	49
14375.3	31
14375.4	47
14375.5	27
14375.6	40
14375.6	54
14375.7	43
14375.8	53
14375.8	47
14375.9	42
14376	43
14376	25
14376.1	46
14376.2	53
14376.2	37
14376.3	29
14376.4	52
14376.5	27
14376.5	52
14376.6	36
14376.7	18
14376.7	44
14376.8	45
14376.9	42
14376.9	44
14377	45
14377.1	36
14377.2	54
14377.2	59
14377.3	48.5
14377.4	38
14377.4	30
14377.5	49
14377.6	45
14377.6	39
14377.7	29
14377.8	47
14377.8	32
14377.9	50
14378	53
14378.1	54
14378.1	47
14378.2	30
14378.3	51
14378.3	42
14378.4	43
14378.5	43
14378.5	43
14378.6	57
14378.7	53
14378.8	41
14378.8	57
14378.9	43
14379	42
14379	48
14379.1	44
14379.2	46
14379.2	51
14379.3	53
14379.4	56
14379.4	52
14379.5	49
14379.6	65
14379.7	42
14379.7	36
14379.8	74
14379.9	46
14379.9	34
14380	47
14380.1	34
14380.1	29
14380.2	41
14380.3	49
14380.3	63
14380.4	49
14380.5	36
14380.6	42
14380.6	52
14380.7	43
14380.8	36
14380.8	38
14380.9	49
14381	28
14381	43
14381.1	50
14381.2	37
14381.3	42
14381.3	32
14381.4	47
14381.5	41
14381.5	34
14381.6	43
14381.7	60
14381.7	41
14381.8	56
14381.9	41
14381.9	55
14382	34
14382.1	50
14382.2	66
14382.2	52
14382.3	53
14382.4	53
14382.4	41
14382.5	43
14382.6	54
14382.6	52
14382.7	34
14382.8	34
14382.8	41
14382.9	49
14383	56
14383.1	45
14383.1	59
14383.2	54
14383.3	40
14383.3	28
14383.4	58
14383.5	41
14383.5	37
14383.6	52
14383.7	62
14383.7	37
14383.8	44
14383.9	12
14384	38
14384	53
14384.1	48
14384.2	42
14384.2	42
14384.3	31
14384.4	46
14384.4	48
14384.5	41
14384.6	43
14384.6	45
14384.7	49
14384.8	54
14384.8	44
14384.9	35
14385	38
14385.1	54
14385.1	53
14385.2	36
14385.3	79
14385.3	35
14385.4	33
14385.5	44
14385.5	62
14385.6	43
14385.7	47
14385.7	44
14385.8	40
14385.9	59
14386	41
14386	37
14386.1	38
14386.2	6
14386.2	63
14386.3	70
14386.4	30
14386.4	49
14386.5	43
14386.6	33
14386.6	65
14386.7	37
14386.8	58
14386.8	33
14386.9	34
14387	48
14387.1	70
14387.1	69
14387.2	64
14387.3	37
14387.3	60
14387.4	59
14387.5	50
14387.5	54
14387.6	42
14387.7	36
14387.7	53
14387.8	31
14387.9	47
14388	45
14388	42
14388.1	44
14388.2	31
14388.2	45
14388.3	56
14388.4	39
14388.4	12
14388.5	57
14388.6	48
14388.6	48
14388.7	51
14388.8	60
14388.8	46
14388.9	52
14389	32
14389.1	49
14389.1	46
14389.2	37
14389.3	40
14389.3	62
14389.4	52
14389.5	35
14389.5	46
14389.6	48
14389.7	45
14389.7	44
14389.8	43
14389.9	31
14389.9	38
14390	50
14390.1	48
14390.2	83
14390.2	49
14390.3	47
14390.4	61
14390.4	40
14390.5	63
14390.6	60
14390.6	37
14390.7	50
14390.8	50
14390.8	31
14390.9	50
14391	40
14391	47
14391.1	27
14391.2	61
14391.3	49
14391.3	56
14391.4	29
14391.5	57
14391.5	34
14391.6	52
14391.7	62
14391.7	32
14391.8	40
14391.9	29
14391.9	50
14392	51
14392.1	58
14392.1	42
14392.2	58
14392.3	49
14392.3	69
14392.4	63
14392.5	13
14392.6	39
14392.6	34
14392.7	42
14392.8	49
14392.8	36
14392.9	43
14393	47
14393	49
14393.1	54
14393.2	56
14393.2	49
14393.3	35
14393.4	40
14393.4	57
14393.5	52
14393.6	36
14393.7	47
14393.7	42
14393.8	44
14393.9	40
14393.9	38
14394	31
14394.1	49
14394.1	50
14394.2	52
14394.3	45
14394.3	29
14394.4	38
14394.5	25
14394.5	62
14394.6	58
14394.7	56
14394.7	43
14394.8	38
14394.9	27
14395	67
14395	40
14395.1	59
14395.2	37
14395.2	41
14395.3	39
14395.4	52
14395.4	39
14395.5	52
14395.6	46
14395.6	47
14395.7	68
14395.8	47
14395.8	32
14395.9	41
14396	39
14396	44
14396.1	59
14396.2	54
14396.2	70
14396.3	35
14396.4	28
14396.5	55
14396.5	53
14396.6	47
14396.7	41
14396.7	42
14396.8	39
14396.9	50
14396.9	45
14397	52
14397.1	9
14397.1	35
14397.2	55
14397.3	38
14397.3	44
14397.4	54
14397.5	39
14397.5	47
14397.6	65
14397.7	38
14397.7	41
14397.8	23
14397.9	37
14398	50
14398	45
14398.1	44
14398.2	45
14398.2	28
14398.3	39
14398.4	48
14398.4	40
14398.5	36
14398.6	32
14398.6	53
14398.7	44
14398.8	60
14398.8	52
14398.9	38
14399	50
14399	56
14399.1	48
14399.2	50
14399.2	53
14399.3	41
14399.4	56
14399.5	44
14399.5	53
14399.6	46
14399.7	16
14399.7	46
14399.8	60
14399.9	42
14399.9	39
14400	28
14400.1	55
14400.1	50
14400.2	43
14400.3	51
14400.3	46
14400.4	41
14400.5	53
14400.5	55
14400.6	45
14400.7	35
14400.7	38
14400.8	34
14400.9	53
14400.9	50
14401	51
14401.1	37
14401.2	19
14401.2	44
14401.3	45
14401.4	25
14401.4	62
14401.5	39
14401.6	46
14401.6	22
14401.7	52
14401.8	39
14401.8	39
14401.9	25
14402	41
14402	34
14402.1	47
14402.2	53
14402.2	38
14402.3	36
14402.4	41
14402.4	39
14402.5	66
14402.6	47
14402.6	18
14402.7	32
14402.8	51
14402.8	41
14402.9	29
14403	57
14403.1	44
14403.1	31
14403.2	60
14403.3	54
14403.3	38
14403.4	26
14403.5	49
14403.5	34
14403.6	41
14403.7	47
14403.7	39
14403.8	52
14403.9	39
14403.9	58
14404	57
14404.1	37
14404.1	38
14404.2	45
14404.3	39
14404.3	40
14404.4	34
14404.5	37
14404.5	30
14404.6	41
14404.7	50
14404.7	41
14404.8	26
14404.9	41
14405	56
14405	39
14405.1	56
14405.2	25
14405.2	18
14405.3	46
14405.4	35
14405.4	38
14405.5	42
14405.6	37
14405.6	35
14405.7	43
14405.8	61
14405.8	49
14405.9	28
14406	53
14406	33
14406.1	36
14406.2	48
14406.2	48
14406.3	48
14406.4	52
14406.4	62
14406.5	46
14406.6	46
14406.6	38
14406.7	34
14406.8	45
14406.8	33
14406.9	43
14407	51
14407	45
14407.1	38
14407.2	34
14407.2	43
14407.3	45
14407.4	44
14407.5	47
14407.5	43
14407.6	55
14407.7	62
14407.7	34
14407.8	59
14407.9	23
14407.9	53
14408	49
14408.1	41
14408.1	47
14408.2	31
14408.3	28
14408.3	52
14408.4	42
14408.5	21
14408.5	39
14408.6	38
14408.7	50
14408.7	33
14408.8	52
14408.9	25
14408.9	35
14409	49
14409.1	40
14409.1	46
14409.2	54
14409.3	55
14409.3	54
14409.4	40
14409.5	45
14409.5	37
14409.6	41
14409.7	37
14409.7	54
14409.8	40
14409.9	38
14409.9	58
14410	28
14410.1	39
14410.1	60
14410.2	45
14410.3	45
14410.3	52
14410.4	17
14410.5	50
14410.6	54
14410.6	50
14410.7	40
14410.8	44
14410.8	51
14410.9	57
14411	29
14411	36
14411.1	26
14411.2	35
14411.2	52
14411.3	30
14411.4	36
14411.4	35
14411.5	43
14411.6	34
14411.6	65
14411.7	42
14411.8	33
14411.8	47
14411.9	39
14412	40
14412	45
14412.1	48
14412.2	41
14412.2	41
14412.3	42
14412.4	38
14412.4	46
14412.5	40
14412.6	28
14412.6	25
14412.7	31
14412.8	47
14412.8	32
14412.9	40
14413	10
14413	25
14413.1	33
14413.2	50
14413.2	36
14413.3	49
14413.4	58
14413.4	46
14413.5	33
14413.6	60
14413.6	34
14413.7	3
14413.8	25
14413.8	48
14413.9	48
14414	53
14414	41
14414.1	44
14414.2	40
14414.2	28
14414.3	50
14414.4	40
14414.4	22
14414.5	46
14414.6	30
14414.6	51
14414.7	46
14414.8	47
14414.8	47
14414.9	41
14415	47
14415	37
14415.1	35
14415.2	29
14415.3	42
14415.3	33
14415.4	52
14415.5	51
14415.5	50
14415.6	43
14415.7	26
14415.7	46
14415.8	61
14415.9	23
14415.9	41
14416	35
14416.1	49
14416.1	46
14416.2	27
14416.3	38
14416.3	43
14416.4	48
14416.5	39
14416.5	45
14416.6	45
14416.7	21
14416.7	44
14416.8	37
14416.9	30
14416.9	42
14417	20
14417.1	40
14417.1	42
14417.2	46.918
14417.3	44.859
14417.3	53.3909
14417.4	23.7365
14417.5	36.9276
14417.5	32.7528
14417.6	32.105
14417.7	30.7167
14417.7	50.263
14417.8	43.9797
14417.9	30.9862
14417.9	46.9801
14418	46.9751
14418.1	34.7162
14418.1	28.597
14418.2	54.1451
14418.3	40.5751
14418.3	44.5752
14418.4	35.7926
14418.5	38.8809
14418.5	49.791
14418.6	17.9463
14418.7	54.2956
14418.7	48.8118
14418.8	33.0841
14418.9	38.3635
14418.9	43.3346
14419	39.2154
14419.1	48.9744
14419.1	26.5616
14419.2	43.6964
14419.3	42.6079
14419.3	29.4131
14419.4	34.5664
14419.5	39.6008
14419.5	34.1699
14419.6	43.6311
14419.7	33.5286
14419.7	47.0783
14419.8	44.6545
14419.9	32.0236
14419.9	35.4185
14420	37.2303
14420.1	42.8409
14420.1	34.8753
14420.2	37.2647
14420.3	41.2004
14420.3	41.8597
14420.4	41.4017
14420.5	36.8855
14420.5	42.5824
14420.6	30.8836
14420.7	36.9459
14420.7	37.727
14420.8	35.0789
14420.9	36.6076
14420.9	39.3075
14421	41.1378
14421.1	38.3229
14421.1	41.856
14421.2	31.9014
14421.3	30.5475
14421.3	25.1992
14421.4	42.7678
14421.5	29.0134
14421.5	27.9966
14421.6	23.8568
14421.7	33.9021
14421.7	39.3051
14421.8	35.3616
14421.9	34.4952
14421.9	23.1856
14422	33.2667
14422.1	34.2913
14422.1	36.3174
14422.2	35.6102
14422.3	27.4089
14422.3	22.0238
14422.4	35.5166
14422.5	34.2871
14422.5	26.7863
14422.6	29.5349
14422.7	24.9586
14422.7	29.0046
14422.8	37.9473
14422.9	35.0763
14422.9	38.0664
14423	36.2015
14423.1	22.3537
14423.1	29.1106
14423.2	34.5315
14423.3	38.3347
14423.3	45.4094
14423.4	28.6643
14423.5	17.5923
14423.5	19.1913
14423.6	27.6867
14423.6	21.7266
14423.7	20.6493
14423.8	44.5315
14423.8	43.0352
14423.9	36.0136
14424	25.0844
14424	32
14424.1	12
14424.2	8
14424.2	40
14424.3	15
14424.4	40
14424.4	48
14424.5	36
14424.6	32
14424.6	37
14424.7	18
14424.8	42
14424.8	36
14424.9	24
14425	42
14425	51
14425.1	39
14425.2	30
14425.3	26
14425.3	49
14425.4	39
14425.5	33
14425.5	47
14425.6	27
14425.7	28
14425.7	23
14425.8	48
14425.9	35
14425.9	27
14426	36
14426.1	35
14426.1	38
14426.2	37
14426.3	49
14426.3	18
14426.4	37
14426.5	43
14426.5	32
14426.6	40
14426.7	39
14426.7	30
14426.8	65
14426.9	50
14426.9	44
14427	49
14427.1	39
14427.1	26
14427.2	35
14427.3	44
14427.3	48
14427.4	39
14427.5	35
14427.5	43
14427.6	34
14427.7	42
14427.7	25
14427.8	59
14427.9	35
14428	49
14428	41
14428.1	34
14428.2	27
14428.2	41
14428.3	42
14428.4	26
14428.4	25
14428.5	39
14428.6	54
14428.6	33
14428.7	45
14428.8	48
14428.8	41
14428.9	35
14429	36
14429	40
14429.1	38
14429.2	30
14429.2	33
14429.3	30
14429.4	38
14429.4	35
14429.5	33
14429.6	54
14429.6	57
14429.7	19
14429.8	23
14429.8	50
14429.9	43
14430	54
14430	43
14430.1	39
14430.2	45
14430.2	41
14430.3	31
14430.4	33
14430.4	27
14430.5	38
14430.6	46
14430.6	33
14430.7	30
14430.8	43
14430.8	43
14430.9	25
14431	40
14431	43
14431.1	25
14431.2	25
14431.2	46
14431.3	44
14431.4	43
14431.4	42
14431.5	46
14431.6	27
14431.6	40
14431.7	49
14431.8	47
14431.9	51
14431.9	21
14432	58
14432.1	40
14432.1	37
14432.2	59
14432.3	38
14432.3	41
14432.4	44
14432.5	44
14432.5	51
14432.6	55
14432.7	30
14432.7	38
14432.8	38
14432.9	37
14432.9	55
14433	49
14433.1	47
14433.1	29
14433.2	44
14433.3	43
14433.3	48
14433.4	55
14433.5	46
14433.5	52
14433.6	35
14433.7	34
14433.7	53
14433.8	39
14433.9	40
14433.9	37
14434	61
14434.1	36
14434.1	41
14434.2	38
14434.3	38
14434.3	32
14434.4	38
14434.5	36
14434.5	37
14434.6	49
14434.7	18
14434.7	43
14434.8	38
14434.9	24
14434.9	46
14435	39
14435.1	43
14435.1	39
14435.2	34
14435.3	39
14435.3	49
14435.4	39
14435.5	49
14435.5	43
14435.6	35
14435.7	52
14435.7	41
14435.8	58
14435.9	47
14435.9	49
14436	50
14436.1	52
14436.1	29
14436.2	53
14436.3	28
14436.3	21
14436.4	34
14436.5	38
14436.5	52
14436.6	42
14436.7	18
14436.7	43
14436.8	37
14436.9	46
14436.9	33
14437	69
14437.1	43
14437.1	58
14437.2	29
14437.3	50
14437.3	28
14437.4	43
14437.5	47
14437.5	44
14437.6	39
14437.7	44
14437.7	43
14437.8	55
14437.9	40
14437.9	45
14438	58
14438.1	47
14438.1	11
14438.2	40
14438.3	32
14438.3	51
14438.4	41
14438.5	67
14438.5	46
14438.6	56
14438.7	43
14438.7	54
14438.8	29
14438.9	25
14438.9	50
14439	47
14439.1	31
14439.1	56
14439.2	60
14439.3	47
14439.3	43
14439.4	41
14439.5	46
14439.5	28
14439.6	41
14439.7	49
14439.7	48
14439.8	49
14439.9	50
14439.9	36
14440	42
14440.1	46
14440.1	31
14440.2	59
14440.3	38
14440.3	29
14440.4	63
14440.5	45
14440.5	41
14440.6	37
14440.7	48
14440.7	59
14440.8	44
14440.9	58
14440.9	42
14441	48
14441.1	19
14441.1	32
14441.2	67
14441.3	57
14441.3	36
14441.4	47
14441.5	46
14441.5	51
14441.6	48
14441.7	42
14441.7	55
14441.8	29
14441.9	55
14441.9	52
14442	47
14442.1	49
14442.1	42
14442.2	29
14442.3	34
14442.3	49
14442.4	46
14442.5	47
14442.5	42
14442.6	49
14442.7	48
14442.7	37
14442.8	39
14442.9	83
14442.9	60
14443	68
14443.1	48
14443.1	59
14443.2	47
14443.3	34
14443.3	50
14443.4	48
14443.5	49
14443.5	53
14443.6	21
14443.7	41
14443.7	48
14443.8	40
14443.9	44
14443.9	50
14444	52
14444.1	48
14444.1	56
14444.2	48
14444.3	37
14444.3	60
14444.4	54
14444.5	72
14444.5	36
14444.6	28
14444.7	48
14444.7	41
14444.8	54
14444.9	36
14444.9	64
14445	44
14445	30
14445.1	35
14445.2	46
14445.2	54
14445.3	38
14445.4	41
14445.4	51
14445.5	67
14445.6	49
14445.6	59
14445.7	58
14445.8	39
14445.8	57
14445.9	50
14446	51
14446	41
14446.1	47
14446.2	66
14446.2	53
14446.3	55
14446.4	58
14446.4	65
14446.5	25
14446.6	52
14446.6	41
14446.7	39
14446.8	54
14446.8	44
14446.9	50
14447	58
14447	43
14447.1	55
14447.2	50
14447.2	17
14447.3	53
14447.4	39
14447.4	47
14447.5	55
14447.6	42
14447.6	38
14447.7	51
14447.8	39
14447.8	43
14447.9	47
14448	29
14448	45
14448.1	63
14448.2	57
14448.2	45
14448.3	58
14448.4	54
14448.4	55
14448.5	48
14448.6	50
14448.6	35
14448.7	29
14448.8	57
14448.8	62
14448.9	53
14448.9	41
14449	46
14449.1	54
14449.1	55
14449.2	50
14449.3	58
14449.3	43
14449.4	45
14449.5	49
14449.5	59
14449.6	71
14449.7	39
14449.7	38
14449.8	40
14449.9	49
14449.9	57
14450	43
14450.1	47
14450.1	38
14450.2	52
14450.3	30
14450.3	47
14450.4	39
14450.5	39
14450.5	40
14450.6	49
14450.7	47
14450.7	39
14450.8	43
14450.9	60
14450.9	48
14451	63
14451.1	49
14451.1	49
14451.2	54
14451.3	32
14451.3	41
14451.4	64
14451.5	44
14451.5	41
14451.6	60
14451.6	52
14451.7	30
14451.8	50
14451.8	24
14451.9	2
14452	40
14452	45
14452.1	31
14452.2	28
14452.2	37
14452.3	36
14452.4	48
14452.4	51
14452.5	66
14452.6	34
14452.6	34
14452.7	46
14452.8	43
14452.8	65
14452.9	47
14453	39
14453	39
14453.1	39
14453.2	40
14453.2	61
14453.3	59
14453.4	23
14453.4	33
14453.5	58
14453.6	22
14453.6	43
14453.7	47
14453.8	56
14453.8	39
14453.9	45
14453.9	41
14454	37
14454.1	38
14454.1	43
14454.2	54
14454.3	40
14454.3	14
14454.4	47
14454.5	29
14454.5	39
14454.6	44
14454.7	53
14454.7	43
14454.8	36
14454.9	47
14454.9	50
14455	38
14455.1	45
14455.1	46
14455.2	49
14455.3	55
14455.3	53
14455.4	58
14455.5	41
14455.5	20
14455.6	45
14455.7	36
14455.7	37
14455.8	46
14455.8	46
14455.9	42
14456	62
14456	48
14456.1	39
14456.2	47
14456.2	39
14456.3	41
14456.4	46
14456.4	57
14456.5	45
14456.6	39
14456.6	48
14456.7	49
14456.8	44
14456.8	68
14456.9	37
14457	30
14457	44
14457.1	42
14457.2	46
14457.2	40
14457.3	29
14457.4	48
14457.4	63
14457.5	45
14457.5	50
14457.6	50
14457.7	52
14457.7	37
14457.8	34
14457.9	53
14457.9	31
14458	26
14458.1	30
14458.1	63
14458.2	44
14458.3	59
14458.3	47
14458.4	37
14458.5	71
14458.5	24
14458.6	51
14458.7	35
14458.7	40
14458.8	41
14458.9	40
14458.9	63
14459	53
14459.1	58
14459.1	42
14459.2	56
14459.2	43
14459.3	54
14459.4	41
14459.4	35
14459.5	52
14459.6	67
14459.6	33
14459.7	46
14459.8	59
14459.8	50
14459.9	51
14460	40
14460	49
14460.1	27
14460.2	43
14460.2	53
14460.3	44
14460.4	40
14460.4	35
14460.5	57
14460.5	46
14460.6	42
14460.7	46
14460.7	55
14460.8	50
14460.9	35
14460.9	49
14461	45
14461.1	37
14461.1	37
14461.2	47
14461.3	60
14461.3	38
14461.4	48
14461.5	48
14461.5	47
14461.6	32
14461.7	31
14461.7	48
14461.8	60
14461.9	33
14461.9	50
14462	33
14462	34
14462.1	72
14462.2	58
14462.2	27
14462.3	30
14462.4	33
14462.4	48
14462.5	41
14462.6	43
14462.6	49
14462.7	54
14462.8	48
14462.8	56
14462.9	47
14463	46
14463	43
14463.1	40
14463.2	40
14463.2	47
14463.3	41
14463.3	45
14463.4	42
14463.5	52
14463.5	57
14463.6	52
14463.7	58
14463.7	41
14463.8	48
14463.9	40
14463.9	40
14464	57
14464.1	38
14464.1	44
14464.2	40
14464.3	38
14464.3	46
14464.4	53
14464.5	48
14464.5	56
14464.6	45
14464.6	51
14464.7	26
14464.8	14
14464.8	38
14464.9	58
14465	43
14465	33
14465.1	49
14465.2	47
14465.2	39
14465.3	53
14465.4	42
14465.4	18
14465.5	21
14465.6	47
14465.6	54
14465.7	51
14465.7	61
14465.8	34
14465.9	45
14465.9	49
14466	39
14466.1	40
14466.1	41
14466.2	24
14466.3	30
14466.3	47
14466.4	50
14466.5	44
14466.5	40
14466.6	43
14466.7	53
14466.7	43
14466.8	66
14466.8	34
14466.9	23
14467	58
14467	39
14467.1	37
14467.2	45
14467.2	39
14467.3	45
14467.4	35
14467.4	34
14467.5	34
14467.6	47
14467.6	56
14467.7	37
14467.8	49
14467.8	53
14467.9	37
14467.9	36
14468	46
14468.1	54
14468.1	48
14468.2	58
14468.3	48
14468.3	55
14468.4	67
14468.5	50
14468.5	37
14468.6	44
14468.7	63
14468.7	23
14468.8	45
14468.9	38
14468.9	44
14469	39
14469	25
14469.1	56
14469.2	41
14469.2	42
14469.3	47
14469.4	46
14469.4	48
14469.5	52
14469.6	55
14469.6	55
14469.7	41
14469.8	36
14469.8	42
14469.9	61
14469.9	49
14470	44
14470.1	26
14470.1	37
14470.2	58
14470.3	18
14470.3	44
14470.4	37
14470.5	28
14470.5	43
14470.6	53
14470.7	44
14470.7	40
14470.8	44
14470.9	45
14470.9	28
14471	66
14471	36
14471.1	38
14471.2	72
14471.2	46
14471.3	51
14471.4	62
14471.4	33
14471.5	12
14471.6	43
14471.6	21
14471.7	47
14471.8	34
14471.8	44
14471.9	49
14471.9	48
14472	39
14472.1	59
14472.1	48
14472.2	30
14472.3	54
14472.3	51
14472.4	45
14472.5	58
14472.5	41
14472.6	33
14472.7	41
14472.7	30
14472.8	49
14472.8	44
14472.9	32
14473	42
14473	43
14473.1	40
14473.2	42
14473.2	42
14473.3	49
14473.4	53
14473.4	44
14473.5	57
14473.6	43
14473.6	42
14473.7	54
14473.7	36
14473.8	52
14473.9	63
14473.9	37
14474	35
14474.1	28
14474.1	56
14474.2	55
14474.3	22
14474.3	37
14474.4	24
14474.5	48
14474.5	55
14474.6	47
14474.6	42
14474.7	38
14474.8	28
14474.8	45
14474.9	55
14475	37
14475	37
14475.1	48
14475.2	52
14475.2	41
14475.3	42
14475.3	46
14475.4	44
14475.5	40
14475.5	50
14475.6	43
14475.7	45
14475.7	38
14475.8	48
14475.9	41
14475.9	29
14476	40
14476.1	49
14476.1	30
14476.2	44
14476.2	52
14476.3	50
14476.4	38
14476.4	43
14476.5	40
14476.6	50
14476.6	31
14476.7	37
14476.8	49
14476.8	46
14476.9	57
14477	51
14477	8
14477.1	50
14477.1	35
14477.2	44
14477.3	31
14477.3	32
14477.4	39
14477.5	31
14477.5	44
14477.6	43
14477.7	38
14477.7	51
14477.8	37
14477.8	48
14477.9	57
14478	43
14478	47
14478.1	30.0347
14478.2	36.1674
14478.2	38.0062
14478.3	46.5019
14478.4	36.9511
14478.4	43.6795
14478.5	49.8534
14478.5	45.7356
14478.6	52.5495
14478.7	61.7151
14478.7	38.4211
14478.8	38.8614
14478.9	20.7007
14478.9	45.4127
14479	48.374
14479.1	60.3218
14479.1	39.9158
14479.2	43.9536
14479.3	37.9167
14479.3	42.3453
14479.4	46.1584
14479.4	54.22
14479.5	36.8317
14479.6	40.2675
14479.6	40.7173
14479.7	42.2129
14479.8	47.8196
14479.8	38.7525
14479.9	26.6798
14480	34.2739
14480	40.2702
14480.1	36.6683
14480.1	41.0861
14480.2	19.5304
14480.3	26.7692
14480.3	39.1269
14480.4	39.5784
14480.5	31.6504
14480.5	38.81
14480.6	32.9218
14480.7	38.3153
14480.7	42.1531
14480.8	47.9162
14480.8	47.5168
14480.9	21.7042
14481	25.7628
14481	43.7921
14481.1	39.3932
14481.2	23.9895
14481.2	35.4444
14481.3	42.7292
14481.4	43.5056
14481.4	42.6686
14481.5	39.7621
14481.5	47.9799
14481.6	38.2344
14481.7	33.6293
14481.7	36.6032
14481.8	34.3657
14481.9	41.4299
14481.9	40.6837
14482	44.4602
14482.1	39.755
14482.1	32.5822
14482.2	32.6595
14482.2	34.5419
14482.3	33.4422
14482.4	31.9851
14482.4	35.6071
14482.5	36.3874
14482.6	30.7106
14482.6	22.2363
14482.7	37.6038
14482.8	30.2578
14482.8	36.6777
14482.9	37.1194
14482.9	45.2574
14483	19.0662
14483.1	22.9657
14483.1	44.1691
14483.2	36.8636
14483.3	45.0714
14483.3	29.164
14483.4	30.0362
14483.5	28.2673
14483.5	37.1906
14483.6	49.5864
14483.6	38.7405
14483.7	34.6286
14483.8	8.04951
14483.8	33.9043
14483.9	33.2357
14484	42.9293
14484	27.2929
14484.1	24.1902
14484.2	32.3511
14484.2	39.4722
14484.3	30.8852
14484.3	45.4423
14484.4	26.3631
14484.5	24.8379
14484.5	31
14484.6	26
14484.6	35
14484.7	33
14484.8	38
14484.8	33
14484.9	31
14484.9	41
14485	28
14485.1	31
14485.1	40
14485.2	15
14485.3	40
14485.3	50
14485.4	33
14485.5	24
14485.5	31
14485.6	24
14485.7	35
14485.7	34
14485.8	50
14485.9	31
14485.9	34
14486	39
14486	37
14486.1	53
14486.2	43
14486.2	37
14486.3	37
14486.4	52
14486.4	54
14486.5	47
14486.6	42
14486.6	40
14486.7	24
14486.8	37
14486.8	41
14486.9	19
14487	18
14487	38
14487.1	44
14487.1	46
14487.2	29
14487.3	39
14487.3	23
14487.4	46
14487.5	41
14487.5	56
14487.6	43
14487.7	23
14487.7	43
14487.8	64
14487.9	60
14487.9	33
14488	29
14488	29
14488.1	36
14488.2	40
14488.2	58
14488.3	40
14488.4	28
14488.4	40
14488.5	44
14488.6	43
14488.6	28
14488.7	28
14488.8	50
14488.8	44
14488.9	57
14489	48
14489	50
14489.1	13
14489.1	44
14489.2	40
14489.3	48
14489.3	53
14489.4	38
14489.5	42
14489.5	22
14489.6	38
14489.7	48
14489.7	39
14489.8	19
14489.9	25
14489.9	47
14490	44
14490	31
14490.1	27
14490.2	26
14490.2	39
14490.3	46
14490.4	45
14490.4	53
14490.5	27
14490.6	31
14490.6	37
14490.7	46
14490.8	46
14490.8	37
14490.9	53
14490.9	40
14491	47
14491.1	45
14491.1	58
14491.2	30
14491.3	22
14491.3	43
14491.4	28
14491.5	41
14491.5	47
14491.6	65
14491.7	55
14491.7	42
14491.8	48
14491.8	41
14491.9	30
14492	61
14492	43
14492.1	42
14492.2	42
14492.2	31
14492.3	40
14492.4	53
14492.4	61
14492.5	59
14492.6	41
14492.6	42
14492.7	44
14492.7	50
14492.8	29
14492.9	48
14492.9	43
14493	42
14493.1	69
14493.1	58
14493.2	46
14493.3	37
14493.3	47
14493.4	54
14493.5	45
14493.5	55
14493.6	44
14493.6	39
14493.7	53
14493.8	40
14493.8	53
14493.9	52
14494	43
14494	32
14494.1	52
14494.2	40
14494.2	40
14494.3	39
14494.3	46
14494.4	44
14494.5	46
14494.5	34
14494.6	51
14494.7	39
14494.7	30
14494.8	39
14494.9	35
14494.9	59
14495	37
14495.1	61
14495.1	37
14495.2	31
14495.2	65
14495.3	46
14495.4	40
14495.4	46
14495.5	51
14495.6	36
14495.6	39
14495.7	48
14495.8	17
14495.8	43
14495.9	50
14496	51
14496	56
14496.1	42
14496.1	47
14496.2	47
14496.3	39
14496.3	54
14496.4	29
14496.5	33
14496.5	29
14496.6	37
14496.7	31
14496.7	24
14496.8	40
14496.8	48
14496.9	50
14497	47
14497	42
14497.1	36
14497.2	18
14497.2	51
14497.3	53
14497.4	65
14497.4	48
14497.5	39
14497.5	39
14497.6	56
14497.7	42
14497.7	42
14497.8	45
14497.9	29
14497.9	52
14498	51
14498.1	49
14498.1	50
14498.2	46
14498.3	40
14498.3	41
14498.4	40
14498.4	57
14498.5	49
14498.6	30
14498.6	46
14498.7	42
14498.8	48
14498.8	40
14498.9	45
14499	53
14499	43
14499.1	54
14499.1	58
14499.2	42
14499.3	48
14499.3	49
14499.4	61
14499.5	55
14499.5	45
14499.6	42
14499.7	38
14499.7	60
14499.8	47
14499.8	34
14499.9	27
14500	37
14500	48
14500.1	28
14500.2	45
14500.2	37
14500.3	48
14500.4	42
14500.4	40
14500.5	52
14500.5	56
14500.6	42
14500.7	29
14500.7	60
14500.8	52
14500.9	44
14500.9	43
14501	40
14501.1	26
14501.1	50
14501.2	52
14501.2	47
14501.3	48
14501.4	39
14501.4	49
14501.5	48
14501.6	63
14501.6	42
14501.7	43
14501.8	40
14501.8	38
14501.9	63
14501.9	49
14502	45
14502.1	34
14502.1	51
14502.2	53
14502.3	74
14502.3	72
14502.4	31
14502.5	33
14502.5	62
14502.6	55
14502.6	62
14502.7	49
14502.8	44
14502.8	65
14502.9	47
14503	43
14503	36
14503.1	28
14503.2	60
14503.2	55
14503.3	51
14503.3	42
14503.4	44
14503.5	62
14503.5	45
14503.6	35
14503.7	47
14503.7	48
14503.8	41
14503.8	48
14503.9	41
14504	39
14504	56
14504.1	44
14504.2	68
14504.2	40
14504.3	45
14504.4	64
14504.4	58
14504.5	24
14504.5	44
14504.6	52
14504.7	40
14504.7	45
14504.8	48
14504.9	50
14504.9	32
14505	36
14505.1	58
14505.1	46
14505.2	37
14505.2	44
14505.3	50
14505.4	49
14505.4	51
14505.5	46
14505.6	56
14505.6	59
14505.7	42
14505.8	55
14505.8	45
14505.9	30
14505.9	63
14506	57
14506.1	51
14506.1	38
14506.2	39
14506.3	49
14506.3	50
14506.4	47
14506.4	51
14506.5	53
14506.6	38
14506.6	49
14506.7	43
14506.8	59
14506.8	44
14506.9	35
14507	30
14507	51
14507.1	51
14507.1	60
14507.2	53
14507.3	35
14507.3	35
14507.4	51
14507.5	50
14507.5	42
14507.6	53
14507.6	41
14507.7	43
14507.8	51
14507.8	45
14507.9	52
14508	42
14508	45
14508.1	61
14508.2	58
14508.2	42
14508.3	39
14508.3	42
14508.4	44
14508.5	43
14508.5	53
14508.6	49
14508.7	59
14508.7	52
14508.8	53
14508.8	54
14508.9	54
14509	53
14509	48
14509.1	46
14509.2	37
14509.2	51
14509.3	32
14509.4	58
14509.4	59
14509.5	50
14509.5	55
14509.6	44
14509.7	45
14509.7	59
14509.8	53
14509.9	47
14509.9	36
14510	58
14510	43
14510.1	54
14510.2	39
14510.2	66
14510.3	41
14510.4	39
14510.4	57
14510.5	47
14510.5	51
14510.6	32
14510.7	33
14510.7	36
14510.8	67
14510.9	53
14510.9	66
14511	48
14511.1	40
14511.1	39
14511.2	58
14511.2	57
14511.3	48
14511.4	32
14511.4	67
14511.5	49
14511.6	70
14511.6	38
14511.7	48
14511.7	19
14511.8	36
14511.9	49
14511.9	67
14512	42
14512.1	37
14512.1	36
14512.2	44
14512.2	47
14512.3	49
14512.4	40
14512.4	30
14512.5	46
14512.6	53
14512.6	46
14512.7	48
14512.8	41
14512.8	29
14512.9	70
14512.9	57
14513	46
14513.1	58
14513.1	42
14513.2	49
14513.3	42
14513.3	51
14513.4	37
14513.4	43
14513.5	60
14513.6	65
14513.6	37
14513.7	70
14513.8	63
14513.8	54
14513.9	40
14513.9	42
14514	51
14514.1	49
14514.1	27
14514.2	40
14514.3	73
14514.3	51
14514.4	52
14514.4	51
14514.5	20
14514.6	68
14514.6	55
14514.7	50
14514.8	67
14514.8	38
14514.9	24
14514.9	47
14515	53
14515.1	45
14515.1	33
14515.2	52
14515.3	65
14515.3	46
14515.4	58
14515.4	30
14515.5	34
14515.6	44
14515.6	51
14515.7	55
14515.8	55
14515.8	21
14515.9	32
14515.9	59
14516	43
14516.1	57
14516.1	68
14516.2	46
14516.3	57
14516.3	59
14516.4	52
14516.4	38
14516.5	37
14516.6	54
14516.6	51
14516.7	40
14516.8	45
14516.8	40
14516.9	15
14517	53
14517	42
14517.1	46
14517.1	44
14517.2	45
14517.3	16
14517.3	43
14517.4	33
14517.5	66
14517.5	28
14517.6	14
14517.6	31
14517.7	60
14517.8	37
14517.8	68
14517.9	29
14518	57
14518	34
14518.1	26
14518.1	56
14518.2	40
14518.3	36
14518.3	35
14518.4	25
14518.4	46
14518.5	46
14518.6	32
14518.6	53
14518.7	44
14518.8	51
14518.8	41
14518.9	56
14518.9	32
14519	38
14519.1	35
14519.1	36
14519.2	44
14519.3	50
14519.3	43
14519.4	41
14519.4	32
14519.5	46
14519.6	37
14519.6	29
14519.7	64
14519.8	46
14519.8	45
14519.9	42
14519.9	38
14520	48
14520.1	41
14520.1	52
14520.2	55
14520.3	35
14520.3	28
14520.4	52
14520.4	28
14520.5	43
14520.6	41
14520.6	58
14520.7	44
14520.8	46
14520.8	57
14520.9	50
14520.9	31
14521	34
14521.1	49
14521.1	60
14521.2	51
14521.3	41
14521.3	39
14521.4	30
14521.4	36
14521.5	41
14521.6	56
14521.6	29
14521.7	51
14521.8	44
14521.8	48
14521.9	40
14521.9	50
14522	29
14522.1	40
14522.1	52
14522.2	52
14522.2	53
14522.3	30
14522.4	32
14522.4	36
14522.5	32
14522.6	38
14522.6	59
14522.7	32
14522.7	42
14522.8	46
14522.9	37
14522.9	45
14523	46
14523.1	49
14523.1	47
14523.2	62
14523.2	44
14523.3	41
14523.4	34
14523.4	27
14523.5	49
14523.6	46
14523.6	38
14523.7	29
14523.7	47
14523.8	34
14523.9	41
14523.9	45
14524	36
14524	39
14524.1	43
14524.2	58
14524.2	46
14524.3	48
14524.4	35
14524.4	39
14524.5	29
14524.5	47
14524.6	42
14524.7	37
14524.7	35
14524.8	44
14524.9	51
14524.9	35
14525	26
14525	67
14525.1	46
14525.2	35
14525.2	39
14525.3	61
14525.4	37
14525.4	33
14525.5	41
14525.5	53
14525.6	62
14525.7	40
14525.7	46
14525.8	34
14525.8	50
14525.9	43
14526	38
14526	39
14526.1	43
14526.2	29
14526.2	41
14526.3	51
14526.3	37
14526.4	43
14526.5	38
14526.5	46
14526.6	47
14526.7	36
14526.7	41
14526.8	49
14526.8	39
14526.9	47
14527	52
14527	74
14527.1	36
14527.1	35
14527.2	57
14527.3	66
14527.3	51
14527.4	34
14527.5	27
14527.5	52
14527.6	17
14527.6	51
14527.7	31
14527.8	33
14527.8	46
14527.9	48
14527.9	55
14528	37
14528.1	52
14528.1	61
14528.2	56
14528.3	25
14528.3	58
14528.4	26
14528.4	20
14528.5	40
14528.6	60
14528.6	49
14528.7	47
14528.8	56
14528.8	42
14528.9	48
14528.9	44
14529	67
14529.1	24
14529.1	35
14529.2	46
14529.2	48
14529.3	49
14529.4	40
14529.4	35
14529.5	57
14529.6	70
14529.6	34
14529.7	52
14529.7	29
14529.8	26
14529.9	57
14529.9	57
14530	42
14530	44
14530.1	35
14530.2	52
14530.2	52
14530.3	27
14530.4	62
14530.4	51
14530.5	32
14530.5	38
14530.6	43
14530.7	69
14530.7	49
14530.8	44
14530.8	51
14530.9	49
14531	34
14531	70
14531.1	40
14531.2	35
14531.2	54
14531.3	47
14531.3	51
14531.4	34
14531.5	21
14531.5	37
14531.6	59
14531.6	39
14531.7	61
14531.8	32
14531.8	32
14531.9	35
14532	43
14532	30
14532.1	60
14532.1	52
14532.2	53
14532.3	55
14532.3	45
14532.4	42
14532.4	50
14532.5	30
14532.6	43
14532.6	28
14532.7	55
14532.8	19
14532.8	33
14532.9	33
14532.9	34
14533	45
14533.1	43
14533.1	56
14533.2	44
14533.2	49
14533.3	32
14533.4	33
14533.4	48
14533.5	60
14533.6	40
14533.6	52
14533.7	38
14533.7	44
14533.8	50
14533.9	36
14533.9	34
14534	41
14534	46
14534.1	47
14534.2	58
14534.2	33
14534.3	34
14534.3	47
14534.4	29
14534.5	45
14534.5	50
14534.6	45
14534.7	47
14534.7	42
14534.8	42
14534.8	51
14534.9	46
14535	47
14535	49
14535.1	47
14535.1	57
14535.2	41
14535.3	49
14535.3	44
14535.4	45
14535.5	34
14535.5	28
14535.6	32
14535.6	38
14535.7	38
14535.8	31
14535.8	36
14535.9	42
14535.9	39
14536	45
14536.1	43
14536.1	24
14536.2	35
14536.2	31
14536.3	54
14536.4	44.8776
14536.4	49.4316
14536.5	44.7794
14536.6	46.5907
14536.6	36.4439
14536.7	56.5346
14536.7	53.1466
14536.8	27.5588
14536.9	21.1937
14536.9	36.7833
14537	42.876
14537	51.041
14537.1	40.9242
14537.2	45.4582
14537.2	48.3615
14537.3	24.0348
14537.3	33.455
14537.4	43.8361
14537.5	58.9803
14537.5	29.6589
14537.6	38.6747
14537.7	45.6364
14537.7	42.7537
14537.8	38.201
14537.8	51.6591
14537.9	56.4574
14538	50.3465
14538	42.3766
14538.1	37.8053
14538.1	34.9
14538.2	30.0127
14538.3	46.1354
14538.3	40.4678
14538.4	38.2724
14538.4	35.8676
14538.5	40.3669
14538.6	42.2269
14538.6	35.6039
14538.7	30.7104
14538.8	43.5441
14538.8	37.7869
14538.9	36.8461
14538.9	24.0974
14539	33.5387
14539.1	33.7524
14539.1	31.215
14539.2	30.9365
14539.2	27.4863
14539.3	42.0474
14539.4	43.685
14539.4	46.8856
14539.5	30.7727
14539.5	38.6819
14539.6	38.8094
14539.7	35.3449
14539.7	35.7551
14539.8	39.3871
14539.9	31.9129
14539.9	28.2755
14540	27.8735
14540	32.0781
14540.1	40.7093
14540.2	37.833
14540.2	28.2188
14540.3	31.8036
14540.3	39.8354
14540.4	29.8599
14540.5	23.7643
14540.5	25.198
14540.6	37.81
14540.6	35.8676
14540.7	29.7927
14540.8	35.7574
14540.8	36.201
14540.9	43.0334
14540.9	40.4196
14541	41.1277
14541.1	44.656
14541.1	37.6625
14541.2	28.6868
14541.3	33.4141
14541.3	43.4367
14541.4	44.7757
14541.4	39.6279
14541.5	33.2292
14541.6	33.368
14541.6	32.3564
14541.7	30.4522
14541.7	33.9884
14541.8	27.0048
14541.9	34.1683
14541.9	29.0208
14542	29.7946
14542	27.1578
14542.1	33.9265
14542.2	33.608
14542.2	29.9133
14542.3	33.3971
14542.3	33.6445
14542.4	32.4921
14542.5	15.5508
14542.5	29.4703
14542.6	4
14542.6	36
14542.7	25
14542.8	50
14542.8	48
14542.9	18
14543	8
14543	34
14543.1	35
14543.1	48
14543.2	9
14543.3	42
14543.3	33
14543.4	45
14543.5	50
14543.5	38
14543.6	41
14543.6	36
14543.7	40
14543.8	33
14543.8	51
14543.9	38
14543.9	56
14544	38
14544.1	42
14544.1	41
14544.2	47
14544.3	48
14544.3	33
14544.4	45
14544.4	30
14544.5	31
14544.6	40
14544.6	46
14544.7	50
14544.8	51
14544.8	39
14544.9	48
14544.9	19
14545	41
14545.1	45
14545.1	47
14545.2	36
14545.2	45
14545.3	26
14545.4	58
14545.4	19
14545.5	38
14545.6	34
14545.6	21
14545.7	43
14545.7	33
14545.8	33
14545.9	29
14545.9	26
14546	31
14546	50
14546.1	52
14546.2	46
14546.2	41
14546.3	23
14546.4	25
14546.4	54
14546.5	19
14546.5	42
14546.6	43
14546.7	50
14546.7	57
14546.8	33
14546.9	43
14546.9	39
14547	25
14547	42
14547.1	48
14547.2	43
14547.2	29
14547.3	48
14547.3	25
14547.4	44
14547.5	53
14547.5	54
14547.6	60
14547.7	36
14547.7	52
14547.8	40
14547.8	31
14547.9	36
14548	58
14548	54
14548.1	56
14548.1	25
14548.2	46
14548.3	45
14548.3	39
14548.4	42
14548.5	36
14548.5	45
14548.6	44
14548.6	35
14548.7	45
14548.8	34
14548.8	26
14548.9	44
14548.9	47
14549	30
14549.1	41
14549.1	51
14549.2	44
14549.3	39
14549.3	37
14549.4	50
14549.4	51
14549.5	32
14549.6	35
14549.6	26
14549.7	41
14549.7	31
14549.8	46
14549.9	53
14549.9	49
14550	52
14550.1	47
14550.1	45
14550.2	46
14550.2	38
14550.3	42
14550.4	59
14550.4	62
14550.5	27
14550.5	45
14550.6	37
14550.7	33
14550.7	53
14550.8	39
14550.9	46
14550.9	38
14551	42
14551	50
14551.1	47
14551.2	27
14551.2	63
14551.3	45
14551.3	25
14551.4	45
14551.5	63
14551.5	45
14551.6	58
14551.7	36
14551.7	38
14551.8	35
14551.8	46
14551.9	61
14552	40
14552	29
14552.1	47
14552.1	49
14552.2	40
14552.3	44
14552.3	50
14552.4	51
14552.4	50
14552.5	50
14552.6	66
14552.6	45
14552.7	49
14552.8	45
14552.8	53
14552.9	47
14552.9	44
14553	52
14553.1	48
14553.1	50
14553.2	61
14553.2	64
14553.3	44
14553.4	36
14553.4	45
14553.5	50
14553.6	50
14553.6	48
14553.7	32
14553.7	32
14553.8	65
14553.9	71
14553.9	26
14554	40
14554	44
14554.1	64
14554.2	39
14554.2	41
14554.3	18
14554.3	34
14554.4	32
14554.5	49
14554.5	54
14554.6	43
14554.7	37
14554.7	50
14554.8	38
14554.8	49
14554.9	53
14555	38
14555	45
14555.1	53
14555.1	54
14555.2	48
14555.3	49
14555.3	26
14555.4	48
14555.4	41
14555.5	48
14555.6	62
14555.6	57
14555.7	46
14555.8	46
14555.8	48
14555.9	59
14555.9	48
14556	55
14556.1	59
14556.1	62
14556.2	63
14556.2	40
14556.3	71
14556.4	47
14556.4	35
14556.5	51
14556.5	42
14556.6	55
14556.7	39
14556.7	51
14556.8	43
14556.9	49
14556.9	49
14557	51
14557	37
14557.1	39.5
14557.2	42
14557.2	42
14557.3	41
14557.3	40
14557.4	47
14557.5	37
14557.5	47
14557.6	68
14557.6	46
14557.7	39
14557.8	44
14557.8	55
14557.9	46
14558	55
14558	55
14558.1	38
14558.1	59
14558.2	37
14558.3	33
14558.3	51
14558.4	39
14558.4	69
14558.5	62
14558.6	56
14558.6	41
14558.7	65
14558.7	34
14558.8	39
14558.9	32
14558.9	44
14559	56
14559	39
14559.1	55
14559.2	46
14559.2	62
14559.3	52
14559.4	43
14559.4	43
14559.5	67
14559.5	45
14559.6	52
14559.7	55
14559.7	41
14559.8	51
14559.8	50
14559.9	64
14560	55
14560	64
14560.1	45
14560.1	49
14560.2	54
14560.3	57
14560.3	48
14560.4	36
14560.4	44
14560.5	49
14560.6	54
14560.6	52
14560.7	54
14560.8	58
14560.8	48
14560.9	41
14560.9	60
14561	43
14561.1	35
14561.1	48
14561.2	46
14561.2	46
14561.3	35
14561.4	49
14561.4	38
14561.5	65
14561.5	49
14561.6	43
14561.7	50
14561.7	53
14561.8	50
14561.8	62
14561.9	41
14562	47
14562	44
14562.1	51
14562.1	47
14562.2	40
14562.3	33
14562.3	48
14562.4	49
14562.4	59
14562.5	38
14562.6	34
14562.6	48
14562.7	32
14562.8	35
14562.8	41
14562.9	51
14562.9	46
14563	40
14563.1	43
14563.1	58
14563.2	39
14563.2	51
14563.3	54
14563.4	49
14563.4	61
14563.5	39
14563.5	59
14563.6	65
14563.7	40
14563.7	42
14563.8	49
14563.8	53
14563.9	48
14564	52
14564	13
14564.1	58
14564.1	38
14564.2	40
14564.3	58
14564.3	54
14564.4	59
14564.4	47
14564.5	52
14564.6	55
14564.6	31
14564.7	41
14564.8	53
14564.8	38
14564.9	33
14564.9	43
14565	40
14565.1	38
14565.1	51
14565.2	46
14565.2	49
14565.3	34
14565.4	51
14565.4	49
14565.5	33
14565.5	58
14565.6	43
14565.7	43
14565.7	60
14565.8	58
14565.8	41
14565.9	63
14566	39
14566	46
14566.1	45
14566.1	38
14566.2	63
14566.3	49
14566.3	37
14566.4	60
14566.4	67
14566.5	45
14566.6	48
14566.6	22
14566.7	42
14566.7	55
14566.8	44
14566.9	54
14566.9	41
14567	33
14567	57
14567.1	34
14567.2	77
14567.2	52
14567.3	30
14567.3	56
14567.4	53
14567.5	54
14567.5	58
14567.6	59
14567.6	64
14567.7	56
14567.8	49
14567.8	59
14567.9	47
14568	30
14568	44
14568.1	40
14568.1	37
14568.2	51
14568.3	41
14568.3	38
14568.4	32
14568.4	56
14568.5	47
14568.6	54
14568.6	51
14568.7	38
14568.7	50
14568.8	51
14568.9	33
14568.9	45
14569	49
14569	53
14569.1	49
14569.2	40
14569.2	40
14569.3	32
14569.3	44
14569.4	56
14569.5	56
14569.5	52
14569.6	46
14569.6	32
14569.7	52
14569.8	54
14569.8	42
14569.9	41
14569.9	44
14570	46
14570.1	63
14570.1	55
14570.2	48
14570.2	40
14570.3	33
14570.4	43
14570.4	47
14570.5	46
14570.5	54
14570.6	62
14570.7	19
14570.7	63
14570.8	51
14570.8	63
14570.9	45
14571	35
14571	39
14571.1	35
14571.1	53
14571.2	38
14571.3	53
14571.3	51
14571.4	41
14571.4	52
14571.5	49
14571.6	60
14571.6	29
14571.7	36
14571.7	48
14571.8	28
14571.9	38
14571.9	38
14572	42
14572	42
14572.1	58
14572.2	47
14572.2	53
14572.3	51
14572.3	51
14572.4	45
14572.5	49
14572.5	34
14572.6	53
14572.6	41
14572.7	48
14572.8	42
14572.8	45
14572.9	30
14572.9	42
14573	46
14573.1	67
14573.1	50
14573.2	41
14573.2	49
14573.3	57
14573.4	47
14573.4	43
14573.5	50
14573.5	36
14573.6	62
14573.7	47
14573.7	51
14573.8	49
14573.8	62
14573.9	55
14574	27
14574	49
14574.1	68
14574.1	31
14574.2	37
14574.3	43
14574.3	64
14574.4	54
14574.4	47
14574.5	48
14574.6	33
14574.6	40
14574.7	53
14574.7	69
14574.8	40
14574.9	32
14574.9	42
14575	46
14575	48
14575.1	68
14575.2	42
14575.2	43
14575.3	49
14575.3	40
14575.4	44
14575.4	39
14575.5	39
14575.6	52
14575.6	60
14575.7	40
14575.7	55
14575.8	47
14575.9	32
14575.9	48
14576	42
14576	59
14576.1	63
14576.2	58
14576.2	60
14576.3	45
14576.3	43
14576.4	45
14576.5	39
14576.5	16
14576.6	38
14576.6	49
14576.7	72
14576.8	49
14576.8	28
14576.9	43
14576.9	56
14577	36
14577.1	48
14577.1	32
14577.2	27
14577.2	48
14577.3	46
14577.4	44
14577.4	40
14577.5	59
14577.5	40
14577.6	53
14577.7	30
14577.7	38
14577.8	41
14577.8	32
14577.9	56
14578	45
14578	31
14578.1	40
14578.1	38
14578.2	44
14578.3	30
14578.3	51
14578.4	56
14578.4	43
14578.5	36
14578.6	27
14578.6	41
14578.7	60
14578.7	55
14578.8	42
14578.8	39
14578.9	30
14579	54
14579	65
14579.1	39
14579.1	37
14579.2	57
14579.3	35
14579.3	36
14579.4	47
14579.4	28
14579.5	40
14579.6	61
14579.6	62
14579.7	47
14579.7	34
14579.8	32
14579.9	44
14579.9	37
14580	47
14580	51
14580.1	56
14580.2	52
14580.2	54
14580.3	39
14580.3	53
14580.4	38
14580.5	36
14580.5	39
14580.6	47
14580.6	46
14580.7	37
14580.8	44
14580.8	43
14580.9	41
14580.9	41
14581	48
14581	48
14581.1	45
14581.2	44
14581.2	48
14581.3	48
14581.3	44
14581.4	34
14581.5	32
14581.5	46
14581.6	44
14581.6	54
14581.7	39
14581.8	56
14581.8	49
14581.9	34
14581.9	53
14582	41
14582.1	24
14582.1	38
14582.2	51
14582.2	34
14582.3	44
14582.4	30
14582.4	31
14582.5	47
14582.5	51
14582.6	34
14582.6	23
14582.7	29
14582.8	51
14582.8	49
14582.9	53
14582.9	17
14583	22
14583.1	51
14583.1	56
14583.2	54
14583.2	42
14583.3	35
14583.4	53
14583.4	40
14583.5	45
14583.5	57
14583.6	37
14583.7	38
14583.7	42
14583.8	44
14583.8	62
14583.9	46
14583.9	35
14584	45
14584.1	38
14584.1	41
14584.2	35
14584.2	45
14584.3	36
14584.4	49
14584.4	54
14584.5	47
14584.5	46
14584.6	64
14584.7	44
14584.7	45
14584.8	57
14584.8	31
14584.9	42
14585	40
14585	40
14585.1	50
14585.1	55
14585.2	39
14585.3	44
14585.3	44
14585.4	47
14585.4	49
14585.5	45
14585.5	48
14585.6	42
14585.7	41
14585.7	48
14585.8	44
14585.8	40
14585.9	53
14586	32
14586	48
14586.1	46
14586.1	60
14586.2	56
14586.3	54
14586.3	40
14586.4	47
14586.4	52
14586.5	40
14586.5	37
14586.6	48
14586.7	39
14586.7	54
14586.8	54
14586.8	20
14586.9	44
14587	47
14587	47
14587.1	33
14587.1	62
14587.2	26
14587.3	27
14587.3	47
14587.4	32
14587.4	51
14587.5	27
14587.5	35
14587.6	35
14587.7	44
14587.7	41
14587.8	47
14587.8	41
14587.9	67
14588	60
14588	28
14588.1	25
14588.1	40
14588.2	17
14588.3	38
14588.3	36
14588.4	46
14588.4	38
14588.5	38
14588.5	49
14588.6	42
14588.7	33
14588.7	39
14588.8	31
14588.8	36
14588.9	51
14589	40
14589	49
14589.1	31
14589.1	38
14589.2	49
14589.3	60
14589.3	30
14589.4	53
14589.4	35
14589.5	26
14589.5	56
14589.6	47
14589.7	36
14589.7	47
14589.8	41
14589.8	36
14589.9	59
14590	52
14590	53
14590.1	38
14590.1	22
14590.2	35
14590.3	40
14590.3	30
14590.4	31
14590.4	25
14590.5	59
14590.5	36
14590.6	27
14590.7	55
14590.7	32
14590.8	35
14590.8	34
14590.9	47
14591	41
14591	24
14591.1	33
14591.1	31
14591.2	31
14591.3	30
14591.3	42
14591.4	46
14591.4	37
14591.5	37
14591.5	33
14591.6	55
14591.7	43
14591.7	66
14591.8	30
14591.8	28
14591.9	41
14592	51
14592	46.9663
14592.1	23.097
14592.1	45.3767
14592.2	35.7908
14592.2	40.3457
14592.3	24.8848
14592.4	36.4051
14592.4	58.8905
14592.5	39.6194
14592.5	42.6522
14592.6	47.7621
14592.7	41.226
14592.7	43.5054
14592.8	49.1601
14592.8	57.8082
14592.9	40.1499
14592.9	24.7683
14593	28.4891
14593.1	32.6563
14593.1	34.1705
14593.2	46.0941
14593.2	33.5062
14593.3	22.3129
14593.4	38.9099
14593.4	36.4292
14593.5	34.1013
14593.5	47.3631
14593.6	25.8468
14593.7	41.8658
14593.7	36.1757
14593.8	44.4342
14593.8	50.7177
14593.9	41.7788
14593.9	42.6875
14594	39.045
14594.1	24.2878
14594.1	48.8098
14594.2	40.2177
14594.2	40.3594
14594.3	32.6635
14594.4	32.7232
14594.4	44.7485
14594.5	40.5926
14594.5	49.2986
14594.6	39.1496
14594.6	37.4708
14594.7	48.3336
14594.8	41.1118
14594.8	38.7207
14594.9	31.1185
14594.9	32.0917
14595	25.186
14595.1	38.9968
14595.1	35.7069
14595.2	37.9679
14595.2	28.2577
14595.3	30.8191
14595.3	41.5173
14595.4	26.1124
14595.5	29.2955
14595.5	39.7524
14595.6	30.2144
14595.6	28.302
14595.7	39.7531
14595.8	40.8984
14595.8	33.3267
14595.9	38.6977
14595.9	33.9673
14596	41.4086
14596	40.6538
14596.1	32.3185
14596.2	30.8098
14596.2	31.633
14596.3	39.5648
14596.3	35.0532
14596.4	35.2544
14596.5	36.2868
14596.5	33.0362
14596.6	33.1846
14596.6	33.1449
14596.7	33.9653
14596.7	18.3178
14596.8	28.3775
14596.9	32.6101
14596.9	28.4982
14597	26.14
14597	27.8928
14597.1	25.3505
14597.2	25.7483
14597.2	23.6731
14597.3	58.2752
14597.3	53.394
14597.4	41.5427
14597.4	35.7279
14597.5	31.4187
14597.6	32.5385
14597.6	33.6317
14597.7	30.1549
14597.7	23.4704
14597.8	25.1928
14597.8	25.0087
14597.9	25.2369
14598	33.2662
14598	31.6803
14598.1	25
14598.1	36
14598.2	40
14598.2	40
14598.3	17
14598.4	28
14598.4	24
14598.5	20
14598.5	50
14598.6	24
14598.6	52
14598.7	12
14598.8	38
14598.8	41
14598.9	28
14598.9	38
14599	24
14599.1	31
14599.1	38
14599.2	34
14599.2	37
14599.3	44
14599.4	39
14599.4	43
14599.5	33
14599.5	38
14599.6	38
14599.7	35
14599.7	19
14599.8	34
14599.8	41
14599.9	43
14600	43
14600	49
14600.1	45
14600.1	34
14600.2	39
14600.2	43
14600.3	46
14600.4	28
14600.4	31
14600.5	33
14600.5	41
14600.6	37
14600.7	34
14600.7	29
14600.8	46
14600.8	18
14600.9	50
14601	37
14601	34
14601.1	47
14601.1	33
14601.2	43
14601.3	26
14601.3	47
14601.4	49
14601.4	50
14601.5	41
14601.6	37
14601.6	27
14601.7	24
14601.7	43
14601.8	28
14601.8	18
14601.9	25
14602	44
14602	43
14602.1	56
14602.1	27
14602.2	40
14602.3	36
14602.3	43
14602.4	54
14602.4	31
14602.5	50
14602.6	34
14602.6	33
14602.7	37
14602.7	47
14602.8	49
14602.9	43
14602.9	42
14603	26
14603	37
14603.1	44
14603.1	65
14603.2	25
14603.3	35
14603.3	54
14603.4	50
14603.4	28
14603.5	44
14603.6	43
14603.6	23
14603.7	37
14603.7	36
14603.8	54
14603.9	39
14603.9	45
14604	28
14604	30
14604.1	51
14604.2	49
14604.2	46
14604.3	32
14604.3	25
14604.4	37
14604.4	40
14604.5	31
14604.6	44
14604.6	60
14604.7	40
14604.7	32
14604.8	53
14604.9	34
14604.9	40
14605	42
14605	52
14605.1	66
14605.2	45
14605.2	54
14605.3	41
14605.3	62
14605.4	49
14605.4	34
14605.5	39
14605.6	40
14605.6	55
14605.7	36
14605.7	55
14605.8	45
14605.9	34
14605.9	39
14606	48
14606	47
14606.1	62
14606.2	37
14606.2	51
14606.3	40
14606.3	61
14606.4	41
14606.4	44
14606.5	37
14606.6	28
14606.6	48
14606.7	32
14606.7	52
14606.8	46
14606.9	62
14606.9	58
14607	48
14607	40
14607.1	29
14607.2	13
14607.2	55
14607.3	46
14607.3	46
14607.4	46
14607.4	46
14607.5	47
14607.6	53
14607.6	51
14607.7	53
14607.7	39
14607.8	43
14607.9	38
14607.9	47
14608	42
14608	35
14608.1	49
14608.2	41
14608.2	65
14608.3	57
14608.3	49
14608.4	36
14608.4	34
14608.5	36
14608.6	36
14608.6	48
14608.7	42
14608.7	51
14608.8	50
14608.9	68
14608.9	30
14609	45
14609	45
14609.1	35
14609.1	44
14609.2	47
14609.3	54
14609.3	54
14609.4	37
14609.4	52
14609.5	41
14609.6	43
14609.6	59
14609.7	30
14609.7	32
14609.8	50
14609.9	43
14609.9	37
14610	41
14610	40
14610.1	53
14610.1	45
14610.2	46
14610.3	60
14610.3	34
14610.4	38
14610.4	42
14610.5	21
14610.6	34
14610.6	29
14610.7	53
14610.7	49
14610.8	60
14610.8	33
14610.9	44
14611	48
14611	60
14611.1	42
14611.1	38
14611.2	46
14611.3	44
14611.3	12
14611.4	19
14611.4	47
14611.5	61
14611.5	46
14611.6	36
14611.7	55
14611.7	57
14611.8	56
14611.8	43
14611.9	35
14612	27
14612	40
14612.1	38
14612.1	47
14612.2	58
14612.3	35
14612.3	42
14612.4	49
14612.4	49
14612.5	53
14612.5	41
14612.6	53
14612.7	38
14612.7	32
14612.8	58
14612.8	42
14612.9	44
14613	49
14613	68
14613.1	35
14613.1	39
14613.2	46
14613.2	40
14613.3	44
14613.4	45
14613.4	59
14613.5	37
14613.5	54
14613.6	42
14613.7	56
14613.7	37
14613.8	64
14613.8	47
14613.9	39
14613.9	56
14614	58
14614.1	48
14614.1	39
14614.2	43
14614.2	44
14614.3	49
14614.4	48
14614.4	37
14614.5	45
14614.5	60
14614.6	44
14614.6	40
14614.7	32
14614.8	42
14614.8	44
14614.9	34
14614.9	38
14615	52
14615	37
14615.1	40
14615.2	37
14615.2	67
14615.3	46
14615.3	28
14615.4	36
14615.5	62
14615.5	35
14615.6	49
14615.6	48
14615.7	54
14615.7	63
14615.8	55
14615.9	58
14615.9	46
14616	43
14616	49
14616.1	47
14616.2	41
14616.2	63
14616.3	59
14616.3	52
14616.4	33
14616.4	50
14616.5	37
14616.6	37
14616.6	70
14616.7	40
14616.7	43
14616.8	52
14616.9	38
14616.9	41
14617	46
14617	57
14617.1	52
14617.1	63
14617.2	42
14617.3	51
14617.3	52
14617.4	26
14617.4	61
14617.5	45
14617.5	59
14617.6	46
14617.7	41
14617.7	38
14617.8	42
14617.8	43
14617.9	55
14618	54
14618	49
14618.1	41
14618.1	65
14618.2	29
14618.2	49
14618.3	44
14618.4	54
14618.4	54
14618.5	56
14618.5	44
14618.6	40
14618.7	23
14618.7	45
14618.8	46
14618.8	58
14618.9	40
14618.9	43
14619	58
14619.1	35
14619.1	37
14619.2	62
14619.2	47
14619.3	41
14619.3	45
14619.4	40
14619.5	55
14619.5	39
14619.6	38
14619.6	44
14619.7	64
14619.8	55
14619.8	49
14619.9	37
14619.9	44
14620	58
14620	49
14620.1	42
14620.2	42
14620.2	46
14620.3	47
14620.3	48
14620.4	49
14620.4	55
14620.5	23
14620.6	35
14620.6	48
14620.7	44
14620.7	33
14620.8	57
14620.9	37
14620.9	44
14621	60
14621	54
14621.1	50
14621.1	54
14621.2	52
14621.3	52
14621.3	43
14621.4	37
14621.4	43
14621.5	36
14621.5	54
14621.6	37
14621.7	56
14621.7	67
14621.8	44
14621.8	33
14621.9	56
14621.9	32
14622	45
14622.1	42
14622.1	54
14622.2	46
14622.2	54
14622.3	60
14622.4	41
14622.4	33
14622.5	37
14622.5	49
14622.6	30
14622.6	50
14622.7	40
14622.8	44
14622.8	40
14622.9	49
14622.9	47
14623	50
14623	58
14623.1	50
14623.2	64
14623.2	43
14623.3	39
14623.3	45
14623.4	53
14623.4	48
14623.5	51
14623.6	33
14623.6	64
14623.7	56
14623.7	54
14623.8	55
14623.9	56
14623.9	40
14624	30
14624	41
14624.1	53
14624.1	46
14624.2	48
14624.3	33
14624.3	36
14624.4	50
14624.4	49
14624.5	54
14624.5	42
14624.6	50
14624.7	45
14624.7	44
14624.8	61
14624.8	39
14624.9	35
14624.9	52
14625	28
14625.1	60
14625.1	51
14625.2	53
14625.2	46
14625.3	42
14625.3	30
14625.4	59
14625.5	50
14625.5	43
14625.6	41
14625.6	41
14625.7	39
14625.8	37
14625.8	39
14625.9	48
14625.9	40
14626	69
14626	40
14626.1	37
14626.2	52
14626.2	38
14626.3	52
14626.3	56
14626.4	52
14626.4	34
14626.5	61
14626.6	38
14626.6	44
14626.7	50
14626.7	27
14626.8	54
14626.8	29
14626.9	32
14627	71
14627	55
14627.1	45
14627.1	32
14627.2	30
14627.2	65
14627.3	35
14627.4	46
14627.4	42
14627.5	41
14627.5	30
14627.6	67
14627.6	61
14627.7	57
14627.8	46
14627.8	17
14627.9	49
14627.9	44
14628	50
14628	45
14628.1	48
14628.2	44
14628.2	46
14628.3	69
14628.3	58
14628.4	56
14628.4	50
14628.5	19
14628.6	60
14628.6	47
14628.7	32
14628.7	33
14628.8	43
14628.8	42
14628.9	55
14629	48
14629	46
14629.1	43
14629.1	75
14629.2	49
14629.3	44
14629.3	43
14629.4	35
14629.4	33
14629.5	52
14629.5	34
14629.6	65
14629.7	41
14629.7	48
14629.8	66
14629.8	47
14629.9	70
14629.9	44
14630	50
14630.1	47
14630.1	49
14630.2	45
14630.2	48
14630.3	51
14630.3	47
14630.4	48
14630.5	52
14630.5	40
14630.6	43
14630.6	41
14630.7	46
14630.7	44
14630.8	58
14630.9	63
14630.9	38
14631	53
14631	36
14631.1	57
14631.1	57
14631.2	57
14631.3	46
14631.3	62
14631.4	54
14631.4	56
14631.5	52
14631.5	61
14631.6	33
14631.7	43
14631.7	48
14631.8	52
14631.8	32
14631.9	34
14631.9	45
14632	56
14632	48
14632.1	42
14632.2	53
14632.2	56
14632.3	52
14632.3	48
14632.4	39
14632.5	38
14632.5	56
14632.6	36
14632.6	48
14632.7	29
14632.7	45
14632.8	40
14632.8	54
14632.9	44
14633	58
14633	54
14633.1	48
14633.1	29
14633.2	46
14633.2	43
14633.3	45
14633.4	44
14633.4	38
14633.5	55
14633.5	41
14633.6	70
14633.6	48
14633.7	37
14633.8	59
14633.8	56
14633.9	45
14633.9	46
14634	38
14634	35
14634.1	24
14634.2	46
14634.2	53
14634.3	39
14634.3	23
14634.4	28
14634.4	47
14634.5	36
14634.6	51
14634.6	45
14634.7	46
14634.7	53
14634.8	34
14634.8	55
14634.9	40
14635	43
14635	30
14635.1	59
14635.1	51
14635.2	46
14635.2	37
14635.3	33
14635.4	33
14635.4	19
14635.5	41
14635.5	56
14635.6	42
14635.6	42
14635.7	43
14635.8	44
14635.8	48
14635.9	69
14635.9	53
14636	45
14636	48
14636.1	54
14636.1	46
14636.2	42
14636.3	46
14636.3	52
14636.4	35
14636.4	39
14636.5	33
14636.5	29
14636.6	52
14636.7	49
14636.7	39
14636.8	34
14636.8	34
14636.9	44
14636.9	56
14637	65
14637.1	57
14637.1	45
14637.2	46
14637.2	34
14637.3	58
14637.3	48
14637.4	60
14637.5	33
14637.5	39
14637.6	57
14637.6	46
14637.7	34
14637.7	54
14637.8	21
14637.8	56
14637.9	39
14638	37
14638	37
14638.1	32
14638.1	28
14638.2	45
14638.2	56
14638.3	26
14638.4	34
14638.4	36
14638.5	40
14638.5	36
14638.6	37
14638.6	57
14638.7	36
14638.8	52
14638.8	66
14638.9	52
14638.9	50
14639	40
14639	32
14639.1	49
14639.1	42
14639.2	55
14639.3	58
14639.3	52
14639.4	34
14639.4	43
14639.5	51
14639.5	37
14639.6	40
14639.7	19
14639.7	45
14639.8	41
14639.8	50
14639.9	50
14639.9	35
14640	50
14640.1	44
14640.1	43
14640.2	53
14640.2	25
14640.3	35
14640.3	32
14640.4	33
14640.4	28
14640.5	48
14640.6	57
14640.6	38
14640.7	34
14640.7	44
14640.8	20
14640.8	24
14640.9	31
14641	63
14641	50
14641.1	46
14641.1	36
14641.2	49
14641.2	43
14641.3	49
14641.4	51
14641.4	40
14641.5	34
14641.5	39
14641.6	46
14641.6	51
14641.7	56
14641.7	31
14641.8	39
14641.9	41
14641.9	41
14642	58
14642	53
14642.1	37
14642.1	48
14642.2	44
14642.3	37
14642.3	54
14642.4	32
14642.4	36
14642.5	42
14642.5	38
14642.6	45
14642.6	44
14642.7	44
14642.8	27
14642.8	57
14642.9	42
14642.9	52
14643	34
14643	23
14643.1	38
14643.2	25
14643.2	38
14643.3	47
14643.3	35
14643.4	53
14643.4	46
14643.5	43
14643.5	33
14643.6	31
14643.7	38
14643.7	43
14643.8	53
14643.8	38
14643.9	45
14643.9	33
14644	41
14644.1	30
14644.1	49
14644.2	52
14644.2	44
14644.3	30
14644.3	45
14644.4	32
14644.4	42
14644.5	42
14644.6	37
14644.6	44
14644.7	38
14644.7	47
14644.8	39
14644.8	34
14644.9	34
14645	49
14645	41
14645.1	43
14645.1	29
14645.2	15
14645.2	48
14645.3	60
14645.3	39
14645.4	34
14645.5	37
14645.5	43.9547
14645.6	45.8749
14645.6	46.6782
14645.7	42.5045
14645.7	19.8972
14645.8	37.7746
14645.8	47.0308
14645.9	60.2693
14646	40.2493
14646	38.6523
14646.1	33.7617
14646.1	29.4498
14646.2	30.3361
14646.2	39.4224
14646.3	42.9768
14646.4	32.2555
14646.4	21.7632
14646.5	22.3448
14646.5	30.0588
14646.6	44.5188
14646.6	42.6695
14646.7	47.2016
14646.7	45.9202
14646.8	45.5802
14646.9	41.4782
14646.9	49.5232
14647	23.8785
14647	28.1927
14647.1	22.5181
14647.1	33.3308
14647.2	48.92
14647.2	35.6279
14647.3	40.4305
14647.4	30.9638
14647.4	35.9188
14647.5	28.0926
14647.5	39.6253
14647.6	40.0378
14647.6	34.9438
14647.7	35.2992
14647.8	42.63
14647.8	40.5498
14647.9	37.2527
14647.9	35.6948
14648	31.5248
14648	40.964
14648.1	35.4248
14648.1	42.313
14648.2	33.5895
14648.3	22.3783
14648.3	37.8431
14648.4	37.9984
14648.4	42.2805
14648.5	30.4225
14648.5	44.6949
14648.6	36.8461
14648.6	40.7617
14648.7	34.8614
14648.8	40.0813
14648.8	37.4835
14648.9	28.4274
14648.9	31.1733
14649	36.8846
14649	35.3787
14649.1	41.0533
14649.1	32.3008
14649.2	40.2646
14649.3	50.737
14649.3	35.4356
14649.4	33.5618
14649.4	37.8289
14649.5	29.2834
14649.5	47.309
14649.6	39.1715
14649.7	35.6733
14649.7	43.0458
14649.8	26.0616
14649.8	31.391
14649.9	35.3366
14649.9	32.9064
14650	29.9965
14650	28.9614
14650.1	33.5195
14650.2	40.8251
14650.2	38.7061
14650.3	42.8218
14650.3	46.3173
14650.4	30.2252
14650.4	31.3732
14650.5	37.5268
14650.5	30.8073
14650.6	29.502
14650.7	31.3936
14650.7	21.9183
14650.8	24.0281
14650.8	40.0834
14650.9	30.0562
14650.9	24.315
14651	19.4157
14651	16.2505
14651.1	35.0777
14651.1	46
14651.2	22
14651.3	24
14651.3	32
14651.4	40
14651.4	37
14651.5	27
14651.5	52
14651.6	14
14651.7	18
14651.7	40
14651.8	31
14651.8	34
14651.9	51
14651.9	47
14652	30
14652.1	37
14652.1	21
14652.2	43
14652.2	25
14652.3	19
14652.3	50
14652.4	40
14652.5	29
14652.5	30
14652.6	29
14652.6	57
14652.7	38
14652.7	24
14652.8	51
14652.9	36
14652.9	30
14653	47
14653	26
14653.1	39
14653.1	32
14653.2	23
14653.3	35
14653.3	29
14653.4	53
14653.4	34
14653.5	31
14653.5	25
14653.6	42
14653.6	50
14653.7	61
14653.8	39
14653.8	34
14653.9	43
14653.9	47
14654	54
14654	29
14654.1	33
14654.2	49
14654.2	27
14654.3	45
14654.3	46
14654.4	24
14654.4	46
14654.5	43
14654.6	38
14654.6	41
14654.7	38
14654.7	37
14654.8	27
14654.8	39
14654.9	34
14655	43
14655	42
14655.1	15
14655.1	41
14655.2	47
14655.2	51
14655.3	41
14655.4	25
14655.4	52
14655.5	33
14655.5	43
14655.6	36
14655.6	32
14655.7	32
14655.7	42
14655.8	45
14655.9	44
14655.9	30
14656	36
14656	45
14656.1	30
14656.1	44
14656.2	55
14656.3	42
14656.3	54
14656.4	49
14656.4	38
14656.5	43
14656.5	43
14656.6	29
14656.7	40
14656.7	31
14656.8	45
14656.8	55
14656.9	38
14656.9	24
14657	45
14657	26
14657.1	39
14657.2	39
14657.2	58
14657.3	34
14657.3	43
14657.4	43
14657.4	45
14657.5	39
14657.6	33
14657.6	49
14657.7	47
14657.7	46
14657.8	37
14657.8	44
14657.9	52
14658	47
14658	59
14658.1	44
14658.1	42
14658.2	26
14658.2	53
14658.3	47
14658.3	48
14658.4	25
14658.5	55
14658.5	46
14658.6	51
14658.6	50
14658.7	48
14658.7	35
14658.8	45
14658.9	39
14658.9	59
14659	44
14659	51
14659.1	48
14659.1	25
14659.2	41
14659.2	52
14659.3	39
14659.4	54
14659.4	26
14659.5	38
14659.5	62
14659.6	41
14659.6	47
14659.7	31
14659.8	37
14659.8	49
14659.9	46
14659.9	45
14660	51
14660	36
14660.1	60
14660.2	47
14660.2	42
14660.3	43
14660.3	16
14660.4	50
14660.4	21
14660.5	43
14660.5	61
14660.6	48
14660.7	57
14660.7	54
14660.8	31
14660.8	60
14660.9	38
14660.9	38
14661	27
14661	49
14661.1	46
14661.2	43
14661.2	45
14661.3	49
14661.3	62
14661.4	71
14661.4	65
14661.5	48
14661.6	12
14661.6	51
14661.7	49
14661.7	28
14661.8	40
14661.8	54
14661.9	37
14661.9	44
14662	44
14662.1	66
14662.1	51
14662.2	38
14662.2	36
14662.3	48
14662.3	55
14662.4	47
14662.5	31
14662.5	40
14662.6	54
14662.6	33
14662.7	47
14662.7	49
14662.8	24
14662.8	41
14662.9	42
14663	55
14663	60
14663.1	48
14663.1	38
14663.2	51
14663.2	61
14663.3	56
14663.4	36
14663.4	25
14663.5	57
14663.5	52
14663.6	42
14663.6	48
14663.7	36
14663.7	28
14663.8	38
14663.9	53
14663.9	48
14664	48
14664	42
14664.1	69
14664.1	40
14664.2	44
14664.3	30
14664.3	41
14664.4	50
14664.4	56
14664.5	66
14664.5	51
14664.6	36
14664.6	23
14664.7	58
14664.8	51
14664.8	52
14664.9	26
14664.9	55
14665	53
14665	45
14665.1	58
14665.1	51
14665.2	41
14665.3	44
14665.3	42
14665.4	43
14665.4	45
14665.5	52
14665.5	50
14665.6	41
14665.6	53
14665.7	56
14665.8	52
14665.8	35
14665.9	46
14665.9	56
14666	60
14666	60
14666.1	35
14666.2	39
14666.2	54
14666.3	36
14666.3	46
14666.4	53
14666.4	47
14666.5	81
14666.5	54
14666.6	45
14666.7	58
14666.7	53
14666.8	42
14666.8	55
14666.9	62
14666.9	45
14667	54
14667	33
14667.1	41
14667.2	51
14667.2	56
14667.3	65
14667.3	36
14667.4	52
14667.4	45
14667.5	40
14667.5	54
14667.6	52
14667.7	48
14667.7	44
14667.8	48
14667.8	45
14667.9	52
14667.9	60
14668	36
14668	34
14668.1	56
14668.2	44
14668.2	62
14668.3	48
14668.3	55
14668.4	42
14668.4	70
14668.5	47
14668.6	52
14668.6	47
14668.7	51
14668.7	51
14668.8	57
14668.8	34
14668.9	35
14668.9	53
14669	63
14669.1	42
14669.1	51
14669.2	43
14669.2	30
14669.3	45
14669.3	47
14669.4	63
14669.4	35
14669.5	55
14669.6	52
14669.6	51
14669.7	57
14669.7	55
14669.8	29
14669.8	34
14669.9	43
14669.9	44
14670	53
14670.1	34
14670.1	39
14670.2	19
14670.2	50
14670.3	46
14670.3	57
14670.4	43
14670.4	19
14670.5	45
14670.6	55
14670.6	34
14670.7	45
14670.7	51
14670.8	48
14670.8	43
14670.9	49
14670.9	44
14671	53
14671.1	32
14671.1	55
14671.2	42
14671.2	56
14671.3	70
14671.3	36
14671.4	37
14671.4	39
14671.5	38
14671.6	45
14671.6	38
14671.7	30
14671.7	55
14671.8	47
14671.8	50
14671.9	55
14671.9	55
14672	49
14672.1	49
14672.1	45
14672.2	47
14672.2	53
14672.3	26
14672.3	56
14672.4	56
14672.4	51
14672.5	42
14672.6	41
14672.6	62
14672.7	54
14672.7	45
14672.8	35
14672.8	54
14672.9	43
14672.9	49
14673	66
14673.1	55
14673.1	51
14673.2	23
14673.2	44
14673.3	53
14673.3	37
14673.4	53
14673.4	51
14673.5	48
14673.6	28
14673.6	46
14673.7	66
14673.7	37
14673.8	30
14673.8	50
14673.9	51
14673.9	43
14674	58
14674	35
14674.1	37
14674.2	57
14674.2	51
14674.3	55
14674.3	45
14674.4	30
14674.4	52
14674.5	49
14674.5	53
14674.6	62
14674.7	33
14674.7	38
14674.8	54
14674.8	62
14674.9	65
14674.9	18
14675	47
14675	47
14675.1	49
14675.2	42
14675.2	35
14675.3	51
14675.3	65
14675.4	40
14675.4	59
14675.5	61
14675.5	43
14675.6	38
14675.7	52
14675.7	39
14675.8	52
14675.8	25
14675.9	43
14675.9	52
14676	35
14676	64
14676.1	52
14676.1	43
14676.2	38
14676.3	49
14676.3	40
14676.4	54
14676.4	51
14676.5	41
14676.5	28
14676.6	52
14676.6	63
14676.7	55
14676.8	40
14676.8	46
14676.9	42
14676.9	59
14677	33
14677	22
14677.1	51
14677.1	55
14677.2	41
14677.3	44
14677.3	39
14677.4	43
14677.4	53
14677.5	42
14677.5	52
14677.6	51
14677.6	53
14677.7	58
14677.7	33
14677.8	44
14677.9	53
14677.9	44
14678	55
14678	42
14678.1	50
14678.1	48
14678.2	44
14678.2	31
14678.3	7
14678.4	25
14678.4	48
14678.5	64
14678.5	67
14678.6	33
14678.6	54
14678.7	42
14678.7	32
14678.8	53
14678.8	28
14678.9	45
14679	49
14679	66
14679.1	44
14679.1	42
14679.2	68
14679.2	52
14679.3	45
14679.3	52
14679.4	33
14679.5	42
14679.5	44
14679.6	46
14679.6	40
14679.7	48
14679.7	45
14679.8	50
14679.8	57
14679.9	50
14679.9	54
14680	48
14680.1	45
14680.1	38
14680.2	23
14680.2	57
14680.3	46
14680.3	36
14680.4	41
14680.4	47
14680.5	60
14680.6	51
14680.6	46
14680.7	36
14680.7	43
14680.8	36
14680.8	33
14680.9	35
14680.9	52
14681	53
14681	30
14681.1	56
14681.2	67
14681.2	62
14681.3	44
14681.3	43
14681.4	36
14681.4	59
14681.5	47
14681.5	44
14681.6	35
14681.6	30
14681.7	55
14681.8	53
14681.8	54
14681.9	35
14681.9	27
14682	49
14682	38
14682.1	43
14682.1	51
14682.2	39
14682.3	46
14682.3	59
14682.4	45
14682.4	51
14682.5	51
14682.5	39
14682.6	49
14682.6	44
14682.7	63
14682.7	43
14682.8	39
14682.9	26
14682.9	40
14683	45
14683	31
14683.1	39
14683.1	33
14683.2	48
14683.2	38
14683.3	39
14683.3	45
14683.4	46
14683.5	34
14683.5	27
14683.6	37
14683.6	58
14683.7	59
14683.7	41
14683.8	65
14683.8	36
14683.9	63
14683.9	57
14684	4
14684.1	38
14684.1	52
14684.2	37
14684.2	46
14684.3	40
14684.3	59
14684.4	52
14684.4	38
14684.5	41
14684.5	70
14684.6	35
14684.7	42
14684.7	45
14684.8	44
14684.8	51
14684.9	43
14684.9	43
14685	48
14685	48
14685.1	45
14685.1	35
14685.2	31
14685.3	42
14685.3	26
14685.4	54
14685.4	51
14685.5	39
14685.5	57
14685.6	41
14685.6	33
14685.7	53
14685.7	33
14685.8	26
14685.9	40
14685.9	52
14686	44
14686	42
14686.1	41
14686.1	40
14686.2	48
14686.2	48
14686.3	41
14686.3	40
14686.4	32
14686.5	48
14686.5	50
14686.6	30
14686.6	38
14686.7	50
14686.7	44
14686.8	29
14686.8	33
14686.9	39
14686.9	43
14687	52
14687.1	42
14687.1	42
14687.2	49
14687.2	33
14687.3	30
14687.3	47
14687.4	49
14687.4	42
14687.5	46
14687.5	55
14687.6	31
14687.7	46
14687.7	33
14687.8	45
14687.8	57
14687.9	35
14687.9	41
14688	40
14688	44
14688.1	52
14688.1	37
14688.2	38
14688.3	42
14688.3	46
14688.4	46
14688.4	28
14688.5	43
14688.5	61
14688.6	55
14688.6	55
14688.7	54
14688.7	53
14688.8	38
14688.8	19
14688.9	41
14689	53
14689	32
14689.1	33
14689.1	35
14689.2	46
14689.2	44
14689.3	42
14689.3	30
14689.4	33
14689.4	57
14689.5	44
14689.6	47
14689.6	41
14689.7	42
14689.7	32
14689.8	44
14689.8	31
14689.9	32
14689.9	53
14690	58
14690	42
14690.1	35
14690.2	32
14690.2	44
14690.3	43
14690.3	29
14690.4	33
14690.4	58
14690.5	42
14690.5	47
14690.6	50
14690.6	24
14690.7	57
14690.7	57
14690.8	55
14690.9	17
14690.9	36
14691	42
14691	46
14691.1	23
14691.1	34
14691.2	22
14691.2	37
14691.3	61
14691.3	17
14691.4	41
14691.5	31
14691.5	42
14691.6	38
14691.6	38
14691.7	44
14691.7	37
14691.8	47
14691.8	61
14691.9	57
14691.9	40
14692	44
14692	31
14692.1	38
14692.2	30
14692.2	16
14692.3	40
14692.3	43
14692.4	39
14692.4	53
14692.5	40
14692.5	56
14692.6	39
14692.6	37
14692.7	52
14692.7	44
14692.8	26
14692.9	41
14692.9	40
14693	46
14693	54
14693.1	47
14693.1	40
14693.2	50
14693.2	25
14693.3	61
14693.3	45
14693.4	60
14693.4	37
14693.5	34
14693.6	52
14693.6	46
14693.7	40
14693.7	52
14693.8	29
14693.8	14
14693.9	51
14693.9	28
14694	48
14694	18
14694.1	31
14694.2	43
14694.2	40
14694.3	36
14694.3	45
14694.4	39
14694.4	41
14694.5	34
14694.5	52
14694.6	62
14694.6	31
14694.7	24
14694.7	19
14694.8	44
14694.9	49
14694.9	51
14695	40
14695	33
14695.1	52
14695.1	42
14695.2	61
14695.2	54
14695.3	40
14695.3	52
14695.4	49
14695.4	48
14695.5	49
14695.6	24
14695.6	46
14695.7	48
14695.7	32
14695.8	64
14695.8	30
14695.9	23
14695.9	34
14696	44
14696	18
14696.1	59
14696.1	39
14696.2	43
14696.3	52
14696.3	21
14696.4	35
14696.4	45
14696.5	25
14696.5	30
14696.6	32
14696.6	46.8981
14696.7	45.698
14696.7	29.7732
14696.8	32.264
14696.8	33.4531
14696.9	49.877
14696.9	43.5939
14697	43.0785
14697.1	31.4651
14697.1	43.1956
14697.2	35.6375
14697.2	54.1981
14697.3	51.0874
14697.3	34.2379
14697.4	21.1814
14697.4	41.8977
14697.5	49.8899
14697.5	51.1949
14697.6	38.9399
14697.6	38.7813
14697.7	40.6068
14697.8	39.8415
14697.8	41.5277
14697.9	26.3885
14697.9	21.9053
14698	36.0485
14698	32.047
14698.1	42.2958
14698.1	46.889
14698.2	33.8203
14698.2	43.3286
14698.3	43.6184
14698.3	37.4741
14698.4	40.0811
14698.5	27.2995
14698.5	25.3107
14698.6	30.9405
14698.6	48.6745
14698.7	34.9233
14698.7	47.7757
14698.8	43.2541
14698.8	61.1006
14698.9	31.515
14698.9	35.0539
14699	37.1052
14699	40.699
14699.1	41.9748
14699.1	32.7727
14699.2	40.1671
14699.3	43.2634
14699.3	36.5784
14699.4	38.7
14699.4	31.9698
14699.5	26.2223
14699.5	29.2359
14699.6	44.1723
14699.6	31.8712
14699.7	40.0092
14699.7	39.0626
14699.8	37.0654
14699.8	30.8688
14699.9	34.5381
14700	38.1359
14700	21.9427
14700.1	26.3998
14700.1	40.3492
14700.2	45.4332
14700.2	33.9897
14700.3	43.2849
14700.3	36.4345
14700.4	44.4667
14700.4	45.1713
14700.5	34.904
14700.5	48.5631
14700.6	43.6779
14700.6	34.9142
14700.7	43.2792
14700.8	40.301
14700.8	36.962
14700.9	36.7901
14700.9	36.1845
14701	28.4378
14701	32.246
14701.1	22.0633
14701.1	37.0167
14701.2	23.9396
14701.2	30.8379
14701.3	25.1309
14701.3	23.2259
14701.4	30.9861
14701.4	29.2263
14701.5	28.3346
14701.6	43.5951
14701.6	30.2418
14701.7	29.0631
14701.7	40.3364
14701.8	37.6085
14701.8	28.1901
14701.9	26.2371
14701.9	26.6416
14702	26.2913
14702	21.4531
14702.1	24.7543
14702.1	32
14702.2	33
14702.2	39
14702.3	53
14702.3	34
14702.4	36
14702.4	40
14702.5	51
14702.6	14
14702.6	29
14702.7	24
14702.7	42
14702.8	31
14702.8	33
14702.9	6
14702.9	38
14703	11
14703	31
14703.1	36
14703.2	27
14703.2	29
14703.3	29
14703.3	29
14703.4	36
14703.4	37
14703.5	50
14703.5	40
14703.6	44
14703.6	30
14703.7	38
14703.8	41
14703.8	42
14703.9	24
14703.9	27
14704	25
14704	42
14704.1	47
14704.1	22
14704.2	25
14704.2	34
14704.3	25
14704.3	31
14704.4	37
14704.5	38
14704.5	57
14704.6	30
14704.6	47
14704.7	52
14704.7	31
14704.8	42
14704.8	43
14704.9	37
14704.9	50
14705	39
14705.1	45
14705.1	41
14705.2	28
14705.2	45
14705.3	11
14705.3	24
14705.4	36
14705.4	38
14705.5	32
14705.5	45
14705.6	52
14705.7	48
14705.7	25
14705.8	40
14705.8	50
14705.9	42
14705.9	42
14706	42
14706	36
14706.1	41
14706.1	55
14706.2	39
14706.3	39
14706.3	24
14706.4	28
14706.4	51
14706.5	41
14706.5	35
14706.6	26
14706.6	42
14706.7	43
14706.7	58
14706.8	33
14706.8	43
14706.9	35
14707	43
14707	61
14707.1	40
14707.1	37
14707.2	35
14707.2	49
14707.3	36
14707.3	30
14707.4	36
14707.4	33
14707.5	36
14707.6	52
14707.6	59
14707.7	30
14707.7	32
14707.8	34
14707.8	44
14707.9	43
14707.9	39
14708	48
14708	47
14708.1	26
14708.1	21
14708.2	37
14708.3	40
14708.3	49
14708.4	37
14708.4	50
14708.5	42
14708.5	30
14708.6	46
14708.6	46
14708.7	33
14708.7	51
14708.8	53
14708.9	33
14708.9	39
14709	30
14709	41
14709.1	32
14709.1	46
14709.2	39
14709.2	35
14709.3	26
14709.3	50
14709.4	33
14709.4	49
14709.5	55
14709.6	15
14709.6	41
14709.7	48
14709.7	56
14709.8	59
14709.8	51
14709.9	24
14709.9	42
14710	32
14710	55
14710.1	43
14710.1	36
14710.2	51
14710.3	36
14710.3	39
14710.4	69
14710.4	40
14710.5	23
14710.5	42
14710.6	45
14710.6	40
14710.7	50
14710.7	37
14710.8	55
14710.9	40
14710.9	52
14711	45
14711	40
14711.1	39
14711.1	46
14711.2	48
14711.2	56
14711.3	34
14711.3	31
14711.4	43
14711.4	44
14711.5	44
14711.6	49
14711.6	43
14711.7	51
14711.7	24
14711.8	18
14711.8	64
14711.9	31
14711.9	31
14712	40
14712	37
14712.1	62
14712.1	33
14712.2	43
14712.3	48
14712.3	32
14712.4	19
14712.4	48
14712.5	47
14712.5	16
14712.6	48
14712.6	33
14712.7	44
14712.7	45
14712.8	44
14712.8	40
14712.9	26
14713	42
14713	44
14713.1	36
14713.1	38
14713.2	39
14713.2	53
14713.3	46
14713.3	42
14713.4	57
14713.4	45
14713.5	46
14713.5	67
14713.6	59
14713.7	60
14713.7	56
14713.8	27
14713.8	45
14713.9	51
14713.9	42
14714	50
14714	43
14714.1	44
14714.1	45
14714.2	35
14714.2	37
14714.3	47
14714.3	36
14714.4	58
14714.5	35
14714.5	46
14714.6	35
14714.6	52
14714.7	47
14714.7	45
14714.8	29
14714.8	37
14714.9	40
14714.9	43
14715	54
14715	32
14715.1	38
14715.2	60
14715.2	51
14715.3	61
14715.3	48
14715.4	35
14715.4	34
14715.5	25
14715.5	32
14715.6	36
14715.6	39
14715.7	49
14715.7	50
14715.8	36
14715.9	50
14715.9	37
14716	58
14716	69
14716.1	34
14716.1	37
14716.2	40
14716.2	51
14716.3	42
14716.3	49
14716.4	44
14716.4	52
14716.5	43
14716.5	43
14716.6	36
14716.7	50
14716.7	48
14716.8	49
14716.8	53
14716.9	34
14716.9	41
14717	44
14717	56
14717.1	44
14717.1	45
14717.2	28
14717.2	44
14717.3	36
14717.4	50
14717.4	30
14717.5	24
14717.5	26
14717.6	48
14717.6	57
14717.7	37
14717.7	48
14717.8	35
14717.8	50
14717.9	68
14717.9	42
14718	44
14718	53
14718.1	27
14718.2	38
14718.2	37
14718.3	50
14718.3	54
14718.4	59
14718.4	47
14718.5	42
14718.5	25
14718.6	45
14718.6	59
14718.7	19
14718.7	49
14718.8	22
14718.8	48
14718.9	51
14719	33
14719	40
14719.1	51
14719.1	34
14719.2	45
14719.2	38
14719.3	26
14719.3	45
14719.4	51
14719.4	42
14719.5	43
14719.5	45
14719.6	42
14719.6	35
14719.7	45
14719.8	53
14719.8	54
14719.9	37
14719.9	59
14720	58
14720	44
14720.1	41
14720.1	44
14720.2	51
14720.2	47
14720.3	44
14720.3	46
14720.4	38
14720.4	31
14720.5	51
14720.6	46
14720.6	55
14720.7	45
14720.7	53
14720.8	71
14720.8	55
14720.9	43
14720.9	52
14721	38
14721	51
14721.1	33
14721.1	43
14721.2	62
14721.2	33
14721.3	53
14721.4	72
14721.4	61
14721.5	59
14721.5	30
14721.6	38
14721.6	32
14721.7	50
14721.7	31
14721.8	63
14721.8	29
14721.9	44
14721.9	47
14722	37
14722	61
14722.1	48
14722.2	42
14722.2	51
14722.3	58
14722.3	46
14722.4	46
14722.4	35
14722.5	25
14722.5	57
14722.6	43
14722.6	57
14722.7	37
14722.7	32
14722.8	44
14722.8	67
14722.9	50
14722.9	48
14723	24
14723.1	12
14723.1	35
14723.2	59
14723.2	54
14723.3	40
14723.3	52
14723.4	45
14723.4	45
14723.5	51
14723.5	42
14723.6	54
14723.6	52
14723.7	36
14723.7	71
14723.8	59
14723.9	31
14723.9	44
14724	54
14724	45
14724.1	57
14724.1	31
14724.2	64
14724.2	41
14724.3	60
14724.3	28
14724.4	37
14724.4	36
14724.5	56
14724.5	40
14724.6	50
14724.6	44
14724.7	32
14724.8	48
14724.8	36
14724.9	45
14724.9	42
14725	40
14725	52
14725.1	56
14725.1	46
14725.2	45
14725.2	62
14725.3	42
14725.3	58
14725.4	35
14725.4	32
14725.5	79
14725.5	47
14725.6	47
14725.7	35
14725.7	38
14725.8	53
14725.8	63
14725.9	39
14725.9	41
14726	27
14726	34
14726.1	41
14726.1	51
14726.2	54
14726.2	53
14726.3	37
14726.3	46
14726.4	45
14726.4	39
14726.5	52
14726.6	30
14726.6	61
14726.7	58
14726.7	63
14726.8	60
14726.8	19
14726.9	30
14726.9	85
14727	31
14727	50
14727.1	63
14727.1	19
14727.2	38
14727.2	35
14727.3	47
14727.3	55
14727.4	59
14727.5	41
14727.5	59
14727.6	35
14727.6	45
14727.7	37
14727.7	44
14727.8	41
14727.8	29
14727.9	54
14727.9	34
14728	30
14728	58
14728.1	62
14728.1	35
14728.2	51
14728.2	37
14728.3	47
14728.3	59
14728.4	67
14728.5	47
14728.5	42
14728.6	11
14728.6	41
14728.7	51
14728.7	39
14728.8	55
14728.8	37
14728.9	36
14728.9	59
14729	39
14729	53
14729.1	40
14729.1	20
14729.2	39
14729.2	43
14729.3	42
14729.3	54
14729.4	52
14729.5	47
14729.5	67
14729.6	45
14729.6	67
14729.7	38
14729.7	27
14729.8	45
14729.8	50
14729.9	55
14729.9	33
14730	29
14730	36
14730.1	39
14730.1	57
14730.2	54
14730.2	28
14730.3	24
14730.3	61
14730.4	36
14730.5	37
14730.5	42
14730.6	52
14730.6	62
14730.7	54
14730.7	46
14730.8	55
14730.8	38
14730.9	33
14730.9	53
14731	23
14731	51
14731.1	55
14731.1	40
14731.2	56
14731.2	49
14731.3	47
14731.3	41
14731.4	48
14731.5	38
14731.5	36
14731.6	27
14731.6	58
14731.7	32
14731.7	47
14731.8	48
14731.8	39
14731.9	41
14731.9	42
14732	31
14732	44
14732.1	33
14732.1	54
14732.2	65
14732.2	5
14732.3	44
14732.3	32
14732.4	49
14732.4	44
14732.5	46
14732.6	54
14732.6	26
14732.7	30
14732.7	48
14732.8	59
14732.8	31
14732.9	67
14732.9	45
14733	44
14733	41
14733.1	29
14733.1	27
14733.2	34
14733.2	68
14733.3	30
14733.3	54
14733.4	35
14733.4	61
14733.5	18
14733.5	47
14733.6	51
14733.7	41
14733.7	24
14733.8	41
14733.8	35
14733.9	57
14733.9	42
14734	50
14734	64
14734.1	41
14734.1	56
14734.2	45
14734.2	31
14734.3	40
14734.3	48
14734.4	38
14734.4	46
14734.5	47
14734.5	24
14734.6	40
14734.6	39
14734.7	47
14734.8	33
14734.8	36
14734.9	48
14734.9	53
14735	45
14735	50
14735.1	44
14735.1	38
14735.2	30
14735.2	44
14735.3	49
14735.3	46
14735.4	21
14735.4	39
14735.5	46
14735.5	38
14735.6	37
14735.6	56
14735.7	57
14735.7	25
14735.8	39
14735.9	64
14735.9	22
14736	24
14736	20
14736.1	39
14736.1	46
14736.2	65
14736.2	34
14736.3	40
14736.3	27
14736.4	55
14736.4	56
14736.5	39
14736.5	42
14736.6	37
14736.6	39
14736.7	60
14736.7	49
14736.8	45
14736.8	40
14736.9	23
14736.9	56
14737	46
14737	24
14737.1	44
14737.2	47
14737.2	42
14737.3	37
14737.3	50
14737.4	30
14737.4	57
14737.5	33
14737.5	58
14737.6	23
14737.6	47
14737.7	50
14737.7	54
14737.8	51
14737.8	37
14737.9	31
14737.9	53
14738	43
14738	13
14738.1	54
14738.1	49
14738.2	56
14738.2	39
14738.3	46
14738.4	25
14738.4	34
14738.5	50
14738.5	39
14738.6	39
14738.6	28
14738.7	39
14738.7	29
14738.8	45
14738.8	51
14738.9	14
14738.9	43
14739	36
14739	42
14739.1	25
14739.1	41
14739.2	41
14739.2	56
14739.3	41
14739.3	50
14739.4	22
14739.4	24
14739.5	54
14739.5	42
14739.6	43
14739.7	49
14739.7	54
14739.8	25
14739.8	43
14739.9	49
14739.9	74
14740	43
14740	28
14740.1	57
14740.1	60
14740.2	63
14740.2	49
14740.3	26
14740.3	44
14740.4	38
14740.4	35
14740.5	56
14740.5	45
14740.6	22
14740.6	39
14740.7	43
14740.7	36
14740.8	32
14740.8	39
14740.9	41
14740.9	41
14741	40
14741.1	48
14741.1	47
14741.2	30
14741.2	32
14741.3	48
14741.3	48
14741.4	19
14741.4	53
14741.5	48
14741.5	28
14741.6	58
14741.6	55
14741.7	48
14741.7	26
14741.8	36
14741.8	33
14741.9	45
14741.9	16
14742	47
14742	42
14742.1	26
14742.1	60
14742.2	42
14742.2	29
14742.3	45
14742.3	43
14742.4	48
14742.5	33
14742.5	36
14742.6	46
14742.6	47
14742.7	52
14742.7	48
14742.8	56
14742.8	55
14742.9	35
14742.9	40
14743	38
14743	32
14743.1	31
14743.1	57
14743.2	48
14743.2	37
14743.3	36
14743.3	47
14743.4	56
14743.4	18
14743.5	42
14743.5	38
14743.6	55
14743.6	36
14743.7	61
14743.7	45
14743.8	47
14743.8	61
14743.9	36
14743.9	36
14744	36
14744.1	43
14744.1	62
14744.2	60
14744.2	32
14744.3	16
14744.3	35
14744.4	41
14744.4	46
14744.5	36
14744.5	38
14744.6	41
14744.6	26
14744.7	41
14744.7	42
14744.8	65
14744.8	16
14744.9	21
14744.9	32
14745	43
14745	38
14745.1	40
14745.1	38
14745.2	48
14745.2	49
14745.3	35
14745.3	36
14745.4	41
14745.4	36
14745.5	34
14745.5	49
14745.6	43.9255
14745.6	35.8127
14745.7	24.244
14745.8	52.1445
14745.8	39.311
14745.9	46.8089
14745.9	28.3916
14746	30.7878
14746	50.6985
14746.1	36.5869
14746.1	24.3717
14746.2	31.0467
14746.2	49.2477
14746.3	30.3599
14746.3	59.3248
14746.4	42.9447
14746.4	31.0715
14746.5	49.5083
14746.5	27.0485
14746.6	38.1676
14746.6	41.1055
14746.7	37.5654
14746.7	42.3542
14746.8	31.9375
14746.8	44.4122
14746.9	31.0205
14746.9	24.8474
14747	38.6931
14747	44.9567
14747.1	25.7507
14747.1	42.6187
14747.2	37.2415
14747.2	29.3527
14747.3	38.1878
14747.3	29.2134
14747.4	47.704
14747.5	42.7362
14747.5	31.476
14747.6	44.9486
14747.6	47.1964
14747.7	31.5223
14747.7	27.4038
14747.8	41.9168
14747.8	32.6552
14747.9	38.6612
14747.9	38.7973
14748	41.288
14748	46.5541
14748.1	26.3185
14748.1	33.8029
14748.2	30.7793
14748.2	20.0696
14748.3	26.9694
14748.3	49.5619
14748.4	30.1253
14748.4	37.6805
14748.5	39.4481
14748.5	46.4848
14748.6	49.7287
14748.6	34.2372
14748.7	29.2079
14748.7	34.5144
14748.8	37.7635
14748.8	39.1418
14748.9	43.019
14748.9	30.3977
14749	32.9799
14749	31.5028
14749.1	43.9796
14749.1	50.1138
14749.2	39.994
14749.2	38.6354
14749.3	27.9235
14749.3	34.6584
14749.4	45.6093
14749.5	36.5153
14749.5	36.8066
14749.6	30.2188
14749.6	22.7739
14749.7	34.6427
14749.7	29.1455
14749.8	29.5115
14749.8	31.9659
14749.9	30.4697
14749.9	26.7846
14750	27.4686
14750	32.2297
14750.1	35.6971
14750.1	34.3781
14750.2	28.3581
14750.2	31.3001
14750.3	27.7902
14750.3	39.9244
14750.4	33.5417
14750.4	34.6053
14750.5	18.2936
14750.5	41.6204
14750.6	37.8295
14750.6	34.77
14750.7	30.4123
14750.7	13.7887
14750.8	37.3928
14750.8	26.1927
14750.9	38.6765
14750.9	42
14750.9	27
14751	41
14751	22
14751.1	35
14751.2	25
14751.2	33
14751.3	28
14751.3	21
14751.4	41
14751.4	42
14751.5	36
14751.5	30
14751.6	30
14751.6	52
14751.7	59
14751.7	44
14751.8	53
14751.8	31
14751.9	26
14751.9	47
14752	30
14752	46
14752.1	25
14752.1	25
14752.2	27
14752.3	27
14752.3	31
14752.4	40
14752.4	24
14752.5	43
14752.5	51
14752.6	33
14752.6	26
14752.7	28
14752.7	31
14752.8	43
14752.8	42
14752.9	41
14752.9	46
14753	43
14753	25
14753.1	41
14753.1	38
14753.2	27
14753.2	41
14753.3	32
14753.3	38
14753.4	33
14753.5	33
14753.5	52
14753.6	36
14753.6	35
14753.7	44
14753.7	42
14753.8	38
14753.8	52
14753.9	49
14753.9	58
14754	45
14754	37
14754.1	34
14754.1	50
14754.2	31
14754.2	48
14754.3	42
14754.3	41
14754.4	43
14754.4	29
14754.5	54
14754.5	27
14754.6	34
14754.7	33
14754.7	42
14754.8	41
14754.8	35
14754.9	33
14754.9	34
14755	35
14755	40
14755.1	31
14755.1	54
14755.2	43
14755.2	23
14755.3	48
14755.3	37
14755.4	33
14755.4	47
14755.5	45
14755.5	28
14755.6	40
14755.6	36
14755.7	55
14755.7	56
14755.8	44
14755.8	34
14755.9	56
14756	61
14756	36
14756.1	64
14756.1	51
14756.2	26
14756.2	42
14756.3	50
14756.3	48
14756.4	39
14756.4	33
14756.5	33
14756.5	49
14756.6	48
14756.6	47
14756.7	38
14756.7	28
14756.8	38
14756.8	44
14756.9	39
14756.9	51
14757	42
14757	43
14757.1	34
14757.1	37
14757.2	67
14757.2	53
14757.3	21
14757.4	49
14757.4	38
14757.5	45
14757.5	34
14757.6	36
14757.6	54
14757.7	45
14757.7	26
14757.8	49
14757.8	52
14757.9	43
14757.9	34
14758	33
14758	24
14758.1	34
14758.1	49
14758.2	51
14758.2	42
14758.3	48
14758.3	43
14758.4	48
14758.4	35
14758.5	49
14758.5	64
14758.6	35
14758.6	48
14758.7	41
14758.8	12
14758.8	32
14758.9	41
14758.9	44
14759	50
14759	38
14759.1	24
14759.1	46
14759.2	52
14759.2	15
14759.3	27
14759.3	36
14759.4	47
14759.4	50
14759.5	51
14759.5	45
14759.6	12
14759.6	37
14759.7	43
14759.7	43
14759.8	50
14759.8	46
14759.9	20
14759.9	47
14760	47
14760	35
14760.1	41
14760.1	44
14760.2	39
14760.3	39
14760.3	41
14760.4	44
14760.4	42
14760.5	43
14760.5	43
14760.6	38
14760.6	32
14760.7	49
14760.7	53
14760.8	41
14760.8	41
14760.9	56
14760.9	48
14761	22
14761	20
14761.1	38
14761.1	50
14761.2	36
14761.2	33
14761.3	44
14761.3	43
14761.4	37
14761.4	46
14761.5	52
14761.5	54
14761.6	45
14761.6	44
14761.7	55
14761.7	44
14761.8	33
14761.9	40
14761.9	54
14762	47
14762	50
14762.1	46
14762.1	40
14762.2	59
14762.2	41
14762.3	43
14762.3	35
14762.4	52
14762.4	45
14762.5	56
14762.5	55
14762.6	33
14762.6	32
14762.7	28
14762.7	52
14762.8	47
14762.8	34
14762.9	54
14762.9	46
14763	40
14763	49
14763.1	39
14763.1	29
14763.2	47
14763.2	28
14763.3	38
14763.3	40
14763.4	64
14763.4	35
14763.5	38
14763.6	53
14763.6	32
14763.7	44
14763.7	59
14763.8	43
14763.8	40
14763.9	46
14763.9	52
14764	53
14764	49
14764.1	38
14764.1	45
14764.2	64
14764.2	48
14764.3	42
14764.3	41
14764.4	46
14764.4	28
14764.5	44
14764.5	59
14764.6	42
14764.6	57
14764.7	38
14764.7	44
14764.8	57
14764.8	61
14764.9	32
14764.9	43
14765	50
14765	52
14765.1	46
14765.1	32
14765.2	41
14765.2	39
14765.3	46
14765.3	41
14765.4	60
14765.5	54
14765.5	37
14765.6	49
14765.6	54
14765.7	46
14765.7	37
14765.8	46
14765.8	50
14765.9	57
14765.9	51
14766	44
14766	55
14766.1	37
14766.1	32
14766.2	47
14766.2	46
14766.3	25
14766.3	50
14766.4	46
14766.4	69
14766.5	19
14766.5	48
14766.6	47
14766.6	47
14766.7	26
14766.7	63
14766.8	40
14766.8	35
14766.9	59
14766.9	39
14767	47
14767	62
14767.1	53
14767.1	41
14767.2	57
14767.2	59
14767.3	47
14767.3	52
14767.4	50
14767.5	46
14767.5	39
14767.6	31
14767.6	42
14767.7	49
14767.7	53
14767.8	59
14767.8	49
14767.9	39
14767.9	52
14768	50
14768	35
14768.1	44
14768.1	47
14768.2	62
14768.2	49
14768.3	57
14768.3	52
14768.4	41
14768.4	41
14768.5	74
14768.5	46
14768.6	38
14768.6	32
14768.7	46
14768.7	39
14768.8	45
14768.8	33
14768.9	54
14768.9	59
14769	33
14769	52
14769.1	32
14769.1	35
14769.2	55
14769.2	66
14769.3	46
14769.3	58
14769.4	57
14769.4	49
14769.5	51
14769.5	51
14769.6	41
14769.6	52
14769.7	52
14769.7	49
14769.8	39
14769.9	42
14769.9	42
14770	40
14770	50
14770.1	45
14770.1	59
14770.2	53
14770.2	60
14770.3	41
14770.3	40
14770.4	61
14770.4	58
14770.5	50
14770.5	44
14770.6	48
14770.6	42
14770.7	45
14770.7	39
14770.8	28
14770.8	32
14770.9	35
14770.9	44
14771	77
14771	28
14771.1	36
14771.1	43
14771.2	60
14771.2	52
14771.3	56
14771.3	30
14771.4	53
14771.4	38
14771.5	66
14771.5	64
14771.6	57
14771.6	42
14771.7	41
14771.7	59
14771.8	58
14771.8	64
14771.9	49
14771.9	46
14772	55
14772	55
14772.1	46
14772.1	36
14772.2	47
14772.2	49
14772.3	43
14772.3	59
14772.4	36
14772.4	33
14772.5	58
14772.5	53
14772.6	59
14772.7	62
14772.7	44
14772.8	27
14772.8	34
14772.9	49
14772.9	39
14773	38
14773	33
14773.1	51
14773.1	32
14773.2	53
14773.2	59
14773.3	40
14773.3	39
14773.4	44
14773.4	36
14773.5	47
14773.5	54
14773.6	49
14773.6	54
14773.7	38
14773.7	29
14773.8	47
14773.8	58
14773.9	19
14773.9	39
14774	30
14774	55
14774.1	51
14774.1	47
14774.2	43
14774.2	53
14774.3	51
14774.3	43
14774.4	67
14774.4	29
14774.5	52
14774.5	51
14774.6	39
14774.6	53
14774.7	38
14774.7	50
14774.8	47
14774.8	43
14774.9	42
14774.9	35
14775	49
14775	47
14775.1	51
14775.1	31
14775.2	43
14775.2	42
14775.3	43
14775.3	65
14775.4	43
14775.4	35
14775.5	37
14775.5	41
14775.6	48
14775.6	43
14775.7	65
14775.7	38
14775.8	38
14775.8	46
14775.9	53
14775.9	46
14776	55
14776	27
14776.1	29
14776.1	46
14776.2	55
14776.2	41
14776.3	47
14776.3	38
14776.4	47
14776.5	57
14776.5	38
14776.6	55
14776.6	19
14776.7	45
14776.7	44
14776.8	33
14776.8	63
14776.9	45
14776.9	42
14777	40
14777	56
14777.1	75
14777.1	46
14777.2	53
14777.2	40
14777.3	46
14777.3	39
14777.4	55
14777.4	58
14777.5	38
14777.5	41
14777.6	57
14777.6	47
14777.7	43
14777.7	57
14777.8	52
14777.8	44
14777.9	45
14777.9	57
14778	34
14778	28
14778.1	36
14778.1	42
14778.2	58
14778.2	41
14778.3	38
14778.3	32
14778.4	43
14778.4	37
14778.5	60
14778.5	35
14778.6	38
14778.6	49
14778.7	44
14778.7	38
14778.8	37
14778.8	31
14778.9	56
14778.9	52
14779	43
14779	26
14779.1	17
14779.1	42
14779.2	42
14779.2	47
14779.3	65
14779.3	26
14779.4	43
14779.4	41
14779.5	45
14779.5	52
14779.6	35
14779.6	47
14779.7	44
14779.7	58
14779.8	28
14779.8	35
14779.9	47
14779.9	36
14780	49
14780	42
14780.1	55
14780.1	57
14780.2	30
14780.2	30
14780.3	31
14780.3	37
14780.4	52
14780.4	47
14780.5	31
14780.5	35
14780.6	32
14780.6	40
14780.7	45
14780.7	49
14780.8	51
14780.8	46
14780.9	44
14780.9	40
14781	42
14781	31
14781.1	37
14781.1	62
14781.2	44
14781.2	43
14781.3	51
14781.3	42
14781.4	25
14781.4	48
14781.5	41
14781.5	35
14781.6	45
14781.6	36
14781.7	48
14781.7	44
14781.8	37
14781.8	62
14781.9	48
14781.9	48
14782	46
14782	48
14782.1	35
14782.1	32
14782.2	50
14782.2	51
14782.3	36
14782.3	37
14782.4	30
14782.4	45
14782.5	45
14782.5	60
14782.6	44
14782.6	25
14782.7	46
14782.7	50
14782.8	36
14782.8	54
14782.9	46
14782.9	41
14783	55
14783	50
14783.1	35
14783.1	51
14783.2	44
14783.2	53
14783.3	25
14783.3	51
14783.4	55
14783.4	36
14783.5	42
14783.5	42
14783.6	15
14783.6	45
14783.7	50
14783.7	35
14783.8	33
14783.8	29
14783.9	42
14783.9	51
14784	55
14784	58
14784.1	50
14784.1	59
14784.2	57
14784.2	47
14784.3	37
14784.3	29
14784.4	45
14784.4	48
14784.5	49
14784.5	34
14784.6	30
14784.6	46
14784.7	60
14784.7	32
14784.8	55
14784.8	39
14784.9	39
14784.9	28
14785	54
14785	41
14785.1	49
14785.1	11
14785.2	42
14785.2	39
14785.3	28
14785.3	34
14785.4	29
14785.4	35
14785.5	25
14785.5	50
14785.6	39
14785.6	64
14785.7	49
14785.7	48
14785.8	53
14785.8	65
14785.9	54
14785.9	36
14786	24
14786	48
14786.1	54
14786.1	41
14786.2	46
14786.2	50
14786.3	44
14786.3	61
14786.4	60
14786.4	43
14786.5	37
14786.5	32
14786.6	68
14786.6	44
14786.7	43
14786.7	42
14786.8	44
14786.8	40
14786.9	46
14786.9	31
14787	45
14787	30
14787.1	50
14787.1	37
14787.2	37
14787.2	50
14787.3	33
14787.3	39
14787.4	38
14787.4	48
14787.5	53
14787.5	52
14787.6	43
14787.6	27
14787.7	28
14787.7	42
14787.8	48
14787.8	41
14787.9	19
14787.9	28
14788	43
14788	44
14788.1	38
14788.1	35
14788.2	46
14788.2	35
14788.3	36
14788.3	55
14788.4	59
14788.4	25
14788.5	47
14788.5	46
14788.6	41
14788.6	33
14788.7	52
14788.7	41
14788.8	39
14788.8	42
14788.9	44
14788.9	30
14789	34
14789	47
14789.1	37
14789.1	44
14789.2	17
14789.2	31
14789.3	49
14789.3	58
14789.4	32
14789.4	54
14789.5	27
14789.5	34
14789.6	31
14789.6	30
14789.7	51
14789.7	49
14789.8	45
14789.8	31
14789.9	57
14789.9	45
14790	50
14790	38
14790.1	39
14790.1	32
14790.2	40
14790.2	49
14790.3	41
14790.3	33
14790.4	34
14790.4	44
14790.5	36
14790.5	56
14790.6	54
14790.6	41
14790.7	26
14790.7	50
14790.8	54
14790.8	33
14790.9	44
14790.9	43
14791	55
14791	43
14791.1	30
14791.1	32
14791.1	33
14791.2	45
14791.2	45
14791.3	41
14791.3	34
14791.4	30
14791.4	36
14791.5	54
14791.5	58
14791.6	41
14791.6	33
14791.7	54
14791.7	37
14791.8	43
14791.8	28
14791.9	44
14791.9	33
14792	42
14792	29
14792.1	44
14792.1	34
14792.2	48
14792.2	53
14792.3	32
14792.3	66
14792.4	43
14792.4	20
14792.5	28
14792.5	46
14792.6	51
14792.6	39.0049
14792.7	41.8437
14792.7	39.8424
14792.8	15.4075
14792.8	30.7227
14792.9	32.9009
14792.9	33.4853
14793	45.6182
14793	44.5517
14793.1	29.0186
14793.1	20.7528
14793.2	39.6558
14793.2	42.5796
14793.3	48.7426
14793.3	37.5328
14793.4	43.7609
14793.4	43.5591
14793.5	42.4146
14793.5	35.4883
14793.6	9.70828
14793.6	38.3205
14793.7	43.3076
14793.7	44.3552
14793.8	49.9278
14793.8	53.2652
14793.9	37.3308
14793.9	28.1814
14794	36.639
14794	40.7086
14794.1	43.575
14794.1	40.0098
14794.2	29.043
14794.2	47.8829
14794.3	38.7032
14794.3	38.2743
14794.4	41.8756
14794.4	57.0554
14794.5	51.0667
14794.5	35.5799
14794.6	31.1861
14794.6	36.659
14794.7	26.9314
14794.7	39.4327
14794.8	37.0178
14794.8	48.3687
14794.9	50.0951
14794.9	28.7453
14794.9	33.3563
14795	31.708
14795	42.5756
14795.1	47.0839
14795.1	26.3895
14795.2	27.6222
14795.2	44.7676
14795.3	37.3136
14795.3	49.4498
14795.4	48.0943
14795.4	48.6193
14795.5	37.9059
14795.5	40.095
14795.6	34.5098
14795.6	36.1412
14795.7	29.8439
14795.7	29.8179
14795.8	29.4287
14795.8	38.9593
14795.9	36.1264
14795.9	32.6796
14796	37.2549
14796	37.6683
14796.1	34.5291
14796.1	22.9471
14796.2	28.9086
14796.2	41.9204
14796.3	29.7915
14796.3	47.7727
14796.4	38.3192
14796.4	37.1569
14796.5	42.3824
14796.5	29.4645
14796.6	21.2885
14796.6	48.5206
14796.7	34.7456
14796.7	37.3302
14796.8	33.4853
14796.8	41.5792
14796.9	33.3765
14796.9	33.4614
14797	31.1977
14797	36.4441
14797.1	26.2311
14797.1	32.2255
14797.2	44.6484
14797.2	46.7744
14797.3	26.383
14797.3	24.8952
14797.4	29.3076
14797.4	39.6821
14797.5	42.5172
14797.5	35.4049
14797.6	29.6879
14797.6	30.6718
14797.6	46
14797.7	46
14797.7	50
14797.8	29
14797.8	41
14797.9	41
14797.9	37
14798	41
14798	30
14798.1	24
14798.1	38
14798.2	34
14798.2	38
14798.3	45
14798.3	40
14798.4	45
14798.4	35
14798.5	35
14798.5	38
14798.6	28
14798.6	52
14798.7	45
14798.7	29
14798.8	43
14798.8	26
14798.9	44
14798.9	40
14799	48
14799	51
14799.1	39
14799.1	36
14799.2	46
14799.2	40
14799.3	39
14799.3	45
14799.4	36
14799.4	45
14799.5	40
14799.5	49
14799.6	52
14799.6	40
14799.7	36
14799.7	40
14799.8	44
14799.8	54
14799.9	48
14799.9	36
14800	34
14800	40
14800.1	45
14800.1	52
14800.2	44
14800.2	47
14800.3	14
14800.3	40
14800.4	48
14800.4	28
14800.5	47
14800.5	37
14800.6	42
14800.6	42
14800.7	22
14800.7	67
14800.8	46
14800.8	39
14800.9	47
14800.9	49
14801	35
14801	35
14801.1	51
14801.1	27
14801.2	42
14801.2	33
14801.3	55
14801.3	33
14801.4	25
14801.4	39
14801.5	40
14801.5	41
14801.6	44
14801.6	42
14801.7	41
14801.7	38
14801.8	40
14801.8	50
14801.9	51
14801.9	26
14802	31
14802	40
14802.1	39
14802.1	35
14802.2	49
14802.2	43
14802.3	38
14802.3	49
14802.4	47
14802.4	44
14802.5	35
14802.5	35
14802.6	50
14802.6	55
14802.7	44
14802.7	25
14802.8	63
14802.8	53
14802.9	29
14802.9	40
14803	54
14803	45
14803.1	50
14803.1	52
14803.2	38
14803.2	39
14803.3	26
14803.3	55
14803.4	66
14803.4	43
14803.5	55
14803.5	33
14803.6	25
14803.6	47
14803.7	33
14803.7	55
14803.8	64
14803.8	40
14803.9	39
14803.9	50
14804	59
14804	56
14804.1	40
14804.1	35
14804.2	53
14804.2	57
14804.3	52
14804.3	42
14804.4	33
14804.4	14
14804.5	30
14804.5	30
14804.6	51
14804.6	48
14804.7	33
14804.7	51
14804.8	47
14804.8	65
14804.9	48
14804.9	58
14805	31
14805	49
14805.1	44
14805.1	44
14805.2	57
14805.2	47
14805.3	30
14805.3	34
14805.4	64
14805.4	40
14805.5	43
14805.5	41
14805.6	35
14805.6	40
14805.7	42
14805.7	41
14805.8	48
14805.8	55
14805.9	52
14805.9	55
14806	40
14806	38
14806.1	53
14806.1	30
14806.2	53
14806.2	44
14806.3	51
14806.3	60
14806.4	49
14806.4	44
14806.5	52
14806.5	29
14806.6	34
14806.6	42
14806.7	52
14806.7	40
14806.8	56
14806.8	37
14806.9	35
14806.9	46
14807	62
14807	56
14807.1	40
14807.1	17
14807.2	57
14807.2	53
14807.3	40
14807.3	38
14807.3	66
14807.4	34
14807.4	38
14807.5	44
14807.5	55
14807.6	35
14807.6	49
14807.7	53
14807.7	58
14807.8	53
14807.8	41
14807.9	50
14807.9	32
14808	49
14808	44
14808.1	44
14808.1	53
14808.2	28
14808.2	50
14808.3	38
14808.3	46
14808.4	44
14808.4	28
14808.5	49
14808.5	43
14808.6	61
14808.6	42
14808.7	46
14808.7	30
14808.8	49
14808.8	58
14808.9	47
14808.9	39
14809	51
14809	26
14809.1	47
14809.1	53
14809.2	47
14809.2	67
14809.3	59
14809.3	45
14809.4	68
14809.4	48.5
14809.5	29
14809.5	61
14809.6	48
14809.6	44
14809.7	50
14809.7	52
14809.8	42
14809.8	52
14809.9	44
14809.9	55
14810	50
14810	49
14810.1	50
14810.1	46
14810.2	47
14810.2	49
14810.3	62
14810.3	47
14810.4	53
14810.4	61
14810.5	48
14810.5	57
14810.6	39
14810.6	38
14810.7	42
14810.7	62
14810.8	52
14810.8	39
14810.9	49
14810.9	53
14811	63
14811	62
14811.1	53
14811.1	66
14811.2	34
14811.2	43
14811.3	53
14811.3	56
14811.3	43
14811.4	43
14811.4	51
14811.5	64
14811.5	48
14811.6	51
14811.6	45
14811.7	45
14811.7	52
14811.8	50
14811.8	37
14811.9	50
14811.9	40
14812	46
14812	55
14812.1	48
14812.1	59
14812.2	54
14812.2	39
14812.3	37
14812.3	52
14812.4	41
14812.4	55
14812.5	45
14812.5	36
14812.6	68
14812.6	48
14812.7	55
14812.7	34
14812.8	30
14812.8	36
14812.9	60
14812.9	55
14813	53
14813	49
14813.1	44
14813.1	42
14813.2	51
14813.2	58
14813.3	34
14813.3	24
14813.4	57
14813.4	49
14813.5	29
14813.5	45
14813.6	46
14813.6	38
14813.7	60
14813.7	22
14813.8	52
14813.8	45
14813.9	37
14813.9	44
14814	57
14814	62
14814.1	58
14814.1	50
14814.1	56
14814.2	48
14814.2	45
14814.3	61
14814.3	47
14814.4	36
14814.4	56
14814.5	60
14814.5	54
14814.6	55
14814.6	56
14814.7	48
14814.7	46
14814.8	59
14814.8	53
14814.9	38
14814.9	32
14815	51
14815	47
14815.1	64
14815.1	37
14815.2	52
14815.2	41
14815.3	49
14815.3	56
14815.4	42
14815.4	28
14815.5	62
14815.5	66
14815.6	44
14815.6	57
14815.7	28
14815.7	39
14815.8	49
14815.8	42
14815.9	48
14815.9	46
14816	43
14816	56
14816.1	45
14816.1	42
14816.2	47
14816.2	53
14816.3	32
14816.3	46
14816.4	35
14816.4	63
14816.4	64
14816.5	46
14816.5	41
14816.6	55
14816.6	55
14816.7	52
14816.7	45
14816.8	44
14816.8	51
14816.9	49
14816.9	48
14817	48
14817	46
14817.1	39
14817.1	32
14817.2	26
14817.2	44
14817.3	39
14817.3	53
14817.4	42
14817.4	45
14817.5	48
14817.5	53
14817.6	50
14817.6	49
14817.7	52
14817.7	58
14817.8	38
14817.8	29
14817.9	40
14817.9	68
14818	51
14818	39
14818.1	64
14818.1	56
14818.2	52
14818.2	59
14818.3	71
14818.3	52
14818.4	56
14818.4	32
14818.5	53
14818.5	53
14818.5	46
14818.6	60
14818.6	56
14818.7	42
14818.7	66
14818.8	67
14818.8	36
14818.9	38
14818.9	33
14819	49
14819	45
14819.1	32
14819.1	59
14819.2	56
14819.2	36
14819.3	32
14819.3	36
14819.4	59
14819.4	48
14819.5	40
14819.5	58
14819.6	46
14819.6	61
14819.7	54
14819.7	38
14819.8	35
14819.8	49
14819.9	40
14819.9	33
14820	35
14820	53
14820.1	50
14820.1	56
14820.2	50
14820.2	53
14820.3	18
14820.3	47
14820.3	64
14820.4	35
14820.4	44
14820.5	51
14820.5	63
14820.6	42
14820.6	37
14820.7	42
14820.7	51
14820.8	55
14820.8	33
14820.9	52
14820.9	37
14821	41
14821	49
14821.1	38
14821.1	48
14821.2	32
14821.2	36
14821.3	40
14821.3	41
14821.4	58
14821.4	54
14821.5	70
14821.5	60
14821.6	48
14821.6	43
14821.7	45
14821.7	45
14821.8	54
14821.8	42
14821.9	53
14821.9	52
14821.9	44
14822	41
14822	43
14822.1	38
14822.1	60
14822.2	42
14822.2	58
14822.3	53
14822.3	43
14822.4	18
14822.4	41
14822.5	61
14822.5	52
14822.6	29
14822.6	49
14822.7	42
14822.7	38
14822.8	50
14822.8	42
14822.9	40
14822.9	43
14823	57
14823	49
14823.1	43
14823.1	64
14823.2	65
14823.2	30
14823.3	54
14823.3	51
14823.4	54
14823.4	46
14823.4	19
14823.5	63
14823.5	21
14823.6	57
14823.6	51
14823.7	59
14823.7	41
14823.8	44
14823.8	44
14823.9	55
14823.9	45
14824	22
14824	40
14824.1	58
14824.1	43
14824.2	50
14824.2	43
14824.3	38
14824.3	45
14824.4	65
14824.4	47
14824.5	55
14824.5	43
14824.6	46
14824.6	44
14824.7	53
14824.7	43
14824.8	53
14824.8	51
14824.9	36
14824.9	40
14824.9	49
14825	42
14825	49
14825.1	56
14825.1	36
14825.2	38
14825.2	29
14825.3	30
14825.3	46
14825.4	56
14825.4	41
14825.5	38
14825.5	45
14825.6	49
14825.6	42
14825.7	60
14825.7	73
14825.8	34
14825.8	46
14825.9	49
14825.9	48
14826	42
14826	49
14826.1	29
14826.1	62
14826.2	34
14826.2	65
14826.2	52
14826.3	46
14826.3	37
14826.4	19
14826.4	42
14826.5	64
14826.5	51
14826.6	54
14826.6	39
14826.7	39
14826.7	38
14826.8	63
14826.8	35
14826.9	37
14826.9	47
14827	45
14827	35
14827.1	39
14827.1	58
14827.2	47
14827.2	48
14827.3	51
14827.3	41
14827.4	27
14827.4	43
14827.5	36
14827.5	35
14827.5	50
14827.6	55
14827.6	63
14827.7	32
14827.7	51
14827.8	63
14827.8	55
14827.9	35
14827.9	48
14828	59
14828	41
14828.1	45
14828.1	31
14828.2	52
14828.2	31
14828.3	48
14828.3	38
14828.4	53
14828.4	48
14828.5	27
14828.5	38
14828.6	31
14828.6	50
14828.7	52
14828.7	23
14828.7	49
14828.8	51
14828.8	51
14828.9	52
14828.9	59
14829	36
14829	51
14829.1	41
14829.1	70
14829.2	27
14829.2	46
14829.3	29
14829.3	40
14829.4	53
14829.4	45
14829.5	39
14829.5	34
14829.6	52
14829.6	56
14829.7	46
14829.7	37
14829.8	47
14829.8	48
14829.9	52
14829.9	43
14829.9	30
14830	51
14830	32
14830.1	52
14830.1	45
14830.2	45
14830.2	63
14830.3	24
14830.3	56
14830.4	44
14830.4	44
14830.5	67
14830.5	56
14830.6	52
14830.6	58
14830.7	40
14830.7	59
14830.8	34
14830.8	40
14830.9	49
14830.9	38
14831	39
14831	37
14831	52
14831.1	28
14831.1	57
14831.2	37
14831.2	46
14831.3	28
14831.3	34
14831.4	34
14831.4	36
14831.5	55
14831.5	40
14831.6	59
14831.6	27
14831.7	50
14831.7	39
14831.8	52
14831.8	55
14831.9	39
14831.9	41
14832	43
14832	56
14832.1	47
14832.1	33
14832.1	44
14832.2	47
14832.2	34
14832.3	41
14832.3	26
14832.4	36
14832.4	63
14832.5	35
14832.5	54
14832.6	41
14832.6	40
14832.7	55
14832.7	45
14832.8	51
14832.8	52
14832.9	30
14832.9	43
14833	54
14833	35
14833.1	52
14833.1	29
14833.1	45
14833.2	51
14833.2	51
14833.3	28
14833.3	62
14833.4	38
14833.4	33
14833.5	41
14833.5	30
14833.6	53
14833.6	41
14833.7	40
14833.7	38
14833.8	27
14833.8	36
14833.9	44
14833.9	32
14834	27
14834	37
14834.1	50
14834.1	48
14834.1	28
14834.2	37
14834.2	44
14834.3	49
14834.3	38
14834.4	34
14834.4	30
14834.5	46
14834.5	32
14834.6	59
14834.6	43
14834.7	35
14834.7	45
14834.8	40
14834.8	57
14834.9	47
14834.9	53
14835	60
14835	64
14835.1	54
14835.1	33
14835.1	36
14835.2	34
14835.2	48
14835.3	51
14835.3	26
14835.4	60
14835.4	49
14835.5	36
14835.5	35
14835.6	21
14835.6	46
14835.7	42
14835.7	32
14835.8	37
14835.8	32
14835.9	53
14835.9	37
14836	58
14836	42
14836	40
14836.1	52
14836.1	30
14836.2	39
14836.2	51
14836.3	30
14836.3	32
14836.4	47
14836.4	43
14836.5	53
14836.5	37
14836.6	44
14836.6	47
14836.7	45
14836.7	58
14836.8	50
14836.8	48
14836.9	33
14836.9	58
14837	63
14837	49
14837	32
14837.1	30
14837.1	45
14837.2	43
14837.2	68
14837.3	52
14837.3	35
14837.4	36
14837.4	51
14837.5	54
14837.5	50
14837.6	45
14837.6	28
14837.7	41
14837.7	54.8359
14837.8	48.5904
14837.8	33.6854
14837.9	34.471
14837.9	51.6997
14837.9	53.688
14838	47.1597
14838	34.6189
14838.1	28.6225
14838.1	57.3348
14838.2	46.223
14838.2	48.8598
14838.3	30.892
14838.3	42.9875
14838.4	46.346
14838.4	36.6016
14838.5	45.7384
14838.5	29.5518
14838.6	41.8245
14838.6	43.2126
14838.7	45.1975
14838.7	40.8015
14838.7	34.3176
14838.8	24.132
14838.8	35.6928
14838.9	22.6517
14838.9	40.5414
14839	41.9237
14839	56.725
14839.1	41.9478
14839.1	33.6261
14839.2	31.8675
14839.2	39.4148
14839.3	46.5627
14839.3	43.5372
14839.4	33.5902
14839.4	29.0352
14839.5	43.9353
14839.5	40.7489
14839.6	39.4454
14839.6	43.5046
14839.6	42.6547
14839.7	35.2922
14839.7	40.543
14839.8	38.4563
14839.8	49.0977
14839.9	38.4197
14839.9	37.3964
14840	42.8697
14840	37.5568
14840.1	41.7269
14840.1	38.9297
14840.2	35.4638
14840.2	29.7895
14840.3	40.8336
14840.3	35.6026
14840.4	32.8353
14840.4	23.6701
14840.4	39.7088
14840.5	36.7354
14840.5	19.2739
14840.6	42.2034
14840.6	39.212
14840.7	31.8835
14840.7	27.6167
14840.8	21.115
14840.8	33.9753
14840.9	29.9044
14840.9	25.4569
14841	36.7165
14841	46.3969
14841.1	33.3334
14841.1	29.5724
14841.2	18.5177
14841.2	34.074
14841.2	36.5025
14841.3	29.0117
14841.3	36.4752
14841.4	34.3525
14841.4	22.4808
14841.5	29.5433
14841.5	31.5237
14841.6	35.1288
14841.6	39.7405
14841.7	16.8286
14841.7	30
14841.8	42.926
14841.8	48.9833
14841.9	30.9047
14841.9	28.0712
14842	25.8302
14842	41.7974
14842	33.2515
14842.1	26.428
14842.1	38.0528
14842.2	21.6692
14842.2	21.7253
14842.3	36.6804
14842.3	38.0874
14842.4	45.8346
14842.4	30.0623
14842.5	10.8015
14842.5	23.0769
14842.5	29
14842.6	25
14842.6	42
14842.7	32
14842.7	37
14842.8	32
14842.8	44
14842.9	31
14842.9	38
14843	36
14843	22
14843.1	48
14843.1	33
14843.2	49
14843.2	36
14843.3	33
14843.3	26
14843.3	28
14843.4	34
14843.4	34
14843.5	36
14843.5	51
14843.6	42
14843.6	39
14843.7	55
14843.7	18
14843.8	31
14843.8	29
14843.9	43
14843.9	53
14844	41
14844	27
14844.1	42
14844.1	41
14844.2	38
14844.2	48
14844.3	23
14844.3	11
14844.4	36
14844.4	31
14844.5	44
14844.5	35
14844.5	39
14844.6	46
14844.6	43
14844.7	32
14844.7	39
14844.8	27
14844.8	27
14844.9	29
14844.9	46
14845	45
14845	43
14845.1	35
14845.1	40
14845.2	47
14845.2	18
14845.3	29
14845.3	37
14845.4	14
14845.4	51
14845.5	31
14845.5	28
14845.6	44
14845.6	31
14845.7	41
14845.7	27
14845.7	40
14845.8	54
14845.8	47
14845.9	44
14845.9	53
14846	50
14846	41
14846.1	45
14846.1	50
14846.2	54
14846.2	51
14846.3	42
14846.3	58
14846.4	29
14846.4	31
14846.5	37
14846.5	41
14846.6	37
14846.6	36
14846.7	39
14846.7	46
14846.8	44
14846.8	36
14846.9	36
14846.9	19
14846.9	11
14847	48
14847	54
14847.1	58
14847.1	35
14847.2	27
14847.2	48
14847.3	45
14847.3	51
14847.4	35
14847.4	37
14847.5	26
14847.5	44
14847.6	35
14847.6	57
14847.7	46
14847.7	41
14847.8	36
14847.8	43
14847.9	48
14847.9	41
14848	36
14848	36
14848	43
14848.1	54
14848.1	66
14848.2	40
14848.2	46
14848.3	41
14848.3	45
14848.4	35
14848.4	44
14848.5	51
14848.5	38
14848.6	64
14848.6	57
14848.7	56
14848.7	41
14848.8	29
14848.8	22
14848.9	38
14848.9	58
14849	42
14849	52
14849	55
14849.1	45
14849.1	37
14849.2	57
14849.2	52
14849.3	35
14849.3	48
14849.4	38
14849.4	42
14849.5	34
14849.5	49
14849.6	62
14849.6	47
14849.7	41
14849.7	29
14849.8	46
14849.8	23
14849.9	41
14849.9	52
14850	56
14850	39
14850	41
14850.1	66
14850.1	32
14850.2	50
14850.2	53
14850.3	54
14850.3	21
14850.4	22
14850.4	41
14850.5	54
14850.5	33
14850.6	44
14850.6	47
14850.7	50
14850.7	47
14850.8	44
14850.8	58
14850.9	37
14850.9	35
14851	45
14851	68
14851	61
14851.1	42
14851.1	41
14851.2	40
14851.2	60
14851.3	48
14851.3	61
14851.4	28
14851.4	56
14851.5	40
14851.5	32
14851.6	40
14851.6	50
14851.7	38
14851.7	36
14851.8	56
14851.8	40
14851.9	43
14851.9	25
14852	44
14852	68
14852	46
14852.1	61
14852.1	32
14852.2	42
14852.2	38
14852.3	33
14852.3	46
14852.4	42
14852.4	31
14852.5	51
14852.5	46
14852.6	47
14852.6	47
14852.7	45
14852.7	45
14852.8	35
14852.8	49
14852.9	53
14852.9	40
14852.9	46
14853	59
14853	52
14853.1	52
14853.1	38
14853.2	51
14853.2	47
14853.3	48
14853.3	46
14853.4	67
14853.4	47
14853.5	41
14853.5	62
14853.6	27
14853.6	51
14853.7	51
14853.7	16
14853.8	33
14853.8	30
14853.8	27
14853.9	51
14853.9	44
14854	48
14854	53
14854.1	15
14854.1	37
14854.2	38
14854.2	32
14854.3	52
14854.3	65
14854.4	38
14854.4	59
14854.5	52
14854.5	52
14854.6	66
14854.6	39
14854.7	61
14854.7	58
14854.7	44
14854.8	29
14854.8	63
14854.9	52
14854.9	21
14855	36
14855	48
14855.1	61
14855.1	48
14855.2	42
14855.2	40
14855.3	32
14855.3	46
14855.4	44
14855.4	49
14855.5	32
14855.5	42
14855.6	49
14855.6	58
14855.6	52
14855.7	46
14855.7	51
14855.8	40
14855.8	55
14855.9	34
14855.9	59
14856	35
14856	40
14856.1	51
14856.1	71
14856.2	47
14856.2	49
14856.3	54
14856.3	59
14856.4	59
14856.4	51
14856.4	46
14856.5	53
14856.5	45
14856.6	39
14856.6	49
14856.7	49
14856.7	40
14856.8	34
14856.8	31
14856.9	42
14856.9	46
14857	56
14857	51
14857.1	41
14857.1	47
14857.2	43
14857.2	52
14857.2	49
14857.3	50
14857.3	35
14857.4	57
14857.4	50
14857.5	50
14857.5	49
14857.6	49
14857.6	38
14857.7	51
14857.7	43
14857.8	48
14857.8	48
14857.9	49
14857.9	33
14858	43
14858	56
14858	54
14858.1	48
14858.1	48
14858.2	51
14858.2	58
14858.3	33
14858.3	42
14858.4	60
14858.4	67
14858.5	47
14858.5	50
14858.6	35
14858.6	40
14858.7	27
14858.7	53
14858.8	49
14858.8	41
14858.8	40
14858.9	61
14858.9	54
14859	56
14859	50
14859.1	60
14859.1	28
14859.2	51
14859.2	58
14859.3	57
14859.3	26
14859.4	42
14859.4	49
14859.5	53
14859.5	42
14859.6	57
14859.6	51
14859.6	44
14859.7	62
14859.7	49
14859.8	38
14859.8	49
14859.9	50
14859.9	47
14860	56
14860	43
14860.1	44
14860.1	49
14860.2	39
14860.2	46
14860.3	53
14860.3	42
14860.4	62
14860.4	51
14860.4	51
14860.5	52
14860.5	63
14860.6	35
14860.6	41
14860.7	53
14860.7	44
14860.8	45
14860.8	49
14860.9	48
14860.9	60
14861	38
14861	38
14861.1	30
14861.1	64
14861.1	34
14861.2	55
14861.2	45
14861.3	35
14861.3	42
14861.4	47
14861.4	53
14861.5	30
14861.5	41
14861.6	55
14861.6	51
14861.7	38
14861.7	37
14861.8	48
14861.8	59
14861.8	63
14861.9	51
14861.9	46
14862	40
14862	61
14862.1	45
14862.1	49
14862.2	47
14862.2	38
14862.3	46
14862.3	50
14862.4	54
14862.4	41
14862.5	49
14862.5	63
14862.6	53
14862.6	49
14862.6	62
14862.7	40
14862.7	37
14862.8	56
14862.8	54
14862.9	65
14862.9	44
14863	54
14863	40
14863.1	41
14863.1	48
14863.2	46
14863.2	61
14863.3	44
14863.3	56
14863.3	46
14863.4	47
14863.4	32
14863.5	28
14863.5	42
14863.6	39
14863.6	63
14863.7	42
14863.7	42
14863.8	43
14863.8	41
14863.9	61
14863.9	55
14864	51
14864	23
14864	42
14864.1	58
14864.1	53
14864.2	65
14864.2	59
14864.3	55
14864.3	49
14864.4	44
14864.4	56
14864.5	27
14864.5	29
14864.6	46
14864.6	72
14864.7	68
14864.7	35
14864.7	26
14864.8	55
14864.8	56
14864.9	48
14864.9	83
14865	53
14865	33
14865.1	54
14865.1	74
14865.2	57
14865.2	36
14865.3	38
14865.3	53
14865.3	51
14865.4	60
14865.4	44
14865.5	41
14865.5	30
14865.6	57
14865.6	68
14865.7	54
14865.7	62
14865.8	49
14865.8	52
14865.9	44
14865.9	53
14866	59
14866	42
14866	46
14866.1	54
14866.1	36
14866.2	51
14866.2	57
14866.3	47
14866.3	47
14866.4	64
14866.4	45
14866.5	42
14866.5	53
14866.6	29
14866.6	66
14866.6	50
14866.7	59
14866.7	40
14866.8	46
14866.8	29
14866.9	53
14866.9	47
14867	52
14867	41
14867.1	32
14867.1	58
14867.2	45
14867.2	50
14867.3	48
14867.3	44
14867.3	55
14867.4	38
14867.4	37
14867.5	42
14867.5	54
14867.6	39
14867.6	55
14867.7	48
14867.7	45
14867.8	45
14867.8	39
14867.9	37
14867.9	42
14867.9	46
14868	50
14868	47
14868.1	32
14868.1	49
14868.2	55
14868.2	61
14868.3	49
14868.3	46
14868.4	42
14868.4	37
14868.5	38
14868.5	54
14868.6	39
14868.6	45
14868.6	66
14868.7	53
14868.7	69
14868.8	29
14868.8	48
14868.9	31
14868.9	48
14869	62
14869	44
14869.1	42
14869.1	53
14869.2	56
14869.2	51
14869.2	42
14869.3	43
14869.3	22
14869.4	36
14869.4	47
14869.5	51
14869.5	35
14869.6	45
14869.6	56
14869.7	47
14869.7	61
14869.8	55
14869.8	52
14869.8	18
14869.9	37
14869.9	38
14870	49
14870	44
14870.1	53
14870.1	44
14870.2	55
14870.2	38
14870.3	44
14870.3	48
14870.4	50
14870.4	57
14870.4	43
14870.5	22
14870.5	36
14870.6	53
14870.6	56
14870.7	67
14870.7	47
14870.8	44
14870.8	32
14870.9	28
14870.9	53
14871	57
14871	36
14871	34
14871.1	44
14871.1	54
14871.2	56
14871.2	40
14871.3	55
14871.3	44
14871.4	59
14871.4	66
14871.5	36
14871.5	55
14871.6	34
14871.6	61
14871.6	49
14871.7	60
14871.7	65
14871.8	55
14871.8	52
14871.9	44
14871.9	42
14872	58
14872	47
14872.1	32
14872.1	58
14872.2	53
14872.2	61
14872.2	47
14872.3	58
14872.3	39
14872.4	40
14872.4	22
14872.5	43
14872.5	43
14872.6	35
14872.6	34
14872.7	69
14872.7	65
14872.7	35
14872.8	53
14872.8	43
14872.9	34
14872.9	38
14873	53
14873	56
14873.1	37
14873.1	43
14873.2	49
14873.2	38
14873.3	38
14873.3	36
14873.3	45
14873.4	36
14873.4	39
14873.5	27
14873.5	40
14873.6	46
14873.6	34
14873.7	49
14873.7	53
14873.8	54
14873.8	47
14873.9	57
14873.9	50
14873.9	48
14874	45
14874	61
14874.1	52
14874.1	69
14874.2	54
14874.2	56
14874.3	58
14874.3	50
14874.4	48
14874.4	53
14874.4	44
14874.5	57
14874.5	59
14874.6	30
14874.6	14
14874.7	46
14874.7	64
14874.8	35
14874.8	25
14874.9	47
14874.9	55
14875	48
14875	39
14875	32
14875.1	35
14875.1	35
14875.2	40
14875.2	47
14875.3	36
14875.3	35
14875.4	59
14875.4	40
14875.5	49
14875.5	50
14875.5	45
14875.6	53
14875.6	20
14875.7	58
14875.7	61
14875.8	42
14875.8	44
14875.9	36
14875.9	43
14876	46
14876	47
14876.1	44
14876.1	56
14876.1	47
14876.2	51
14876.2	51
14876.3	36
14876.3	36
14876.4	39
14876.4	31
14876.5	37
14876.5	58
14876.6	42
14876.6	51
14876.6	25
14876.7	44
14876.7	71
14876.8	37
14876.8	33
14876.9	26
14876.9	30
14877	33
14877	40
14877.1	52
14877.1	41
14877.1	31
14877.2	48
14877.2	32
14877.3	28
14877.3	44
14877.4	35
14877.4	48
14877.5	46
14877.5	30
14877.6	66
14877.6	29
14877.7	32
14877.7	53
14877.7	47
14877.8	55
14877.8	42
14877.9	50
14877.9	44
14878	39
14878	45
14878.1	45
14878.1	27
14878.2	52
14878.2	47
14878.2	42
14878.3	52
14878.3	55
14878.4	36
14878.4	43
14878.5	29
14878.5	38
14878.6	37
14878.6	28
14878.7	45
14878.7	60
14878.7	41
14878.8	52
14878.8	36
14878.9	30
14878.9	52
14879	46
14879	32
14879.1	50
14879.1	31
14879.2	58
14879.2	61
14879.2	38
14879.3	43
14879.3	27
14879.4	25
14879.4	44
14879.5	41
14879.5	53
14879.6	41
14879.6	22
14879.7	36
14879.7	58
14879.7	34
14879.8	34
14879.8	43
14879.9	36
14879.9	63
14880	41
14880	45
14880.1	29
14880.1	46
14880.2	45
14880.2	40
14880.2	46
14880.3	58
14880.3	37
14880.4	44
14880.4	36
14880.5	41
14880.5	35
14880.6	38
14880.6	40
14880.7	26
14880.7	48
14880.7	47
14880.8	65
14880.8	65.8333
14880.9	37.0496
14880.9	34.1067
14881	40.6275
14881	56.7811
14881.1	52.0023
14881.1	36.0619
14881.2	42.7286
14881.2	42
14881.2	53.7883
14881.3	36.6104
14881.3	41.4655
14881.4	42.6905
14881.4	39.3049
14881.5	34.1825
14881.5	29.9179
14881.6	37.9592
14881.6	34.6667
14881.7	46.6002
14881.7	36.6033
14881.7	52.595
14881.8	24.7797
14881.8	47.2606
14881.9	29.0859
14881.9	51.5163
14882	43.1429
14882	39.9273
14882.1	29.8922
14882.1	47.2514
14882.2	41.1541
14882.2	44.0187
14882.2	48.9408
14882.3	34.1859
14882.3	29.4686
14882.4	34.3714
14882.4	35.869
14882.5	42.6795
14882.5	35.9314
14882.6	26.9392
14882.6	23.0059
14882.7	37.0804
14882.7	39.5442
14882.7	39.2362
14882.8	37.6555
14882.8	42.4477
14882.9	26.7621
14882.9	34.3587
14883	52.7481
14883	41.4955
14883.1	40.5259
14883.1	41.3247
14883.1	41
14883.2	46.1653
14883.2	44.0393
14883.3	33.9065
14883.3	39.069
14883.4	36.378
14883.4	36.4115
14883.5	35.984
14883.5	49.4856
14883.6	29.4032
14883.6	18.578
14883.6	34.2619
14883.7	45.0793
14883.7	30.2599
14883.8	33.3857
14883.8	39.9339
14883.9	41.932
14883.9	28.5742
14884	45.9146
14884	28.5594
14884.1	34.4117
14884.1	35.8785
14884.1	33.1774
14884.2	39.5625
14884.2	25.9437
14884.3	27.773
14884.3	41.3335
14884.4	48.5216
14884.4	50.0414
14884.5	31.8307
14884.5	27.4114
14884.5	24.371
14884.6	23.0208
14884.6	30.7425
14884.7	42.3455
14884.7	40.271
14884.8	30.8441
14884.8	26.3159
14884.9	34.681
14884.9	40.6981
14885	38.3448
14885	44.0138
14885	36.138
14885.1	27.5339
14885.1	29.4859
14885.2	25.8939
14885.2	36.1
14885.3	33.7304
14885.3	28.0476
14885.4	31.2632
14885.4	32.2763
14885.5	43.1747
14885.5	36.4797
14885.5	21.1382
14885.6	23
14885.6	19
14885.7	48
14885.7	28
14885.8	20
14885.8	33
14885.9	37
14885.9	28
14886	22
14886	34
14886	58
14886.1	30
14886.1	8
14886.2	45
14886.2	33
14886.3	39
14886.3	17
14886.4	12
14886.4	42
14886.5	36
14886.5	37
14886.6	52
14886.6	36
14886.6	13
14886.7	30
14886.7	40
14886.8	44
14886.8	30
14886.9	30
14886.9	19
14887	20
14887	48
14887.1	37
14887.1	59
14887.2	41
14887.2	36
14887.2	40
14887.3	60
14887.3	31
14887.4	38
14887.4	26
14887.5	54
14887.5	62
14887.6	41
14887.6	43
14887.7	35
14887.7	41
14887.8	35
14887.8	30
14887.8	43
14887.9	45
14887.9	40
14888	33
14888	41
14888.1	41
14888.1	32
14888.2	42
14888.2	46
14888.3	44
14888.3	38
14888.4	40
14888.4	29
14888.4	41
14888.5	54
14888.5	43
14888.6	64
14888.6	30
14888.7	46
14888.7	35
14888.8	43
14888.8	54
14888.9	33
14888.9	21
14888.9	53
14889	41
14889	39
14889.1	46
14889.1	30
14889.2	36
14889.2	44
14889.3	51
14889.3	39
14889.4	37
14889.4	14
14889.5	52
14889.5	65
14889.5	61
14889.6	38
14889.6	39
14889.7	42
14889.7	36
14889.8	42
14889.8	63
14889.9	33
14889.9	21
14890	28
14890	51
14890.1	33
14890.1	44
14890.1	60
14890.2	40
14890.2	33
14890.3	50
14890.3	48
14890.4	46
14890.4	22
14890.5	40
14890.5	51
14890.6	48
14890.6	21
14890.6	49
14890.7	52
14890.7	25
14890.8	38
14890.8	54
14890.9	42
14890.9	32
14891	56
14891	49
14891.1	47
14891.1	59
14891.2	44
14891.2	46
14891.2	46
14891.3	49
14891.3	35
14891.4	36
14891.4	27
14891.5	39
14891.5	58
14891.6	49
14891.6	14
14891.7	37
14891.7	55
14891.7	47
14891.8	48
14891.8	37
14891.9	48
14891.9	29
14892	53
14892	40
14892.1	48
14892.1	36
14892.2	46
14892.2	38
14892.3	50
14892.3	50
14892.3	42
14892.4	45
14892.4	45
14892.5	51
14892.5	45
14892.6	49
14892.6	50
14892.7	36
14892.7	49
14892.8	30
14892.8	54
14892.8	41
14892.9	20
14892.9	54
14893	59
14893	51
14893.1	58
14893.1	30
14893.2	29
14893.2	41
14893.3	65
14893.3	47
14893.3	55
14893.4	40
14893.4	36
14893.5	38
14893.5	47
14893.6	47
14893.6	66
14893.7	26
14893.7	27
14893.8	43
14893.8	37
14893.8	55
14893.9	45
14893.9	59
14894	53
14894	48
14894.1	39
14894.1	46
14894.2	45
14894.2	56
14894.3	60
14894.3	29
14894.4	41
14894.4	50
14894.4	48
14894.5	62
14894.5	56
14894.6	56
14894.6	47
14894.7	22
14894.7	43
14894.8	46
14894.8	36
14894.9	39
14894.9	53
14894.9	65
14895	57
14895	50
14895.1	43
14895.1	44
14895.2	46
14895.2	48
14895.3	41
14895.3	39
14895.4	46
14895.4	41
14895.4	42
14895.5	52
14895.5	61
14895.6	47
14895.6	42
14895.7	33
14895.7	56
14895.8	66
14895.8	41
14895.9	51
14895.9	20
14895.9	42
14896	53
14896	56
14896.1	57
14896.1	50
14896.2	47
14896.2	44
14896.3	66
14896.3	55.5
14896.4	45
14896.4	35
14896.4	50
14896.5	41
14896.5	51
14896.6	58
14896.6	41
14896.7	35
14896.7	48
14896.8	67
14896.8	35
14896.9	52
14896.9	57
14896.9	36
14897	49
14897	47
14897.1	48
14897.1	52
14897.2	40
14897.2	38
14897.3	47
14897.3	50
14897.4	58
14897.4	26
14897.4	47
14897.5	43
14897.5	35
14897.6	75
14897.6	43
14897.7	51
14897.7	25
14897.8	53
14897.8	55
14897.9	43
14897.9	41
14897.9	32
14898	50
14898	49
14898.1	43
14898.1	58
14898.2	48
14898.2	53
14898.3	36
14898.3	57
14898.3	43
14898.4	50
14898.4	46
14898.5	42
14898.5	58
14898.6	55
14898.6	55
14898.7	47
14898.7	65
14898.8	41
14898.8	71
14898.8	29
14898.9	43
14898.9	56
14899	46
14899	31
14899.1	40
14899.1	43
14899.2	42
14899.2	69
14899.3	49
14899.3	58
14899.3	49
14899.4	29
14899.4	40
14899.5	46
14899.5	43
14899.6	42
14899.6	38
14899.7	50
14899.7	61
14899.8	57
14899.8	59
14899.8	47
14899.9	33
14899.9	40
14900	48
14900	47
14900.1	35
14900.1	38
14900.2	54
14900.2	62
14900.2	61
14900.3	67
14900.3	55
14900.4	43
14900.4	45
14900.5	44
14900.5	41
14900.6	37
14900.6	47
14900.7	58
14900.7	60
14900.7	60
14900.8	42
14900.8	41
14900.9	39
14900.9	48
14901	52
14901	41
14901.1	52
14901.1	33
14901.2	42
14901.2	50
14901.2	56
14901.3	46
14901.3	26
14901.4	41
14901.4	57
14901.5	68
14901.5	53
14901.6	35
14901.6	40
14901.6	56
14901.7	42
14901.7	48
14901.8	47
14901.8	42
14901.9	40
14901.9	57
14902	58
14902	57
14902.1	31
14902.1	34
14902.1	36
14902.2	61
14902.2	46
14902.3	47
14902.3	43
14902.4	34
14902.4	56
14902.5	37
14902.5	59
14902.5	53
14902.6	47
14902.6	42
14902.7	66
14902.7	55
14902.8	48
14902.8	23
14902.9	35
14902.9	29
14903	35
14903	58
14903	57
14903.1	27
14903.1	50
14903.2	41
14903.2	43
14903.3	32
14903.3	37
14903.4	51
14903.4	36
14903.4	53
14903.5	46
14903.5	54
14903.6	37
14903.6	42
14903.7	56
14903.7	51
14903.8	45
14903.8	22
14903.9	31
14903.9	42
14903.9	27
14904	38
14904	47
14904.1	23
14904.1	47
14904.2	47
14904.2	39
14904.3	25
14904.3	47
14904.3	47
14904.4	55
14904.4	47
14904.5	46
14904.5	57
14904.6	47
14904.6	55
14904.7	53
14904.7	49
14904.7	36
14904.8	53
14904.8	35
14904.9	40
14904.9	62
14905	58
14905	18
14905.1	39
14905.1	42
14905.2	31
14905.2	47
14905.2	25
14905.3	43
14905.3	43
14905.4	61
14905.4	47
14905.5	46
14905.5	37
14905.6	27
14905.6	38
14905.6	55
14905.7	45
14905.7	24
14905.8	51
14905.8	61
14905.9	15
14905.9	60
14906	42
14906	45
14906	34
14906.1	31
14906.1	50
14906.2	59
14906.2	64
14906.3	55
14906.3	35
14906.4	39
14906.4	47
14906.5	50
14906.5	39
14906.5	43
14906.6	39
14906.6	53
14906.7	49
14906.7	57
14906.8	51
14906.8	51
14906.9	48
14906.9	48
14906.9	36
14907	49
14907	49
14907.1	46
14907.1	40
14907.2	62
14907.2	44
14907.3	50
14907.3	43
14907.3	48
14907.4	47
14907.4	38
14907.5	43
14907.5	43
14907.6	42
14907.6	65
14907.7	57
14907.7	25
14907.7	45
14907.8	49
14907.8	38
14907.9	60
14907.9	40
14908	46
14908	58
14908.1	61
14908.1	42
14908.1	56
14908.2	33
14908.2	37
14908.3	46
14908.3	47
14908.4	58
14908.4	50
14908.5	40
14908.5	51
14908.5	43
14908.6	61
14908.6	37
14908.7	52
14908.7	27
14908.8	43
14908.8	40
14908.9	42
14908.9	58
14908.9	59
14909	53
14909	46
14909.1	51
14909.1	57
14909.2	43
14909.2	40
14909.3	45
14909.3	41
14909.3	48
14909.4	63
14909.4	44
14909.5	34
14909.5	50
14909.6	54
14909.6	37
14909.7	60
14909.7	17
14909.7	33
14909.8	55
14909.8	30
14909.9	34
14909.9	40
14910	52
14910	39
14910.1	51
14910.1	51
14910.1	46
14910.2	32
14910.2	47
14910.3	65
14910.3	27
14910.4	45
14910.4	50
14910.5	45
14910.5	54
14910.5	41
14910.6	60
14910.6	53
14910.7	40
14910.7	39
14910.8	32
14910.8	40
14910.9	44
14910.9	52
14910.9	57
14911	54
14911	48
14911.1	48
14911.1	50
14911.2	44
14911.2	55
14911.3	36
14911.3	44
14911.3	45
14911.4	52
14911.4	33
14911.5	56
14911.5	44
14911.6	50
14911.6	52
14911.7	46
14911.7	36
14911.7	38
14911.8	51
14911.8	32
14911.9	19
14911.9	54
14912	45
14912	51
14912.1	34
14912.1	39
14912.1	51
14912.2	48
14912.2	53
14912.3	63
14912.3	21
14912.4	27
14912.4	46
14912.5	38
14912.5	51
14912.5	32
14912.6	31
14912.6	37
14912.7	49
14912.7	57
14912.8	46
14912.8	39
14912.9	34
14912.9	54
14912.9	30
14913	39
14913	43
14913.1	33
14913.1	39
14913.2	61
14913.2	37
14913.3	43
14913.3	26
14913.3	41
14913.4	46
14913.4	32
14913.5	39
14913.5	33
14913.6	38
14913.6	45
14913.6	42
14913.7	45
14913.7	40
14913.8	61
14913.8	52
14913.9	39
14913.9	46
14914	38
14914	46
14914	44
14914.1	55
14914.1	61
14914.2	63
14914.2	51
14914.3	40
14914.3	23
14914.4	42
14914.4	25
14914.4	57
14914.5	44
14914.5	41
14914.6	41
14914.6	40
14914.7	48
14914.7	50
14914.8	36
14914.8	38
14914.8	64
14914.9	52
14914.9	53
14915	30
14915	29
14915.1	50
14915.1	48
14915.2	40
14915.2	47
14915.2	38
14915.3	23
14915.3	46
14915.4	46
14915.4	41
14915.5	49
14915.5	43
14915.5	35
14915.6	55
14915.6	58
14915.7	36
14915.7	35
14915.8	41
14915.8	53
14915.9	39
14915.9	60
14915.9	45
14916	42
14916	28
14916.1	37
14916.1	30
14916.2	50
14916.2	73
14916.3	52
14916.3	26
14916.3	55
14916.4	45
14916.4	32
14916.5	54
14916.5	41
14916.6	41
14916.6	42
14916.6	44
14916.7	55
14916.7	28
14916.8	34
14916.8	39
14916.9	58
14916.9	23
14917	22
14917	35
14917	27
14917.1	47
14917.1	33
14917.2	27
14917.2	45
14917.3	43
14917.3	45
14917.3	38
14917.4	37
14917.4	18
14917.5	31
14917.5	46
14917.6	31
14917.6	46
14917.7	41
14917.7	49
14917.7	49
14917.8	43
14917.8	37
14917.9	38
14917.9	50
14918	46
14918	39
14918.1	46
14918.1	53
14918.1	31
14918.2	29
14918.2	33
14918.3	25
14918.3	44
14918.4	53
14918.4	40
14918.4	50
14918.5	52
14918.5	46
14918.6	34
14918.6	40
14918.7	45
14918.7	48
14918.8	49
14918.8	59
14918.8	48
14918.9	14
14918.9	52
14919	46
14919	31
14919.1	28
14919.1	31
14919.1	36
14919.2	43
14919.2	37
14919.3	42
14919.3	27
14919.4	30
14919.4	49
14919.5	50
14919.5	37
14919.5	39
14919.6	39
14919.6	52
14919.7	29
14919.7	42
14919.8	45
14919.8	55
14919.8	32
14919.9	40
14919.9	9
14920	34
14920	43
14920.1	42
14920.1	40
14920.2	52
14920.2	33
14920.2	25
14920.3	39
14920.3	36
14920.4	56
14920.4	54
14920.5	56
14920.5	29
14920.5	38
14920.6	34
14920.6	45
14920.7	34
14920.7	66
14920.8	25
14920.8	37
14920.9	50
14920.9	49
14920.9	53
14921	40
14921	28
14921.1	45
14921.1	32
14921.2	52
14921.2	34
14921.2	44
14921.3	46
14921.3	50
14921.4	38
14921.4	55
14921.5	34
14921.5	27
14921.5	29
14921.6	31
14921.6	51
14921.7	63
14921.7	39
14921.8	24
14921.8	51
14921.9	39
14921.9	39
14921.9	45
14922	30
14922	47
14922.1	55
14922.1	43
14922.2	52
14922.2	51
14922.2	37
14922.3	35
14922.3	45
14922.4	45.9479
14922.4	30.8786
14922.5	29.9059
14922.5	36.6119
14922.6	37.1237
14922.6	34.6037
14922.6	44.3481
14922.7	38.4022
14922.7	31.5813
14922.8	33.9823
14922.8	37.1597
14922.9	50.5948
14922.9	25.3998
14922.9	33.7708
14923	42.9468
14923	49.6419
14923.1	47.4118
14923.1	36.5921
14923.2	42.5202
14923.2	38.731
14923.2	27.098
14923.3	31.4714
14923.3	39.977
14923.4	32.9817
14923.4	30.6625
14923.5	30.4573
14923.5	43.3679
14923.6	36.6911
14923.6	38.9795
14923.6	36.9093
14923.7	39.3676
14923.7	46.2507
14923.8	45.3431
14923.8	34.7544
14923.9	35.8593
14923.9	27.1156
14923.9	40.9098
14924	37.1326
14924	30.4431
14924.1	31.7465
14924.1	34.1019
14924.2	46.5154
14924.2	35.3211
14924.2	41.1043
14924.3	33.1549
14924.3	38.5082
14924.4	38.8703
14924.4	46.2939
14924.5	37.5919
14924.5	28.763
14924.5	23.4083
14924.6	36.4942
14924.6	18.6084
14924.7	33.3539
14924.7	35.4393
14924.8	32.9583
14924.8	32.0017
14924.9	22.7239
14924.9	27.4429
14924.9	33.3801
14925	44.5779
14925	35.9804
14925.1	26.6326
14925.1	18.1126
14925.2	38.094
14925.2	44.8856
14925.2	36.5059
14925.3	33.8549
14925.3	25.3781
14925.4	36.7152
14925.4	31.8445
14925.5	29.6462
14925.5	30.5218
14925.5	27.7083
14925.6	17.9376
14925.6	26.7627
14925.7	26.2275
14925.7	31.2857
14925.8	24.8497
14925.8	32.5248
14925.8	39.2847
14925.9	37.8527
14925.9	28.6092
14926	42.4618
14926	27.5424
14926.1	19.6032
14926.1	28.1275
14926.2	32.3161
14926.2	45.7404
14926.2	24.2294
14926.3	42.7709
14926.3	31.3971
14926.4	28.7696
14926.4	23.4071
14926.5	34.9517
14926.5	38.299
14926.5	37.6736
14926.6	33.1336
14926.6	36.7756
14926.7	31.4392
14926.7	38.3848
14926.8	25.0082
14926.8	12
14926.8	39
14926.9	40
14926.9	37
14927	38
14927	32
14927	-3
14927.1	36
14927.1	26
14927.2	39
14927.2	26
14927.3	46
14927.3	20
14927.4	35
14927.4	33
14927.4	67
14927.5	47
14927.5	22
14927.6	19
14927.6	28
14927.7	45
14927.7	33
14927.8	31
14927.8	27
14927.8	26
14927.9	38
14927.9	42
14928	35
14928	43
14928.1	33
14928.1	37
14928.1	53
14928.2	49
14928.2	39
14928.3	20
14928.3	26
14928.4	44
14928.4	48
14928.5	27
14928.5	36
14928.5	51
14928.6	44
14928.6	40
14928.7	33
14928.7	40
14928.8	17
14928.8	28
14928.9	26
14928.9	46
14928.9	42
14929	38
14929	44
14929.1	37
14929.1	45
14929.2	27
14929.2	29
14929.3	50
14929.3	28
14929.3	40
14929.4	35
14929.4	42
14929.5	59
14929.5	48
14929.6	32
14929.6	47
14929.7	45
14929.7	47
14929.7	38
14929.8	30
14929.8	41
14929.9	36
14929.9	37
14930	35
14930	45
14930	44
14930.1	60
14930.1	28
14930.2	27
14930.2	36
14930.3	48
14930.3	54
14930.4	38
14930.4	57
14930.4	48
14930.5	44
14930.5	41
14930.6	59
14930.6	50
14930.7	32
14930.7	42
14930.8	36
14930.8	29
14930.8	25
14930.9	36
14930.9	29
14931	62
14931	30
14931.1	40
14931.1	38
14931.2	20
14931.2	43
14931.2	51
14931.3	38
14931.3	37
14931.4	46
14931.4	25
14931.5	33
14931.5	63
14931.5	52
14931.6	45
14931.6	38
14931.7	30
14931.7	41
14931.8	34
14931.8	44
14931.9	43
14931.9	31
14931.9	36
14932	37
14932	46
14932.1	51
14932.1	29
14932.2	32
14932.2	46
14932.3	49
14932.3	33
14932.3	18
14932.4	32
14932.4	43
14932.5	54
14932.5	50
14932.6	55
14932.6	14
14932.6	41
14932.7	55
14932.7	51
14932.8	37
14932.8	45
14932.9	30
14932.9	47
14933	21
14933	34
14933	36
14933.1	43
14933.1	33
14933.2	46
14933.2	55
14933.3	38
14933.3	67
14933.3	38
14933.4	45
14933.4	55
14933.5	49
14933.5	43
14933.6	27
14933.6	48
14933.7	27
14933.7	46
14933.7	27
14933.8	37
14933.8	38
14933.9	57
14933.9	43
14934	39
14934	48
14934.1	41
14934.1	52
14934.1	41
14934.2	47
14934.2	44
14934.3	30
14934.3	66
14934.4	28
14934.4	59
14934.4	36
14934.5	45
14934.5	51
14934.6	46
14934.6	35
14934.7	42
14934.7	48
14934.8	25
14934.8	27
14934.8	29
14934.9	49
14934.9	30
14935	46
14935	49
14935.1	48
14935.1	30
14935.1	65
14935.2	47
14935.2	32
14935.3	50
14935.3	31
14935.4	14
14935.4	53
14935.5	50
14935.5	31
14935.5	29
14935.6	33
14935.6	58
14935.7	41
14935.7	33
14935.8	46
14935.8	46
14935.8	47
14935.9	38
14935.9	32
14936	39
14936	57
14936.1	47
14936.1	75
14936.2	36
14936.2	33
14936.2	56
14936.3	47
14936.3	45
14936.4	52
14936.4	54
14936.5	38
14936.5	19
14936.5	68
14936.6	30
14936.6	31
14936.7	43
14936.7	47
14936.8	48
14936.8	37
14936.9	47
14936.9	49
14936.9	47
14937	52
14937	56
14937.1	47
14937.1	42
14937.2	25
14937.2	38.5
14937.2	52
14937.3	59
14937.3	27
14937.4	50
14937.4	36
14937.5	36
14937.5	49
14937.5	47
14937.6	35
14937.6	48
14937.7	38
14937.7	48
14937.8	53
14937.8	55
14937.9	42
14937.9	29
14937.9	40
14938	74
14938	59
14938.1	41
14938.1	26
14938.2	44
14938.2	41
14938.2	53
14938.3	28
14938.3	25
14938.4	56
14938.4	40
14938.5	48
14938.5	24
14938.5	32
14938.6	42
14938.6	54
14938.7	52
14938.7	46
14938.8	42
14938.8	29
14938.9	55
14938.9	40
14938.9	43
14939	49
14939	46
14939.1	51
14939.1	56
14939.2	35
14939.2	44
14939.2	43
14939.3	31
14939.3	42
14939.4	47
14939.4	42
14939.5	39
14939.5	39
14939.5	33
14939.6	45
14939.6	51
14939.7	47
14939.7	35
14939.8	22
14939.8	38
14939.9	53
14939.9	37
14939.9	61
14940	41
14940	39
14940.1	46
14940.1	42
14940.2	44
14940.2	56
14940.2	15
14940.3	53
14940.3	31
14940.4	42
14940.4	30
14940.5	35
14940.5	32
14940.5	57
14940.6	47
14940.6	41
14940.7	41
14940.7	38
14940.8	38
14940.8	37
14940.9	56
14940.9	36
14940.9	43
14941	57
14941	44
14941.1	56
14941.1	60
14941.2	53
14941.2	26
14941.2	58
14941.3	56
14941.3	42
14941.4	48
14941.4	59
14941.5	49
14941.5	48
14941.5	43
14941.6	62
14941.6	47
14941.7	26
14941.7	36
14941.8	55
14941.8	41
14941.8	45
14941.9	57
14941.9	54
14942	47
14942	64
14942.1	34
14942.1	34
14942.1	41
14942.2	33
14942.2	54
14942.3	51
14942.3	41
14942.4	48
14942.4	44
14942.5	55
14942.5	35
14942.5	44
14942.6	36
14942.6	30
14942.7	61
14942.7	43
14942.8	56
14942.8	34
14942.8	45
14942.9	40
14942.9	49
14943	42
14943	39
14943.1	62
14943.1	50
14943.1	60
14943.2	55
14943.2	53
14943.3	23
14943.3	29
14943.4	64
14943.4	45
14943.4	60
14943.5	59
14943.5	48
14943.6	54
14943.6	42
14943.7	44
14943.7	73
14943.7	48
14943.8	37
14943.8	39
14943.9	32
14943.9	32
14944	40
14944	44
14944	43
14944.1	44
14944.1	54
14944.2	60
14944.2	52
14944.3	41
14944.3	26
14944.4	49
14944.4	38
14944.4	56
14944.5	50
14944.5	53
14944.6	30
14944.6	35
14944.7	52
14944.7	33
14944.7	26
14944.8	37
14944.8	39
14944.9	38
14944.9	36
14945	51
14945	48
14945	31
14945.1	69
14945.1	44
14945.2	51
14945.2	20
14945.3	25
14945.3	62
14945.3	36
14945.4	45
14945.4	56
14945.5	44
14945.5	49
14945.6	58
14945.6	34
14945.6	52
14945.7	34
14945.7	54
14945.8	53
14945.8	51
14945.9	30
14945.9	55
14945.9	13
14946	64
14946	29
14946.1	51
14946.1	31
14946.2	46
14946.2	62
14946.2	50
14946.3	55
14946.3	39
14946.4	57
14946.4	35
14946.5	55
14946.5	49
14946.5	49
14946.6	62
14946.6	35
14946.7	59
14946.7	66
14946.8	50
14946.8	43
14946.8	37
14946.9	41
14946.9	45
14947	45
14947	61
14947.1	44
14947.1	32
14947.1	42
14947.2	46
14947.2	58
14947.3	54
14947.3	24
14947.4	47
14947.4	43
14947.4	51
14947.5	53
14947.5	34
14947.6	45
14947.6	49
14947.7	39
14947.7	58
14947.7	39
14947.8	48
14947.8	28
14947.9	45
14947.9	51
14948	55
14948	50
14948	46
14948.1	52
14948.1	45
14948.2	53
14948.2	39
14948.3	29
14948.3	54
14948.3	46
14948.4	40
14948.4	45
14948.5	42
14948.5	29
14948.6	27
14948.6	34
14948.6	68
14948.7	41
14948.7	36
14948.8	45
14948.8	45
14948.9	52
14948.9	40
14948.9	40
14949	38
14949	52
14949.1	48
14949.1	52
14949.2	60
14949.2	35
14949.2	40
14949.3	66
14949.3	50
14949.4	36
14949.4	47
14949.5	42
14949.5	61
14949.5	51
14949.6	54
14949.6	37
14949.7	33
14949.7	50
14949.8	47
14949.8	31
14949.8	46
14949.9	26
14949.9	41
14950	43
14950	35
14950.1	53
14950.1	55
14950.1	36
14950.2	47
14950.2	49
14950.3	62
14950.3	47
14950.4	46
14950.4	47
14950.4	42
14950.5	43
14950.5	51
14950.6	31
14950.6	41
14950.7	51
14950.7	53
14950.7	57
14950.8	43
14950.8	54
14950.9	53
14950.9	50
14950.9	50
14951	51
14951	51
14951.1	36
14951.1	53
14951.2	57
14951.2	61
14951.2	27
14951.3	52
14951.3	34
14951.4	54
14951.4	50
14951.5	55
14951.5	46
14951.5	25
14951.6	39
14951.6	61
14951.7	51
14951.7	43
14951.8	48
14951.8	31
14951.8	82
14951.9	27
14951.9	29
14952	54
14952	49
14952.1	45
14952.1	57
14952.1	54
14952.2	33
14952.2	34
14952.3	48
14952.3	46
14952.4	49
14952.4	62
14952.4	31
14952.5	56
14952.5	43
14952.6	60
14952.6	57
14952.7	47
14952.7	58
14952.7	51
14952.8	58
14952.8	64
14952.9	61
14952.9	55
14952.9	65
14953	59
14953	68
14953.1	44
14953.1	59
14953.2	48
14953.2	49
14953.2	52
14953.3	52
14953.3	57
14953.4	46
14953.4	62
14953.5	54
14953.5	72
14953.5	74
14953.6	51
14953.6	41
14953.7	61
14953.7	86
14953.8	61
14953.8	61
14953.8	54
14953.9	70
14953.9	65
14954	76
14954	86
14954	55
14954.1	75
14954.1	66
14954.2	76
14954.2	63
14954.3	75
14954.3	85
14954.3	73
14954.4	88
14954.4	89
14954.5	63
14954.5	74
14954.6	86
14954.6	108
14954.6	70
14954.7	75
14954.7	103
14954.8	95
14954.8	72
14954.9	111
14954.9	89
14954.9	107
14955	109
14955	108
14955.1	95
14955.1	112
14955.2	103
14955.2	98
14955.2	114
14955.3	113
14955.3	120
14955.4	107
14955.4	117
14955.4	113
14955.5	104
14955.5	120
14955.6	111
14955.6	102
14955.7	112
14955.7	110
14955.7	108
14955.8	115
14955.8	97
14955.9	108
14955.9	93
14956	102
14956	107
14956	102
14956.1	88
14956.1	94
14956.2	101
14956.2	93
14956.2	77
14956.3	82
14956.3	83
14956.4	94
14956.4	88
14956.5	86
14956.5	65
14956.5	97
14956.6	67
14956.6	62
14956.7	69
14956.7	60
14956.8	76
14956.8	63
14956.8	73
14956.9	80
14956.9	76
14957	60
14957	65
14957.1	62
14957.1	56
14957.1	62
14957.2	56
14957.2	56
14957.3	61
14957.3	68
14957.3	77
14957.4	54
14957.4	56
14957.5	70
14957.5	54
14957.6	48
14957.6	67
14957.6	56
14957.7	53
14957.7	45
14957.8	62
14957.8	59
14957.9	64
14957.9	54
14957.9	62
14958	53
14958	35
14958.1	56
14958.1	73
14958.1	67
14958.2	44
14958.2	55
14958.3	38
14958.3	60
14958.4	59
14958.4	64
14958.4	35
14958.5	27
14958.5	70
14958.6	61
14958.6	54
14958.6	33
14958.7	41
14958.7	61
14958.8	50
14958.8	55
14958.9	54
14958.9	54
14958.9	42
14959	49
14959	47
14959.1	51
14959.1	47
14959.2	65
14959.2	58
14959.2	51
14959.3	59
14959.3	65
14959.4	44
14959.4	35
14959.4	41
14959.5	41
14959.5	42
14959.6	32
14959.6	27
14959.7	32
14959.7	32
14959.7	61
14959.8	68
14959.8	43
14959.9	42
14959.9	40
14960	54
14960	66
14960	41
14960.1	65
14960.1	30
14960.2	31
14960.2	61
14960.2	44
14960.3	44
14960.3	31
14960.4	35
14960.4	42
14960.5	38
14960.5	50
14960.5	41
14960.6	33
14960.6	39
14960.7	37
14960.7	31
14960.7	36
14960.8	40
14960.8	51
14960.9	58
14960.9	31
14961	38
14961	44
14961	43
14961.1	49
14961.1	47
14961.2	41
14961.2	44
14961.2	45
14961.3	40
14961.3	45
14961.4	58
14961.4	38
14961.5	32
14961.5	36
14961.5	54
14961.6	39
14961.6	25
14961.7	24
14961.7	30
14961.8	55
14961.8	49
14961.8	44
14961.9	46
14961.9	29
14962	43
14962	40
14962	52
14962.1	37
14962.1	38
14962.2	33.1096
14962.2	34.0431
14962.3	34.1298
14962.3	47.3816
14962.3	36.3541
14962.4	33.4856
14962.4	40.1544
14962.5	37.8133
14962.5	39.9092
14962.5	40.635
14962.6	27.5261
14962.6	32.6006
14962.7	51.1119
14962.7	50.1816
14962.8	32.0716
14962.8	37.3379
14962.8	26.4874
14962.9	38.335
14962.9	47.4583
14963	37.5898
14963	32.6247
14963	25.9259
14963.1	33.9078
14963.1	52.6781
14963.2	26.9009
14963.2	36.6652
14963.3	36.7375
14963.3	43.3801
14963.3	49.985
14963.4	37.6705
14963.4	32.5336
14963.5	37.5534
14963.5	33.5127
14963.5	39.325
14963.6	38.9841
14963.6	43.281
14963.7	37.6214
14963.7	39.2306
14963.8	25.5562
14963.8	45.0146
14963.8	40.874
14963.9	32.5764
14963.9	31.2011
14964	39.5564
14964	43.3961
14964	35.5651
14964.1	50.1124
14964.1	25.2629
14964.2	22.5527
14964.2	24.7421
14964.3	40.0544
14964.3	36.3125
14964.3	36.4229
14964.4	37.3987
14964.4	19.1007
14964.5	32.7063
14964.5	28.1476
14964.5	44.4873
14964.6	39.6228
14964.6	26.6541
14964.7	31.2959
14964.7	30.4569
14964.8	38.085
14964.8	33.8522
14964.8	36.3934
14964.9	34.5967
14964.9	38.0686
14965	32.454
14965	35.9567
14965	35.5169
14965.1	22.8432
14965.1	39.7443
14965.2	47.8434
14965.2	44.5251
14965.3	44.4816
14965.3	28.5042
14965.3	37.6816
14965.4	35.4266
14965.4	17.104
14965.5	34.6596
14965.5	30.1485
14965.5	31.6239
14965.6	44.0864
14965.6	43.6892
14965.7	25.8271
14965.7	30.6462
14965.7	24.2411
14965.8	31.0294
14965.8	37.4277
14965.9	16.1383
14965.9	35.6299
14966	16.8201
14966	27.6796
14966	26.0475
14966.1	25.3921
14966.1	38.0866
14966.2	45.1861
14966.2	39.6386
14966.2	40.1982
14966.3	38.5975
14966.3	14.9909
14966.4	19.3793
14966.4	35.0105
14966.4	33
14966.5	32
14966.5	33
14966.6	31
14966.6	28
14966.6	26
14966.7	32
14966.7	48
14966.8	39
14966.8	14
14966.9	17
14966.9	32
14966.9	14
14967	29
14967	37
14967.1	42
14967.1	30
14967.2	49
14967.2	40
14967.2	30
14967.3	35
14967.3	39
14967.4	44
14967.4	48
14967.5	31
14967.5	33
14967.5	19
14967.6	24
14967.6	32
14967.7	47
14967.7	30
14967.8	25
14967.8	42
14967.8	40
14967.9	39
14967.9	47
14968	42
14968	19
14968	28
14968.1	39
14968.1	29
14968.2	31
14968.2	37
14968.3	24
14968.3	25
14968.3	52
14968.4	19
14968.4	18
14968.5	36
14968.5	44
14968.6	38
14968.6	27
14968.6	29
14968.7	22
14968.7	34
14968.8	45
14968.8	37
14968.9	22
14968.9	49
14968.9	35
14969	44
14969	42
14969.1	21
14969.1	36
14969.2	41
14969.2	30
14969.2	57
14969.3	42
14969.3	44
14969.4	36
14969.4	31
14969.4	48
14969.5	39
14969.5	40
14969.6	42
14969.6	35
14969.7	42
14969.7	19
14969.7	52
14969.8	35
14969.8	27
14969.9	21
14969.9	53
14970	56
14970	33
14970	35
14970.1	56
14970.1	48
14970.2	46
14970.2	48
14970.3	41
14970.3	14
14970.3	46
14970.4	43
14970.4	52
14970.5	16
14970.5	37
14970.5	35
14970.6	37
14970.6	46
14970.7	32
14970.7	26
14970.8	47
14970.8	46
14970.8	45
14970.9	48
14970.9	47
14971	65
14971	55
14971.1	34
14971.1	50
14971.1	43
14971.2	38
14971.2	11
14971.3	37
14971.3	53
14971.4	37
14971.4	37
14971.4	49
14971.5	44
14971.5	42
14971.6	56
14971.6	52
14971.6	36
14971.7	26
14971.7	45
14971.8	52
14971.8	36
14971.9	54
14971.9	47
14971.9	36
14972	54
14972	56
14972.1	43
14972.1	43
14972.2	22
14972.2	37
14972.2	60
14972.3	33
14972.3	35
14972.4	35
14972.4	34
14972.4	60
14972.5	42
14972.5	39
14972.6	33
14972.6	33
14972.7	50
14972.7	51
14972.7	57
14972.8	56
14972.8	40
14972.9	47
14972.9	59
14973	44
14973	52
14973	42
14973.1	25
14973.1	49
14973.2	44
14973.2	52
14973.2	41
14973.3	20
14973.3	60
14973.4	40
14973.4	42
14973.5	70
14973.5	54
14973.5	20
14973.6	50
14973.6	53
14973.7	63
14973.7	41
14973.8	32
14973.8	37
14973.8	24
14973.9	39
14973.9	40
14974	42
14974	38
14974	46
14974.1	25
14974.1	54
14974.2	47
14974.2	31
14974.3	27
14974.3	30
14974.3	61
14974.4	61
14974.4	33
14974.5	49
14974.5	55
14974.6	24
14974.6	56
14974.6	52
14974.7	38
14974.7	53
14974.8	14
14974.8	32
14974.8	42
14974.9	37
14974.9	50
14975	45
14975	40
14975.1	59
14975.1	50
14975.1	13
14975.2	46
14975.2	54
14975.3	49
14975.3	53
14975.3	40
14975.4	43
14975.4	53
14975.5	42
14975.5	62
14975.6	56
14975.6	37
14975.6	58
14975.7	49
14975.7	49
14975.8	40
14975.8	48
14975.9	41
14975.9	24
14975.9	54
14976	50
14976	48
14976.1	46
14976.1	42
14976.1	55
14976.2	27
14976.2	48
14976.3	53
14976.3	45
14976.4	31
14976.4	38.5
14976.4	46
14976.5	42
14976.5	32
14976.6	55
14976.6	42
14976.6	55
14976.7	49
14976.7	42
14976.8	31
14976.8	39
14976.9	45
14976.9	40
14976.9	31
14977	39
14977	39
14977.1	40
14977.1	54
14977.1	45
14977.2	53
14977.2	45
14977.3	48
14977.3	43
14977.4	52
14977.4	46
14977.4	46
14977.5	50
14977.5	51
14977.6	64
14977.6	33
14977.7	31
14977.7	55
14977.7	41
14977.8	48
14977.8	56
14977.9	55
14977.9	61
14977.9	36
14978	44
14978	62
14978.1	53
14978.1	50
14978.2	56
14978.2	54
14978.2	53
14978.3	50
14978.3	53
14978.4	50
14978.4	53
14978.4	50
14978.5	41
14978.5	44
14978.6	35
14978.6	44
14978.7	55
14978.7	56
14978.7	48
14978.8	33
14978.8	50
14978.9	27
14978.9	44
14978.9	52
14979	22
14979	29
14979.1	37
14979.1	44
14979.2	68
14979.2	37
14979.2	28
14979.3	52
14979.3	36
14979.4	52
14979.4	52
14979.4	46
14979.5	38
14979.5	38
14979.6	32
14979.6	44
14979.7	43
14979.7	53
14979.7	53
14979.8	48
14979.8	50
14979.9	49
14979.9	58
14979.9	26
14980	46
14980	49
14980.1	18
14980.1	47
14980.2	43
14980.2	47
14980.2	50
14980.3	39
14980.3	51
14980.4	45
14980.4	17
14980.4	53
14980.5	45
14980.5	45
14980.6	26
14980.6	42
14980.6	66
14980.7	48
14980.7	44
14980.8	35
14980.8	57
14980.9	31
14980.9	48
14980.9	36
14981	59
14981	38
14981.1	37
14981.1	38
14981.1	50
14981.2	47
14981.2	55
14981.3	56
14981.3	41
14981.4	45
14981.4	63
14981.4	63
14981.5	52
14981.5	60
14981.6	52
14981.6	41
14981.6	29
14981.7	50
14981.7	42
14981.8	40
14981.8	60
14981.9	54
14981.9	47
14981.9	41
14982	42
14982	38
14982.1	39
14982.1	45
14982.1	54
14982.2	45
14982.2	45
14982.3	45
14982.3	48
14982.3	65
14982.4	58
14982.4	28
14982.5	52
14982.5	42
14982.6	38
14982.6	49
14982.6	52
14982.7	58
14982.7	49
14982.8	15
14982.8	64
14982.8	34
14982.9	27
14982.9	38
14983	41
14983	48
14983.1	59
14983.1	33
14983.1	55
14983.2	52
14983.2	34
14983.3	63
14983.3	16
14983.3	27
14983.4	54
14983.4	47
14983.5	57
14983.5	42
14983.5	21
14983.6	47
14983.6	43
14983.7	48
14983.7	69
14983.8	28
14983.8	19
14983.8	33
14983.9	56
14983.9	48
14984	58
14984	31
14984	52
14984.1	40
14984.1	56
14984.2	55
14984.2	35
14984.3	50
14984.3	46
14984.3	56
14984.4	41
14984.4	39
14984.5	37
14984.5	61
14984.5	42
14984.6	38
14984.6	49
14984.7	40
14984.7	44
14984.7	43
14984.8	39
14984.8	64
14984.9	44
14984.9	52
14985	51
14985	45
14985	56
14985.1	64
14985.1	56
14985.2	25
14985.2	38
14985.2	36
14985.3	52
14985.3	50
14985.4	58
14985.4	39
14985.4	38
14985.5	40
14985.5	43
14985.6	41
14985.6	41
14985.7	45
14985.7	60
14985.7	63
14985.8	40
14985.8	40
14985.9	48
14985.9	46
14985.9	47
14986	44
14986	38
14986.1	34
14986.1	41
14986.1	59
14986.2	46
14986.2	47
14986.3	49
14986.3	24
14986.4	39
14986.4	41
14986.4	39
14986.5	32
14986.5	38
14986.6	29
14986.6	42
14986.6	41
14986.7	38
14986.7	31
14986.8	24
14986.8	45
14986.8	32
14986.9	47
14986.9	47
14987	30
14987	38
14987.1	38
14987.1	27
14987.1	41
14987.2	29
14987.2	45
14987.3	63
14987.3	43
14987.3	28
14987.4	40
14987.4	72
14987.5	61
14987.5	49
14987.5	44
14987.6	36
14987.6	34
14987.7	50
14987.7	52
14987.7	32
14987.8	48
14987.8	37
14987.9	37
14987.9	50
14988	38
14988	58
14988	44
14988.1	24
14988.1	45
14988.2	53
14988.2	33
14988.2	42
14988.3	28
14988.3	28
14988.4	58
14988.4	46
14988.4	51
14988.5	46
14988.5	28
14988.6	53
14988.6	47
14988.7	53
14988.7	41
14988.7	50
14988.8	46
14988.8	49
14988.9	48
14988.9	36
14988.9	25
14989	25
14989	56
14989.1	34
14989.1	30
14989.1	60
14989.2	18
14989.2	50
14989.3	35
14989.3	41
14989.3	48
14989.4	31
14989.4	29
14989.5	61
14989.5	50
14989.6	30
14989.6	43
14989.6	58
14989.7	52
14989.7	55
14989.8	37
14989.8	29
14989.8	51
14989.9	30
14989.9	43
14990	48
14990	64
14990	59
14990.1	43
14990.1	39
14990.2	44
14990.2	52
14990.2	57
14990.3	23
14990.3	35
14990.4	46
14990.4	46
14990.4	60
14990.5	53
14990.5	39
14990.6	53
14990.6	55
14990.7	40
14990.7	50
14990.7	43
14990.8	36
14990.8	41
14990.9	40
14990.9	37
14990.9	23
14991	32
14991	36
14991.1	68
14991.1	40
14991.1	33
14991.2	32
14991.2	36
14991.3	32
14991.3	38
14991.3	64
14991.4	32
14991.4	22
14991.5	42
14991.5	33
14991.5	40
14991.6	48
14991.6	31
14991.7	35
14991.7	48
14991.8	40
14991.8	38
14991.8	37
14991.9	47
14991.9	38
14992	52
14992	35
14992	50
14992.1	39
14992.1	47
14992.2	42
14992.2	45
14992.2	31
14992.3	23
14992.3	27
14992.4	69
14992.4	42
14992.4	45
14992.5	45
14992.5	37
14992.6	32
14992.6	47
14992.6	40
14992.7	58
14992.7	50
14992.8	32
14992.8	47
14992.9	42
14992.9	31
14992.9	31
14993	48
14993	59
14993.1	47
14993.1	45
14993.1	39
14993.2	46
14993.2	41
14993.3	45
14993.3	50
14993.3	25
14993.4	35
14993.4	48
14993.5	54
14993.5	57
14993.5	62
14993.6	41
14993.6	42
14993.7	47
14993.7	38
14993.7	47
14993.8	44
14993.8	27
14993.9	37
14993.9	51
14993.9	31
14994	46
14994	39
14994.1	58
14994.1	19
14994.2	25
14994.2	55
14994.2	63
14994.3	29
14994.3	45
14994.4	28
14994.4	41
14994.4	45
14994.5	52
14994.5	32
14994.6	42
14994.6	48
14994.6	66
14994.7	56
14994.7	42
14994.8	45
14994.8	28
14994.8	47
14994.9	44
14994.9	31
14995	38
14995	42
14995	53
14995.1	50
14995.1	55
14995.2	31
14995.2	13
14995.2	44
14995.3	43
14995.3	31
14995.4	59
14995.4	46
14995.4	32
14995.5	47
14995.5	33
14995.6	53
14995.6	37
14995.6	20
14995.7	43
14995.7	46
14995.8	42
14995.8	48
14995.8	46
14995.9	53
14995.9	37
14996	51
14996	38
14996.1	37
14996.1	32
14996.1	36
14996.2	35
14996.2	41
14996.3	36
14996.3	26
14996.3	40
14996.4	71
14996.4	40
14996.5	54
14996.5	33
14996.5	38
14996.6	41
14996.6	40
14996.7	33
14996.7	48
14996.7	47
14996.8	40
14996.8	50
14996.9	38
14996.9	32
14996.9	51
14997	32
14997	41
14997.1	41
14997.1	42
14997.1	59
14997.2	42
14997.2	42
14997.3	56
14997.3	57
14997.3	45
14997.4	25
14997.4	33
14997.5	60
14997.5	38
14997.5	40
14997.6	14
14997.6	52
14997.7	30
14997.7	53
14997.7	50
14997.8	35
14997.8	30
14997.9	29
14997.9	38
14997.9	25
14998	45
14998	29
14998.1	40
14998.1	39
14998.1	52
14998.2	48
14998.2	36
14998.3	34
14998.3	51
14998.3	50
14998.4	44
14998.4	30
14998.5	29
14998.5	45
14998.5	49
14998.6	68
14998.6	33
14998.7	54
14998.7	56
14998.8	40
14998.8	50
14998.8	48
14998.9	47
14998.9	16
14999	38
14999	49
14999	54
14999.1	27
14999.1	44
14999.2	25
14999.2	36
14999.2	45
14999.3	33
14999.3	42
14999.4	40
14999.4	6
14999.4	52
14999.5	42
14999.5	39
14999.6	36
14999.6	43
14999.6	34
14999.7	51
14999.7	35
14999.8	52
14999.8	17
14999.8	45
14999.9	21
14999.9	37
15000	42
15000	42
15000	36
15000.1	32
15000.1	34
15000.2	35
15000.2	49
15000.2	42
15000.3	39.9095
15000.3	40.7778
15000.4	32.7798
15000.4	37.7842
15000.4	30.9887
15000.5	36.9914
15000.5	32.7619
15000.6	38.4786
15000.6	52.3835
15000.6	42.6407
15000.7	28.2897
15000.7	39.1864
15000.8	35.2256
15000.8	26.1567
15000.8	34.5411
15000.9	17.9691
15000.9	35.1892
15001	22.1396
15001	29.0111
15001	47.2832
15001.1	45.6956
15001.1	37.9685
15001.2	23.8729
15001.2	30.6434
15001.2	37.1667
15001.3	36.1364
15001.3	24.3113
15001.4	44.3689
15001.4	36.84
15001.4	44.481
15001.5	44.2575
15001.5	43.2729
15001.6	39.7702
15001.6	17.0627
15001.6	40.1505
15001.7	37.4752
15001.7	35.8784
15001.8	32.8462
15001.8	33.3179
15001.8	33.0245
15001.9	43.2374
15001.9	40.2103
15002	53.0714
15002	38.2743
15002	39.163
15002.1	36.9195
15002.1	37.6242
15002.2	33.3434
15002.2	37.0711
15002.2	45.0472
15002.3	31.0762
15002.3	32.9207
15002.4	34.2949
15002.4	37.9776
15002.4	44.0595
15002.5	40.0717
15002.5	24.805
15002.6	32.708
15002.6	32.3857
15002.6	34.3593
15002.7	38.1199
15002.7	29.0429
15002.8	22.9379
15002.8	38.1916
15002.8	22.6118
15002.9	26.8328
15002.9	43.6689
15003	29.4794
15003	26.8875
15003	36.8926
15003.1	32.4264
15003.1	23.9206
15003.2	30.8015
15003.2	29.1333
15003.2	27.1965
15003.3	39.882
15003.3	31.3044
15003.4	29.627
15003.4	32.3887
15003.4	22.8701
15003.5	32.9735
15003.5	33.7764
15003.6	18.906
15003.6	24.4147
15003.6	30.9626
15003.7	25.6429
15003.7	35.9476
15003.8	33.1752
15003.8	33.7571
15003.8	24.9164
15003.9	20.8705
15003.9	29.7966
15003.9	40.1101
15004	24.1164
15004	41.4769
15004.1	21.265
15004.1	26.7943
15004.1	29.5714
15004.2	25.2965
15004.2	33.6188
15004.3	40.1154
15004.3	27.7243
15004.3	26.5714
15004.4	31.2253
15004.4	23.1395
15004.4	21
15004.5	42
15004.5	41
15004.6	33
15004.6	14
15004.6	46
15004.7	35
15004.7	32
15004.8	36
15004.8	25
15004.8	23
15004.9	43
15004.9	40
15005	12
15005	14
15005	19
15005.1	19
15005.1	48
15005.2	54
15005.2	13
15005.3	27
15005.3	23
15005.3	36
15005.4	31
15005.4	22
15005.5	39
15005.5	31
15005.5	36
15005.6	45
15005.6	29
15005.7	17
15005.7	25
15005.7	52
15005.8	20
15005.8	46
15005.9	32
15005.9	26
15005.9	24
15006	32
15006	41
15006.1	42
15006.1	33
15006.1	36
15006.2	34
15006.2	38
15006.3	47
15006.3	30
15006.4	4
15006.4	27
15006.4	45
15006.5	37
15006.5	41
15006.6	34
15006.6	39
15006.6	42
15006.7	38
15006.7	48
15006.8	35
15006.8	33
15006.8	49
15006.9	31
15006.9	40
15007	33
15007	30
15007	42
15007.1	27
15007.1	36
15007.2	28
15007.2	31
15007.2	5
15007.3	43
15007.3	32
15007.4	38
15007.4	33
15007.5	40
15007.5	33
15007.5	52
15007.6	35
15007.6	28
15007.7	50
15007.7	16
15007.7	42
15007.8	39
15007.8	54
15007.9	43
15007.9	38
15007.9	33
15008	37
15008	37
15008.1	53
15008.1	39
15008.1	22
15008.2	40
15008.2	52
15008.3	44
15008.3	25
15008.3	35
15008.4	40
15008.4	42
15008.5	28
15008.5	54
15008.5	29
15008.6	28
15008.6	21
15008.7	54
15008.7	37
15008.8	34
15008.8	46
15008.8	56
15008.9	45
15008.9	44
15009	51
15009	29
15009	36
15009.1	54
15009.1	28
15009.2	49
15009.2	22
15009.2	40
15009.3	51
15009.3	48
15009.4	44
15009.4	45
15009.4	36
15009.5	11
15009.5	48
15009.6	44
15009.6	22
15009.6	36
15009.7	55
15009.7	46
15009.8	64
15009.8	57
15009.8	48
15009.9	47
15009.9	43
15010	50
15010	46
15010	42
15010.1	51
15010.1	19
15010.2	37
15010.2	53
15010.3	43
15010.3	29
15010.3	31
15010.4	44
15010.4	42
15010.5	35
15010.5	50
15010.5	47
15010.6	32
15010.6	23
15010.7	27
15010.7	41
15010.7	49
15010.8	32
15010.8	33
15010.9	29
15010.9	34
15010.9	46
15011	38
15011	30
15011.1	28
15011.1	45
15011.1	55
15011.2	63
15011.2	25
15011.3	48
15011.3	60
15011.3	19
15011.4	53
15011.4	38
15011.5	16
15011.5	42
15011.5	31
15011.6	46
15011.6	37
15011.7	48
15011.7	39
15011.7	47
15011.8	41
15011.8	36
15011.9	44
15011.9	23
15011.9	45
15012	36
15012	62
15012.1	48
15012.1	55
15012.1	52
15012.2	28
15012.2	49
15012.3	46
15012.3	49
15012.3	40
15012.4	64
15012.4	54
15012.5	41
15012.5	56
15012.6	40
15012.6	38
15012.6	49
15012.7	42
15012.7	56
15012.8	32
15012.8	29
15012.8	46
15012.9	51
15012.9	50
15013	14
15013	56
15013	41
15013.1	35
15013.1	41
15013.2	49
15013.2	42
15013.2	50
15013.3	45
15013.3	52
15013.4	50
15013.4	51
15013.4	29
15013.5	64
15013.5	50
15013.6	49
15013.6	37
15013.6	30
15013.7	48
15013.7	45
15013.8	44
15013.8	52
15013.8	43
15013.9	52
15013.9	24
15014	33
15014	42
15014	47
15014.1	50
15014.1	48
15014.2	47
15014.2	45
15014.2	51
15014.3	41
15014.3	34
15014.4	45
15014.4	58
15014.4	51
15014.5	34
15014.5	39
15014.6	46
15014.6	39
15014.6	45
15014.7	47
15014.7	37
15014.8	39
15014.8	47
15014.8	54
15014.9	33
15014.9	56
15015	35
15015	57
15015	51
15015.1	28
15015.1	52
15015.2	33
15015.2	20
15015.2	33
15015.3	36
15015.3	66
15015.4	44
15015.4	50
15015.4	54
15015.5	34
15015.5	33
15015.6	50
15015.6	41
15015.6	33
15015.7	39
15015.7	44
15015.8	41
15015.8	32
15015.8	62
15015.9	55
15015.9	44
15016	48
15016	42
15016	49
15016.1	27
15016.1	42
15016.2	62
15016.2	49
15016.2	42
15016.3	33
15016.3	47
15016.4	49
15016.4	48
15016.4	43
15016.5	44
15016.5	47
15016.6	50
15016.6	50
15016.6	35
15016.7	36
15016.7	37
15016.8	37
15016.8	51
15016.8	53
15016.9	46
15016.9	38
15017	20
15017	43
15017	44
15017.1	57
15017.1	47
15017.2	40
15017.2	41
15017.2	48
15017.3	50
15017.3	47
15017.4	46
15017.4	28
15017.4	54
15017.5	45
15017.5	39
15017.6	37
15017.6	52
15017.6	53
15017.7	56
15017.7	55
15017.8	40
15017.8	34
15017.8	26
15017.9	42
15017.9	53
15018	58
15018	39
15018	39
15018.1	39
15018.1	40
15018.2	29
15018.2	45
15018.2	33
15018.3	61
15018.3	46
15018.4	32
15018.4	52
15018.4	40
15018.5	42
15018.5	37
15018.6	38
15018.6	44
15018.6	46
15018.7	53
15018.7	54
15018.8	33
15018.8	40
15018.8	51
15018.9	46
15018.9	21
15019	50
15019	64
15019	45
15019.1	45
15019.1	42
15019.2	59
15019.2	48
15019.2	50
15019.3	54
15019.3	41
15019.4	17
15019.4	38
15019.4	57
15019.5	37
15019.5	44
15019.6	52
15019.6	57
15019.6	48
15019.7	38
15019.7	58
15019.8	28
15019.8	42
15019.8	58
15019.9	37
15019.9	43
15020	48
15020	53
15020	65
15020.1	54
15020.1	47
15020.2	58
15020.2	58
15020.2	36
15020.3	43
15020.3	59
15020.3	63
15020.4	37
15020.4	50
15020.5	67
15020.5	35
15020.5	53
15020.6	68
15020.6	47
15020.7	19
15020.7	47
15020.7	46
15020.8	50
15020.8	65
15020.9	51
15020.9	37
15020.9	49
15021	57
15021	52
15021.1	31
15021.1	32
15021.1	38
15021.2	46
15021.2	48
15021.3	41
15021.3	54
15021.3	55
15021.4	61
15021.4	44
15021.5	44
15021.5	55
15021.5	49
15021.6	40
15021.6	34
15021.7	66
15021.7	37
15021.7	38
15021.8	52
15021.8	47
15021.9	53
15021.9	50
15021.9	41
15022	26
15022	61
15022.1	58
15022.1	75
15022.1	40
15022.2	59
15022.2	52
15022.3	43
15022.3	53
15022.3	52
15022.4	25
15022.4	50
15022.4	55
15022.5	42
15022.5	52
15022.6	34
15022.6	31
15022.6	57
15022.7	53
15022.7	48
15022.8	57
15022.8	57
15022.8	40
15022.9	40
15022.9	36
15023	46
15023	26
15023	14
15023.1	32
15023.1	52
15023.2	37
15023.2	43
15023.2	37
15023.3	44
15023.3	48
15023.4	40
15023.4	37
15023.4	42
15023.5	42
15023.5	42
15023.6	32
15023.6	52
15023.6	51
15023.7	47
15023.7	43
15023.8	62
15023.8	46
15023.8	49
15023.9	37
15023.9	29
15024	49
15024	45
15024	56
15024.1	48
15024.1	42
15024.1	54
15024.2	56
15024.2	30
15024.3	34
15024.3	33
15024.3	37
15024.4	52
15024.4	37
15024.5	41
15024.5	62
15024.5	44
15024.6	32
15024.6	38
15024.7	50
15024.7	69
15024.7	48
15024.8	32
15024.8	47
15024.9	67
15024.9	26
15024.9	34
15025	24
15025	53
15025.1	79
15025.1	67
15025.1	67
15025.2	70
15025.2	48
15025.3	57
15025.3	47
15025.3	35
15025.4	45
15025.4	26
15025.4	50
15025.5	43
15025.5	41
15025.6	50
15025.6	61
15025.6	29
15025.7	37
15025.7	44
15025.8	41
15025.8	18
15025.8	52
15025.9	36
15025.9	54
15026	48
15026	53
15026	46
15026.1	28
15026.1	53
15026.2	42
15026.2	40
15026.2	43
15026.3	42
15026.3	38
15026.3	49
15026.4	48
15026.4	47
15026.5	37
15026.5	19
15026.5	48
15026.6	38
15026.6	43
15026.7	52
15026.7	39
15026.7	46
15026.8	51
15026.8	59
15026.9	42
15026.9	47
15026.9	35
15027	51
15027	31
15027.1	67
15027.1	33
15027.1	31
15027.2	33
15027.2	33
15027.3	37
15027.3	46
15027.3	51
15027.4	76
15027.4	56
15027.4	48
15027.5	63
15027.5	55
15027.6	22
15027.6	54
15027.6	48
15027.7	55
15027.7	51
15027.8	43
15027.8	51
15027.8	30
15027.9	63
15027.9	63
15028	41
15028	27
15028	53
15028.1	51
15028.1	49
15028.2	48
15028.2	49
15028.2	58
15028.3	41
15028.3	40
15028.3	52
15028.4	60
15028.4	33
15028.5	50
15028.5	56
15028.5	54
15028.6	54
15028.6	48
15028.7	39
15028.7	46
15028.7	59
15028.8	63
15028.8	44
15028.9	39
15028.9	37
15028.9	53
15029	57
15029	46
15029.1	37
15029.1	40
15029.1	30
15029.2	38
15029.2	45
15029.2	46
15029.3	22
15029.3	37
15029.4	63
15029.4	48
15029.4	39
15029.5	43
15029.5	58
15029.6	35
15029.6	44
15029.6	47
15029.7	49
15029.7	59
15029.8	45
15029.8	50
15029.8	61
15029.9	48
15029.9	43
15029.9	50
15030	39
15030	32
15030.1	46
15030.1	43
15030.1	43
15030.2	63
15030.2	62
15030.3	49
15030.3	49
15030.3	31
15030.4	41
15030.4	51
15030.5	48
15030.5	50
15030.5	37
15030.6	28
15030.6	57
15030.6	48
15030.7	77
15030.7	46
15030.8	46
15030.8	40
15030.8	48
15030.9	36
15030.9	51
15031	55
15031	20
15031	58
15031.1	38
15031.1	53
15031.2	29
15031.2	42
15031.2	51
15031.3	45
15031.3	60
15031.3	56
15031.4	37
15031.4	35
15031.5	44
15031.5	58
15031.5	66
15031.6	60
15031.6	41
15031.7	46
15031.7	57
15031.7	57
15031.8	52
15031.8	56
15031.9	43
15031.9	42
15031.9	58
15032	58
15032	60
15032	35
15032.1	37
15032.1	55
15032.2	45
15032.2	52
15032.2	63
15032.3	52
15032.3	43
15032.4	60
15032.4	58
15032.4	43
15032.5	48
15032.5	43
15032.6	46
15032.6	59
15032.6	21
15032.7	54
15032.7	53
15032.7	45
15032.8	49
15032.8	38
15032.9	49
15032.9	26
15032.9	48
15033	60
15033	29
15033.1	30
15033.1	59
15033.1	34
15033.2	64
15033.2	60
15033.3	85
15033.3	67
15033.3	19
15033.4	34
15033.4	54
15033.4	48
15033.5	53
15033.5	55
15033.6	49
15033.6	51
15033.6	44
15033.7	48
15033.7	47
15033.8	48
15033.8	53
15033.8	62
15033.9	52
15033.9	41
15033.9	44
15034	24
15034	37
15034.1	56
15034.1	48
15034.1	44
15034.2	36
15034.2	32
15034.3	54
15034.3	56
15034.3	56
15034.4	38
15034.4	54
15034.4	53
15034.5	40
15034.5	46
15034.6	75
15034.6	35
15034.6	58
15034.7	46
15034.7	47
15034.8	35
15034.8	41
15034.8	59
15034.9	47
15034.9	55
15035	47
15035	38
15035	23
15035.1	47
15035.1	29
15035.1	51
15035.2	51
15035.2	23
15035.3	53
15035.3	46
15035.3	41
15035.4	55
15035.4	41
15035.5	40
15035.5	55
15035.5	42
15035.6	51
15035.6	30
15035.6	28
15035.7	47
15035.7	39
15035.8	33
15035.8	43
15035.8	54
15035.9	59
15035.9	51
15036	56
15036	55
15036	47
15036.1	49
15036.1	41
15036.1	26
15036.2	45
15036.2	41
15036.3	48
15036.3	62
15036.3	35
15036.4	36
15036.4	44
15036.5	42
15036.5	13
15036.5	51
15036.6	58
15036.6	58
15036.6	39
15036.7	34
15036.7	29
15036.8	59
15036.8	45
15036.8	51
15036.9	39
15036.9	22
15037	41
15037	53.8775
15037	38.9229
15037.1	46.7965
15037.1	44.5139
15037.1	39.5866
15037.2	52.0364
15037.2	31.0061
15037.3	50.9361
15037.3	51.163
15037.3	47.9728
15037.4	54.2231
15037.4	56.6158
15037.5	45.7419
15037.5	44.399
15037.5	50.2989
15037.6	55.8709
15037.6	28.454
15037.6	40.9879
15037.7	38.5806
15037.7	45.2894
15037.8	42.0325
15037.8	39.585
15037.8	30.1912
15037.9	57.4102
15037.9	30.9842
15038	47.5345
15038	47.0838
15038	50.9248
15038.1	45.9743
15038.1	46.0918
15038.1	38.4399
15038.2	29.9228
15038.2	46.6356
15038.3	56.4338
15038.3	50.8765
15038.3	43.2203
15038.4	47.5149
15038.4	38.3088
15038.5	46.0472
15038.5	52.5988
15038.5	37.3302
15038.6	38.2698
15038.6	39.6196
15038.6	45.9482
15038.7	64.502
15038.7	45.896
15038.8	39.8405
15038.8	34.2585
15038.8	34.0933
15038.9	42.0664
15038.9	37.967
15038.9	42.4316
15039	47.234
15039	55.8815
15039.1	53.0068
15039.1	55.2598
15039.1	45.6505
15039.2	44.9363
15039.2	26.6481
15039.3	34.5978
15039.3	48.6086
15039.3	35.0765
15039.4	33.1933
15039.4	44.2716
15039.4	47.7244
15039.5	40.6449
15039.5	43.7809
15039.6	39.2877
15039.6	40.4885
15039.6	30.1942
15039.7	33.0831
15039.7	33.8723
15039.8	51.4047
15039.8	52.5859
15039.8	37.9644
15039.9	37.4559
15039.9	43.0565
15039.9	41.4045
15040	53.9052
15040	55.0252
15040.1	37.198
15040.1	30.6809
15040.1	33.5777
15040.2	40.3842
15040.2	31.1706
15040.2	55.4258
15040.3	43.9987
15040.3	46.6908
15040.4	41.168
15040.4	52.5828
15040.4	46.5506
15040.5	33.4898
15040.5	36.296
15040.6	35.7659
15040.6	24.0282
15040.6	41.3542
15040.7	37.2485
15040.7	37.2724
15040.7	35.7853
15040.8	40.8266
15040.8	35.8165
15040.9	40.0862
15040.9	42
15040.9	30
15040.9	13
15041	47
15041	45
15041.1	53
15041.1	27
15041.1	18
15041.2	31
15041.2	46
15041.3	46
15041.3	43
15041.3	59
15041.4	35
15041.4	35
15041.5	39
15041.5	49
15041.5	53
15041.6	31
15041.6	17
15041.7	45
15041.7	36
15041.7	58
15041.8	59
15041.8	40
15041.8	50
15041.9	32
15041.9	55
15042	39
15042	60
15042	49
15042.1	50
15042.1	39
15042.2	55
15042.2	46
15042.2	62
15042.3	47
15042.3	51
15042.4	53
15042.4	29
15042.4	3
15042.5	35
15042.5	39
15042.6	56
15042.6	44
15042.6	45
15042.7	39
15042.7	55
15042.8	56
15042.8	76
15042.8	62
15042.9	39
15042.9	61
15042.9	22
15043	56
15043	45
15043.1	43
15043.1	54
15043.1	55
15043.2	54
15043.2	48
15043.3	33
15043.3	31
15043.3	37
15043.4	53
15043.4	48
15043.5	48
15043.5	33
15043.5	44
15043.6	64
15043.6	50
15043.6	44
15043.7	46
15043.7	40
15043.8	42
15043.8	55
15043.8	64
15043.9	75
15043.9	50
15044	45
15044	49
15044	38
15044.1	49
15044.1	45
15044.2	42
15044.2	50
15044.2	51
15044.3	48
15044.3	38
15044.4	55
15044.4	47
15044.4	43
15044.5	72
15044.5	55
15044.5	25
15044.6	49
15044.6	73
15044.7	50
15044.7	67
15044.7	66
15044.8	54
15044.8	42
15044.9	53
15044.9	59
15044.9	51
15045	39
15045	51
15045.1	60
15045.1	49
15045.1	49
15045.2	35
15045.2	59
15045.2	64
15045.3	54
15045.3	56
15045.4	59
15045.4	45
15045.4	46
15045.5	61
15045.5	64
15045.6	49
15045.6	48
15045.6	55
15045.7	50
15045.7	56
15045.8	58
15045.8	42
15045.8	41
15045.9	51
15045.9	60
15045.9	45
15046	49
15046	32
15046.1	45
15046.1	46
15046.1	46
15046.2	52
15046.2	68
15046.3	48
15046.3	61
15046.3	45
15046.4	54
15046.4	40
15046.5	46
15046.5	48
15046.5	40
15046.6	55
15046.6	58
15046.6	59
15046.7	46
15046.7	58
15046.8	49
15046.8	59
15046.8	61
15046.9	51
15046.9	59
15047	60
15047	65
15047	50
15047.1	61
15047.1	49
15047.2	38
15047.2	54
15047.2	65
15047.3	54
15047.3	36
15047.3	57
15047.4	67
15047.4	66
15047.5	53
15047.5	56
15047.5	34
15047.6	39
15047.6	53
15047.7	54
15047.7	52
15047.7	25
15047.8	31
15047.8	54
15047.8	65
15047.9	62
15047.9	70
15048	59
15048	55
15048	36
15048.1	55
15048.1	55
15048.2	45
15048.2	47
15048.2	54
15048.3	57
15048.3	59
15048.4	72
15048.4	59
15048.4	57
15048.5	50
15048.5	55
15048.5	72
15048.6	55
15048.6	50
15048.7	73
15048.7	35
15048.7	42
15048.8	55
15048.8	49
15048.9	62
15048.9	57
15048.9	55
15049	51
15049	42
15049	31
15049.1	58
15049.1	55
15049.2	51
15049.2	53
15049.2	45
15049.3	53
15049.3	45
15049.4	63
15049.4	66
15049.4	54
15049.5	46
15049.5	62
15049.6	71
15049.6	71
15049.6	57
15049.7	49
15049.7	59
15049.7	69
15049.8	61
15049.8	62
15049.9	44
15049.9	63
15049.9	62
15050	38
15050	55
15050.1	56
15050.1	45
15050.1	50
15050.2	55
15050.2	65
15050.2	60
15050.3	48
15050.3	46
15050.4	51
15050.4	54
15050.4	66
15050.5	64
15050.5	37
15050.6	43
15050.6	55
15050.6	67
15050.7	70
15050.7	50
15050.7	61
15050.8	51
15050.8	57
15050.9	59
15050.9	49
15050.9	24
15051	45
15051	48
15051.1	59
15051.1	50
15051.1	60
15051.2	68
15051.2	72
15051.2	53
15051.3	51
15051.3	56
15051.4	36
15051.4	62
15051.4	48
15051.5	65
15051.5	54
15051.6	42
15051.6	61
15051.6	58
15051.7	52
15051.7	53
15051.7	41
15051.8	50
15051.8	69
15051.9	42
15051.9	48
15051.9	64
15052	43
15052	64
15052.1	53
15052.1	50
15052.1	64
15052.2	47
15052.2	46
15052.2	58
15052.3	43
15052.3	50
15052.4	43
15052.4	57
15052.4	55
15052.5	55
15052.5	57
15052.6	51
15052.6	44
15052.6	57
15052.7	67
15052.7	56
15052.7	53
15052.8	42
15052.8	26
15052.9	71
15052.9	50
15052.9	90
15053	51
15053	57
15053.1	55
15053.1	69
15053.1	51
15053.2	55
15053.2	34
15053.2	49
15053.3	46
15053.3	59
15053.4	63
15053.4	59
15053.4	52
15053.5	51
15053.5	39
15053.6	39
15053.6	59
15053.6	54
15053.7	57
15053.7	25
15053.7	51
15053.8	59
15053.8	51
15053.9	40
15053.9	50
15053.9	53
15054	61
15054	55
15054	48
15054.1	61
15054.1	42
15054.2	62
15054.2	41
15054.2	50
15054.3	52
15054.3	47
15054.4	43
15054.4	52
15054.4	67
15054.5	58
15054.5	33
15054.5	45
15054.6	54
15054.6	49
15054.7	45
15054.7	44
15054.7	46
15054.8	49
15054.8	54
15054.9	54
15054.9	46
15054.9	35
15055	46
15055	37
15055	43
15055.1	59
15055.1	49
15055.2	41
15055.2	54
15055.2	51
15055.3	67
15055.3	58
15055.3	34
15055.4	45
15055.4	51
15055.5	47
15055.5	55
15055.5	45
15055.6	40
15055.6	63
15055.7	61
15055.7	75
15055.7	60
15055.8	42
15055.8	43
15055.8	52
15055.9	51
15055.9	62
15056	63
15056	45
15056	54
15056.1	61
15056.1	45
15056.2	31
15056.2	42
15056.2	49
15056.3	46
15056.3	66
15056.3	57
15056.4	37
15056.4	44
15056.5	51
15056.5	47
15056.5	56
15056.6	44
15056.6	20
15056.6	55
15056.7	47
15056.7	58
15056.8	26
15056.8	48
15056.8	45
15056.9	51
15056.9	37
15057	59
15057	50
15057	24
15057.1	55
15057.1	58
15057.1	47
15057.2	51
15057.2	32
15057.3	37
15057.3	57
15057.3	45
15057.4	59
15057.4	36
15057.4	36
15057.5	48
15057.5	28
15057.6	37
15057.6	50
15057.6	36
15057.7	52
15057.7	38
15057.7	50
15057.8	69
15057.8	38
15057.9	62
15057.9	35
15057.9	47
15058	60
15058	43
15058.1	45
15058.1	45
15058.1	53
15058.2	38
15058.2	37
15058.2	50
15058.3	74
15058.3	56
15058.4	39
15058.4	58
15058.4	49
15058.5	3
15058.5	34
15058.5	67
15058.6	45
15058.6	46
15058.7	43
15058.7	55
15058.7	53
15058.8	50
15058.8	65
15058.8	51
15058.9	29
15058.9	54
15059	49
15059	48
15059	39
15059.1	36
15059.1	55
15059.2	54
15059.2	54
15059.2	63
15059.3	54
15059.3	47
15059.3	55
15059.4	53
15059.4	57
15059.5	43
15059.5	55
15059.5	41
15059.6	60
15059.6	50
15059.6	57
15059.7	37
15059.7	28
15059.8	52
15059.8	29
15059.8	50
15059.9	46
15059.9	50
15059.9	48
15060	62
15060	45
15060.1	47
15060.1	47
15060.1	34
15060.2	59
15060.2	56
15060.2	57
15060.3	39
15060.3	57
15060.4	63
15060.4	44
15060.4	66
15060.5	55
15060.5	42
15060.6	29
15060.6	50
15060.6	55
15060.7	49
15060.7	33
15060.7	40
15060.8	37
15060.8	47
15060.9	40
15060.9	40
15060.9	50
15061	52
15061	47
15061	48
15061.1	72
15061.1	47
15061.2	42
15061.2	41
15061.2	52
15061.3	60
15061.3	47
15061.3	37
15061.4	36
15061.4	42
15061.5	34
15061.5	51
15061.5	44
15061.6	52
15061.6	31
15061.6	33
15061.7	47
15061.7	42
15061.8	54
15061.8	27
15061.8	48
15061.9	53
15061.9	59
15061.9	27
15062	49
15062	54
15062.1	52
15062.1	53
15062.1	37
15062.2	46
15062.2	55
15062.2	50
15062.3	44
15062.3	60
15062.4	53
15062.4	49
15062.4	43
15062.5	54
15062.5	52
15062.5	42
15062.6	60
15062.6	35
15062.7	53
15062.7	48
15062.7	43
15062.8	40
15062.8	31
15062.9	38
15062.9	48
15062.9	47
15063	48
15063	49
15063	53
15063.1	44
15063.1	53
15063.2	40
15063.2	40
15063.2	30
15063.3	20
15063.3	36
15063.3	62
15063.4	50
15063.4	45
15063.5	44
15063.5	52
15063.5	31
15063.6	63
15063.6	42
15063.6	32
15063.7	30
15063.7	35
15063.8	35
15063.8	65
15063.8	42
15063.9	41
15063.9	39
15063.9	47
15064	54
15064	55
15064.1	36
15064.1	59
15064.1	47
15064.2	47
15064.2	29
15064.2	38
15064.3	49
15064.3	57
15064.4	57
15064.4	52
15064.4	45
15064.5	32
15064.5	50
15064.5	26
15064.6	52
15064.6	44
15064.7	42
15064.7	49
15064.7	53
15064.8	42
15064.8	48
15064.8	39
15064.9	40
15064.9	58
15065	47
15065	48
15065	49
15065.1	58
15065.1	53
15065.1	47
15065.2	44
15065.2	50
15065.3	47
15065.3	42
15065.3	37
15065.4	56
15065.4	43
15065.4	53
15065.5	51
15065.5	38
15065.6	46
15065.6	55
15065.6	42
15065.7	37
15065.7	41
15065.7	53
15065.8	51
15065.8	59
15065.8	36
15065.9	30
15065.9	38
15066	29
15066	45
15066	52
15066.1	43
15066.1	41
15066.1	52
15066.2	56
15066.2	38
15066.3	43
15066.3	28
15066.3	46
15066.4	40
15066.4	55
15066.4	43
15066.5	36
15066.5	57
15066.6	60
15066.6	29
15066.6	57
15066.7	50
15066.7	42
15066.7	34
15066.8	38
15066.8	40
15066.9	37
15066.9	37
15066.9	39
15067	67
15067	52
15067	48
15067.1	40
15067.1	43
15067.2	47
15067.2	28
15067.2	36
15067.3	34
15067.3	59
15067.3	57
15067.4	40
15067.4	46
15067.5	23
15067.5	37
15067.5	40
15067.6	48
15067.6	43
15067.6	53
15067.7	52
15067.7	44
15067.8	60
15067.8	45
15067.8	50
15067.9	40
15067.9	32
15067.9	44
15068	32
15068	55
15068	48
15068.1	42
15068.1	36
15068.2	34
15068.2	33
15068.2	42
15068.3	45
15068.3	42
15068.3	29
15068.4	36
15068.4	29
15068.5	46
15068.5	35
15068.5	52
15068.6	30
15068.6	50
15068.6	25
15068.7	39
15068.7	62
15068.8	33
15068.8	43
15068.8	40
15068.9	43
15068.9	41
15068.9	52
15069	49
15069	68
15069.1	33
15069.1	40
15069.1	28
15069.2	32
15069.2	38
15069.2	48
15069.3	44
15069.3	44
15069.3	46
15069.4	27
15069.4	46
15069.5	50
15069.5	30
15069.5	43
15069.6	31
15069.6	31
15069.6	29
15069.7	45
15069.7	49
15069.8	63
15069.8	37
15069.8	46
15069.9	30
15069.9	50
15069.9	47
15070	46
15070	61
15070.1	47
15070.1	35
15070.1	37
15070.2	41
15070.2	44
15070.2	53
15070.3	15
15070.3	42
15070.3	42
15070.4	50
15070.4	58
15070.5	61
15070.5	41
15070.5	41
15070.6	37
15070.6	39
15070.6	44
15070.7	46
15070.7	44
15070.8	34
15070.8	27
15070.8	28
15070.9	27
15070.9	38
15070.9	51
15071	33
15071	28
15071.1	31
15071.1	33
15071.1	37
15071.2	44
15071.2	46
15071.2	67
15071.3	40
15071.3	36
15071.3	48
15071.4	19
15071.4	41
15071.5	46
15071.5	48
15071.5	40
15071.6	57
15071.6	42
15071.6	55
15071.7	42
15071.7	42
15071.8	36
15071.8	25
15071.8	49
15071.9	47
15071.9	51
15071.9	42
15072	40
15072	40
15072	56.9206
15072.1	42.8209
15072.1	44.4274
15072.2	50.8421
15072.2	43.3807
15072.2	29.9809
15072.3	32.5382
15072.3	35.6322
15072.3	40.703
15072.4	34.4938
15072.4	22.2149
15072.5	52.0067
15072.5	51.4345
15072.5	47.8246
15072.6	30.3569
15072.6	31.4706
15072.6	38.2055
15072.7	40.988
15072.7	50.9042
15072.8	40.4186
15072.8	35.4541
15072.8	42.8771
15072.9	39.7069
15072.9	38.125
15072.9	43.4671
15073	31.6548
15073	21.7668
15073	43.8879
15073.1	39.0772
15073.1	40.4675
15073.2	38.8757
15073.2	21.1241
15073.2	28.6375
15073.3	39.8965
15073.3	54.0714
15073.3	43.3646
15073.4	21.4631
15073.4	35.2155
15073.4	42.585
15073.5	53.1876
15073.5	50.4245
15073.6	36.0022
15073.6	40.1633
15073.6	34.2321
15073.7	28.8377
15073.7	37.9185
15073.7	40.07
15073.8	35.119
15073.8	34.1749
15073.9	30.6957
15073.9	23.5553
15073.9	39.0932
15074	37.0648
15074	29.5536
15074	21.1879
15074.1	21.9077
15074.1	38.3411
15074.1	42.5654
15074.2	28.7061
15074.2	43.5625
15074.3	26.7066
15074.3	44.6679
15074.3	38.026
15074.4	35.4065
15074.4	30.2336
15074.4	39.2871
15074.5	35.2147
15074.5	41.7468
15074.6	20.1348
15074.6	30.3106
15074.6	34.2643
15074.7	33.5045
15074.7	25.9471
15074.7	49.2462
15074.8	43.9982
15074.8	31.2273
15074.8	33.2151
15074.9	28.6712
15074.9	38.1831
15075	40.7342
15075	27.3675
15075	33.9186
15075.1	25.7315
15075.1	25.9519
15075.1	34.4665
15075.2	34.6313
15075.2	39.8307
15075.2	35.7926
15075.3	35.6447
15075.3	38.507
15075.4	26.8449
15075.4	34.5524
15075.4	42.4383
15075.5	29.1288
15075.5	15.7515
15075.5	39.8567
15075.6	33.8781
15075.6	26.3502
15075.7	25.3972
15075.7	23.4878
15075.7	33.5469
15075.8	41.9597
15075.8	37.7444
15075.8	37.3392
15075.9	26.9801
15075.9	38.9706
15075.9	32.0669
15076	26
15076	44
15076	23
15076.1	39
15076.1	24
15076.1	35
15076.2	22
15076.2	31
15076.3	45
15076.3	34
15076.3	11
15076.4	47
15076.4	29
15076.4	42
15076.5	37
15076.5	25
15076.6	25
15076.6	42
15076.6	61
15076.7	46
15076.7	28
15076.7	10
15076.8	39
15076.8	24
15076.9	41
15076.9	26
15076.9	31
15077	27
15077	26
15077	12
15077.1	37
15077.1	31
15077.2	43
15077.2	45
15077.2	40
15077.3	42
15077.3	41
15077.3	39
15077.4	32
15077.4	40
15077.5	35
15077.5	60
15077.5	37
15077.6	28
15077.6	42
15077.6	35
15077.7	24
15077.7	42
15077.8	24
15077.8	33
15077.8	31
15077.9	52
15077.9	37
15077.9	22
15078	20
15078	31
15078.1	40
15078.1	50
15078.1	39
15078.2	28
15078.2	37
15078.2	42
15078.3	39
15078.3	55
15078.4	50
15078.4	52
15078.4	41
15078.5	49
15078.5	47
15078.5	35
15078.6	24
15078.6	50
15078.7	42
15078.7	27
15078.7	31
15078.8	38
15078.8	39
15078.8	45
15078.9	57
15078.9	53
15079	27
15079	35
15079	52
15079.1	46
15079.1	48
15079.1	33
15079.2	35
15079.2	32
15079.3	41
15079.3	56
15079.3	52
15079.4	37
15079.4	22
15079.4	42
15079.5	30
15079.5	40
15079.6	34
15079.6	31
15079.6	43
15079.7	57
15079.7	48
15079.7	49
15079.8	41
15079.8	13
15079.9	50
15079.9	50
15079.9	48
15080	38
15080	50
15080	43
15080.1	39
15080.1	44
15080.2	55
15080.2	35
15080.2	29
15080.3	41
15080.3	44
15080.3	45
15080.4	27
15080.4	38
15080.5	48
15080.5	36
15080.5	52
15080.6	69
15080.6	23
15080.6	54
15080.7	56
15080.7	48
15080.8	66
15080.8	35
15080.8	31
15080.9	36
15080.9	26
15080.9	49
15081	59
15081	43
15081.1	58
15081.1	53
15081.1	52
15081.2	67
15081.2	49
15081.2	17
15081.3	38
15081.3	36
15081.4	41
15081.4	50
15081.4	56
15081.5	37
15081.5	54
15081.5	56
15081.6	59
15081.6	32
15081.7	52
15081.7	53
15081.7	38
15081.8	49
15081.8	28
15081.8	42
15081.9	48
15081.9	49
15082	52
15082	38
15082	39
15082.1	38
15082.1	38
15082.1	58
15082.2	43
15082.2	47
15082.2	47
15082.3	43
15082.3	39
15082.4	47
15082.4	49
15082.4	29
15082.5	27
15082.5	41
15082.5	49
15082.6	58
15082.6	42
15082.7	55
15082.7	46
15082.7	50
15082.8	45
15082.8	53
15082.8	41
15082.9	37
15082.9	31
15083	54
15083	34
15083	42
15083.1	46
15083.1	31
15083.1	47
15083.2	47
15083.2	61
15083.3	37
15083.3	31
15083.3	39
15083.4	51
15083.4	38
15083.4	40
15083.5	37
15083.5	31
15083.5	43
15083.6	61
15083.6	64
15083.7	32
15083.7	47
15083.7	53
15083.8	56
15083.8	48
15083.8	46
15083.9	55
15083.9	50
15084	42
15084	42
15084	53
15084.1	37
15084.1	31
15084.1	37
15084.2	65
15084.2	50
15084.3	44
15084.3	33
15084.3	42
15084.4	52
15084.4	39
15084.4	44
15084.5	24
15084.5	29
15084.5	50
15084.6	55
15084.6	48
15084.7	50
15084.7	52
15084.7	53
15084.8	47
15084.8	30
15084.8	56
15084.9	40
15084.9	46
15085	59
15085	51
15085	66
15085.1	42
15085.1	23
15085.1	51
15085.2	39
15085.2	53
15085.3	65
15085.3	59
15085.3	37
15085.4	53
15085.4	52
15085.4	66
15085.5	41
15085.5	28
15085.5	42
15085.6	52
15085.6	61
15085.7	58
15085.7	52
15085.7	63
15085.8	48
15085.8	36
15085.8	59
15085.9	62
15085.9	31
15086	58
15086	54
15086	77
15086.1	61
15086.1	51
15086.1	43
15086.2	59
15086.2	24
15086.3	56
15086.3	43
15086.3	67
15086.4	55
15086.4	46
15086.4	34
15086.5	43
15086.5	39
15086.5	53
15086.6	53
15086.6	55
15086.7	51
15086.7	37
15086.7	20
15086.8	50
15086.8	55
15086.8	53
15086.9	48
15086.9	54
15087	45
15087	49
15087	52
15087.1	40
15087.1	55
15087.1	32
15087.2	40
15087.2	42
15087.2	50
15087.3	51
15087.3	42
15087.4	40
15087.4	53
15087.4	35
15087.5	65
15087.5	51
15087.5	48
15087.6	38
15087.6	41
15087.7	66
15087.7	45
15087.7	50
15087.8	35
15087.8	46
15087.8	49
15087.9	58
15087.9	53
15087.9	47
15088	43
15088	46
15088.1	45
15088.1	48
15088.1	63
15088.2	45
15088.2	73
15088.2	46
15088.3	46
15088.3	41
15088.3	40
15088.4	60
15088.4	49
15088.5	57
15088.5	52
15088.5	32
15088.6	50
15088.6	48
15088.6	48
15088.7	50
15088.7	48
15088.8	29
15088.8	66
15088.8	52
15088.9	49
15088.9	36
15088.9	54
15089	71
15089	38
15089	58
15089.1	36
15089.1	59
15089.2	61
15089.2	53
15089.2	43
15089.3	50
15089.3	39
15089.3	42
15089.4	44
15089.4	59
15089.5	55
15089.5	47
15089.5	63
15089.6	46
15089.6	63
15089.6	63
15089.7	59
15089.7	37
15089.7	33
15089.8	53
15089.8	53
15089.9	47
15089.9	52
15089.9	58
15090	60
15090	38
15090	51
15090.1	64
15090.1	53
15090.1	30
15090.2	77
15090.2	51
15090.3	54
15090.3	60
15090.3	63
15090.4	62
15090.4	55
15090.4	55
15090.5	38
15090.5	41
15090.5	45
15090.6	45
15090.6	59
15090.7	61
15090.7	46
15090.7	48
15090.8	20
15090.8	53
15090.8	42
15090.9	63
15090.9	56
15091	42
15091	62
15091	49
15091.1	43
15091.1	50
15091.1	35
15091.2	31
15091.2	48
15091.2	51
15091.3	59
15091.3	57
15091.4	41
15091.4	36
15091.4	41
15091.5	43
15091.5	48
15091.5	44
15091.6	62
15091.6	40
15091.6	69
15091.7	48
15091.7	42
15091.8	39
15091.8	50
15091.8	58
15091.9	50
15091.9	51
15091.9	53
15092	55
15092	57
15092	43
15092.1	43
15092.1	42
15092.2	45
15092.2	44
15092.2	51
15092.3	61
15092.3	55
15092.3	42
15092.4	50
15092.4	51
15092.4	46
15092.5	61
15092.5	33
15092.6	57
15092.6	65
15092.6	47
15092.7	42
15092.7	30
15092.7	16
15092.8	54
15092.8	53
15092.8	45
15092.9	47
15092.9	52
15093	37
15093	40
15093	46
15093.1	55
15093.1	48
15093.1	50
15093.2	48
15093.2	39
15093.2	71
15093.3	52
15093.3	45
15093.4	56
15093.4	51
15093.4	49
15093.5	64
15093.5	52
15093.5	52
15093.6	55
15093.6	52
15093.6	46
15093.7	30
15093.7	42
15093.8	59
15093.8	60
15093.8	49
15093.9	69
15093.9	39
15093.9	35
15094	56
15094	56
15094	58
15094.1	39
15094.1	33
15094.2	64
15094.2	52
15094.2	59
15094.3	63
15094.3	36
15094.3	38
15094.4	32
15094.4	35
15094.4	45
15094.5	34
15094.5	49
15094.6	42
15094.6	41
15094.6	64
15094.7	57
15094.7	36
15094.7	25
15094.8	54
15094.8	56
15094.8	58
15094.9	48
15094.9	34
15095	41
15095	36
15095	45
15095.1	52
15095.1	27
15095.1	38
15095.2	60
15095.2	48
15095.2	44
15095.3	57
15095.3	49
15095.4	36
15095.4	52
15095.4	62
15095.5	40
15095.5	50
15095.5	50
15095.6	56
15095.6	55
15095.6	52
15095.7	33
15095.7	45
15095.8	52
15095.8	55
15095.8	48
15095.9	42
15095.9	48
15095.9	36
15096	47
15096	40
15096	65
15096.1	34
15096.1	62
15096.1	43
15096.2	66
15096.2	40
15096.3	43
15096.3	57
15096.3	35
15096.4	55
15096.4	54
15096.4	65
15096.5	54
15096.5	13
15096.5	43
15096.6	61
15096.6	58
15096.7	45
15096.7	56
15096.7	43
15096.8	58
15096.8	39
15096.8	58
15096.9	54
15096.9	45
15096.9	49
15097	55
15097	53
15097.1	55
15097.1	36
15097.1	48
15097.2	67
15097.2	56
15097.2	45
15097.3	54
15097.3	20
15097.3	49
15097.4	36
15097.4	48
15097.4	57
15097.5	30
15097.5	18
15097.6	52
15097.6	60
15097.6	50
15097.7	55
15097.7	41
15097.7	68
15097.8	42
15097.8	35
15097.8	41
15097.9	48
15097.9	46
15098	47
15098	63
15098	66
15098.1	54
15098.1	51
15098.1	39
15098.2	49
15098.2	35
15098.2	31
15098.3	41
15098.3	45
15098.3	62
15098.4	57
15098.4	51
15098.5	56
15098.5	22
15098.5	57
15098.6	46
15098.6	45
15098.6	50
15098.7	41
15098.7	46
15098.7	53
15098.8	48
15098.8	43
15098.9	42
15098.9	39
15098.9	50
15099	44
15099	55
15099	55
15099.1	43
15099.1	49
15099.1	42
15099.2	67
15099.2	45
15099.2	45
15099.3	36
15099.3	33
15099.4	45
15099.4	40
15099.4	52
15099.5	40
15099.5	40
15099.5	52
15099.6	62
15099.6	62
15099.6	44
15099.7	28
15099.7	26
15099.8	61
15099.8	51
15099.8	34
15099.9	48
15099.9	65
15099.9	54
15100	43
15100	59
15100	36
15100.1	44
15100.1	63
15100.1	51
15100.2	51
15100.2	26
15100.3	46
15100.3	55
15100.3	55
15100.4	53
15100.4	45
15100.4	55
15100.5	45
15100.5	47
15100.5	38
15100.6	16
15100.6	43
15100.6	50
15100.7	37
15100.7	55
15100.8	44
15100.8	37
15100.8	41
15100.9	52
15100.9	47
15100.9	64
15101	68
15101	30
15101	38
15101.1	63
15101.1	42
15101.1	48
15101.2	37
15101.2	35
15101.3	39
15101.3	41
15101.3	66
15101.4	50
15101.4	31
15101.4	19
15101.5	46
15101.5	47
15101.5	45
15101.6	39
15101.6	53
15101.6	55
15101.7	37
15101.7	42
15101.8	35
15101.8	54
15101.8	45
15101.9	48
15101.9	27
15101.9	41
15102	49
15102	46
15102	44
15102.1	51
15102.1	46
15102.1	54
15102.2	45
15102.2	38
15102.3	31
15102.3	47
15102.3	37
15102.4	38
15102.4	49
15102.4	33
15102.5	61
15102.5	44
15102.5	59
15102.6	52
15102.6	40
15102.6	48
15102.7	58
15102.7	39
15102.8	54
15102.8	42
15102.8	38
15102.9	41
15102.9	47
15102.9	45
15103	45
15103	31
15103	58
15103.1	33
15103.1	44
15103.1	66
15103.2	41
15103.2	47
15103.3	52
15103.3	50
15103.3	49
15103.4	54
15103.4	39
15103.4	64
15103.5	29
15103.5	48
15103.5	53
15103.6	47
15103.6	34
15103.6	44
15103.7	42
15103.7	56
15103.8	47
15103.8	27
15103.8	64
15103.9	39
15103.9	44
15103.9	47
15104	27
15104	36
15104	61
15104.1	40
15104.1	57
15104.1	45
15104.2	58
15104.2	66
15104.2	44
15104.3	40
15104.3	46
15104.4	21
15104.4	33
15104.4	66
15104.5	34
15104.5	53
15104.5	56
15104.6	50
15104.6	55
15104.6	39
15104.7	60
15104.7	44
15104.7	39
15104.8	67
15104.8	53
15104.9	56
15104.9	50
15104.9	43
15105	29
15105	56
15105	50
15105.1	61
15105.1	39
15105.1	38
15105.2	50
15105.2	39
15105.2	56
15105.3	47
15105.3	29
15105.3	43
15105.4	45
15105.4	56
15105.5	49
15105.5	28
15105.5	27
15105.6	52
15105.6	38
15105.6	44
15105.7	54
15105.7	25
15105.7	50
15105.8	41
15105.8	61.9375
15105.8	46.8664
15105.9	39.6509
15105.9	34.8348
15105.9	55.2403
15106	54.1322
15106	36.7284
15106.1	44.7935
15106.1	51.6477
15106.1	31.6429
15106.2	57.1198
15106.2	65.1698
15106.2	53.25
15106.3	37.351
15106.3	46.2699
15106.3	46.8129
15106.4	45.1244
15106.4	48.604
15106.4	48.5917
15106.5	49.7295
15106.5	41.1794
15106.5	37.8155
15106.6	48.7332
15106.6	40.6442
15106.7	44.6279
15106.7	24.6559
15106.7	48.7941
15106.8	34.375
15106.8	50.6225
15106.8	44.0335
15106.9	41.3679
15106.9	48.5682
15106.9	46.125
15107	55.6426
15107	43.7785
15107	33.0955
15107.1	32.4758
15107.1	53.9765
15107.1	51.9163
15107.2	46.425
15107.2	33.7701
15107.3	37.1898
15107.3	48.238
15107.3	46.9157
15107.4	36.7103
15107.4	40.5318
15107.4	34.3868
15107.5	35.2478
15107.5	40.4785
15107.5	38.0385
15107.6	55.0439
15107.6	41.8535
15107.6	43.9423
15107.7	51.6992
15107.7	40.6102
15107.7	42.3736
15107.8	35.5527
15107.8	31.691
15107.9	54.125
15107.9	46.0458
15107.9	39.5591
15108	42.5608
15108	35.9615
15108	38.2372
15108.1	41.7745
15108.1	41.4051
15108.1	46.941
15108.2	43.0529
15108.2	39.851
15108.2	40.152
15108.3	50.1678
15108.3	46.5563
15108.3	46.4215
15108.4	47.9047
15108.4	45.9406
15108.5	47.1087
15108.5	33.4987
15108.5	49.5262
15108.6	45.2356
15108.6	26.902
15108.6	28.6795
15108.7	32.9565
15108.7	28.2188
15108.7	35.3878
15108.8	38.6462
15108.8	47.6875
15108.8	50.0797
15108.9	45.642
15108.9	41.363
15108.9	40.8349
15109	35.8979
15109	36.9384
15109.1	33.0909
15109.1	37.0551
15109.1	26.7452
15109.2	34.5344
15109.2	43.9831
15109.2	41.1193
15109.3	42.7909
15109.3	43.2339
15109.3	48.4276
15109.4	54.0767
15109.4	35.8479
15109.4	28.1329
15109.5	43
15109.5	42
15109.5	40
15109.6	34
15109.6	48
15109.6	29
15109.7	47
15109.7	58
15109.7	41
15109.8	38
15109.8	12
15109.9	37
15109.9	29
15109.9	30
15110	39
15110	42
15110	42
15110.1	72
15110.1	29
15110.1	35
15110.2	29
15110.2	31
15110.3	20
15110.3	52
15110.3	47
15110.4	34
15110.4	53
15110.4	26
15110.5	38
15110.5	45
15110.5	43
15110.6	42
15110.6	37
15110.7	71
15110.7	52
15110.7	53
15110.8	53
15110.8	48
15110.8	39
15110.9	56
15110.9	28
15110.9	54
15111	38
15111	61
15111	32
15111.1	34
15111.1	43
15111.2	41
15111.2	42
15111.2	46
15111.3	67
15111.3	55
15111.3	70
15111.4	47
15111.4	27
15111.4	39
15111.5	49
15111.5	59
15111.6	65
15111.6	35
15111.6	37
15111.7	66
15111.7	47
15111.7	50
15111.8	53
15111.8	50
15111.8	45
15111.9	47
15111.9	53
15111.9	50
15112	35
15112	38
15112.1	41
15112.1	58
15112.1	59
15112.2	51
15112.2	39
15112.2	66
15112.3	65
15112.3	63
15112.3	53
15112.4	33
15112.4	37
15112.5	44
15112.5	55
15112.5	56
15112.6	60
15112.6	54
15112.6	44
15112.7	45
15112.7	76
15112.7	52
15112.8	43
15112.8	40
15112.8	52
15112.9	58
15112.9	50
15113	49
15113	62
15113	58
15113.1	49
15113.1	43
15113.1	40
15113.2	63
15113.2	69
15113.2	38
15113.3	49
15113.3	38
15113.4	31
15113.4	54
15113.4	51
15113.5	50
15113.5	41
15113.5	51
15113.6	49
15113.6	51
15113.6	67
15113.7	54
15113.7	37
15113.7	54
15113.8	55
15113.8	67
15113.9	67
15113.9	58
15113.9	49
15114	41
15114	65
15114	69
15114.1	61
15114.1	48
15114.1	38
15114.2	44
15114.2	54
15114.2	62
15114.3	40
15114.3	47
15114.4	40
15114.4	41
15114.4	55
15114.5	68
15114.5	53
15114.5	58
15114.6	54
15114.6	61
15114.6	66
15114.7	42
15114.7	65
15114.7	41
15114.8	48
15114.8	59
15114.9	63
15114.9	62
15114.9	48
15115	46
15115	65
15115	39
15115.1	55
15115.1	50
15115.1	69
15115.2	54
15115.2	71
15115.3	59
15115.3	43
15115.3	30
15115.4	61
15115.4	63
15115.4	59
15115.5	71
15115.5	67
15115.5	24
15115.6	61
15115.6	49
15115.6	61
15115.7	49
15115.7	48
15115.8	22
15115.8	40
15115.8	72
15115.9	42
15115.9	68
15115.9	37
15116	62
15116	54
15116	77
15116.1	62
15116.1	38
15116.1	29
15116.2	55
15116.2	74
15116.3	53
15116.3	55
15116.3	56
15116.4	53
15116.4	57
15116.4	54
15116.5	63
15116.5	50
15116.5	64
15116.6	62
15116.6	55
15116.6	59
15116.7	67
15116.7	50
15116.7	59
15116.8	57
15116.8	59
15116.9	55
15116.9	31
15116.9	55
15117	58
15117	59
15117	59
15117.1	47
15117.1	57
15117.1	59
15117.2	61
15117.2	61
15117.2	61
15117.3	52
15117.3	57
15117.4	54
15117.4	42
15117.4	40
15117.5	50
15117.5	66
15117.5	59
15117.6	69
15117.6	58
15117.6	63
15117.7	57
15117.7	43
15117.7	50
15117.8	39
15117.8	59
15117.9	54
15117.9	65
15117.9	57
15118	49
15118	59
15118	61
15118.1	62
15118.1	55
15118.1	76
15118.2	77
15118.2	50
15118.2	43
15118.3	59
15118.3	68
15118.4	48
15118.4	55
15118.4	55
15118.5	39
15118.5	66
15118.5	46
15118.6	53
15118.6	51
15118.6	67
15118.7	49
15118.7	59
15118.7	40
15118.8	85
15118.8	49
15118.8	36
15118.9	55
15118.9	34
15119	48
15119	46
15119	52
15119.1	57
15119.1	53
15119.1	68
15119.2	63
15119.2	68
15119.2	52
15119.3	62
15119.3	50
15119.3	57
15119.4	58
15119.4	14
15119.5	47
15119.5	39
15119.5	40
15119.6	59
15119.6	41
15119.6	59
15119.7	69
15119.7	56
15119.7	59
15119.8	38
15119.8	33
15119.8	46
15119.9	60
15119.9	55
15119.9	41
15120	54
15120	67
15120.1	70
15120.1	61
15120.1	58
15120.2	51
15120.2	35
15120.2	49
15120.3	66
15120.3	61
15120.3	51
15120.4	53
15120.4	48
15120.4	49
15120.5	50
15120.5	55
15120.5	48
15120.6	42
15120.6	50
15120.7	49
15120.7	45
15120.7	52
15120.8	57
15120.8	47
15120.8	52
15120.9	64
15120.9	38
15120.9	58
15121	33
15121	60
15121	58
15121.1	33
15121.1	57
15121.1	56
15121.2	50
15121.2	77
15121.3	60
15121.3	40
15121.3	50
15121.4	23
15121.4	54
15121.4	46
15121.5	68
15121.5	57
15121.5	59
15121.6	61
15121.6	63
15121.6	58
15121.7	58
15121.7	41
15121.7	50
15121.8	49
15121.8	67
15121.9	39
15121.9	34
15121.9	49
15122	44
15122	35
15122	59
15122.1	53
15122.1	56
15122.1	64
15122.2	65
15122.2	55
15122.2	56
15122.3	36
15122.3	50
15122.3	50
15122.4	65
15122.4	46
15122.5	40
15122.5	61
15122.5	47
15122.6	48
15122.6	73
15122.6	58
15122.7	48
15122.7	41
15122.7	48
15122.8	54
15122.8	41
15122.8	66
15122.9	60
15122.9	40
15122.9	51
15123	36
15123	39
15123.1	46
15123.1	42
15123.1	41
15123.2	50
15123.2	35
15123.2	49
15123.3	39
15123.3	54
15123.3	47
15123.4	51
15123.4	50
15123.4	51
15123.5	47
15123.5	29
15123.5	41
15123.6	59
15123.6	65
15123.6	57
15123.7	50
15123.7	62
15123.8	59
15123.8	48
15123.8	38
15123.9	45
15123.9	45
15123.9	31
15124	46
15124	43
15124	58
15124.1	34
15124.1	41
15124.1	43
15124.2	59
15124.2	47
15124.2	35
15124.3	48
15124.3	49
15124.3	35
15124.4	51
15124.4	35
15124.5	50
15124.5	48
15124.5	49
15124.6	53
15124.6	43
15124.6	13
15124.7	50
15124.7	54
15124.7	36
15124.8	65
15124.8	50
15124.8	67
15124.9	57
15124.9	58
15124.9	58
15125	45
15125	31
15125	56
15125.1	53
15125.1	55
15125.2	56
15125.2	41
15125.2	38
15125.3	52
15125.3	37
15125.3	60
15125.4	32
15125.4	43
15125.4	48
15125.5	38
15125.5	34
15125.5	40
15125.6	47
15125.6	44
15125.6	55
15125.7	55
15125.7	50
15125.7	35
15125.8	42
15125.8	69
15125.9	31
15125.9	43
15125.9	51
15126	43
15126	50
15126	39
15126.1	39
15126.1	49
15126.1	67
15126.2	33
15126.2	63
15126.2	37
15126.3	34
15126.3	39
15126.3	54
15126.4	49
15126.4	60
15126.4	63
15126.5	41
15126.5	39
15126.6	42
15126.6	40
15126.6	51
15126.7	42
15126.7	33
15126.7	51
15126.8	34
15126.8	35
15126.8	35
15126.9	48
15126.9	59
15126.9	49
15127	53
15127	41
15127	44
15127.1	43
15127.1	40
15127.1	48
15127.2	60
15127.2	50
15127.2	43
15127.3	28
15127.3	42
15127.4	38
15127.4	31
15127.4	55
15127.5	42
15127.5	43
15127.5	43
15127.6	53
15127.6	59
15127.6	45
15127.7	43
15127.7	37
15127.7	54
15127.8	49
15127.8	50
15127.8	33
15127.9	34
15127.9	51
15127.9	44
15128	53
15128	64
15128	55
15128.1	51
15128.1	22
15128.2	52
15128.2	54
15128.2	39
15128.3	23
15128.3	59
15128.3	60
15128.4	23
15128.4	57
15128.4	37
15128.5	25
15128.5	44
15128.5	61
15128.6	56
15128.6	36
15128.6	44
15128.7	34
15128.7	46
15128.7	56
15128.8	16
15128.8	32
15128.8	49
15128.9	53
15128.9	56
15129	54
15129	34
15129	40
15129.1	46
15129.1	40
15129.1	39
15129.2	41
15129.2	54
15129.2	41
15129.3	46
15129.3	43
15129.3	54
15129.4	43
15129.4	34
15129.4	49
15129.5	41
15129.5	55
15129.5	57
15129.6	49
15129.6	34
15129.6	58
15129.7	43
15129.7	56
15129.7	48
15129.8	27
15129.8	35
15129.9	41
15129.9	48
15129.9	52
15130	49
15130	33
15130	36
15130.1	50
15130.1	52
15130.1	34
15130.2	42
15130.2	52
15130.2	41
15130.3	58
15130.3	31
15130.3	47
15130.4	50
15130.4	52
15130.4	41
15130.5	37
15130.5	45
15130.5	35
15130.6	32
15130.6	42
15130.6	48
15130.7	36
15130.7	27
15130.8	38
15130.8	63
15130.8	36
15130.9	54
15130.9	49
15130.9	51
15131	43
15131	56
15131	51
15131.1	48
15131.1	37
15131.1	55
15131.2	40
15131.2	41
15131.2	40
15131.3	42
15131.3	25
15131.3	38
15131.4	36
15131.4	48
15131.4	39
15131.5	34
15131.5	45
15131.5	44
15131.6	44
15131.6	39
15131.6	49
15131.7	28
15131.7	34
15131.8	46
15131.8	55
15131.8	60
15131.9	42
15131.9	55
15131.9	51
15132	47
15132	48
15132	37
15132.1	31
15132.1	37
15132.1	45
15132.2	50
15132.2	38
15132.2	29
15132.3	34
15132.3	68
15132.3	61
15132.4	49
15132.4	34
15132.4	47
15132.5	54
15132.5	48
15132.5	48
15132.6	45
15132.6	27
15132.6	51
15132.7	48
15132.7	66
15132.8	48
15132.8	21
15132.8	39
15132.9	38
15132.9	39
15132.9	50
15133	28
15133	43
15133	55
15133.1	37
15133.1	51
15133.1	32
15133.2	45
15133.2	49
15133.2	68
15133.3	45
15133.3	48
15133.3	40
15133.4	44
15133.4	32
15133.4	66
15133.5	46
15133.5	44
15133.5	50
15133.6	38
15133.6	45
15133.6	45
15133.7	46
15133.7	37
15133.7	35
15133.8	46
15133.8	70
15133.9	71
15133.9	52
15133.9	51
15134	37
15134	31
15134	35
15134.1	50
15134.1	23
15134.1	58
15134.2	51
15134.2	37
15134.2	65
15134.3	43
15134.3	43
15134.3	31
15134.4	38
15134.4	48
15134.4	39
15134.5	47
15134.5	37
15134.5	47
15134.6	48
15134.6	47
15134.6	25
15134.7	38
15134.7	37
15134.7	48
15134.8	47
15134.8	48
15134.8	39
15134.9	34
15134.9	42
15134.9	45
15135	52
15135	19
15135	33
15135.1	33
15135.1	46
15135.2	32
15135.2	43
15135.2	34
15135.3	42
15135.3	31
15135.3	40
15135.4	29
15135.4	45
15135.4	29
15135.5	45
15135.5	38
15135.5	42
15135.6	34
15135.6	32
15135.6	38
15135.7	41
15135.7	53
15135.7	29
15135.8	18
15135.8	67
15135.8	42
15135.9	50
15135.9	50
15135.9	25
15136	47
15136	45
15136	31
15136.1	69
15136.1	52
15136.1	37
15136.2	38
15136.2	39
15136.2	48
15136.3	40
15136.3	36
15136.3	45
15136.4	35
15136.4	56
15136.4	38
15136.5	40
15136.5	28
15136.6	25
15136.6	44
15136.6	31
15136.7	38
15136.7	40
15136.7	46
15136.8	56
15136.8	37
15136.8	33
15136.9	34
15136.9	45
15136.9	20
15137	48
15137	34
15137	41
15137.1	28
15137.1	34
15137.1	32
15137.2	51
15137.2	40
15137.2	48
15137.3	35
15137.3	16
15137.3	39
15137.4	56
15137.4	56
15137.4	43
15137.5	42
15137.5	37
15137.5	42
15137.6	44
15137.6	33
15137.6	39
15137.7	42
15137.7	37
15137.7	28
15137.8	38
15137.8	31
15137.8	31
15137.9	30
15137.9	24
15137.9	29
15138	47
15138	51
15138	31
15138.1	52
15138.1	40
15138.2	23
15138.2	51
15138.2	33
15138.3	50
15138.3	50
15138.3	44.9703
15138.4	38.6632
15138.4	49.361
15138.4	36.1914
15138.5	45.6696
15138.5	46.6603
15138.5	34.3386
15138.6	47.1704
15138.6	13.8258
15138.6	42.5455
15138.7	45.6291
15138.7	38.8493
15138.7	33.2849
15138.8	31.573
15138.8	36.8405
15138.8	36.2586
15138.9	50.4455
15138.9	45.8549
15138.9	39.4581
15139	31.3614
15139	35.57
15139	46.6267
15139.1	33.6634
15139.1	40.1782
15139.1	38.3933
15139.2	38.4508
15139.2	53.0297
15139.2	44.7576
15139.3	42.429
15139.3	27.1934
15139.3	29.6877
15139.4	43.0611
15139.4	39.5553
15139.4	42.7569
15139.5	31.7429
15139.5	33.2821
15139.5	21.1482
15139.6	36.2054
15139.6	50.995
15139.6	40.2114
15139.7	30.7908
15139.7	20.785
15139.7	38.9425
15139.8	41.6782
15139.8	49.7975
15139.8	32.5311
15139.9	32.5285
15139.9	16.7244
15139.9	33.8366
15140	42.1184
15140	47.0093
15140	30.8639
15140.1	34.4884
15140.1	28.9367
15140.1	29.5877
15140.2	28.7211
15140.2	36.6312
15140.3	37.2567
15140.3	21.8806
15140.3	36.2434
15140.4	46.5157
15140.4	41.3916
15140.4	39.0296
15140.5	41.7742
15140.5	23.6395
15140.5	41.3688
15140.6	38.2518
15140.6	35.7368
15140.6	40.7778
15140.7	37.2279
15140.7	29.7544
15140.7	36.955
15140.8	29.0453
15140.8	27.5706
15140.8	32.0595
15140.9	29.3123
15140.9	27.3015
15140.9	39.794
15141	31.1162
15141	25.0983
15141	31.1936
15141.1	26.1716
15141.1	44.6944
15141.1	36.5277
15141.2	38.2634
15141.2	29.6041
15141.2	28.2924
15141.3	30.474
15141.3	25.9604
15141.3	37.9441
15141.4	27.5223
15141.4	24.9312
15141.4	44.2694
15141.5	47.5941
15141.5	23.9842
15141.5	25.9609
15141.6	32.999
15141.6	26.7396
15141.6	28.5933
15141.7	22.6365
15141.7	26.6735
15141.7	32
15141.7	33
15141.8	27
15141.8	23
15141.9	35
15141.9	16
15141.9	36
15142	21
15142	15
15142	33
15142.1	42
15142.1	20
15142.1	32
15142.2	33
15142.2	26
15142.2	53
15142.3	46
15142.3	48
15142.3	38
15142.4	21
15142.4	40
15142.4	19
15142.5	32
15142.5	29
15142.5	26
15142.6	24
15142.6	49
15142.7	28
15142.7	36
15142.7	41
15142.8	4
15142.8	30
15142.8	36
15142.9	36
15142.9	34
15142.9	40
15143	33
15143	38
15143	40
15143.1	49
15143.1	36
15143.1	36
15143.2	55
15143.2	34
15143.2	38
15143.3	46
15143.3	26
15143.3	27
15143.4	35
15143.4	45
15143.4	43
15143.5	31
15143.5	23
15143.6	37
15143.6	54
15143.6	51
15143.7	51
15143.7	27
15143.7	26
15143.8	43
15143.8	31
15143.8	23
15143.9	33
15143.9	27
15143.9	33
15144	25
15144	45
15144	42
15144.1	39
15144.1	26
15144.1	34
15144.2	32
15144.2	19
15144.2	43
15144.3	57
15144.3	33
15144.3	22
15144.4	43
15144.4	37
15144.5	38
15144.5	30
15144.5	31
15144.6	51
15144.6	30
15144.6	45
15144.7	63
15144.7	33
15144.7	35
15144.8	61
15144.8	28
15144.8	41
15144.9	28
15144.9	39
15144.9	28
15145	34
15145	22
15145	42
15145.1	45
15145.1	50
15145.1	49
15145.2	47
15145.2	39
15145.2	30
15145.3	37
15145.3	50
15145.4	55
15145.4	53
15145.4	55
15145.5	44
15145.5	41
15145.5	57
15145.6	38
15145.6	45
15145.6	58
15145.7	48
15145.7	42
15145.7	25
15145.8	58
15145.8	41
15145.8	40
15145.9	51
15145.9	24
15145.9	21
15146	30
15146	36
15146	41
15146.1	58
15146.1	26
15146.1	31
15146.2	38
15146.2	36
15146.2	47
15146.3	57
15146.3	53
15146.3	27
15146.4	36
15146.4	21
15146.5	52
15146.5	56
15146.5	57
15146.6	32
15146.6	42
15146.6	62
15146.7	42
15146.7	58
15146.7	30
15146.8	55
15146.8	43
15146.8	39
15146.9	37
15146.9	49
15146.9	39
15147	45
15147	47
15147	44
15147.1	34
15147.1	47
15147.1	54
15147.2	23
15147.2	40
15147.2	39
15147.3	27
15147.3	47
15147.3	21
15147.4	40
15147.4	49
15147.4	31
15147.5	19
15147.5	46
15147.6	30
15147.6	38
15147.6	33
15147.7	37
15147.7	27
15147.7	39
15147.8	65
15147.8	60
15147.8	44
15147.9	27
15147.9	65
15147.9	38
15148	40
15148	42
15148	47
15148.1	36
15148.1	49
15148.1	20
15148.2	49
15148.2	53
15148.2	48
15148.3	48
15148.3	50
15148.3	54
15148.4	52
15148.4	16
15148.4	50
15148.5	49
15148.5	47
15148.5	44
15148.6	48
15148.6	45
15148.6	54
15148.7	21
15148.7	48
15148.8	48
15148.8	14
15148.8	43
15148.9	32
15148.9	32
15148.9	42
15149	27
15149	43
15149	34
15149.1	40
15149.1	57
15149.1	31
15149.2	17
15149.2	43
15149.2	30
15149.3	32
15149.3	53
15149.3	42
15149.4	65
15149.4	53
15149.4	54
15149.5	34
15149.5	33
15149.5	44
15149.6	48
15149.6	47
15149.6	41
15149.7	34
15149.7	44
15149.7	44
15149.8	43
15149.8	48
15149.8	49
15149.9	34
15149.9	42
15149.9	44
15150	46
15150	42
15150	37
15150.1	35
15150.1	34
15150.2	47
15150.2	51
15150.2	44
15150.3	51
15150.3	29
15150.3	37
15150.4	41
15150.4	54
15150.4	41
15150.5	36
15150.5	46
15150.5	50
15150.6	63
15150.6	50
15150.6	42
15150.7	37
15150.7	31
15150.7	27
15150.8	59
15150.8	35
15150.8	50
15150.9	39
15150.9	33
15150.9	43
15151	53
15151	35
15151	41
15151.1	46
15151.1	49
15151.1	60
15151.2	47
15151.2	58
15151.2	59
15151.3	40
15151.3	40
15151.3	39
15151.4	43
15151.4	45
15151.4	26
15151.5	54
15151.5	65
15151.5	43
15151.6	42
15151.6	39
15151.7	37
15151.7	62
15151.7	29
15151.8	49
15151.8	57
15151.8	48
15151.9	49
15151.9	46
15151.9	22
15152	44
15152	28
15152	56
15152.1	41
15152.1	27
15152.1	48
15152.2	58
15152.2	42
15152.2	42
15152.3	43
15152.3	42
15152.3	23
15152.4	37
15152.4	53
15152.4	51
15152.5	49
15152.5	31
15152.5	52
15152.6	50
15152.6	35
15152.6	36
15152.7	57
15152.7	26
15152.7	45
15152.8	41
15152.8	50
15152.8	44
15152.9	47
15152.9	56
15152.9	38
15153	41
15153	66
15153	47
15153.1	26
15153.1	33
15153.1	36
15153.2	27
15153.2	55
15153.2	65
15153.3	68
15153.3	76
15153.3	35
15153.4	47
15153.4	40
15153.4	34
15153.5	42
15153.5	55
15153.5	55
15153.6	58
15153.6	53
15153.7	29
15153.7	45
15153.7	57
15153.8	37
15153.8	38
15153.8	20
15153.9	44
15153.9	48
15153.9	46
15154	49
15154	46
15154	52
15154.1	68
15154.1	53
15154.1	40
15154.2	55
15154.2	18
15154.2	42
15154.3	44
15154.3	58
15154.3	39
15154.4	45
15154.4	45
15154.4	52
15154.5	55
15154.5	43
15154.5	40
15154.6	42
15154.6	46
15154.6	45
15154.7	61
15154.7	30
15154.7	49
15154.8	41
15154.8	38
15154.8	36
15154.9	51
15154.9	36
15154.9	44
15155	45
15155	32
15155	55
15155.1	50
15155.1	30
15155.1	36
15155.2	36
15155.2	49
15155.2	65
15155.3	43
15155.3	54
15155.3	50
15155.4	54
15155.4	48
15155.4	43
15155.5	7
15155.5	31
15155.5	47
15155.6	42
15155.6	41
15155.6	41
15155.7	51
15155.7	37
15155.7	55
15155.8	52
15155.8	40
15155.8	37
15155.9	44
15155.9	69
15155.9	44
15156	54
15156	32
15156	48
15156.1	56
15156.1	34
15156.1	69
15156.2	42
15156.2	38
15156.2	48
15156.3	39
15156.3	50
15156.3	61
15156.4	37
15156.4	46
15156.5	51
15156.5	41
15156.5	36
15156.6	46
15156.6	37
15156.6	51
15156.7	46
15156.7	46
15156.7	45
15156.8	30
15156.8	35
15156.8	53
15156.9	41
15156.9	50
15156.9	21
15157	39
15157	50
15157	50
15157.1	35
15157.1	26
15157.1	53
15157.2	35
15157.2	45
15157.2	51
15157.3	49
15157.3	26
15157.3	47
15157.4	60
15157.4	67
15157.4	52
15157.5	37
15157.5	23
15157.5	50
15157.6	75
15157.6	56
15157.6	42
15157.7	51
15157.7	37
15157.7	51
15157.8	40
15157.8	43
15157.8	47
15157.9	40
15157.9	31
15157.9	24
15158	49
15158	41
15158	32
15158.1	31
15158.1	54
15158.1	50
15158.2	40
15158.2	42
15158.2	47
15158.3	33
15158.3	41
15158.3	68
15158.4	43
15158.4	43
15158.4	54
15158.5	46
15158.5	48
15158.5	49
15158.6	43
15158.6	39
15158.6	35
15158.7	64
15158.7	46
15158.7	49
15158.8	35
15158.8	45
15158.8	48
15158.9	49
15158.9	40
15158.9	43
15159	42
15159	30
15159	68
15159.1	64
15159.1	45
15159.1	25
15159.2	41
15159.2	50
15159.2	36
15159.3	40
15159.3	50
15159.3	28
15159.4	49
15159.4	44
15159.4	38
15159.5	37
15159.5	40
15159.5	44
15159.6	38
15159.6	57
15159.6	66
15159.7	48
15159.7	16
15159.7	33
15159.8	52
15159.8	53
15159.8	48
15159.9	50
15159.9	30
15159.9	44
15160	46
15160	46
15160	43
15160.1	23
15160.1	30
15160.1	61
15160.2	37
15160.2	55
15160.2	51
15160.3	33
15160.3	40
15160.3	38
15160.4	53
15160.4	41
15160.4	18
15160.5	28
15160.5	43
15160.5	50
15160.6	50
15160.6	49
15160.6	52
15160.7	67
15160.7	47
15160.7	59
15160.8	40
15160.8	46
15160.8	27
15160.9	37
15160.9	37
15160.9	46
15161	29
15161	39
15161	60
15161.1	54
15161.1	55
15161.1	38
15161.2	31
15161.2	42
15161.2	25
15161.3	35
15161.3	49
15161.3	41
15161.4	41
15161.4	42
15161.4	45
15161.5	44
15161.5	4
15161.5	38
15161.6	59
15161.6	22
15161.6	64
15161.7	34
15161.7	43
15161.7	45
15161.8	37
15161.8	60
15161.8	47
15161.9	33
15161.9	30
15161.9	46
15162	64
15162	55
15162	40
15162.1	35
15162.1	41
15162.1	36
15162.2	43
15162.2	58
15162.2	29
15162.3	52
15162.3	40
15162.3	49
15162.4	61
15162.4	46
15162.4	34
15162.5	50
15162.5	44
15162.5	48
15162.6	21
15162.6	31
15162.6	45
15162.7	46
15162.7	30
15162.7	62
15162.8	49
15162.8	28
15162.8	45
15162.9	43
15162.9	35
15162.9	36
15163	38
15163	44
15163	45
15163.1	35
15163.1	42
15163.1	53
15163.2	28
15163.2	48
15163.2	49
15163.3	37
15163.3	36
15163.3	44
15163.4	58
15163.4	56
15163.4	30
15163.5	48
15163.5	40
15163.5	33
15163.5	52
15163.6	45
15163.6	48
15163.6	22
15163.7	38
15163.7	40
15163.7	50
15163.8	30
15163.8	49
15163.8	55
15163.9	40
15163.9	61
15163.9	55
15164	34
15164	19
15164	26
15164.1	40
15164.1	59
15164.1	41
15164.2	37
15164.2	31
15164.2	32
15164.3	43
15164.3	50
15164.3	46
15164.4	49
15164.4	36
15164.4	51
15164.5	35
15164.5	43
15164.5	58
15164.6	50
15164.6	29
15164.6	51
15164.7	47
15164.7	53
15164.7	45
15164.8	58
15164.8	41
15164.8	59
15164.9	60
15164.9	42
15164.9	27
15165	26
15165	53
15165	62
15165.1	41
15165.1	21
15165.1	29
15165.2	30
15165.2	49
15165.2	48
15165.3	34
15165.3	50
15165.3	25
15165.4	38
15165.4	38
15165.4	43
15165.5	41
15165.5	58
15165.5	31
15165.6	53
15165.6	37
15165.6	48
15165.7	51
15165.7	45
15165.7	40
15165.8	50
15165.8	44
15165.8	43
15165.9	40
15165.9	36
15165.9	51
15166	30
15166	47
15166	48
15166.1	30
15166.1	23
15166.1	35
15166.2	53
15166.2	48
15166.2	23
15166.3	43
15166.3	43
15166.3	24
15166.3	40
15166.4	33
15166.4	27
15166.4	47
15166.5	42
15166.5	46
15166.5	32
15166.6	29
15166.6	43
15166.6	39
15166.7	37
15166.7	20
15166.7	40
15166.8	39
15166.8	55
15166.8	52
15166.9	48
15166.9	36
15166.9	27
15167	41
15167	44
15167	24
15167.1	24
15167.1	37
15167.1	44
15167.2	60
15167.2	56
15167.2	38
15167.3	28
15167.3	12
15167.3	38
15167.4	28
15167.4	51
15167.4	48
15167.5	20
15167.5	33
15167.5	52
15167.6	39
15167.6	32
15167.6	36
15167.7	36
15167.7	30
15167.7	47
15167.8	44
15167.8	38
15167.8	46
15167.9	35
15167.9	43
15167.9	42
15168	69
15168	15
15168	35
15168.1	55
15168.1	31
15168.1	36
15168.1	53
15168.2	51
15168.2	57
15168.2	47
15168.3	44
15168.3	42
15168.3	27
15168.4	36
15168.4	29
15168.4	28
15168.5	55
15168.5	43
15168.5	46
15168.6	52
15168.6	34
15168.6	51
15168.7	49
15168.7	39
15168.7	26
15168.8	29
15168.8	39
15168.8	44
15168.9	41
15168.9	55
15168.9	46
15169	41
15169	44
15169	44
15169.1	15
15169.1	39
15169.1	20
15169.2	52
15169.2	48
15169.2	17
15169.3	13
15169.3	36
15169.3	38
15169.4	30
15169.4	33.9834
15169.4	34.0106
15169.5	45.2495
15169.5	34.8613
15169.5	41.7024
15169.6	47.7883
15169.6	41.8433
15169.6	26.9697
15169.6	37.1295
15169.7	43.0362
15169.7	41.6311
15169.7	38.3349
15169.8	23.5794
15169.8	44.8791
15169.8	40.3236
15169.9	39.9173
15169.9	44.6721
15169.9	34.2143
15170	26.1661
15170	17.6613
15170	35.1726
15170.1	40.757
15170.1	47.5115
15170.1	29.3822
15170.2	41.3533
15170.2	41.1408
15170.2	44.0531
15170.3	49.0358
15170.3	29.2619
15170.3	18.9629
15170.4	21.1459
15170.4	37.0286
15170.4	52.4238
15170.5	24.9774
15170.5	36.8708
15170.5	32.4273
15170.6	15.6187
15170.6	37.051
15170.6	43.239
15170.7	38.215
15170.7	31.5343
15170.7	28.9785
15170.8	35.4361
15170.8	33.9063
15170.8	29.327
15170.9	43.6727
15170.9	39.7865
15170.9	31.2977
15170.9	39.2506
15171	35.3261
15171	26.2685
15171	23.2767
15171.1	27.4762
15171.1	31.5721
15171.1	32.5792
15171.2	42.1522
15171.2	42.7735
15171.2	19.7333
15171.3	32.3449
15171.3	32.6
15171.3	31.0384
15171.4	33.7683
15171.4	20.7483
15171.4	31.6629
15171.5	26.1873
15171.5	36.3978
15171.5	34.5206
15171.6	38.1143
15171.6	25.3787
15171.6	28.5283
15171.7	38.5641
15171.7	35.1562
15171.7	20.8422
15171.8	27.6333
15171.8	33.6283
15171.8	39.3794
15171.9	29.9641
15171.9	29.554
15171.9	22.485
15172	19.3894
15172	29.826
15172	27.5644
15172	20.7463
15172.1	23.3871
15172.1	25.1359
15172.1	28.3808
15172.2	35.7962
15172.2	37.3571
15172.2	19.9045
15172.3	27.7657
15172.3	28.9811
15172.3	36.0712
15172.4	26.7544
15172.4	25.6351
15172.4	9.83846
15172.5	28.6083
15172.5	33.7046
15172.5	24.8891
15172.6	32.5329
15172.6	33.9965
15172.6	20.102
15172.7	43.4441
15172.7	39.8654
15172.7	16.7082
15172.8	20.9483
15172.8	25
15172.8	5
15172.8	26
15172.9	24
15172.9	25
15172.9	42
15173	38
15173	31
15173	48
15173.1	26
15173.1	17
15173.1	25
15173.2	47
15173.2	40
15173.2	15
15173.3	8
15173.3	38
15173.3	31
15173.4	26
15173.4	47
15173.4	40
15173.5	15
15173.5	27
15173.5	35
15173.6	27
15173.6	34
15173.6	19
15173.7	31
15173.7	33
15173.7	33
15173.8	45
15173.8	23
15173.8	21
15173.9	26
15173.9	38
15173.9	38
15174	21
15174	24
15174	33
15174.1	27
15174.1	45
15174.1	54
15174.2	36
15174.2	34
15174.2	31
15174.3	36
15174.3	35
15174.3	22
15174.4	55
15174.4	35
15174.4	56
15174.5	53
15174.5	33
15174.5	49
15174.6	27
15174.6	36
15174.6	34
15174.7	40
15174.7	28
15174.7	29
15174.8	24
15174.8	41
15174.8	38
15174.9	44
15174.9	36
15174.9	36
15175	34
15175	47
15175	34
15175.1	22
15175.1	32
15175.1	51
15175.2	45
15175.2	37
15175.2	37
15175.3	26
15175.3	49
15175.3	38
15175.4	32
15175.4	28
15175.4	35
15175.5	16
15175.5	19
15175.5	50
15175.6	48
15175.6	47
15175.6	42
15175.7	29
15175.7	41
15175.7	48
15175.8	49
15175.8	31
15175.8	40
15175.9	30
15175.9	52
15175.9	38
15176	41
15176	48
15176	15
15176.1	36
15176.1	53
15176.1	42
15176.2	58
15176.2	19
15176.2	36
15176.3	58
15176.3	51
15176.3	35
15176.4	43
15176.4	30
15176.4	37
15176.5	33
15176.5	31
15176.5	57
15176.6	15
15176.6	44
15176.6	56
15176.7	49
15176.7	16
15176.7	39
15176.8	50
15176.8	30
15176.8	26
15176.9	38
15176.9	45
15176.9	29
15177	41
15177	35
15177	43
15177.1	36
15177.1	22
15177.1	42
15177.2	73
15177.2	33
15177.2	34
15177.3	51
15177.3	29
15177.3	52
15177.4	42
15177.4	41
15177.4	35
15177.5	40
15177.5	36
15177.5	49
15177.5	46
15177.6	27
15177.6	40
15177.6	20
15177.7	48
15177.7	41
15177.7	53
15177.8	30
15177.8	42
15177.8	50
15177.9	34
15177.9	48
15177.9	39
15178	21
15178	19
15178	61
15178.1	26
15178.1	43
15178.1	36
15178.2	45
15178.2	34
15178.2	57
15178.3	29
15178.3	60
15178.3	26
15178.4	1
15178.4	40
15178.4	30
15178.5	42
15178.5	37
15178.5	24
15178.6	36
15178.6	39
15178.6	29
15178.7	30
15178.7	36
15178.7	32
15178.8	41
15178.8	52
15178.8	47
15178.9	38
15178.9	28
15178.9	54
15179	54
15179	55
15179	29
15179.1	52
15179.1	47
15179.1	39
15179.2	39
15179.2	52
15179.2	38
15179.3	37
15179.3	45
15179.3	49
15179.4	30
15179.4	49
15179.4	48
15179.5	54
15179.5	40
15179.5	39
15179.6	44
15179.6	48
15179.6	11
15179.7	46
15179.7	35
15179.7	44
15179.8	28
15179.8	29
15179.8	59
15179.9	41
15179.9	44
15179.9	56
15180	46
15180	29
15180	42
15180.1	36
15180.1	40
15180.1	47
15180.1	50
15180.2	55
15180.2	42
15180.2	52
15180.3	33
15180.3	43
15180.3	15
15180.4	45
15180.4	52
15180.4	48
15180.5	41
15180.5	45
15180.5	45.5
15180.6	46
15180.6	42
15180.6	32
15180.7	48
15180.7	50
15180.7	33
15180.8	49
15180.8	50
15180.8	50
15180.9	45
15180.9	40
15180.9	50
15181	57
15181	45
15181	18
15181.1	24
15181.1	39
15181.1	52
15181.2	52
15181.2	39
15181.2	34
15181.3	51
15181.3	36
15181.3	48
15181.4	35
15181.4	45
15181.4	39
15181.5	34
15181.5	66
15181.5	55
15181.6	36
15181.6	39
15181.6	33
15181.7	39
15181.7	39
15181.7	42
15181.8	35
15181.8	42
15181.8	49
15181.9	41
15181.9	59
15181.9	47
15181.9	53
15182	48
15182	40
15182	37
15182.1	43
15182.1	38
15182.1	44
15182.2	42
15182.2	32
15182.2	39
15182.3	49
15182.3	54
15182.3	49
15182.4	52
15182.4	23
15182.4	44
15182.5	55
15182.5	50
15182.5	44
15182.6	45
15182.6	54
15182.6	41
15182.7	35
15182.7	36
15182.7	48
15182.8	47
15182.8	48
15182.8	53
15182.9	38
15182.9	42
15182.9	37
15183	20
15183	32
15183	17
15183.1	41
15183.1	42
15183.1	34
15183.2	38
15183.2	28
15183.2	46
15183.3	43
15183.3	45
15183.3	39
15183.4	38
15183.4	29
15183.4	49
15183.4	46
15183.5	51
15183.5	35
15183.5	46
15183.6	46
15183.6	45
15183.6	35
15183.7	53
15183.7	53
15183.7	31
15183.8	30
15183.8	57
15183.8	36
15183.9	32
15183.9	57
15183.9	31
15184	46
15184	54
15184	46
15184.1	58
15184.1	19
15184.1	37
15184.2	39
15184.2	37
15184.2	41
15184.3	39
15184.3	42
15184.3	49
15184.4	46
15184.4	60
15184.4	55
15184.5	43
15184.5	40
15184.5	47
15184.6	40
15184.6	49
15184.6	35
15184.7	40
15184.7	57
15184.7	28
15184.7	34
15184.8	43
15184.8	18
15184.8	48
15184.9	42
15184.9	45
15184.9	39
15185	31
15185	56
15185	47
15185.1	34
15185.1	53
15185.1	41
15185.2	34
15185.2	55
15185.2	43
15185.3	44
15185.3	30
15185.3	35
15185.4	47
15185.4	51
15185.4	40
15185.5	41
15185.5	53
15185.5	49
15185.6	57
15185.6	58
15185.6	44
15185.7	36
15185.7	26
15185.7	30
15185.8	59
15185.8	34
15185.8	34
15185.8	49
15185.9	39
15185.9	33
15185.9	53
15186	57
15186	42
15186	51
15186.1	44
15186.1	54
15186.1	40
15186.2	33
15186.2	33
15186.2	54
15186.3	43
15186.3	28
15186.3	54
15186.4	50
15186.4	43
15186.4	25
15186.5	60
15186.5	39
15186.5	35
15186.6	45
15186.6	66
15186.6	44
15186.7	43
15186.7	65
15186.7	40
15186.8	25
15186.8	38
15186.8	39
15186.8	48
15186.9	38
15186.9	64
15186.9	37
15187	53
15187	38
15187	59
15187.1	46
15187.1	32
15187.1	52
15187.2	37
15187.2	23
15187.2	45
15187.3	46
15187.3	34
15187.3	28
15187.4	41
15187.4	40
15187.4	63
15187.5	49
15187.5	24
15187.5	52
15187.6	26
15187.6	43
15187.6	32
15187.7	46
15187.7	24
15187.7	37
15187.8	49
15187.8	20
15187.8	33
15187.8	36
15187.9	48
15187.9	52
15187.9	50
15188	36
15188	42
15188	34
15188.1	44
15188.1	53
15188.1	28
15188.2	15
15188.2	31
15188.2	48
15188.3	40
15188.3	36
15188.3	43
15188.4	39
15188.4	48
15188.4	58
15188.5	40
15188.5	47
15188.5	35
15188.6	34
15188.6	55
15188.6	54
15188.7	37
15188.7	51
15188.7	29
15188.7	39
15188.8	19
15188.8	32
15188.8	45
15188.9	20
15188.9	29
15188.9	43
15189	48
15189	40
15189	52
15189.1	44
15189.1	43
15189.1	34
15189.2	32
15189.2	40
15189.2	46
15189.3	41
15189.3	31
15189.3	46
15189.4	44
15189.4	31
15189.4	40
15189.5	53
15189.5	47
15189.5	34
15189.5	37
15189.6	44
15189.6	46
15189.6	53
15189.7	35
15189.7	38
15189.7	52
15189.8	31
15189.8	52
15189.8	29
15189.9	39
15189.9	48
15189.9	27
15190	54
15190	36
15190	31
15190.1	26
15190.1	31
15190.1	29
15190.2	42
15190.2	31
15190.2	45
15190.3	39
15190.3	56
15190.3	51
15190.3	31
15190.4	56
15190.4	23
15190.4	18
15190.5	27
15190.5	53
15190.5	38
15190.6	43
15190.6	55
15190.6	37
15190.7	50
15190.7	79
15190.7	47
15190.8	55
15190.8	24
15190.8	37
15190.9	47
15190.9	35
15190.9	35
15191	58
15191	40
15191	37
15191.1	63
15191.1	39
15191.1	39
15191.1	42
15191.2	48
15191.2	49
15191.2	27
15191.3	43
15191.3	49
15191.3	24
15191.4	46
15191.4	55
15191.4	57
15191.5	42
15191.5	40
15191.5	61
15191.6	39
15191.6	40
15191.6	29
15191.7	30
15191.7	36
15191.7	45
15191.8	46
15191.8	60
15191.8	37
15191.8	42
15191.9	44
15191.9	33
15191.9	54
15192	32
15192	51
15192	28
15192.1	38
15192.1	37
15192.1	30
15192.2	27
15192.2	32
15192.2	31
15192.3	30
15192.3	55
15192.3	31
15192.4	46
15192.4	35
15192.4	55
15192.5	43
15192.5	47
15192.5	23
15192.5	31
15192.6	75
15192.6	39
15192.6	51
15192.7	35
15192.7	29
15192.7	37
15192.8	57
15192.8	49
15192.8	33
15192.9	50
15192.9	38
15192.9	42
15193	34
15193	40
15193	23
15193.1	27
15193.1	43
15193.1	43
15193.2	54
15193.2	43
15193.2	39
15193.2	59
15193.3	47
15193.3	23
15193.3	47
15193.4	39
15193.4	25
15193.4	41
15193.5	29
15193.5	43
15193.5	27
15193.6	40
15193.6	64
15193.6	40
15193.7	31
15193.7	37
15193.7	34
15193.8	34
15193.8	48
15193.8	51
15193.9	42
15193.9	35
15193.9	39
15193.9	46
15194	39
15194	51
15194	59
15194.1	39
15194.1	37
15194.1	49
15194.2	41
15194.2	37
15194.2	49
15194.3	42
15194.3	48
15194.3	36
15194.4	40
15194.4	26
15194.4	37
15194.5	26
15194.5	22
15194.5	50
15194.5	63
15194.6	16
15194.6	35
15194.6	43
15194.7	51
15194.7	51
15194.7	38
15194.8	27
15194.8	29
15194.8	37
15194.9	33
15194.9	23
15194.9	35
15195	20
15195	42
15195	46
15195.1	37
15195.1	45
15195.1	22
15195.1	21
15195.2	43
15195.2	44
15195.2	50
15195.3	49
15195.3	42
15195.3	27
15195.4	24
15195.4	39
15195.4	46
15195.5	43
15195.5	21
15195.5	44
15195.6	37
15195.6	53
15195.6	25
15195.7	38
15195.7	42
15195.7	46
15195.7	46
15195.8	40
15195.8	51
15195.8	35
15195.9	53
15195.9	25
15195.9	44
15196	25
15196	49
15196	42
15196.1	46
15196.1	26
15196.1	34
15196.2	56
15196.2	33
15196.2	45
15196.3	45
15196.3	43
15196.3	42
15196.3	56
15196.4	48
15196.4	52
15196.4	31
15196.5	29
15196.5	42
15196.5	54
15196.6	26
15196.6	37
15196.6	52
15196.7	47
15196.7	35
15196.7	49
15196.8	44
15196.8	40
15196.8	35
15196.8	33
15196.9	48
15196.9	44
15196.9	38
15197	37
15197	44
15197	22
15197.1	20
15197.1	37
15197.1	24
15197.2	66
15197.2	45
15197.2	30
15197.3	48
15197.3	52
15197.3	45
15197.4	46
15197.4	33
15197.4	38
15197.4	28
15197.5	44
15197.5	41
15197.5	34
15197.6	43
15197.6	52
15197.6	36
15197.7	50
15197.7	39
15197.7	27
15197.8	42
15197.8	38
15197.8	41
15197.9	33
15197.9	39
15197.9	53
15197.9	45
15198	38
15198	32
15198	25
15198.1	30
15198.1	40
15198.1	45
15198.2	30
15198.2	36
15198.2	37
15198.3	32
15198.3	38
15198.3	29
15198.4	46
15198.4	16
15198.4	32
15198.4	55
15198.5	30
15198.5	41
15198.5	40
15198.6	30
15198.6	31
15198.6	43
15198.7	42
15198.7	42
15198.7	27
15198.8	43
15198.8	31
15198.8	35
15198.9	47
15198.9	43
15198.9	39
15199	53
15199	41
15199	23
15199	49
15199.1	41
15199.1	34
15199.1	42
15199.2	25
15199.2	54
15199.2	28
15199.3	35
15199.3	60.902
15199.3	43.9112
15199.4	30.7942
15199.4	64.1068
15199.4	37.9262
15199.5	59.7866
15199.5	33.3491
15199.5	42.1098
15199.5	56.9976
15199.6	37.7187
15199.6	33.0761
15199.6	24.5271
15199.7	35.7841
15199.7	50.2147
15199.7	34.6412
15199.8	26.969
15199.8	23.4165
15199.8	30.9289
15199.9	37.189
15199.9	46.3971
15199.9	32.5587
15199.9	9.27218
15200	38.4152
15200	29.9084
15200	44.7549
15200.1	42.6569
15200.1	32.0474
15200.1	36.8561
15200.2	36.3157
15200.2	47.0436
15200.2	47.5551
15200.3	41.7931
15200.3	23.1579
15200.3	33.9704
15200.4	27.6537
15200.4	37.4145
15200.4	31.6798
15200.4	33.4317
15200.5	29.5529
15200.5	39.0789
15200.5	35.7811
15200.6	41.0171
15200.6	27.0963
15200.6	15.7123
15200.7	27.2026
15200.7	36.0577
15200.7	41.5133
15200.8	36.6573
15200.8	32.2974
15200.8	23.3005
15200.9	26.6693
15200.9	33.5741
15200.9	41.3382
15200.9	33.7785
15201	29.3594
15201	33.3692
15201	39.6772
15201.1	41.9265
15201.1	31.7052
15201.1	33.9722
15201.2	28.3162
15201.2	34.2996
15201.2	33.6686
15201.3	40.6608
15201.3	37.7519
15201.3	39.4175
15201.3	31.3983
15201.4	30.0671
15201.4	34.1445
15201.4	29.9823
15201.5	24.3737
15201.5	29.1246
15201.5	39.0804
15201.6	35.1015
15201.6	36.0866
15201.6	28.3992
15201.7	26.6618
15201.7	21.4716
15201.7	28.4826
15201.8	19.3088
15201.8	15.4106
15201.8	29.649
15201.8	30.562
15201.9	45.5594
15201.9	16.1552
15201.9	25.8172
15202	20.9939
15202	35.5012
15202	32.8044
15202.1	21.9219
15202.1	26.5516
15202.1	35.6151
15202.2	33.4226
15202.2	27.6781
15202.2	33.59
15202.2	29.4387
15202.3	22.155
15202.3	33.7719
15202.3	34.0686
15202.4	29.8512
15202.4	21.5764
15202.4	27.0927
15202.5	36
15202.5	33
15202.5	25
15202.6	22
15202.6	28
15202.6	26
15202.7	24
15202.7	22
15202.7	27
15202.7	30
15202.8	31
15202.8	36
15202.8	43
15202.9	17
15202.9	27
15202.9	13
15203	38
15203	43
15203	20
15203.1	37
15203.1	30
15203.1	25
15203.2	29
15203.2	38
15203.2	46
15203.3	29
15203.3	30
15203.3	20
15203.4	25
15203.4	45
15203.4	26
15203.5	25
15203.5	26
15203.5	36
15203.5	30
15203.6	41
15203.6	24
15203.6	29
15203.7	48
15203.7	35
15203.7	22
15203.8	32
15203.8	42
15203.8	30
15203.9	47
15203.9	31
15203.9	60
15204	43
15204	19
15204	17
15204.1	31
15204.1	44
15204.1	21
15204.2	27
15204.2	28
15204.2	41
15204.3	44
15204.3	40
15204.3	31
15204.3	12
15204.4	42
15204.4	44
15204.4	32
15204.5	31
15204.5	34
15204.5	19
15204.6	36
15204.6	50
15204.6	41
15204.7	31
15204.7	39
15204.7	38
15204.8	15
15204.8	40
15204.8	55
15204.9	47
15204.9	51
15204.9	35
15205	40
15205	27
15205	29
15205	31
15205.1	45
15205.1	32
15205.1	51
15205.2	50
15205.2	29
15205.2	36
15205.3	60
15205.3	63
15205.3	41
15205.4	20
15205.4	34
15205.4	32
15205.5	47
15205.5	44
15205.5	38
15205.6	35
15205.6	40
15205.6	43
15205.7	44
15205.7	39
15205.7	29
15205.7	32
15205.8	45
15205.8	38
15205.8	35
15205.9	48
15205.9	34
15205.9	40
15206	29
15206	45
15206	34
15206.1	35
15206.1	26
15206.1	46
15206.2	24
15206.2	53
15206.2	29
15206.3	31
15206.3	31
15206.3	46
15206.4	52
15206.4	44
15206.4	33
15206.4	47
15206.5	49
15206.5	40
15206.5	48
15206.6	34
15206.6	43
15206.6	36
15206.7	30
15206.7	28
15206.7	41
15206.8	37
15206.8	32
15206.8	31
15206.9	40
15206.9	48
15206.9	44
15207	32
15207	33
15207	52
15207	36
15207.1	40
15207.1	36
15207.1	44
15207.2	54
15207.2	30
15207.2	32
15207.3	32
15207.3	32
15207.3	39
15207.4	47
15207.4	48
15207.4	50
15207.5	32
15207.5	35
15207.5	57
15207.6	34
15207.6	47
15207.6	40
15207.7	7
15207.7	42
15207.7	51
15207.7	59
15207.8	54
15207.8	35
15207.8	51
15207.9	45
15207.9	53
15207.9	47
15208	41
15208	25
15208	28
15208.1	32
15208.1	39
15208.1	22
15208.2	48
15208.2	28
15208.2	52
15208.3	53
15208.3	31
15208.3	42
15208.3	30
15208.4	38
15208.4	36
15208.4	31
15208.5	51
15208.5	39
15208.5	35
15208.6	40
15208.6	49
15208.6	27
15208.7	31
15208.7	35
15208.7	48
15208.8	50
15208.8	45
15208.8	45
15208.9	31
15208.9	48
15208.9	49
15208.9	38
15209	52
15209	37
15209	24
15209.1	42
15209.1	37
15209.1	34
15209.2	58
15209.2	48
15209.2	35
15209.3	52
15209.3	53
15209.3	47
15209.4	28
15209.4	41
15209.4	68
15209.4	34
15209.5	33
15209.5	42
15209.5	42
15209.6	38
15209.6	43
15209.6	46
15209.7	59
15209.7	31
15209.7	41
15209.8	41
15209.8	55
15209.8	53
15209.9	43
15209.9	42
15209.9	42
15210	45
15210	46
15210	40.5
15210	35
15210.1	43
15210.1	48
15210.1	37
15210.2	51
15210.2	53
15210.2	39
15210.3	28
15210.3	42
15210.3	63
15210.4	62
15210.4	35
15210.4	56
15210.5	45
15210.5	23
15210.5	35
15210.6	33
15210.6	18
15210.6	48
15210.6	29
15210.7	43
15210.7	46
15210.7	41
15210.8	50
15210.8	48
15210.8	45
15210.9	51
15210.9	22
15210.9	33
15211	48
15211	24
15211	47
15211.1	61
15211.1	42
15211.1	44
15211.1	36
15211.2	27
15211.2	56
15211.2	39
15211.3	46
15211.3	48
15211.3	47
15211.4	26
15211.4	61
15211.4	43
15211.5	42
15211.5	45
15211.5	59
15211.6	54
15211.6	41
15211.6	31
15211.6	56
15211.7	53
15211.7	45
15211.7	34
15211.8	29
15211.8	44
15211.8	50
15211.9	38
15211.9	35
15211.9	44
15212	42
15212	47
15212	43
15212.1	47
15212.1	54
15212.1	43
15212.1	39
15212.2	31
15212.2	55
15212.2	51
15212.3	47
15212.3	35
15212.3	49
15212.4	39
15212.4	65
15212.4	53
15212.5	43
15212.5	46
15212.5	59
15212.6	36
15212.6	48
15212.6	45
15212.6	35
15212.7	35
15212.7	36
15212.7	46
15212.8	26
15212.8	39
15212.8	51
15212.9	38
15212.9	43
15212.9	23
15213	51
15213	43
15213	45
15213.1	39
15213.1	49
15213.1	55
15213.1	63
15213.2	48
15213.2	33
15213.2	36
15213.3	53
15213.3	53
15213.3	44
15213.4	36
15213.4	42
15213.4	50
15213.5	34
15213.5	36
15213.5	22
15213.6	63
15213.6	55
15213.6	51
15213.6	54
15213.7	59
15213.7	53
15213.7	63
15213.8	45
15213.8	49
15213.8	59
15213.9	42
15213.9	61
15213.9	44
15214	38
15214	31
15214	31
15214.1	46
15214.1	60
15214.1	41
15214.1	53
15214.2	37
15214.2	47
15214.2	42
15214.3	44
15214.3	34
15214.3	54
15214.4	39
15214.4	41
15214.4	26
15214.5	57
15214.5	47
15214.5	27
15214.5	48
15214.6	63
15214.6	52
15214.6	35
15214.7	21
15214.7	32
15214.7	67
15214.8	44
15214.8	49
15214.8	60
15214.9	34
15214.9	21
15214.9	36
15215	38
15215	42
15215	39
15215	44
15215.1	52
15215.1	35
15215.1	37
15215.2	37
15215.2	30
15215.2	46
15215.3	51
15215.3	48
15215.3	56
15215.4	37
15215.4	43
15215.4	51
15215.4	46
15215.5	62
15215.5	36
15215.5	37
15215.6	51
15215.6	31
15215.6	43
15215.7	52
15215.7	40
15215.7	29
15215.8	45
15215.8	51
15215.8	42
15215.9	30
15215.9	46
15215.9	56
15215.9	41
15216	49
15216	33
15216	25
15216.1	20
15216.1	52
15216.1	44
15216.2	42
15216.2	44
15216.2	28
15216.3	50
15216.3	52
15216.3	41
15216.3	36
15216.4	52
15216.4	49
15216.4	38
15216.5	36
15216.5	56
15216.5	28
15216.6	38
15216.6	45
15216.6	40
15216.7	44
15216.7	58
15216.7	31
15216.7	26
15216.8	46
15216.8	50
15216.8	53
15216.9	43
15216.9	31
15216.9	43
15217	43
15217	34
15217	33
15217.1	35
15217.1	47
15217.1	45
15217.2	47
15217.2	38
15217.2	37
15217.2	33
15217.3	38
15217.3	39
15217.3	45
15217.4	40
15217.4	28
15217.4	33
15217.5	55
15217.5	50
15217.5	24
15217.6	54
15217.6	62
15217.6	53
15217.6	39
15217.7	62
15217.7	61
15217.7	39
15217.8	18
15217.8	39
15217.8	43
15217.9	38
15217.9	51
15217.9	45
15218	51
15218	45
15218	47
15218	37
15218.1	20
15218.1	27
15218.1	44
15218.2	41
15218.2	42
15218.2	50
15218.3	35
15218.3	38
15218.3	54
15218.4	27
15218.4	39
15218.4	39
15218.4	39
15218.5	45
15218.5	35
15218.5	43
15218.6	47
15218.6	37
15218.6	58
15218.7	49
15218.7	33
15218.7	37
15218.8	34
15218.8	23
15218.8	42
15218.8	30
15218.9	26
15218.9	45
15218.9	33
15219	51
15219	47
15219	55
15219.1	50
15219.1	42
15219.1	39
15219.2	37
15219.2	51
15219.2	47
15219.2	33
15219.3	29
15219.3	58
15219.3	41
15219.4	31
15219.4	52
15219.4	48
15219.5	41
15219.5	36
15219.5	31
15219.6	50
15219.6	44
15219.6	44
15219.6	22
15219.7	41
15219.7	45
15219.7	50
15219.8	34
15219.8	47
15219.8	44
15219.9	62
15219.9	59
15219.9	47
15219.9	25
15220	46
15220	39
15220	49
15220.1	33
15220.1	54
15220.1	57
15220.2	27
15220.2	48
15220.2	40
15220.3	19
15220.3	52
15220.3	47
15220.3	38
15220.4	50
15220.4	15
15220.4	52
15220.5	49
15220.5	49
15220.5	35
15220.6	31
15220.6	36
15220.6	44
15220.7	30
15220.7	35
15220.7	51
15220.7	40
15220.8	54
15220.8	51
15220.8	41
15220.9	45
15220.9	50
15220.9	47
15221	15
15221	44
15221	30
15221	49
15221.1	43
15221.1	49
15221.1	48
15221.2	41
15221.2	52
15221.2	37
15221.3	18
15221.3	24
15221.3	34
15221.4	32
15221.4	52
15221.4	37
15221.4	30
15221.5	51
15221.5	34
15221.5	52
15221.6	46
15221.6	41
15221.6	53
15221.7	45
15221.7	46
15221.7	37
15221.8	28
15221.8	32
15221.8	46
15221.8	33
15221.9	50
15221.9	22
15221.9	8
15222	43
15222	52
15222	17
15222.1	39
15222.1	32
15222.1	41
15222.1	40
15222.2	40
15222.2	41
15222.2	26
15222.3	20
15222.3	54
15222.3	48
15222.4	28
15222.4	27
15222.4	54
15222.5	33
15222.5	52
15222.5	26
15222.5	25
15222.6	35
15222.6	34
15222.6	42
15222.7	25
15222.7	50
15222.7	51
15222.8	31
15222.8	39
15222.8	48
15222.8	55
15222.9	39
15222.9	53
15222.9	39
15223	48
15223	49
15223	55
15223.1	38
15223.1	33
15223.1	50
15223.2	44
15223.2	63
15223.2	47
15223.2	32
15223.3	47
15223.3	48
15223.3	61
15223.4	51
15223.4	34
15223.4	33
15223.5	42
15223.5	36
15223.5	35
15223.5	55
15223.6	42
15223.6	43
15223.6	44
15223.7	51
15223.7	55
15223.7	25
15223.8	31
15223.8	34
15223.8	65
15223.8	53
15223.9	30
15223.9	35
15223.9	59
15224	44
15224	34
15224	47
15224.1	33
15224.1	31
15224.1	46
15224.2	53
15224.2	49
15224.2	42
15224.2	33
15224.3	43
15224.3	40
15224.3	38
15224.4	51
15224.4	46
15224.4	23
15224.5	38
15224.5	27
15224.5	49
15224.5	27
15224.6	37
15224.6	53
15224.6	49
15224.7	38
15224.7	35
15224.7	34
15224.8	42
15224.8	26
15224.8	59
15224.8	37
15224.9	31
15224.9	31
15224.9	33
15225	61
15225	44
15225	31
15225.1	29
15225.1	42
15225.1	34
15225.1	42
15225.2	49
15225.2	42
15225.2	33
15225.3	35
15225.3	33
15225.3	48
15225.4	29
15225.4	28
15225.4	19
15225.5	26
15225.5	30
15225.5	44
15225.5	42
15225.6	31
15225.6	43
15225.6	25
15225.7	44
15225.7	53
15225.7	43
15225.8	33
15225.8	30
15225.8	32
15225.8	56
15225.9	43
15225.9	32
15225.9	33
15226	44
15226	50
15226	45
15226.1	46
15226.1	24
15226.1	40
15226.1	57
15226.2	48
15226.2	27
15226.2	42
15226.3	28
15226.3	56
15226.3	32
15226.4	45
15226.4	37
15226.4	34
15226.4	48
15226.5	28
15226.5	38
15226.5	34
15226.6	27
15226.6	54
15226.6	56
15226.7	37
15226.7	35
15226.7	37
15226.7	37
15226.8	42
15226.8	56
15226.8	47
15226.9	40
15226.9	28
15226.9	47
15227	44
15227	45
15227	34
15227	26
15227.1	33
15227.1	46
15227.1	30
15227.2	35
15227.2	25
15227.2	24
15227.3	27
15227.3	41
15227.3	49
15227.3	50
15227.4	42
15227.4	43
15227.4	62
15227.5	50
15227.5	57
15227.5	37
15227.6	15
15227.6	35
15227.6	59
15227.6	38
15227.7	50
15227.7	45
15227.7	43
15227.8	39
15227.8	51
15227.8	45
15227.9	32
15227.9	28.9434
15227.9	34.9483
15227.9	30.9896
15228	30.1162
15228	37.3699
15228	38.7708
15228.1	32.0122
15228.1	44.6934
15228.1	52.7984
15228.2	47.2658
15228.2	38.3398
15228.2	21.5542
15228.2	50.8774
15228.3	36.9058
15228.3	27.8812
15228.3	44.061
15228.4	38.3738
15228.4	31.3783
15228.4	40.3525
15228.5	21.1894
15228.5	44.3413
15228.5	50.6656
15228.5	37.5061
15228.6	35.2637
15228.6	39.0376
15228.6	19.3198
15228.7	24.3094
15228.7	33.3771
15228.7	36.4656
15228.8	38.1435
15228.8	29.7722
15228.8	43.9661
15228.8	31.7934
15228.9	30.3729
15228.9	31.452
15228.9	38.9983
15229	53.783
15229	25.1097
15229	35.3439
15229.1	30.0237
15229.1	35.8058
15229.1	32.9575
15229.1	38.6394
15229.2	35.0454
15229.2	34.8473
15229.2	31.793
15229.3	31.2983
15229.3	39.9085
15229.3	24.2715
15229.4	22.1163
15229.4	38.1234
15229.4	37.0726
15229.4	35.1571
15229.5	25.3327
15229.5	42.234
15229.5	43.3558
15229.6	24.213
15229.6	11.2012
15229.6	28.2955
15229.7	37.4247
15229.7	37.8687
15229.7	34.3419
15229.7	31.5142
15229.8	31.4536
15229.8	26.9191
15229.8	30.5571
15229.9	31.9836
15229.9	26.2771
15229.9	22.447
15229.9	33.5749
15230	31.0594
15230	23.8094
15230	31.5604
15230.1	33.2403
15230.1	28.8854
15230.1	30.366
15230.2	18.7645
15230.2	30.4198
15230.2	26.194
15230.2	26.4475
15230.3	28.299
15230.3	17.4378
15230.3	14.925
15230.4	19.6019
15230.4	26.2949
15230.4	35.3521
15230.5	30.0362
15230.5	22.1167
15230.5	28.5712
15230.5	26.0985
15230.6	10.5948
15230.6	9.5108
15230.6	15.5292
15230.7	11.4866
15230.7	15.8332
15230.7	26.2235
15230.8	25.5139
15230.8	21.4979
15230.8	34.6783
15230.8	32.1233
15230.9	28.5349
15230.9	27.4256
15230.9	28.7493
15231	19.384
15231	21.5646
15231	25.8958
15231	21
15231.1	35
15231.1	25
15231.1	32
15231.2	39
15231.2	20
15231.2	27
15231.3	2
15231.3	22
15231.3	41
15231.4	44
15231.4	25
15231.4	13
15231.4	15
15231.5	42
15231.5	32
15231.5	34
15231.6	26
15231.6	27
15231.6	29
15231.7	32
15231.7	35
15231.7	41
15231.8	25
15231.8	20
15231.8	34
15231.8	35
15231.9	22
15231.9	16
15231.9	30
15232	37
15232	37
15232	33
15232.1	40
15232.1	19
15232.1	28
15232.2	36
15232.2	26
15232.2	38
15232.2	35
15232.3	24
15232.3	32
15232.3	29
15232.4	47
15232.4	35
15232.4	46
15232.5	40
15232.5	32
15232.5	5
15232.6	29
15232.6	25
15232.6	42
15232.6	56
15232.7	26
15232.7	56
15232.7	34
15232.8	17
15232.8	22
15232.8	35
15232.9	46
15232.9	49
15232.9	52
15233	37
15233	37
15233	53
15233	48
15233.1	24
15233.1	16
15233.1	32
15233.2	32
15233.2	28
15233.2	38
15233.3	46
15233.3	44
15233.3	34
15233.3	48
15233.4	45
15233.4	37
15233.4	28
15233.5	53
15233.5	38
15233.5	32
15233.6	20
15233.6	40
15233.6	40
15233.7	43
15233.7	34
15233.7	42
15233.7	42
15233.8	30
15233.8	51
15233.8	35
15233.9	47
15233.9	29
15233.9	33
15234	43
15234	27
15234	41
15234.1	38
15234.1	36
15234.1	39
15234.1	31
15234.2	44
15234.2	27
15234.2	42
15234.3	45
15234.3	43
15234.3	40
15234.4	49
15234.4	53
15234.4	22
15234.4	31
15234.5	42
15234.5	42
15234.5	50
15234.6	21
15234.6	29
15234.6	63
15234.7	41
15234.7	55
15234.7	42
15234.8	28
15234.8	41
15234.8	58
15234.8	39
15234.9	43
15234.9	50
15234.9	42
15235	51
15235	53
15235	55
15235.1	33
15235.1	33
15235.1	25
15235.2	48
15235.2	47
15235.2	42
15235.2	40
15235.3	40
15235.3	22
15235.3	35
15235.4	29
15235.4	46
15235.4	30
15235.5	25
15235.5	35
15235.5	44
15235.5	53
15235.6	39
15235.6	38
15235.6	75
15235.7	48
15235.7	58
15235.7	25
15235.8	43
15235.8	37
15235.8	22
15235.8	33
15235.9	60
15235.9	39
15235.9	20
15236	39
15236	40
15236	46
15236.1	35
15236.1	30
15236.1	51
15236.2	46
15236.2	37
15236.2	43
15236.2	27
15236.3	29
15236.3	45
15236.3	32
15236.4	63
15236.4	37
15236.4	32
15236.5	28
15236.5	40
15236.5	37
15236.5	54
15236.6	46
15236.6	34
15236.6	40
15236.7	32
15236.7	45
15236.7	23
15236.8	29
15236.8	46
15236.8	46
15236.9	28
15236.9	51
15236.9	30
15236.9	39
15237	45
15237	48
15237	37
15237.1	43
15237.1	55
15237.1	28
15237.2	46
15237.2	38
15237.2	49
15237.2	57
15237.3	32
15237.3	29
15237.3	25
15237.4	44
15237.4	36
15237.4	50
15237.5	44
15237.5	54
15237.5	58
15237.5	46
15237.6	51
15237.6	12
15237.6	45
15237.7	37
15237.7	29
15237.7	41
15237.8	32
15237.8	50
15237.8	46
15237.8	54
15237.9	54
15237.9	40
15237.9	37
15238	51
15238	43
15238	47
15238.1	46
15238.1	44
15238.1	31
15238.2	53
15238.2	47
15238.2	41
15238.2	38
15238.3	25
15238.3	40
15238.3	33
15238.4	38
15238.4	27
15238.4	58
15238.5	44
15238.5	40
15238.5	29
15238.5	67
15238.6	53
15238.6	40
15238.6	34
15238.7	44
15238.7	49
15238.7	38
15238.8	44
15238.8	35
15238.8	52
15238.8	44
15238.9	41
15238.9	28
15238.9	41
15239	38
15239	44
15239	40
15239.1	44
15239.1	28
15239.1	33
15239.1	56
15239.2	24
15239.2	52
15239.2	38
15239.3	62
15239.3	50
15239.3	34
15239.4	46
15239.4	27
15239.4	27
15239.4	65
15239.5	37
15239.5	39
15239.5	45
15239.6	43
15239.6	46
15239.6	48
15239.7	51
15239.7	50
15239.7	25
15239.7	27
15239.8	38
15239.8	51
15239.8	27
15239.9	34
15239.9	37
15239.9	45
15240	45
15240	43
15240	67
15240	30
15240.1	38
15240.1	40
15240.1	45
15240.2	43
15240.2	51
15240.2	41
15240.3	46
15240.3	34
15240.3	51
15240.3	63
15240.4	46
15240.4	31
15240.4	43
15240.5	49
15240.5	35
15240.5	43
15240.6	49
15240.6	33
15240.6	40
15240.6	41
15240.7	49
15240.7	24
15240.7	22
15240.8	44
15240.8	52
15240.8	34
15240.9	28
15240.9	47
15240.9	38
15240.9	42
15241	41
15241	42
15241	43
15241.1	47
15241.1	51
15241.1	32
15241.2	55
15241.2	35
15241.2	59
15241.2	41
15241.3	20
15241.3	43
15241.3	59
15241.4	47
15241.4	48
15241.4	46
15241.5	39
15241.5	55
15241.5	43
15241.5	40
15241.6	55
15241.6	41
15241.6	37
15241.7	43
15241.7	42
15241.7	29
15241.8	46
15241.8	40
15241.8	47
15241.8	47
15241.9	32
15241.9	45
15241.9	44
15242	63
15242	37
15242	24
15242.1	24
15242.1	58
15242.1	59
15242.1	48
15242.2	34
15242.2	32
15242.2	47
15242.3	45
15242.3	46
15242.3	47
15242.4	32
15242.4	39
15242.4	34
15242.4	41
15242.5	69
15242.5	38
15242.5	43
15242.6	29
15242.6	44
15242.6	48
15242.7	47
15242.7	39
15242.7	56
15242.7	36
15242.8	52
15242.8	63
15242.8	27
15242.9	24
15242.9	52
15242.9	48
15242.9	53
15243	39
15243	34
15243	30
15243.1	50
15243.1	34
15243.1	57
15243.2	27
15243.2	25
15243.2	39
15243.2	53
15243.3	40
15243.3	33
15243.3	52
15243.4	39
15243.4	44
15243.4	52
15243.5	44
15243.5	32
15243.5	47
15243.5	40
15243.6	44
15243.6	34
15243.6	36
15243.7	49
15243.7	44
15243.7	42
15243.8	63
15243.8	44
15243.8	38
15243.8	32
15243.9	33
15243.9	53
15243.9	38
15244	33
15244	30
15244	48
15244	46
15244.1	43
15244.1	40
15244.1	39
15244.2	16
15244.2	35
15244.2	39
15244.3	46
15244.3	39
15244.3	34
15244.3	41
15244.4	45
15244.4	49
15244.4	63
15244.5	35
15244.5	40
15244.5	54
15244.6	56
15244.6	49
15244.6	35
15244.6	44
15244.7	41
15244.7	48
15244.7	58
15244.8	51
15244.8	30
15244.8	20
15244.9	36
15244.9	51
15244.9	37
15244.9	43
15245	14
15245	48
15245	65
15245.1	56
15245.1	65
15245.1	29
15245.1	38
15245.2	38
15245.2	48
15245.2	46
15245.3	42
15245.3	39
15245.3	47
15245.4	56
15245.4	49
15245.4	37
15245.4	25
15245.5	29
15245.5	60
15245.5	30
15245.6	50
15245.6	44
15245.6	46
15245.6	30
15245.7	41
15245.7	41
15245.7	34
15245.8	35
15245.8	57
15245.8	44
15245.9	42
15245.9	43
15245.9	35
15245.9	12
15246	54
15246	57
15246	45
15246.1	45
15246.1	38
15246.1	43
15246.2	46
15246.2	44
15246.2	52
15246.2	23
15246.3	19
15246.3	55
15246.3	38
15246.4	48
15246.4	51
15246.4	25
15246.4	63
15246.5	37
15246.5	54
15246.5	41
15246.6	32
15246.6	29
15246.6	46
15246.7	49
15246.7	38
15246.7	36
15246.7	40
15246.8	57
15246.8	44
15246.8	53
15246.9	56
15246.9	34
15246.9	32
15246.9	36
15247	50
15247	40
15247	39
15247.1	48
15247.1	36
15247.1	49
15247.2	60
15247.2	49
15247.2	34
15247.2	24
15247.3	28
15247.3	38
15247.3	52
15247.4	41
15247.4	50
15247.4	24
15247.4	55
15247.5	42
15247.5	54
15247.5	41
15247.6	46
15247.6	39
15247.6	39
15247.7	43
15247.7	52
15247.7	49
15247.7	43
15247.8	29
15247.8	43
15247.8	46
15247.9	44
15247.9	39
15247.9	62
15247.9	35
15248	23
15248	14
15248	19
15248.1	43
15248.1	61
15248.1	51
15248.2	33
15248.2	21
15248.2	43
15248.2	46
15248.3	45
15248.3	54
15248.3	36
15248.4	45
15248.4	47
15248.4	54
15248.4	41
15248.5	50
15248.5	26
15248.5	59
15248.6	43
15248.6	44
15248.6	47
15248.7	31
15248.7	3
15248.7	39
15248.7	56
15248.8	23
15248.8	41
15248.8	51
15248.9	51
15248.9	40
15248.9	51
15248.9	46
15249	53
15249	7
15249	14
15249.1	37
15249.1	39
15249.1	38
15249.1	31
15249.2	29
15249.2	38
15249.2	45
15249.3	39
15249.3	23
15249.3	28
15249.4	43
15249.4	36
15249.4	39
15249.4	37
15249.5	48
15249.5	43
15249.5	42
15249.6	43
15249.6	46
15249.6	54
15249.6	31
15249.7	39
15249.7	43
15249.7	39
15249.8	43
15249.8	53
15249.8	25
15249.9	47
15249.9	57
15249.9	49
15249.9	42
15250	-2
15250	51
15250	44
15250.1	40
15250.1	29
15250.1	31
15250.1	27
15250.2	52
15250.2	64
15250.2	38
15250.3	39
15250.3	23
15250.3	34
15250.3	50
15250.4	35
15250.4	35
15250.4	41
15250.5	29
15250.5	51
15250.5	31
15250.6	39
15250.6	26
15250.6	36
15250.6	29
15250.7	33
15250.7	49
15250.7	33
15250.8	40
15250.8	28
15250.8	34
15250.8	56
15250.9	42
15250.9	32
15250.9	56
15251	43
15251	58
15251	39
15251	58
15251.1	8
15251.1	49
15251.1	47
15251.2	29
15251.2	45
15251.2	46
15251.3	32
15251.3	49
15251.3	44
15251.3	58
15251.4	39
15251.4	42
15251.4	42
15251.5	52
15251.5	27
15251.5	37
15251.5	33
15251.6	35
15251.6	54
15251.6	37
15251.7	48
15251.7	30
15251.7	41
15251.7	41
15251.8	22
15251.8	26
15251.8	39
15251.9	46
15251.9	38
15251.9	35
15251.9	29
15252	53
15252	49
15252	33
15252.1	43
15252.1	52
15252.1	38
15252.2	44
15252.2	58
15252.2	35
15252.2	36
15252.3	43
15252.3	40
15252.3	39
15252.4	43
15252.4	42
15252.4	55
15252.4	36
15252.5	33
15252.5	39
15252.5	43
15252.6	23
15252.6	40
15252.6	40
15252.6	45
15252.7	19
15252.7	53
15252.7	50
15252.8	28
15252.8	48
15252.8	53
15252.8	46
15252.9	47
15252.9	46
15252.9	44
15253	36
15253	31
15253	37
15253	43
15253.1	60
15253.1	40
15253.1	47
15253.2	44
15253.2	33
15253.2	48
15253.3	36
15253.3	29
15253.3	32
15253.3	30
15253.4	56
15253.4	36
15253.4	30
15253.5	28
15253.5	45
15253.5	44
15253.5	28
15253.6	65
15253.6	52
15253.6	6
15253.7	42
15253.7	48
15253.7	36
15253.7	30
15253.8	47
15253.8	31
15253.8	50
15253.9	40
15253.9	39
15253.9	63
15253.9	19
15254	45
15254	38
15254	31
15254.1	35
15254.1	43
15254.1	22
15254.1	53
15254.2	35
15254.2	35
15254.2	35
15254.3	21
15254.3	52
15254.3	39
15254.3	41
15254.4	35
15254.4	28
15254.4	44
15254.5	47
15254.5	40
15254.5	47
15254.6	34
15254.6	52
15254.6	41
15254.6	34
15254.7	39
15254.7	17
15254.7	42
15254.8	30
15254.8	45
15254.8	39
15254.8	30
15254.9	33
15254.9	37
15254.9	48
15255	39
15255	43
15255	40
15255	28
15255.1	46
15255.1	59
15255.1	39
15255.2	44
15255.2	42
15255.2	39
15255.2	41
15255.3	23
15255.3	40
15255.3	23
15255.4	15
15255.4	22
15255.4	31
15255.4	41.8922
15255.5	34.9588
15255.5	42.1539
15255.5	36.9779
15255.6	39.979
15255.6	43.4033
15255.6	43.4407
15255.6	26.8987
15255.7	27.5179
15255.7	39.0994
15255.7	33.7941
15255.8	28.5798
15255.8	40.3172
15255.8	32.6028
15255.8	16.1764
15255.9	32.6401
15255.9	32.8297
15255.9	34.848
15256	35.0271
15256	18.7689
15256	34.5997
15256	41.868
15256.1	43.5894
15256.1	43.059
15256.1	30.1152
15256.2	24.7143
15256.2	25.3134
15256.2	41.209
15256.2	38.0219
15256.3	40.0214
15256.3	17.3808
15256.3	30.9983
15256.4	40.8666
15256.4	35.4647
15256.4	25.7395
15256.4	41.0554
15256.5	42.8239
15256.5	53.5483
15256.5	37.2689
15256.6	33.7084
15256.6	27.3112
15256.6	30.2696
15256.6	43.3265
15256.7	34.7901
15256.7	33.8933
15256.7	26.5368
15256.8	18.5117
15256.8	36.5511
15256.8	34.8432
15256.8	22.6258
15256.9	39.8335
15256.9	27.7479
15256.9	26.3382
15257	37.6422
15257	27.3679
15257	35.4412
15257	32.4565
15257.1	32.0945
15257.1	29.1176
15257.1	31.9167
15257.2	33.5931
15257.2	38.3813
15257.2	40.9086
15257.2	35.728
15257.3	21.7467
15257.3	21.2297
15257.3	33.9359
15257.4	30.3435
15257.4	24.5848
15257.4	19.0289
15257.4	22.3472
15257.5	40.5812
15257.5	30.9176
15257.5	36.2941
15257.6	40.2832
15257.6	26.9001
15257.6	32.2835
15257.6	35.1904
15257.7	33.5133
15257.7	21.2885
15257.7	28.598
15257.8	27.6323
15257.8	32.473
15257.8	25.9806
15257.8	34.4137
15257.9	25.9497
15257.9	17.6962
15257.9	22.5945
15258	19.4283
15258	25.3717
15258	28.0345
15258	16.824
15258.1	12.573
15258.1	25.0782
15258.1	30.5717
15258.2	26.3763
15258.2	21.2604
15258.2	14.0008
15258.2	19.1433
15258.3	38.7656
15258.3	39.8434
15258.3	24.0294
15258.4	24
15258.4	15
15258.4	22
15258.4	24
15258.5	32
15258.5	34
15258.5	23
15258.6	27
15258.6	30
15258.6	44
15258.6	23
15258.7	39
15258.7	45
15258.7	45
15258.8	36
15258.8	31
15258.8	29
15258.9	22
15258.9	26
15258.9	34
15258.9	35
15259	32
15259	35
15259	33
15259.1	33
15259.1	15
15259.1	24
15259.1	35
15259.2	40
15259.2	32
15259.2	11
15259.3	24
15259.3	35
15259.3	38
15259.4	34
15259.4	45
15259.4	52
15259.4	21
15259.5	35
15259.5	33
15259.5	22
15259.6	28
15259.6	30
15259.6	57
15259.6	54
15259.7	13
15259.7	26
15259.7	27
15259.8	46
15259.8	25
15259.8	20
15259.9	43
15259.9	47
15259.9	31
15259.9	52
15260	34
15260	45
15260	29
15260.1	37
15260.1	20
15260.1	33
15260.1	38
15260.2	32
15260.2	40
15260.2	52
15260.3	32
15260.3	37
15260.3	52
15260.4	32
15260.4	22
15260.4	32
15260.4	36
15260.5	32
15260.5	54
15260.5	45
15260.6	40
15260.6	44
15260.6	38
15260.6	41
15260.7	14
15260.7	40
15260.7	30
15260.8	35
15260.8	32
15260.8	47
15260.9	38
15260.9	45
15260.9	27
15260.9	18
15261	27
15261	11
15261	48
15261.1	35
15261.1	47
15261.1	49
15261.1	29
15261.2	42
15261.2	43
15261.2	41
15261.3	44
15261.3	34
15261.3	21
15261.4	57
15261.4	28
15261.4	30
15261.4	47
15261.5	42
15261.5	42
15261.5	54
15261.6	51
15261.6	35
15261.6	53
15261.6	23
15261.7	49
15261.7	27
15261.7	15
15261.8	38
15261.8	25
15261.8	30
15261.8	37
15261.9	55
15261.9	57
15261.9	38
15262	27
15262	62
15262	41
15262.1	60
15262.1	37
15262.1	37
15262.1	39
15262.2	46
15262.2	38
15262.2	50
15262.3	32
15262.3	39
15262.3	45
15262.3	33
15262.4	59
15262.4	44
15262.4	5
15262.5	42
15262.5	36
15262.5	37
15262.6	44
15262.6	40
15262.6	31
15262.6	36
15262.7	36
15262.7	64
15262.7	36
15262.8	23
15262.8	60
15262.8	44
15262.8	36
15262.9	58
15262.9	21
15262.9	38
15263	32
15263	58
15263	59
15263	38
15263.1	23
15263.1	46
15263.1	31
15263.2	39
15263.2	41
15263.2	15
15263.3	45
15263.3	39
15263.3	43
15263.3	32
15263.4	35
15263.4	36
15263.4	59
15263.5	23
15263.5	48
15263.5	49
15263.5	46
15263.6	57
15263.6	33
15263.6	48
15263.7	62
15263.7	25
15263.7	14
15263.7	42
15263.8	34
15263.8	51
15263.8	40
15263.9	55
15263.9	45
15263.9	37
15263.9	23
15264	38
15264	47
15264	28
15264.1	40
15264.1	43
15264.1	43
15264.2	37
15264.2	46
15264.2	42
15264.2	47
15264.3	53
15264.3	40
15264.3	27
15264.4	25
15264.4	39
15264.4	44
15264.4	38
15264.5	29
15264.5	38
15264.5	33
15264.6	38
15264.6	43
15264.6	52
15264.6	41
15264.7	28
15264.7	49
15264.7	55
15264.8	52
15264.8	42
15264.8	30
15264.8	26
15264.9	41
15264.9	52
15264.9	53
15265	31
15265	47
15265	52
15265.1	36
15265.1	52
15265.1	37
15265.1	49
15265.2	28
15265.2	44
15265.2	46
15265.3	42
15265.3	28
15265.3	35
15265.3	42
15265.4	49
15265.4	43
15265.4	32
15265.5	30
15265.5	37
15265.5	68
15265.5	45
15265.6	40
15265.6	37
15265.6	32
15265.7	50
15265.7	52
15265.7	40
15265.7	30
15265.8	30
15265.8	19
15265.8	42
15265.9	56
15265.9	49
15265.9	47
15266	45
15266	39
15266	54
15266	36
15266.1	33
15266.1	28
15266.1	33
15266.2	35
15266.2	36
15266.2	30
15266.2	22
15266.3	42
15266.3	53
15266.3	58
15266.4	39
15266.4	55
15266.4	37
15266.4	48
15266.5	35
15266.5	41
15266.5	29
15266.6	58
15266.6	30
15266.6	65
15266.6	50
15266.7	46
15266.7	45
15266.7	29
15266.8	42
15266.8	45
15266.8	35
15266.8	48
15266.9	30
15266.9	25
15266.9	52
15267	63
15267	46
15267	49
15267	12
15267.1	60
15267.1	43
15267.1	35
15267.2	54
15267.2	38
15267.2	28
15267.2	47
15267.3	47
15267.3	55
15267.3	51
15267.4	24
15267.4	59
15267.4	23
15267.5	57
15267.5	45
15267.5	44
15267.5	45
15267.6	63
15267.6	26
15267.6	48
15267.7	46
15267.7	52
15267.7	57
15267.7	25
15267.8	36
15267.8	53
15267.8	46
15267.9	52
15267.9	38
15267.9	42
15267.9	44
15268	43
15268	0
15268	39
15268.1	47
15268.1	46
15268.1	45
15268.1	48
15268.2	39
15268.2	53
15268.2	49
15268.3	50
15268.3	38
15268.3	61
15268.3	54
15268.4	32
15268.4	59
15268.4	43
15268.5	36
15268.5	51
15268.5	36
15268.5	55
15268.6	23
15268.6	38
15268.6	41
15268.7	64
15268.7	39
15268.7	53
15268.7	33
15268.8	32
15268.8	46
15268.8	19
15268.9	62
15268.9	50
15268.9	40
15268.9	47
15269	51
15269	45
15269	37
15269.1	30
15269.1	35
15269.1	39
15269.1	48
15269.2	36
15269.2	35
15269.2	45
15269.3	53
15269.3	32
15269.3	38
15269.3	63
15269.4	42
15269.4	36
15269.4	36
15269.5	53
15269.5	57
15269.5	43
15269.5	40
15269.6	58
15269.6	50
15269.6	50
15269.7	41
15269.7	50
15269.7	49
15269.7	49
15269.8	37
15269.8	44
15269.8	19
15269.9	54
15269.9	38
15269.9	40
15269.9	60
15270	33
15270	45
15270	29
15270.1	40
15270.1	52
15270.1	66
15270.1	52
15270.2	62
15270.2	36
15270.2	42
15270.3	49
15270.3	48
15270.3	47
15270.3	44
15270.4	43
15270.4	36
15270.4	26
15270.5	41
15270.5	32
15270.5	33
15270.5	56
15270.6	45
15270.6	40
15270.6	42
15270.7	10
15270.7	46
15270.7	46
15270.7	40
15270.8	47
15270.8	29
15270.8	29
15270.9	53
15270.9	68
15270.9	31
15270.9	30
15271	38
15271	48
15271	56
15271.1	41
15271.1	21
15271.1	47
15271.1	36
15271.2	34
15271.2	42
15271.2	42
15271.3	45
15271.3	28
15271.3	49
15271.3	43
15271.4	61
15271.4	50
15271.4	52
15271.5	42
15271.5	49
15271.5	58
15271.5	69
15271.6	40
15271.6	37
15271.6	52
15271.7	41
15271.7	44
15271.7	54
15271.7	24
15271.8	30
15271.8	48
15271.8	42
15271.9	65
15271.9	52
15271.9	33
15271.9	36
15272	49
15272	38
15272	40
15272.1	24
15272.1	32
15272.1	28
15272.1	37
15272.2	48
15272.2	46
15272.2	40
15272.3	70
15272.3	46
15272.3	58
15272.3	37
15272.4	34
15272.4	61
15272.4	53
15272.5	45
15272.5	40
15272.5	55
15272.5	28
15272.6	58
15272.6	58
15272.6	52
15272.6	47
15272.7	30
15272.7	37
15272.7	39
15272.8	38
15272.8	59
15272.8	33
15272.8	42
15272.9	49
15272.9	63
15272.9	49
15273	56
15273	27
15273	60
15273	39
15273.1	44
15273.1	50
15273.1	25
15273.2	42
15273.2	45
15273.2	38
15273.2	51
15273.3	42
15273.3	47
15273.3	50
15273.4	39
15273.4	23
15273.4	45
15273.4	41
15273.5	39
15273.5	49
15273.5	41
15273.6	36
15273.6	26
15273.6	35
15273.6	46
15273.7	32
15273.7	32
15273.7	37
15273.8	49
15273.8	33
15273.8	28
15273.8	40
15273.9	46
15273.9	32
15273.9	38
15274	42
15274	38
15274	47
15274	32
15274.1	41
15274.1	39
15274.1	47
15274.1	35
15274.2	36
15274.2	24
15274.2	53
15274.3	65
15274.3	45
15274.3	56
15274.3	24
15274.4	34
15274.4	38
15274.4	46
15274.5	38
15274.5	56
15274.5	43
15274.5	49
15274.6	43
15274.6	33
15274.6	50
15274.7	29
15274.7	32
15274.7	43
15274.7	24
15274.8	41
15274.8	48
15274.8	36
15274.9	49
15274.9	42
15274.9	50
15274.9	46
15275	34
15275	44
15275	9
15275	57
15275.1	47
15275.1	37
15275.1	50
15275.2	48
15275.2	36
15275.2	37
15275.2	48
15275.3	37
15275.3	22
15275.3	30
15275.4	46
15275.4	54
15275.4	36
15275.4	51
15275.5	27
15275.5	53
15275.5	57
15275.6	28
15275.6	39
15275.6	33
15275.6	44
15275.7	56
15275.7	36
15275.7	31
15275.8	48
15275.8	32
15275.8	50
15275.8	40
15275.9	35
15275.9	30
15275.9	28
15275.9	61
15276	52
15276	19
15276	41
15276.1	34
15276.1	22
15276.1	46
15276.1	45
15276.2	28
15276.2	25
15276.2	23
15276.3	47
15276.3	44
15276.3	38
15276.3	56
15276.4	39
15276.4	47
15276.4	50
15276.5	43
15276.5	44
15276.5	47
15276.5	23
15276.6	25
15276.6	53
15276.6	32
15276.6	55
15276.7	61
15276.7	26
15276.7	48
15276.8	48
15276.8	37
15276.8	32
15276.8	29
15276.9	56
15276.9	38
15276.9	34
15277	36
15277	32
15277	26
15277	37
15277.1	39
15277.1	52
15277.1	30
15277.2	23
15277.2	38
15277.2	33
15277.2	56
15277.3	45
15277.3	43
15277.3	37
15277.3	52
15277.4	22
15277.4	52
15277.4	47
15277.5	50
15277.5	54
15277.5	45
15277.5	52
15277.6	59
15277.6	13
15277.6	39
15277.7	38
15277.7	36
15277.7	45
15277.7	52
15277.8	39
15277.8	41
15277.8	48
15277.9	44
15277.9	32
15277.9	29
15277.9	30
15278	54
15278	46
15278	50
15278	28
15278.1	35
15278.1	37
15278.1	41
15278.2	57
15278.2	30
15278.2	35
15278.2	52
15278.3	26
15278.3	58
15278.3	37
15278.4	49
15278.4	44
15278.4	31
15278.4	27
15278.5	60
15278.5	30
15278.5	26
15278.5	45
15278.6	49
15278.6	32
15278.6	31
15278.7	41
15278.7	42
15278.7	52
15278.7	46
15278.8	53
15278.8	32
15278.8	33
15278.9	38
15278.9	31
15278.9	22
15278.9	26
15279	48
15279	49
15279	37
15279	57
15279.1	59
15279.1	22
15279.1	46
15279.2	58
15279.2	48
15279.2	41
15279.2	33
15279.3	35
15279.3	13
15279.3	56
15279.4	40
15279.4	44
15279.4	31
15279.4	32
15279.5	44
15279.5	40
15279.5	56
15279.5	27
15279.6	48
15279.6	44
15279.6	44
15279.7	66
15279.7	41
15279.7	44
15279.7	60
15279.8	46
15279.8	53
15279.8	44
15279.9	44
15279.9	40
15279.9	39
15279.9	42
15280	52
15280	38
15280	44
15280	39
15280.1	39
15280.1	32
15280.1	47
15280.2	24
15280.2	39
15280.2	43
15280.2	48
15280.3	53
15280.3	50
15280.3	39
15280.4	37
15280.4	44
15280.4	38
15280.4	47
15280.5	49
15280.5	34
15280.5	40
15280.5	45
15280.6	39
15280.6	46
15280.6	33
15280.7	32
15280.7	42
15280.7	55
15280.7	47
15280.8	40
15280.8	28
15280.8	27
15280.8	47
15280.9	37
15280.9	34
15280.9	52
15281	51
15281	29
15281	62
15281	41
15281.1	38
15281.1	51
15281.1	44
15281.2	55
15281.2	26
15281.2	49
15281.2	39
15281.3	36
15281.3	47
15281.3	61
15281.3	52
15281.4	45
15281.4	24
15281.4	39
15281.5	44
15281.5	42
15281.5	46
15281.5	44
15281.6	29
15281.6	56
15281.6	29
15281.6	41
15281.7	40
15281.7	22
15281.7	50
15281.8	49.9198
15281.8	37.8501
15281.8	41.5342
15281.8	42.1651
15281.9	40.0933
15281.9	39.7699
15281.9	46.6627
15282	56.1226
15282	46.7134
15282	17.3325
15282	37.7363
15282.1	42.8286
15282.1	35.3343
15282.1	39.5292
15282.1	45.1407
15282.2	26.1914
15282.2	37.8868
15282.2	55.2518
15282.3	39.8512
15282.3	52.3928
15282.3	22.7317
15282.3	27.7004
15282.4	27.827
15282.4	41.985
15282.4	34.061
15282.4	31.8096
15282.5	42.7342
15282.5	23.8328
15282.5	30.6972
15282.6	30.3002
15282.6	29.3584
15282.6	27.4769
15282.6	51.8791
15282.7	31.5322
15282.7	41.2261
15282.7	38.2772
15282.7	36.7318
15282.8	19.173
15282.8	37.2741
15282.8	42.7453
15282.9	42.6653
15282.9	28.9942
15282.9	30.0129
15282.9	24.8153
15283	22.6291
15283	26.0185
15283	40.7421
15283.1	22.9528
15283.1	28.0628
15283.1	39.8906
15283.1	29.2804
15283.2	30.6407
15283.2	15.0211
15283.2	23.6023
15283.2	34.1421
15283.3	31.4998
15283.3	35.9819
15283.3	32.4841
15283.4	27.7536
15283.4	42.4531
15283.4	40.3877
15283.4	45.0887
15283.5	38.4767
15283.5	26.8198
15283.5	27.1672
15283.5	25.587
15283.6	40.3028
15283.6	41.7602
15283.6	18.6939
15283.7	15.0199
15283.7	29.8241
15283.7	26.3965
15283.7	36.0206
15283.8	44.9712
15283.8	30.3638
15283.8	27.3808
15283.8	29.1212
15283.9	37.4434
15283.9	41.6842
15283.9	29.1868
15284	36.1984
15284	38.333
15284	28.3885
15284	35.8934
15284.1	37.6296
15284.1	38.2274
15284.1	34.6743
15284.1	21.5943
15284.2	27.3872
15284.2	43.4545
15284.2	27.1385
15284.3	17.4003
15284.3	11.7339
15284.3	17.4774
15284.3	35.1611
15284.4	37.7095
15284.4	29.448
15284.4	37.2565
15284.4	19.7271
15284.5	20.6548
15284.5	40.5208
15284.5	28.4398
15284.6	26.6606
15284.6	22.3734
15284.6	26.9453
15284.6	40.1446
15284.6	44
15284.7	25
15284.7	41
15284.7	30
15284.8	20
15284.8	4
15284.8	42
15284.8	26
15284.9	35
15284.9	24
15284.9	28
15285	19
15285	29
15285	43
15285	34
15285.1	34
15285.1	13
15285.1	42
15285.2	27
15285.2	37
15285.2	27
15285.2	36
15285.3	29
15285.3	15
15285.3	30
15285.4	37
15285.4	30
15285.4	18
15285.4	39
15285.5	25
15285.5	28
15285.5	33
15285.6	37
15285.6	15
15285.6	34
15285.6	32
15285.7	46
15285.7	36
15285.7	49
15285.7	35
15285.8	34
15285.8	51
15285.8	38
15285.9	40
15285.9	27
15285.9	23
15285.9	37
15286	55
15286	34
15286	27
15286.1	33
15286.1	24
15286.1	41
15286.1	33
15286.2	19
15286.2	40
15286.2	32
15286.3	58
15286.3	42
15286.3	25
15286.3	38
15286.4	42
15286.4	33
15286.4	41
15286.5	26
15286.5	25
15286.5	43
15286.5	26
15286.6	42
15286.6	23
15286.6	26
15286.7	37
15286.7	29
15286.7	45
15286.7	29
15286.8	39
15286.8	28
15286.8	22
15286.8	34
15286.9	38
15286.9	45
15286.9	42
15287	31
15287	19
15287	43
15287	32
15287.1	31
15287.1	31
15287.1	17
15287.2	31
15287.2	48
15287.2	47
15287.2	43
15287.3	36
15287.3	41
15287.3	36
15287.4	19
15287.4	33
15287.4	26
15287.4	36
15287.5	30
15287.5	33
15287.5	44
15287.6	35
15287.6	26
15287.6	49
15287.6	34
15287.7	64
15287.7	39
15287.7	19
15287.8	38
15287.8	39
15287.8	32
15287.8	29
15287.9	51
15287.9	23
15287.9	57
15287.9	40
15288	32
15288	39
15288	17
15288.1	40
15288.1	48
15288.1	44
15288.1	19
15288.2	46
15288.2	36
15288.2	42
15288.3	46
15288.3	41
15288.3	41
15288.3	38
15288.4	37
15288.4	55
15288.4	52
15288.5	36
15288.5	35
15288.5	36
15288.5	43
15288.6	40
15288.6	28
15288.6	25
15288.6	30
15288.7	43
15288.7	44
15288.7	34
15288.8	52
15288.8	49
15288.8	23
15288.8	30
15288.9	27
15288.9	38
15288.9	40
15289	43
15289	43
15289	25
15289	37
15289.1	26
15289.1	31
15289.1	35
15289.2	48
15289.2	32
15289.2	43
15289.2	37
15289.3	41
15289.3	36
15289.3	30
15289.3	47
15289.4	48
15289.4	30
15289.4	42
15289.5	49
15289.5	53
15289.5	62
15289.5	21
15289.6	55
15289.6	34
15289.6	42
15289.7	33
15289.7	26
15289.7	29
15289.7	45
15289.8	45
15289.8	28
15289.8	35
15289.8	26
15289.9	70
15289.9	52
15289.9	36
15290	49
15290	35
15290	27
15290	42
15290.1	38
15290.1	44
15290.1	43
15290.2	35
15290.2	29
15290.2	43
15290.2	44
15290.3	33
15290.3	51
15290.3	16
15290.4	39
15290.4	40
15290.4	34
15290.4	69
15290.5	44
15290.5	49
15290.5	36
15290.5	57
15290.6	52
15290.6	48
15290.6	36
15290.7	28
15290.7	30
15290.7	44
15290.7	42
15290.8	34
15290.8	50
15290.8	35
15290.9	36
15290.9	43
15290.9	31
15290.9	43
15291	37
15291	32
15291	49
15291	33
15291.1	39
15291.1	44
15291.1	46
15291.2	58
15291.2	38
15291.2	39
15291.2	43
15291.3	47
15291.3	49
15291.3	43
15291.4	29
15291.4	35
15291.4	49
15291.4	66
15291.5	49
15291.5	46
15291.5	19
15291.5	32
15291.6	53
15291.6	52
15291.6	53
15291.7	51
15291.7	52
15291.7	26
15291.7	48
15291.8	42
15291.8	53
15291.8	42
15291.9	35
15291.9	54
15291.9	53
15291.9	54
15292	41
15292	41
15292	29
15292	32
15292.1	53
15292.1	36
15292.1	34
15292.2	46
15292.2	52
15292.2	60
15292.2	54
15292.3	41
15292.3	35
15292.3	40
15292.4	48
15292.4	41
15292.4	48
15292.4	41
15292.5	46
15292.5	56
15292.5	48
15292.5	38
15292.6	36
15292.6	15
15292.6	48
15292.7	54
15292.7	55
15292.7	38
15292.7	41
15292.8	36
15292.8	67
15292.8	45
15292.9	39
15292.9	30
15292.9	28
15292.9	49
15293	26
15293	29
15293	39
15293	50
15293.1	28
15293.1	47
15293.1	38
15293.2	43
15293.2	43
15293.2	36
15293.2	37
15293.3	41
15293.3	51
15293.3	33
15293.3	28
15293.4	36
15293.4	66
15293.4	31
15293.5	48
15293.5	54
15293.5	30
15293.5	49
15293.6	51
15293.6	42
15293.6	41
15293.7	35
15293.7	42
15293.7	43
15293.7	43
15293.8	44
15293.8	43
15293.8	17
15293.8	45
15293.9	41
15293.9	56
15293.9	35
15294	38
15294	36
15294	44
15294	44
15294.1	39
15294.1	47
15294.1	30
15294.1	54
15294.2	26
15294.2	51
15294.2	31
15294.3	47
15294.3	47
15294.3	29
15294.3	43
15294.4	41
15294.4	23
15294.4	29
15294.5	46
15294.5	41
15294.5	46
15294.5	29
15294.6	20
15294.6	31
15294.6	36
15294.6	45
15294.7	60
15294.7	44
15294.7	73
15294.8	42
15294.8	34
15294.8	58
15294.8	58
15294.9	38
15294.9	51
15294.9	37
15294.9	43
15295	33
15295	45
15295	49
15295.1	60
15295.1	49
15295.1	36
15295.1	44
15295.2	22
15295.2	58
15295.2	50
15295.2	38
15295.3	44
15295.3	39
15295.3	35
15295.4	45
15295.4	53
15295.4	60
15295.4	31
15295.5	31
15295.5	38
15295.5	36
15295.5	26
15295.6	21
15295.6	27
15295.6	57
15295.7	46
15295.7	31
15295.7	46
15295.7	51
15295.8	40
15295.8	45
15295.8	57
15295.9	55
15295.9	37
15295.9	38
15295.9	34
15296	30
15296	45
15296	40
15296	45
15296.1	33
15296.1	49
15296.1	44
15296.2	38
15296.2	32
15296.2	48
15296.2	52
15296.3	44
15296.3	79
15296.3	52
15296.3	38
15296.4	32
15296.4	52
15296.4	25
15296.5	48
15296.5	39
15296.5	60
15296.5	38
15296.6	40
15296.6	48
15296.6	49
15296.6	32
15296.7	19
15296.7	34
15296.7	54
15296.8	48
15296.8	22
15296.8	47
15296.8	49
15296.9	43
15296.9	64
15296.9	51
15296.9	45
15297	24
15297	31
15297	48
15297.1	51
15297.1	40
15297.1	42
15297.1	25
15297.2	36
15297.2	47
15297.2	28
15297.2	31
15297.3	56
15297.3	48
15297.3	37
15297.4	56
15297.4	27
15297.4	38
15297.4	38
15297.5	34
15297.5	56
15297.5	57
15297.5	41
15297.6	43
15297.6	39
15297.6	38
15297.7	48
15297.7	24
15297.7	33
15297.7	29
15297.8	55
15297.8	34
15297.8	38
15297.8	60
15297.9	60
15297.9	67
15297.9	49
15298	31
15298	36
15298	44
15298	57
15298.1	58
15298.1	41
15298.1	44
15298.1	44
15298.2	32
15298.2	45
15298.2	52
15298.3	48
15298.3	52
15298.3	32
15298.3	46
15298.4	48
15298.4	44
15298.4	36
15298.4	32
15298.5	25
15298.5	22
15298.5	34
15298.6	56
15298.6	36
15298.6	34
15298.6	53
15298.7	57
15298.7	38
15298.7	42
15298.7	37
15298.8	30
15298.8	38
15298.8	35
15298.9	59
15298.9	42
15298.9	39
15298.9	49
15299	39
15299	39
15299	57
15299	27
15299.1	14
15299.1	41
15299.1	45
15299.1	42
15299.2	25
15299.2	35
15299.2	42
15299.3	54
15299.3	35
15299.3	48
15299.3	39
15299.4	47
15299.4	31
15299.4	33
15299.4	54
15299.5	59
15299.5	31
15299.5	49
15299.6	46
15299.6	51
15299.6	55
15299.6	35
15299.7	42
15299.7	47
15299.7	41
15299.7	43
15299.8	47
15299.8	33
15299.8	63
15299.9	28
15299.9	51
15299.9	37
15299.9	50
15300	39
15300	60
15300	41
15300	54
15300.1	23
15300.1	53
15300.1	56
15300.2	46
15300.2	51
15300.2	29
15300.2	54
15300.3	38
15300.3	55
15300.3	49
15300.3	62
15300.4	51
15300.4	55
15300.4	43
15300.4	28
15300.5	37
15300.5	37
15300.5	33
15300.6	47
15300.6	38
15300.6	52
15300.6	50
15300.7	12
15300.7	31
15300.7	53
15300.7	30
15300.8	29
15300.8	22
15300.8	31
15300.9	22
15300.9	41
15300.9	52
15300.9	31
15301	27
15301	33
15301	46
15301	56
15301.1	61
15301.1	41
15301.1	42
15301.1	53
15301.2	36
15301.2	46
15301.2	38
15301.3	33
15301.3	52
15301.3	48
15301.3	45
15301.4	41
15301.4	16
15301.4	38
15301.4	36
15301.5	32
15301.5	52
15301.5	42
15301.6	33
15301.6	42
15301.6	30
15301.6	64
15301.7	47
15301.7	32
15301.7	45
15301.7	39
15301.8	34
15301.8	39
15301.8	40
15301.8	30
15301.9	13
15301.9	41
15301.9	47
15302	26
15302	35
15302	36
15302	30
15302.1	47
15302.1	57
15302.1	13
15302.1	42
15302.2	33
15302.2	51
15302.2	30
15302.3	42
15302.3	37
15302.3	30
15302.3	51
15302.4	57
15302.4	41
15302.4	48
15302.4	43
15302.5	29
15302.5	46
15302.5	62
15302.5	44
15302.6	37
15302.6	44
15302.6	47
15302.7	51
15302.7	34
15302.7	36
15302.7	34
15302.8	55
15302.8	37
15302.8	35
15302.8	28
15302.9	37
15302.9	55
15302.9	46
15302.9	27
15303	60
15303	40
15303	53
15303.1	43
15303.1	49
15303.1	58
15303.1	46
15303.2	52
15303.2	33
15303.2	40
15303.2	45
15303.3	37
15303.3	44
15303.3	30
15303.3	38
15303.4	50
15303.4	50
15303.4	44
15303.5	39
15303.5	51
15303.5	45
15303.5	37
15303.6	52
15303.6	53
15303.6	25
15303.6	20
15303.7	46
15303.7	40
15303.7	38
15303.7	58
15303.8	36
15303.8	53
15303.8	42
15303.9	31
15303.9	51
15303.9	24
15303.9	28
15304	53
15304	43
15304	45
15304	54
15304.1	30
15304.1	54
15304.1	37
15304.1	56
15304.2	39
15304.2	19
15304.2	39
15304.3	24
15304.3	38
15304.3	49
15304.3	47
15304.4	43
15304.4	64
15304.4	55
15304.4	32
15304.5	37
15304.5	17
15304.5	40
15304.5	33
15304.6	28
15304.6	42
15304.6	28
15304.7	38
15304.7	36
15304.7	44
15304.7	29
15304.8	50
15304.8	29
15304.8	44
15304.8	36
15304.9	38
15304.9	33
15304.9	60
15304.9	38
15305	30
15305	43
15305	68
15305.1	42
15305.1	37
15305.1	59
15305.1	31
15305.2	38
15305.2	25
15305.2	22
15305.2	13
15305.3	29
15305.3	39
15305.3	32
15305.3	33
15305.4	50
15305.4	42
15305.4	41
15305.5	44
15305.5	42
15305.5	39
15305.5	55
15305.6	36
15305.6	36
15305.6	53
15305.6	55
15305.7	45
15305.7	56
15305.7	34
15305.7	44
15305.8	29
15305.8	46
15305.8	20
15305.9	27
15305.9	46
15305.9	54
15305.9	47
15306	38
15306	45
15306	35
15306	57
15306.1	47
15306.1	17
15306.1	44
15306.1	45
15306.2	44
15306.2	45
15306.2	32
15306.2	58
15306.3	30
15306.3	42
15306.3	54
15306.4	30
15306.4	47
15306.4	39
15306.4	33
15306.5	51
15306.5	25
15306.5	31
15306.5	47
15306.6	44
15306.6	47
15306.6	28
15306.6	29
15306.7	29
15306.7	42
15306.7	37
15306.8	46
15306.8	54
15306.8	46
15306.8	45
15306.9	36
15306.9	45
15306.9	43
15306.9	34.9312
15307	21.9725
15307	33.741
15307	43.5532
15307	42.4091
15307.1	36.0749
15307.1	32.5326
15307.1	34.2165
15307.1	47.2438
15307.2	45.3122
15307.2	49.3877
15307.2	50.305
15307.3	25.3009
15307.3	24.7563
15307.3	40.471
15307.3	34.974
15307.4	46.8396
15307.4	47.4839
15307.4	50.9959
15307.4	32.7911
15307.5	39.5874
15307.5	49.7726
15307.5	24.5305
15307.5	31.1515
15307.6	37.5263
15307.6	51.0749
15307.6	30.9283
15307.6	33.2248
15307.7	35.9279
15307.7	40.9935
15307.7	38.7269
15307.8	41.0892
15307.8	24.772
15307.8	20.6702
15307.8	27.7135
15307.9	38.9462
15307.9	35.2523
15307.9	35.2614
15307.9	33.2735
15308	26.3497
15308	25.055
15308	36.7917
15308	31.3366
15308.1	19.193
15308.1	51.1842
15308.1	23.0219
15308.1	38.2477
15308.2	29.288
15308.2	40.0862
15308.2	27.2714
15308.3	40.7801
15308.3	34.0475
15308.3	36.4174
15308.3	29.9143
15308.4	28.4022
15308.4	34.6323
15308.4	37.9633
15308.4	44.6147
15308.5	34.272
15308.5	44.9739
15308.5	28.7785
15308.5	22.7977
15308.6	27.7464
15308.6	29.5473
15308.6	33.2089
15308.6	26.5316
15308.7	47.1881
15308.7	50.8458
15308.7	37.9582
15308.8	33.6316
15308.8	28.824
15308.8	34.4911
15308.8	24.5986
15308.9	35.5293
15308.9	35.3116
15308.9	25.7784
15308.9	22.9398
15309	29.1063
15309	35.1028
15309	43.0482
15309	37.8418
15309.1	29.161
15309.1	17.8899
15309.1	21.502
15309.1	38.0372
15309.2	35.5323
15309.2	42.2674
15309.2	47.7129
15309.3	22.9362
15309.3	32.8847
15309.3	39.3625
15309.3	37.4216
15309.4	37.7202
15309.4	45.2401
15309.4	20.5735
15309.4	33.898
15309.5	36.0321
15309.5	23.4278
15309.5	24.0521
15309.5	27.8793
15309.6	31.5411
15309.6	29.1371
15309.6	30.8315
15309.6	32.2848
15309.7	16.4349
15309.7	17.7458
15309.7	31.7853
15309.7	32.289
15309.8	33.1774
15309.8	35
15309.8	32
15309.8	29
15309.9	28
15309.9	40
15309.9	35
15310	18
15310	8
15310	36
15310	36
15310.1	37
15310.1	29
15310.1	32
15310.1	44
15310.2	42
15310.2	38
15310.2	26
15310.3	26
15310.3	10
15310.3	29
15310.3	33
15310.4	43
15310.4	35
15310.4	47
15310.4	46
15310.5	52
15310.5	43
15310.5	29
15310.6	25
15310.6	11
15310.6	20
15310.6	65
15310.7	30
15310.7	22
15310.7	31
15310.7	26
15310.8	28
15310.8	45
15310.8	29
15310.9	31
15310.9	23
15310.9	36
15310.9	32
15311	30
15311	29
15311	37
15311	18
15311.1	44
15311.1	55
15311.1	40
15311.1	50
15311.2	27
15311.2	34
15311.2	31
15311.3	30
15311.3	33
15311.3	29
15311.3	11
15311.4	41
15311.4	17
15311.4	56
15311.4	44
15311.5	21
15311.5	34
15311.5	36
15311.6	54
15311.6	42
15311.6	30
15311.6	31
15311.7	38
15311.7	25
15311.7	29
15311.7	33
15311.8	43
15311.8	49
15311.8	42
15311.9	46
15311.9	40
15311.9	29
15311.9	30
15312	39
15312	31
15312	36
15312	34
15312.1	31
15312.1	49
15312.1	39
15312.2	52
15312.2	27
15312.2	25
15312.2	50
15312.3	51
15312.3	36
15312.3	57
15312.3	8
15312.4	33
15312.4	55
15312.4	28
15312.4	34
15312.5	30
15312.5	20
15312.5	39
15312.6	48
15312.6	37
15312.6	17
15312.6	26
15312.7	43
15312.7	38
15312.7	38
15312.7	44
15312.8	25
15312.8	45
15312.8	37
15312.9	43
15312.9	46
15312.9	36
15312.9	32
15313	22
15313	49
15313	43
15313	52
15313.1	38
15313.1	23
15313.1	42
15313.1	45
15313.2	34
15313.2	45
15313.2	37
15313.3	33
15313.3	28
15313.3	47
15313.3	44
15313.4	32
15313.4	36
15313.4	26
15313.4	41
15313.5	44
15313.5	30
15313.5	44
15313.6	51
15313.6	42
15313.6	40
15313.6	33
15313.7	24
15313.7	31
15313.7	41
15313.7	32
15313.8	38
15313.8	52
15313.8	55
15313.8	40
15313.9	58
15313.9	33
15313.9	46
15314	27
15314	24
15314	49
15314	38
15314.1	39
15314.1	27
15314.1	26
15314.1	32
15314.2	31
15314.2	59
15314.2	41
15314.3	37
15314.3	36
15314.3	23
15314.3	35
15314.4	34
15314.4	42
15314.4	40
15314.4	41
15314.5	53
15314.5	65
15314.5	49
15314.5	34
15314.6	26
15314.6	40
15314.6	46
15314.7	52
15314.7	37
15314.7	35
15314.7	44
15314.8	39
15314.8	30
15314.8	38
15314.8	45
15314.9	36
15314.9	33
15314.9	41
15314.9	49
15315	46
15315	48
15315	48
15315.1	44
15315.1	34
15315.1	51
15315.1	44
15315.2	44
15315.2	30
15315.2	51
15315.2	41
15315.3	42
15315.3	14
15315.3	39
15315.3	37
15315.4	22
15315.4	37
15315.4	49
15315.5	45
15315.5	36
15315.5	27
15315.5	30
15315.6	32
15315.6	26
15315.6	42
15315.6	37
15315.7	53
15315.7	52
15315.7	35
15315.7	41
15315.8	38
15315.8	36
15315.8	46
15315.9	31
15315.9	18
15315.9	49
15315.9	48
15316	39
15316	45
15316	31
15316	42.5
15316.1	54
15316.1	53
15316.1	36
15316.1	27
15316.2	26
15316.2	55
15316.2	46
15316.3	60
15316.3	37
15316.3	41
15316.3	27
15316.4	41
15316.4	56
15316.4	52
15316.4	30
15316.5	13
15316.5	32
15316.5	40
15316.5	26
15316.6	51
15316.6	48
15316.6	40
15316.7	40
15316.7	49
15316.7	47
15316.7	58
15316.8	36
15316.8	56
15316.8	38
15316.8	53
15316.9	33
15316.9	44
15316.9	40
15316.9	47
15317	26
15317	52
15317	44
15317.1	18
15317.1	51
15317.1	37
15317.1	48
15317.2	24
15317.2	35
15317.2	33
15317.2	40
15317.3	54
15317.3	48
15317.3	41
15317.3	38
15317.4	60
15317.4	47
15317.4	46
15317.5	30
15317.5	37
15317.5	46
15317.5	37
15317.6	49
15317.6	39
15317.6	32
15317.6	39
15317.7	48
15317.7	58
15317.7	41
15317.7	28
15317.8	29
15317.8	50
15317.8	63
15317.8	34
15317.9	34
15317.9	42
15317.9	51
15318	63
15318	57
15318	55
15318	29
15318.1	33
15318.1	35
15318.1	64
15318.1	51
15318.2	42
15318.2	38
15318.2	49
15318.2	60
15318.3	49
15318.3	45
15318.3	15
15318.4	28
15318.4	44
15318.4	56
15318.4	48
15318.5	47
15318.5	42
15318.5	50
15318.5	30
15318.6	48
15318.6	47
15318.6	49
15318.6	31
15318.7	31
15318.7	26
15318.7	45
15318.8	46
15318.8	37
15318.8	61
15318.8	33
15318.9	36
15318.9	59
15318.9	32
15318.9	30
15319	42
15319	44
15319	47
15319	36
15319.1	49
15319.1	41
15319.1	62
15319.1	45
15319.2	54
15319.2	44
15319.2	36
15319.3	47
15319.3	44
15319.3	33
15319.3	34
15319.4	44
15319.4	43
15319.4	36
15319.4	26
15319.5	37
15319.5	38
15319.5	33
15319.5	38
15319.6	55
15319.6	58
15319.6	17
15319.6	38
15319.7	37
15319.7	37
15319.7	43
15319.8	56
15319.8	53
15319.8	22
15319.8	38
15319.9	47
15319.9	46
15319.9	42
15319.9	35
15320	53
15320	61
15320	57
15320	37
15320.1	17
15320.1	20
15320.1	28
15320.1	46
15320.2	60
15320.2	32
15320.2	46
15320.3	28
15320.3	67
15320.3	54
15320.3	38
15320.4	47
15320.4	46
15320.4	41
15320.4	45
15320.5	51
15320.5	47
15320.5	19
15320.5	40
15320.6	32
15320.6	49
15320.6	51
15320.6	39
15320.7	38
15320.7	50
15320.7	56
15320.8	51
15320.8	51
15320.8	43
15320.8	31
15320.9	48
15320.9	55
15320.9	57
15320.9	59
15321	27
15321	40
15321	41
15321	58
15321.1	41
15321.1	25
15321.1	36
15321.1	40
15321.2	49
15321.2	28
15321.2	56
15321.3	48
15321.3	50
15321.3	40
15321.3	50
15321.4	42
15321.4	24
15321.4	43
15321.4	32
15321.5	51
15321.5	29
15321.5	48
15321.5	27
15321.6	38
15321.6	29
15321.6	34
15321.6	46
15321.7	39
15321.7	57
15321.7	38
15321.7	47
15321.8	39
15321.8	31
15321.8	54
15321.9	37
15321.9	27
15321.9	53
15321.9	35
15322	31
15322	50
15322	33
15322	52
15322.1	37
15322.1	11
15322.1	59
15322.1	44
15322.2	34
15322.2	46
15322.2	43
15322.2	21
15322.3	56
15322.3	39
15322.3	51
15322.3	61
15322.4	42
15322.4	18
15322.4	45
15322.5	35
15322.5	44
15322.5	41
15322.5	27
15322.6	36
15322.6	49
15322.6	60
15322.6	48
15322.7	33
15322.7	40
15322.7	46
15322.7	34
15322.8	50
15322.8	48
15322.8	28
15322.8	45
15322.9	51
15322.9	37
15322.9	38
15322.9	38
15323	58
15323	43
15323	42
15323.1	45
15323.1	47
15323.1	23
15323.1	51
15323.2	43
15323.2	48
15323.2	39
15323.2	47
15323.3	43
15323.3	57
15323.3	44
15323.3	25
15323.4	37
15323.4	49
15323.4	48
15323.4	44
15323.5	54
15323.5	60
15323.5	34
15323.5	48
15323.6	46
15323.6	43
15323.6	36
15323.7	39
15323.7	34
15323.7	45
15323.7	47
15323.8	40
15323.8	39
15323.8	19
15323.8	36
15323.9	45
15323.9	48
15323.9	49
15323.9	39
15324	34
15324	46
15324	54
15324	64
15324.1	31
15324.1	21
15324.1	69
15324.1	29
15324.2	50
15324.2	35
15324.2	38
15324.2	42
15324.3	42
15324.3	51
15324.3	41
15324.4	41
15324.4	39
15324.4	47
15324.4	33
15324.5	28
15324.5	38
15324.5	45
15324.5	57
15324.6	44
15324.6	50
15324.6	61
15324.6	38
15324.7	36
15324.7	38
15324.7	53
15324.7	44
15324.8	37
15324.8	44
15324.8	35
15324.8	54
15324.9	50
15324.9	36
15324.9	28
15324.9	39
15325	37
15325	43
15325	52
15325.1	30
15325.1	39
15325.1	38
15325.1	33
15325.2	28
15325.2	35
15325.2	45
15325.2	33
15325.3	40
15325.3	36
15325.3	51
15325.3	40
15325.4	38
15325.4	24
15325.4	48
15325.4	37
15325.5	40
15325.5	29
15325.5	14
15325.5	54
15325.6	56
15325.6	40
15325.6	44
15325.6	27
15325.7	41
15325.7	36
15325.7	48
15325.7	46
15325.8	43
15325.8	50
15325.8	48
15325.9	50
15325.9	49
15325.9	39
15325.9	49
15326	32
15326	43
15326	40
15326	43
15326.1	50
15326.1	52
15326.1	41
15326.1	38
15326.2	57
15326.2	45
15326.2	32
15326.2	46
15326.3	51
15326.3	40
15326.3	44
15326.3	48
15326.4	41
15326.4	49
15326.4	38
15326.4	52
15326.5	44
15326.5	20
15326.5	50
15326.5	35
15326.6	26
15326.6	36
15326.6	34
15326.7	35
15326.7	57
15326.7	35
15326.7	50
15326.8	39
15326.8	17
15326.8	56
15326.8	37
15326.9	39
15326.9	45
15326.9	44
15326.9	38
15327	42
15327	61
15327	54
15327	30
15327.1	29
15327.1	41
15327.1	28
15327.1	29
15327.2	37
15327.2	30
15327.2	34
15327.2	34
15327.3	42
15327.3	62
15327.3	49
15327.3	29
15327.4	41
15327.4	41
15327.4	37
15327.4	54
15327.5	42
15327.5	62
15327.5	60
15327.5	50
15327.6	51
15327.6	51
15327.6	11
15327.7	24
15327.7	33
15327.7	43
15327.7	15
15327.8	25
15327.8	40
15327.8	28
15327.8	59
15327.9	43
15327.9	48
15327.9	8
15327.9	52
15328	43
15328	47
15328	36
15328	28
15328.1	48
15328.1	41
15328.1	43
15328.1	46
15328.2	16
15328.2	38
15328.2	32
15328.2	41
15328.3	39
15328.3	36
15328.3	43
15328.3	40
15328.4	36
15328.4	37
15328.4	32
15328.4	47
15328.5	24
15328.5	44
15328.5	48
15328.5	64
15328.6	47
15328.6	40
15328.6	44
15328.6	42
15328.7	24
15328.7	33
15328.7	34
15328.8	38
15328.8	37
15328.8	34
15328.8	42
15328.9	39
15328.9	33
15328.9	44
15328.9	43
15329	29
15329	47
15329	40
15329	38
15329.1	31
15329.1	36
15329.1	43
15329.1	32
15329.2	11
15329.2	43
15329.2	54
15329.2	39
15329.3	38
15329.3	43
15329.3	41
15329.3	47
15329.4	31
15329.4	35
15329.4	33
15329.4	24
15329.5	29
15329.5	51
15329.5	31
15329.5	44
15329.6	28
15329.6	48
15329.6	39
15329.6	35
15329.7	38
15329.7	36
15329.7	16
15329.7	35
15329.8	49
15329.8	35
15329.8	22
15329.8	26
15329.9	41
15329.9	38
15329.9	35
15329.9	53
15330	49
15330	8
15330	33
15330.1	61
15330.1	32
15330.1	54
15330.1	44
15330.2	32
15330.2	32
15330.2	44
15330.2	41
15330.3	36
15330.3	32
15330.3	46
15330.3	42
15330.4	32
15330.4	46
15330.4	48
15330.4	37
15330.5	39
15330.5	50
15330.5	47
15330.5	40
15330.6	16
15330.6	35
15330.6	39
15330.6	39
15330.7	20
15330.7	42
15330.7	31
15330.7	53
15330.8	27
15330.8	22
15330.8	43
15330.8	11
15330.9	56
15330.9	45
15330.9	43
15330.9	31
15331	37
15331	26
15331	54
15331	57
15331.1	45
15331.1	44
15331.1	53
15331.1	39
15331.2	48
15331.2	56
15331.2	51.8004
15331.2	25.708
15331.3	34.6915
15331.3	45.6749
15331.3	41.8635
15331.3	37.8669
15331.4	13.9
15331.4	15.8518
15331.4	39.9186
15331.4	46.3449
15331.5	43.5584
15331.5	33.5206
15331.5	25.8483
15331.5	48.9418
15331.6	52.0327
15331.6	36.5335
15331.6	35.4183
15331.6	32.5044
15331.7	39.3534
15331.7	55.5
15331.7	24.5769
15331.7	38.311
15331.8	35.3582
15331.8	23.937
15331.8	28.3673
15331.8	34.5045
15331.9	26.3784
15331.9	38.3817
15331.9	38.2005
15332	27.7397
15332	25.0409
15332	23.4341
15332	30.2569
15332.1	24.6479
15332.1	22.899
15332.1	31.3375
15332.1	21.5723
15332.2	21.4804
15332.2	42.9697
15332.2	32.8856
15332.2	38.9279
15332.3	24.8169
15332.3	21.3272
15332.3	47.0538
15332.3	36.8718
15332.4	28.3875
15332.4	41.3794
15332.4	34.4143
15332.4	30.3934
15332.5	30.6221
15332.5	36.5615
15332.5	18.4803
15332.5	25.496
15332.6	39.9579
15332.6	41.0388
15332.6	28.0192
15332.6	20.2274
15332.7	29.2943
15332.7	44.5
15332.7	35.3088
15332.7	36.696
15332.8	36.6779
15332.8	29.9984
15332.8	27.566
15332.8	34.9913
15332.9	42.7754
15332.9	25.2808
15332.9	19.3774
15332.9	25.2252
15333	33.4215
15333	39.7369
15333	28.7778
15333	36.4904
15333.1	35.8534
15333.1	18.2295
15333.1	29.3515
15333.1	30.7779
15333.2	24.7644
15333.2	32.7439
15333.2	22.4889
15333.2	36.2377
15333.3	35.4474
15333.3	24.9087
15333.3	26.4287
15333.3	26.6632
15333.4	31.0317
15333.4	34.1693
15333.4	35.5569
15333.4	34.6663
15333.5	29.0882
15333.5	31.0905
15333.5	31.758
15333.5	21.8269
15333.6	23.4877
15333.6	38.9577
15333.6	37.2869
15333.6	31.5668
15333.7	30
15333.7	28.9619
15333.7	21.5802
15333.7	22.1813
15333.8	30.486
15333.8	34.2308
15333.8	30.1769
15333.8	30
15333.8	39
15333.9	26
15333.9	19
15333.9	21
15333.9	19
15334	41
15334	33
15334	31
15334	32
15334.1	41
15334.1	12
15334.1	24
15334.2	43
15334.2	30
15334.2	16
15334.2	18
15334.3	36
15334.3	33
15334.3	31
15334.3	56
15334.4	27
15334.4	40
15334.4	46
15334.4	43
15334.5	38
15334.5	9
15334.5	26
15334.5	33
15334.6	43
15334.6	39
15334.6	38
15334.6	23
15334.7	24
15334.7	35
15334.7	29
15334.8	13
15334.8	19
15334.8	42
15334.8	37
15334.9	42
15334.9	38
15334.9	39
15334.9	21
15335	36
15335	33
15335	43
15335	41
15335.1	28
15335.1	18
15335.1	28
15335.1	33
15335.2	14
15335.2	40
15335.2	23
15335.2	28
15335.3	42
15335.3	25
15335.3	30
15335.3	31
15335.4	48
15335.4	31
15335.4	38
15335.5	19
15335.5	37
15335.5	20
15335.5	41
15335.6	37
15335.6	37
15335.6	30
15335.6	22
15335.7	38
15335.7	34
15335.7	42
15335.7	39
15335.8	31
15335.8	33
15335.8	41
15335.8	53
15335.9	53
15335.9	21
15335.9	14
15335.9	34
15336	34
15336	50
15336	32
15336	37
15336.1	45
15336.1	25
15336.1	35
15336.2	26
15336.2	32
15336.2	40
15336.2	48
15336.3	31
15336.3	43
15336.3	26
15336.3	22
15336.4	32
15336.4	37
15336.4	53
15336.4	35
15336.5	35
15336.5	32
15336.5	52
15336.5	40
15336.6	51
15336.6	21
15336.6	44
15336.6	24
15336.7	30
15336.7	33
15336.7	52
15336.7	50
15336.8	48
15336.8	29
15336.8	32
15336.9	32
15336.9	33
15336.9	42
15336.9	28
15337	36
15337	36
15337	36
15337	37
15337.1	46
15337.1	44
15337.1	36
15337.1	36
15337.2	38
15337.2	19
15337.2	36
15337.2	44
15337.3	34
15337.3	35
15337.3	31
15337.3	50
15337.4	26
15337.4	41
15337.4	47
15337.4	35
15337.5	17
15337.5	39
15337.5	42
15337.5	45
15337.6	35
15337.6	34
15337.6	33
15337.7	51
15337.7	30
15337.7	33
15337.7	29
15337.8	24
15337.8	43
15337.8	49
15337.8	46
15337.9	36
15337.9	40
15337.9	51
15337.9	42
15338	53
15338	34
15338	50
15338	39
15338.1	31
15338.1	50
15338.1	35
15338.1	15
15338.2	39
15338.2	55
15338.2	55
15338.2	47
15338.3	35
15338.3	29
15338.3	29
15338.3	29
15338.4	27
15338.4	45
15338.4	40
15338.5	46
15338.5	30
15338.5	33
15338.5	42
15338.6	42
15338.6	39
15338.6	13
15338.6	54
15338.7	51
15338.7	39
15338.7	39
15338.7	30
15338.8	23
15338.8	71
15338.8	43
15338.8	47
15338.9	45
15338.9	33
15338.9	41
15338.9	37
15339	67
15339	46
15339	34
15339	24
15339.1	34
15339.1	51
15339.1	43
15339.1	37
15339.2	56
15339.2	43
15339.2	35
15339.2	45
15339.3	34
15339.3	22
15339.3	31
15339.3	39
15339.4	54
15339.4	47
15339.4	29
15339.5	53
15339.5	25
15339.5	51
15339.5	33
15339.6	36
15339.6	24
15339.6	36
15339.6	47
15339.7	22
15339.7	44
15339.7	60
15339.7	44
15339.8	43
15339.8	65
15339.8	50
15339.8	34
15339.9	26
15339.9	37
15339.9	66
15339.9	60.5
15340	55
15340	37
15340	32
15340	33
15340.1	45
15340.1	35
15340.1	46
15340.1	24
15340.2	54
15340.2	52
15340.2	25
15340.2	39
15340.3	52
15340.3	41
15340.3	40
15340.3	38
15340.4	41
15340.4	38
15340.4	16
15340.4	60
15340.5	51
15340.5	46
15340.5	45
15340.6	24
15340.6	40
15340.6	49
15340.6	59
15340.7	44
15340.7	56
15340.7	30
15340.7	46
15340.8	29
15340.8	50
15340.8	30
15340.8	43
15340.9	35
15340.9	48
15340.9	33
15340.9	43
15341	33
15341	17
15341	54
15341	30
15341.1	41
15341.1	62
15341.1	52
15341.1	37
15341.2	23
15341.2	32
15341.2	47
15341.2	62
15341.3	30
15341.3	61
15341.3	38
15341.3	51
15341.4	51
15341.4	37
15341.4	46
15341.4	37
15341.5	37
15341.5	47
15341.5	38
15341.5	23
15341.6	42
15341.6	52
15341.6	27
15341.6	39
15341.7	49
15341.7	43
15341.7	38
15341.7	43
15341.8	41
15341.8	30
15341.8	53
15341.9	65
15341.9	47
15341.9	42
15341.9	25
15342	56
15342	50
15342	41
15342	47
15342.1	58
15342.1	48
15342.1	45
15342.1	50
15342.2	41
15342.2	35
15342.2	42
15342.2	14
15342.3	55
15342.3	42
15342.3	49
15342.3	37
15342.4	35
15342.4	53
15342.4	47
15342.4	34
15342.5	68
15342.5	35
15342.5	20
15342.5	43
15342.6	35
15342.6	40
15342.6	47
15342.6	46
15342.7	53
15342.7	47
15342.7	54
15342.7	37
15342.8	43
15342.8	28
15342.8	39
15342.8	19
15342.9	36
15342.9	29
15342.9	50
15342.9	47
15343	49
15343	58
15343	46
15343	43
15343.1	37
15343.1	52
15343.1	47
15343.1	31
15343.2	39
15343.2	38
15343.2	42
15343.2	43
15343.3	55
15343.3	43
15343.3	55
15343.3	37
15343.4	37
15343.4	43
15343.4	27
15343.4	37
15343.5	42
15343.5	56
15343.5	35
15343.5	55
15343.6	30
15343.6	33
15343.6	28
15343.6	45
15343.7	43
15343.7	53
15343.7	40
15343.7	42
15343.8	30
15343.8	39
15343.8	58
15343.8	34
15343.9	51
15343.9	21
15343.9	41
15344	47
15344	45
15344	39
15344	54
15344.1	32
15344.1	45
15344.1	30
15344.1	37
15344.2	49
15344.2	20
15344.2	32
15344.2	45
15344.3	42
15344.3	50
15344.3	42
15344.3	36
15344.4	48
15344.4	35
15344.4	47
15344.4	39
15344.5	44
15344.5	60
15344.5	39
15344.5	39
15344.6	45
15344.6	30
15344.6	42
15344.6	37
15344.7	55
15344.7	38
15344.7	47
15344.7	25
15344.8	38
15344.8	43
15344.8	37
15344.8	29
15344.9	48
15344.9	41
15344.9	57
15344.9	22
15345	40
15345	52
15345	40
15345	60
15345.1	43
15345.1	36
15345.1	46
15345.1	30
15345.2	42
15345.2	39
15345.2	34
15345.2	51
15345.3	37
15345.3	49
15345.3	39
15345.3	31
15345.4	51
15345.4	32
15345.4	32
15345.4	35
15345.5	39
15345.5	37
15345.5	30
15345.5	30
15345.6	41
15345.6	51
15345.6	48
15345.6	47
15345.7	37
15345.7	18
15345.7	49
15345.7	34
15345.8	39
15345.8	38
15345.8	13
15345.8	44
15345.9	55
15345.9	37
15345.9	57
15345.9	28
15346	32
15346	43
15346	20
15346	38
15346.1	30
15346.1	42
15346.1	51
15346.1	54
15346.2	57
15346.2	53
15346.2	29
15346.2	33
15346.3	37
15346.3	52
15346.3	38
15346.3	36
15346.4	36
15346.4	40
15346.4	22
15346.4	35
15346.5	50
15346.5	48
15346.5	26
15346.5	57
15346.6	35
15346.6	21
15346.6	54
15346.6	37
15346.7	38
15346.7	47
15346.7	56
15346.7	49
15346.8	36
15346.8	27
15346.8	51
15346.8	34
15346.9	48
15346.9	54
15346.9	43
15346.9	45
15347	41
15347	48
15347	41
15347	41
15347.1	46
15347.1	44
15347.1	44
15347.1	52
15347.2	24
15347.2	53
15347.2	44
15347.2	42
15347.3	26
15347.3	48
15347.3	44
15347.3	56
15347.4	45
15347.4	49
15347.4	52
15347.4	42
15347.5	38
15347.5	42
15347.5	40
15347.5	36
15347.6	47
15347.6	23
15347.6	49
15347.6	46
15347.7	50
15347.7	49
15347.7	39
15347.7	34
15347.8	43
15347.8	49
15347.8	44
15347.8	39
15347.9	33
15347.9	45
15347.9	62
15347.9	42
15348	67
15348	48
15348	40
15348	29
15348.1	37
15348.1	37
15348.1	54
15348.1	48
15348.2	38
15348.2	50
15348.2	54
15348.2	47
15348.3	34
15348.3	39
15348.3	41
15348.3	49
15348.4	45
15348.4	39
15348.4	47
15348.4	30
15348.5	34
15348.5	32
15348.5	57
15348.5	49
15348.6	25
15348.6	41
15348.6	30
15348.6	30
15348.7	28
15348.7	38
15348.7	32
15348.7	39
15348.7	53
15348.8	38
15348.8	39
15348.8	42
15348.8	61
15348.9	40
15348.9	29
15348.9	45
15348.9	45
15349	36
15349	34
15349	44
15349	40
15349.1	36
15349.1	38
15349.1	43
15349.1	32
15349.2	52
15349.2	34
15349.2	39
15349.2	25
15349.3	56
15349.3	36
15349.3	45
15349.3	47
15349.4	44
15349.4	60
15349.4	60
15349.4	48
15349.5	43
15349.5	30
15349.5	26
15349.5	40
15349.6	34
15349.6	47
15349.6	53
15349.6	21
15349.7	44
15349.7	43
15349.7	49
15349.7	42
15349.8	48
15349.8	46
15349.8	37
15349.8	48
15349.9	51
15349.9	28
15349.9	31
15349.9	58
15350	40
15350	43
15350	44
15350	41
15350.1	25
15350.1	52
15350.1	35
15350.1	50
15350.2	38
15350.2	44
15350.2	40
15350.2	41
15350.3	39
15350.3	37
15350.3	20
15350.3	52
15350.4	40
15350.4	55
15350.4	50
15350.4	34
15350.5	44
15350.5	46
15350.5	31
15350.5	43
15350.6	29
15350.6	22
15350.6	45
15350.6	51
15350.7	45
15350.7	40
15350.7	37
15350.7	52
15350.7	33
15350.8	44
15350.8	52
15350.8	46
15350.8	6
15350.9	64
15350.9	34
15350.9	44
15350.9	45
15351	21
15351	40
15351	35
15351	54
15351.1	52
15351.1	40
15351.1	42
15351.1	33
15351.2	49
15351.2	36
15351.2	38
15351.2	49
15351.3	50
15351.3	58
15351.3	54
15351.3	51
15351.4	36
15351.4	25
15351.4	35
15351.4	43
15351.5	25
15351.5	54
15351.5	36
15351.5	35
15351.6	49
15351.6	48
15351.6	59
15351.6	52
15351.7	23
15351.7	58
15351.7	42
15351.7	45
15351.8	48
15351.8	23
15351.8	49
15351.8	35
15351.9	40
15351.9	38
15351.9	29
15351.9	40
15352	51
15352	44
15352	51
15352	46
15352	44
15352.1	17
15352.1	44
15352.1	43
15352.1	43
15352.2	34
15352.2	24
15352.2	22
15352.2	33
15352.3	37
15352.3	25
15352.3	26
15352.3	47
15352.4	56
15352.4	40
15352.4	36
15352.4	41
15352.5	43
15352.5	54
15352.5	30
15352.5	64
15352.6	30
15352.6	35
15352.6	33
15352.6	45
15352.7	56
15352.7	29
15352.7	17
15352.7	44
15352.8	14
15352.8	36
15352.8	50
15352.8	56
15352.9	28
15352.9	25
15352.9	38
15352.9	45
15353	44
15353	34
15353	36
15353	45
15353	60
15353.1	44
15353.1	39
15353.1	30
15353.1	26
15353.2	48
15353.2	72
15353.2	43
15353.2	43
15353.3	51
15353.3	48
15353.3	38
15353.3	41
15353.4	29
15353.4	31
15353.4	56
15353.4	49
15353.5	30
15353.5	50
15353.5	43
15353.5	22
15353.6	50
15353.6	49
15353.6	47
15353.6	41
15353.7	21
15353.7	53
15353.7	40
15353.7	45
15353.8	46
15353.8	48
15353.8	28
15353.8	36
15353.9	42
15353.9	33
15353.9	42
15353.9	30
15354	38
15354	43
15354	38
15354	21
15354	49
15354.1	27
15354.1	55
15354.1	65
15354.1	46
15354.2	44
15354.2	31
15354.2	53
15354.2	38
15354.3	35
15354.3	44
15354.3	47
15354.3	34
15354.4	37
15354.4	57
15354.4	37.9252
15354.4	28.9433
15354.5	15.4052
15354.5	51.487
15354.5	33.7907
15354.5	49.9398
15354.6	31.9876
15354.6	17.7726
15354.6	36.8012
15354.6	39.3212
15354.7	41.2704
15354.7	38.9992
15354.7	35.8913
15354.7	34.9584
15354.8	42.2599
15354.8	34.7481
15354.8	24.035
15354.8	26.2829
15354.8	22.0236
15354.9	32.5338
15354.9	43.996
15354.9	41.949
15354.9	25.1338
15355	36.065
15355	29.9783
15355	34.5572
15355	35.1219
15355.1	47.7773
15355.1	35.604
15355.1	36.466
15355.1	38.4592
15355.2	32.9953
15355.2	37.438
15355.2	43.6911
15355.2	30.4229
15355.3	41.6632
15355.3	41.1938
15355.3	30.3505
15355.3	43.0672
15355.4	26.8982
15355.4	34.5333
15355.4	41.0813
15355.4	40.3246
15355.5	32.2942
15355.5	41.8825
15355.5	35.9946
15355.5	36.6889
15355.5	37.3369
15355.6	37.1215
15355.6	40.2103
15355.6	37.2769
15355.6	35.1769
15355.7	29.6589
15355.7	33.5862
15355.7	28.7782
15355.7	37.8505
15355.8	23.3644
15355.8	42.9887
15355.8	34.6494
15355.8	28.4689
15355.9	40.479
15355.9	27.2572
15355.9	32.6299
15355.9	44.575
15356	37.2931
15356	34.3539
15356	41.6379
15356	28.5374
15356.1	30.5471
15356.1	37.5643
15356.1	31.6292
15356.1	28.5923
15356.2	30.9657
15356.2	21.5968
15356.2	36.4517
15356.2	24.0641
15356.2	30.5497
15356.3	42.95
15356.3	34.0667
15356.3	22.6054
15356.3	21.3145
15356.4	34.4114
15356.4	30.3621
15356.4	25.1677
15356.4	32.9976
15356.5	28.5928
15356.5	21.468
15356.5	28.3764
15356.5	28.2494
15356.6	40.4575
15356.6	34.3074
15356.6	26.7381
15356.6	35.866
15356.7	39.8379
15356.7	28.9603
15356.7	28.9956
15356.7	17.7829
15356.8	19.8021
15356.8	19.2881
15356.8	14.1035
15356.8	25.1186
15356.8	26.6355
15356.9	25.7931
15356.9	32.2749
15356.9	37.5583
15356.9	33.339
15357	28.6099
15357	36
15357	22
15357	13
15357.1	38
15357.1	28
15357.1	60
15357.1	45
15357.2	32
15357.2	53
15357.2	16
15357.2	42
15357.3	34
15357.3	14
15357.3	16
15357.3	42
15357.4	21
15357.4	31
15357.4	33
15357.4	22
15357.5	25
15357.5	26
15357.5	47
15357.5	28
15357.6	25
15357.6	18
15357.6	37
15357.6	17
15357.7	30
15357.7	20
15357.7	31
15357.7	26
15357.8	42
15357.8	29
15357.8	36
15357.8	41
15357.9	33
15357.9	27
15357.9	28
15357.9	24
15358	24
15358	32
15358	25
15358	40
15358.1	18
15358.1	38
15358.1	36
15358.1	34
15358.2	58
15358.2	35
15358.2	39
15358.2	58
15358.3	33
15358.3	31
15358.3	45
15358.3	37
15358.4	37
15358.4	28
15358.4	19
15358.4	16
15358.5	50
15358.5	42
15358.5	28
15358.5	31
15358.6	30
15358.6	43
15358.6	45
15358.6	40
15358.7	31
15358.7	31
15358.7	39
15358.7	28
15358.8	34
15358.8	23
15358.8	13
15358.8	35
15358.9	36
15358.9	43
15358.9	37
15358.9	38
15359	33
15359	34
15359	29
15359	22
15359.1	43
15359.1	22
15359.1	31
15359.1	40
15359.2	41
15359.2	49
15359.2	27
15359.2	61
15359.3	60
15359.3	36
15359.3	26
15359.3	47
15359.4	26
15359.4	42
15359.4	28
15359.4	17
15359.5	49
15359.5	45
15359.5	33
15359.5	44
15359.6	44
15359.6	44
15359.6	46
15359.6	16
15359.7	26
15359.7	40
15359.7	28
15359.7	29
15359.8	36
15359.8	35
15359.8	42
15359.8	36
15359.8	48
15359.9	36
15359.9	17
15359.9	55
15359.9	52
15360	24
15360	36
15360	42
15360	51
15360.1	42
15360.1	58
15360.1	50
15360.1	41
15360.2	27
15360.2	49
15360.2	17
15360.2	39
15360.3	28
15360.3	23
15360.3	28
15360.3	36
15360.4	51
15360.4	44
15360.4	33
15360.4	34
15360.5	32
15360.5	31
15360.5	38
15360.5	44
15360.6	49
15360.6	36
15360.6	53
15360.6	47
15360.7	50
15360.7	56
15360.7	18
15360.7	52
15360.8	27
15360.8	47
15360.8	42
15360.8	53
15360.9	28
15360.9	39
15360.9	43
15360.9	43
15361	26
15361	26
15361	39
15361	37
15361.1	47
15361.1	35
15361.1	41
15361.1	29
15361.2	30
15361.2	41
15361.2	45
15361.2	34
15361.3	46
15361.3	41
15361.3	44
15361.3	50
15361.4	49
15361.4	37
15361.4	56
15361.4	42
15361.5	41
15361.5	24
15361.5	46
15361.5	30
15361.6	51
15361.6	40
15361.6	58
15361.6	35
15361.7	35
15361.7	41
15361.7	34
15361.7	55
15361.8	27
15361.8	27
15361.8	32
15361.8	59
15361.9	41
15361.9	55
15361.9	39
15361.9	30
15361.9	21
15362	52
15362	35
15362	47
15362	43
15362.1	40
15362.1	40
15362.1	41
15362.1	43
15362.2	39
15362.2	40
15362.2	48
15362.2	46
15362.3	55
15362.3	41
15362.3	34
15362.3	28
15362.4	55
15362.4	49
15362.4	56
15362.4	39
15362.5	32
15362.5	49
15362.5	40
15362.5	46
15362.6	49
15362.6	36
15362.6	40
15362.6	32
15362.7	45
15362.7	40
15362.7	44
15362.7	22
15362.8	44
15362.8	46
15362.8	48
15362.8	26
15362.9	47
15362.9	40
15362.9	41
15362.9	20
15363	51
15363	35
15363	46
15363	50
15363.1	24
15363.1	29
15363.1	27
15363.1	47
15363.2	37
15363.2	30
15363.2	38
15363.2	59
15363.2	35
15363.3	40
15363.3	47
15363.3	57
15363.3	49
15363.4	41
15363.4	42
15363.4	43
15363.4	36
15363.5	40
15363.5	36
15363.5	17
15363.5	33
15363.6	46
15363.6	52
15363.6	48
15363.6	34
15363.7	40
15363.7	23
15363.7	62
15363.7	50
15363.8	37
15363.8	38
15363.8	45
15363.8	27
15363.9	37
15363.9	38
15363.9	29
15363.9	44
15364	25
15364	54
15364	41
15364	36
15364.1	42
15364.1	50
15364.1	29
15364.1	38
15364.2	50
15364.2	51
15364.2	23
15364.2	32
15364.3	39
15364.3	49
15364.3	41
15364.3	51
15364.3	44
15364.4	49
15364.4	52
15364.4	40
15364.4	33
15364.5	18
15364.5	48
15364.5	48
15364.5	34
15364.6	46
15364.6	39
15364.6	36
15364.6	46
15364.7	27
15364.7	31
15364.7	45
15364.7	18
15364.8	33
15364.8	39
15364.8	29
15364.8	42
15364.9	23
15364.9	54
15364.9	55
15364.9	52
15365	43
15365	43
15365	41
15365	43
15365.1	42
15365.1	39
15365.1	57
15365.1	40
15365.2	33
15365.2	47
15365.2	59
15365.2	48
15365.2	40
15365.3	10
15365.3	33
15365.3	45
15365.3	44
15365.4	48
15365.4	39
15365.4	32
15365.4	54
15365.5	32
15365.5	62
15365.5	47
15365.5	38
15365.6	47
15365.6	30
15365.6	33
15365.6	53
15365.7	41
15365.7	41
15365.7	41
15365.7	48
15365.8	54
15365.8	44
15365.8	34
15365.8	42
15365.9	22
15365.9	49
15365.9	42
15365.9	45
15366	35
15366	45
15366	52
15366	57
15366	34
15366.1	29
15366.1	42
15366.1	42
15366.1	52
15366.2	45
15366.2	32
15366.2	47
15366.2	39
15366.3	38
15366.3	44
15366.3	50
15366.3	49
15366.4	55
15366.4	33
15366.4	56
15366.4	23
15366.5	64
15366.5	37
15366.5	52
15366.5	54
15366.6	53
15366.6	40
15366.6	38
15366.6	36
15366.7	43
15366.7	58
15366.7	36
15366.7	33
15366.8	40
15366.8	53
15366.8	53
15366.8	44
15366.8	42
15366.9	36
15366.9	44
15366.9	24
15366.9	30
15367	35
15367	30
15367	46
15367	48
15367.1	57
15367.1	39
15367.1	51
15367.1	31
15367.2	54
15367.2	40
15367.2	47
15367.2	55
15367.3	25
15367.3	37
15367.3	38
15367.3	39
15367.4	47
15367.4	40
15367.4	34
15367.4	55
15367.5	37
15367.5	69
15367.5	40
15367.5	5
15367.5	47
15367.6	40
15367.6	24
15367.6	54
15367.6	44
15367.7	33
15367.7	46
15367.7	48
15367.7	55
15367.8	42
15367.8	38
15367.8	37
15367.8	38
15367.9	37
15367.9	25
15367.9	37
15367.9	38
15368	39
15368	46
15368	36
15368	40
15368.1	51
15368.1	57
15368.1	51
15368.1	30
15368.1	46
15368.2	23
15368.2	66
15368.2	39
15368.2	59
15368.3	57
15368.3	43
15368.3	37
15368.3	61
15368.4	39
15368.4	28
15368.4	47
15368.4	60
15368.5	32
15368.5	41
15368.5	28
15368.5	45
15368.6	48
15368.6	38
15368.6	46
15368.6	48
15368.7	62
15368.7	32
15368.7	55
15368.7	35
15368.7	58
15368.8	35
15368.8	40
15368.8	35
15368.8	37
15368.9	59
15368.9	47
15368.9	58
15368.9	45
15369	40
15369	27
15369	53
15369	39
15369.1	38
15369.1	38
15369.1	45
15369.1	44
15369.2	35
15369.2	47
15369.2	53
15369.2	56
15369.3	34
15369.3	33
15369.3	35
15369.3	28
15369.3	30
15369.4	45
15369.4	56
15369.4	43
15369.4	52
15369.5	37
15369.5	24
15369.5	38
15369.5	39
15369.6	48
15369.6	34
15369.6	44
15369.6	45
15369.7	41
15369.7	38
15369.7	45
15369.7	46
15369.8	36
15369.8	26
15369.8	51
15369.8	48
15369.8	33
15369.9	40
15369.9	21
15369.9	35
15369.9	34
15370	46
15370	46
15370	16
15370	53
15370.1	69
15370.1	43
15370.1	39
15370.1	36
15370.2	34
15370.2	36
15370.2	41
15370.2	35
15370.3	44
15370.3	33
15370.3	56
15370.3	46
15370.3	51
15370.4	32
15370.4	36
15370.4	34
15370.4	37
15370.5	41
15370.5	52
15370.5	30
15370.5	9
15370.6	52
15370.6	40
15370.6	40
15370.6	53
15370.7	38
15370.7	26
15370.7	40
15370.7	46
15370.8	42
15370.8	55
15370.8	55
15370.8	44
15370.8	33
15370.9	29
15370.9	35
15370.9	41
15370.9	38
15371	46
15371	46
15371	41
15371	32
15371.1	47
15371.1	51
15371.1	41
15371.1	50
15371.2	50
15371.2	41
15371.2	53
15371.2	38
15371.3	31
15371.3	31
15371.3	36
15371.3	30
15371.3	53
15371.4	45
15371.4	45
15371.4	32
15371.4	-1
15371.5	52
15371.5	38
15371.5	52
15371.5	28
15371.6	25
15371.6	42
15371.6	49
15371.6	54
15371.7	54
15371.7	46
15371.7	51
15371.7	48
15371.8	47
15371.8	45
15371.8	41
15371.8	49
15371.8	46
15371.9	41
15371.9	38
15371.9	52
15371.9	38
15372	41
15372	34
15372	45
15372	52
15372.1	55
15372.1	36
15372.1	33
15372.1	42
15372.2	36
15372.2	55
15372.2	36
15372.2	26
15372.2	41
15372.3	34
15372.3	49
15372.3	34
15372.3	37
15372.4	48
15372.4	59
15372.4	40
15372.4	45
15372.5	60
15372.5	24
15372.5	37
15372.5	48
15372.6	30
15372.6	50
15372.6	38
15372.6	50
15372.6	42
15372.7	47
15372.7	61
15372.7	29
15372.7	49
15372.8	37
15372.8	37
15372.8	32
15372.8	36
15372.9	48
15372.9	54
15372.9	42
15372.9	46
15373	34
15373	40
15373	35
15373	55
15373.1	43
15373.1	21
15373.1	40
15373.1	37
15373.1	35
15373.2	35
15373.2	70
15373.2	44
15373.2	48
15373.3	29
15373.3	55
15373.3	39
15373.3	50
15373.4	42
15373.4	34
15373.4	25
15373.4	49
15373.5	53
15373.5	55
15373.5	41
15373.5	34
15373.5	34
15373.6	48
15373.6	53
15373.6	32
15373.6	49
15373.7	29
15373.7	56
15373.7	52
15373.7	48
15373.8	40
15373.8	28
15373.8	48
15373.8	32
15373.9	44
15373.9	22
15373.9	26
15373.9	44
15373.9	52
15374	52
15374	53
15374	39
15374	52
15374.1	34
15374.1	34
15374.1	44
15374.1	37
15374.2	30
15374.2	35
15374.2	51
15374.2	30
15374.2	42
15374.3	55
15374.3	35
15374.3	43
15374.3	39
15374.4	51
15374.4	37
15374.4	33
15374.4	67
15374.5	49
15374.5	41
15374.5	42
15374.5	36
15374.6	39
15374.6	64
15374.6	42
15374.6	47
15374.6	32
15374.7	27
15374.7	44
15374.7	45
15374.7	43
15374.8	42
15374.8	39
15374.8	46
15374.8	38
15374.9	27
15374.9	47
15374.9	21
15374.9	25
15375	51
15375	51
15375	23
15375	46
15375	42
15375.1	53
15375.1	49
15375.1	45
15375.1	47
15375.2	27
15375.2	38
15375.2	48
15375.2	34
15375.3	31
15375.3	29
15375.3	49
15375.3	46
15375.3	31
15375.4	43
15375.4	22
15375.4	36
15375.4	37
15375.5	39
15375.5	33
15375.5	37
15375.5	50
15375.6	46
15375.6	45
15375.6	40
15375.6	32
15375.7	57
15375.7	53
15375.7	40
15375.7	36
15375.7	54
15375.8	50
15375.8	50
15375.8	52
15375.8	38
15375.9	37
15375.9	49
15375.9	51
15375.9	36
15376	29
15376	50
15376	46
15376	47
15376	30
15376.1	32
15376.1	35
15376.1	41
15376.1	29
15376.2	43
15376.2	38
15376.2	43
15376.2	46
15376.3	52
15376.3	57
15376.3	33
15376.3	33
15376.4	27
15376.4	56
15376.4	50
15376.4	34
15376.4	34
15376.5	19
15376.5	62
15376.5	33
15376.5	65
15376.6	11
15376.6	21
15376.6	39
15376.6	40
15376.7	42
15376.7	51
15376.7	32
15376.7	57
15376.7	46
15376.8	40.7892
15376.8	60.3389
15376.8	43.5577
15376.8	41.1704
15376.9	48.2977
15376.9	38.0222
15376.9	38.7825
15376.9	36.5683
15377	36.0019
15377	44.2249
15377	38.368
15377	41.8539
15377	35.3513
15377.1	47.1739
15377.1	36.9529
15377.1	46.7908
15377.1	45.4517
15377.2	49.3188
15377.2	35.885
15377.2	52.7261
15377.2	41.7223
15377.3	43.4559
15377.3	35.5657
15377.3	45.2938
15377.3	43.1943
15377.3	39.1118
15377.4	34.9791
15377.4	37.6064
15377.4	29.2526
15377.4	30.2493
15377.5	30.9307
15377.5	41.7118
15377.5	41.7046
15377.5	48.1934
15377.6	33.6372
15377.6	30.0113
15377.6	16.9358
15377.6	30.276
15377.6	39.9856
15377.7	35.6744
15377.7	31.4612
15377.7	27.4846
15377.7	32.098
15377.8	34.6535
15377.8	47.6816
15377.8	35.3461
15377.8	32.8239
15377.9	27.2693
15377.9	43.9782
15377.9	44.819
15377.9	34.6116
15377.9	36.1402
15378	28.5156
15378	27.4208
15378	47.0618
15378	43.0083
15378.1	38.9476
15378.1	29.7806
15378.1	23.0285
15378.1	25.15
15378.2	35.7377
15378.2	45.2118
15378.2	37.7886
15378.2	23.7379
15378.3	25.7362
15378.3	32.5394
15378.3	42.3309
15378.3	33.8209
15378.3	29.2098
15378.4	25.3065
15378.4	27.8482
15378.4	43.6557
15378.4	36.0228
15378.5	23.8531
15378.5	25.2826
15378.5	22.1337
15378.5	35.8147
15378.5	45.2647
15378.6	37.3713
15378.6	27.6329
15378.6	32.0213
15378.6	27.5998
15378.7	30.0433
15378.7	38.1332
15378.7	23.1491
15378.7	31.1202
15378.8	43.3577
15378.8	16.2849
15378.8	30.6893
15378.8	37.7869
15378.8	28.9457
15378.9	32.2585
15378.9	25.3411
15378.9	30.4405
15378.9	36.1983
15379	25.7065
15379	24.1794
15379	24.3374
15379	18.9606
15379.1	24.5993
15379.1	36.1618
15379.1	36.5081
15379.1	37
15379.1	24
15379.2	7
15379.2	28
15379.2	16
15379.2	30
15379.3	18
15379.3	19
15379.3	40
15379.3	26
15379.4	9
15379.4	35
15379.4	27
15379.4	6
15379.5	43
15379.5	28
15379.5	25
15379.5	15
15379.5	31
15379.6	25
15379.6	32
15379.6	22
15379.6	37
15379.7	39
15379.7	28
15379.7	22
15379.7	39
15379.8	22
15379.8	21
15379.8	40
15379.8	37
15379.9	47
15379.9	45
15379.9	32
15379.9	34
15380	20
15380	27
15380	24
15380	40
15380.1	27
15380.1	24
15380.1	35
15380.1	40
15380.1	38
15380.2	39
15380.2	28
15380.2	33
15380.2	36
15380.3	31
15380.3	33
15380.3	40
15380.3	20
15380.4	40
15380.4	33
15380.4	34
15380.4	34
15380.5	50
15380.5	22
15380.5	52
15380.5	17
15380.6	43
15380.6	39
15380.6	35
15380.6	56
15380.7	16
15380.7	33
15380.7	35
15380.7	27
15380.7	32
15380.8	28
15380.8	36
15380.8	39
15380.8	35
15380.9	24
15380.9	38
15380.9	30
15380.9	41
15381	41
15381	28
15381	51
15381	33
15381.1	36
15381.1	42
15381.1	24
15381.1	25
15381.2	36
15381.2	28
15381.2	53
15381.2	24
15381.2	32
15381.3	42
15381.3	36
15381.3	32
15381.3	52
15381.4	24
15381.4	35
15381.4	42
15381.4	34
15381.5	38
15381.5	28
15381.5	37
15381.5	41
15381.6	27
15381.6	23
15381.6	46
15381.6	38
15381.7	38
15381.7	25
15381.7	47
15381.7	23
15381.7	35
15381.8	39
15381.8	28
15381.8	39
15381.8	35
15381.9	37
15381.9	23
15381.9	28
15381.9	37
15382	33
15382	30
15382	29
15382	36
15382.1	36
15382.1	48
15382.1	41
15382.1	20
15382.2	34
15382.2	26
15382.2	32
15382.2	62
15382.2	38
15382.3	25
15382.3	35
15382.3	16
15382.3	31
15382.4	51
15382.4	30
15382.4	35
15382.4	28
15382.5	39
15382.5	25
15382.5	29
15382.5	43
15382.6	26
15382.6	17
15382.6	30
15382.6	42
15382.6	47
15382.7	49
15382.7	24
15382.7	43
15382.7	43
15382.8	51
15382.8	38
15382.8	30
15382.8	65
15382.9	45
15382.9	15
15382.9	45
15382.9	43
15383	44
15383	38
15383	33
15383	34
15383.1	43
15383.1	48
15383.1	27
15383.1	42
15383.1	23
15383.2	45
15383.2	36
15383.2	45
15383.2	51
15383.3	53
15383.3	36
15383.3	30
15383.3	30
15383.4	45
15383.4	48
15383.4	50
15383.4	55
15383.5	49
15383.5	44
15383.5	40
15383.5	33
15383.5	49
15383.6	38
15383.6	34
15383.6	42
15383.6	38
15383.7	36
15383.7	29
15383.7	25
15383.7	41
15383.8	57
15383.8	34
15383.8	42
15383.8	42
15383.9	28
15383.9	26
15383.9	29
15383.9	51
15383.9	53
15384	38
15384	33
15384	44
15384	39
15384.1	54
15384.1	45
15384.1	24
15384.1	44
15384.2	31
15384.2	49
15384.2	44
15384.2	28
15384.3	42
15384.3	27
15384.3	48
15384.3	48
15384.3	40
15384.4	21
15384.4	67
15384.4	48
15384.4	60
15384.5	32
15384.5	36
15384.5	37
15384.5	50
15384.6	50
15384.6	36
15384.6	30
15384.6	52
15384.7	57
15384.7	41
15384.7	26
15384.7	27
15384.8	40
15384.8	36
15384.8	39.5
15384.8	43
15384.8	57
15384.9	36
15384.9	26
15384.9	32
15384.9	43
15385	46
15385	28
15385	47
15385	38
15385.1	41
15385.1	61
15385.1	50
15385.1	27
15385.1	25
15385.2	46
15385.2	36
15385.2	49
15385.2	29
15385.3	42
15385.3	33
15385.3	48
15385.3	60
15385.4	50
15385.4	43
15385.4	34
15385.4	22
15385.5	32
15385.5	67
15385.5	35
15385.5	51
15385.5	35
15385.6	46
15385.6	45
15385.6	51
15385.6	17
15385.7	43
15385.7	35
15385.7	40
15385.7	59
15385.8	24
15385.8	45
15385.8	35
15385.8	58
15385.9	37
15385.9	32
15385.9	40
15385.9	53
15385.9	47
15386	56
15386	58
15386	46
15386	40
15386.1	39
15386.1	46
15386.1	65
15386.1	43
15386.2	36
15386.2	49
15386.2	35
15386.2	22
15386.3	63
15386.3	44
15386.3	42
15386.3	31
15386.3	53
15386.4	31
15386.4	48
15386.4	33
15386.4	51
15386.5	40
15386.5	59
15386.5	60
15386.5	34
15386.6	19
15386.6	34
15386.6	47
15386.6	34
15386.6	39
15386.7	45
15386.7	43
15386.7	35
15386.7	49
15386.8	41
15386.8	48
15386.8	31
15386.8	43
15386.9	74
15386.9	38
15386.9	40
15386.9	47
15387	31
15387	39
15387	61
15387	52
15387	37
15387.1	39
15387.1	37
15387.1	50
15387.1	38
15387.2	34
15387.2	57
15387.2	38
15387.2	55
15387.3	43
15387.3	29
15387.3	32
15387.3	53
15387.3	53
15387.4	25
15387.4	50
15387.4	44
15387.4	42
15387.5	30
15387.5	36
15387.5	41
15387.5	40
15387.6	25
15387.6	25
15387.6	46
15387.6	44
15387.6	46
15387.7	40
15387.7	32
15387.7	55
15387.7	42
15387.8	49
15387.8	44
15387.8	48
15387.8	33
15387.9	47
15387.9	50
15387.9	64
15387.9	50
15387.9	36
15388	39
15388	67
15388	52
15388	57
15388.1	42
15388.1	23
15388.1	41
15388.1	38
15388.2	56
15388.2	41
15388.2	35
15388.2	38
15388.3	49
15388.3	62
15388.3	60
15388.3	45
15388.3	27
15388.4	40
15388.4	37
15388.4	58
15388.4	42
15388.5	37
15388.5	32
15388.5	50
15388.5	39
15388.6	65
15388.6	50
15388.6	56
15388.6	43
15388.6	59
15388.7	44
15388.7	35
15388.7	22
15388.7	41
15388.8	43
15388.8	54
15388.8	41
15388.8	31
15388.9	58
15388.9	35
15388.9	55
15388.9	42
15388.9	41
15389	27
15389	53
15389	39
15389	49
15389.1	58
15389.1	39
15389.1	44
15389.1	37
15389.2	46
15389.2	43
15389.2	35
15389.2	30
15389.2	42
15389.3	43
15389.3	47
15389.3	47
15389.3	47
15389.4	31
15389.4	57
15389.4	43
15389.4	43
15389.5	29
15389.5	43
15389.5	36
15389.5	29
15389.5	57
15389.6	28
15389.6	39
15389.6	50
15389.6	44
15389.7	42
15389.7	32
15389.7	29
15389.7	23
15389.8	34
15389.8	35
15389.8	42
15389.8	30
15389.8	39
15389.9	47
15389.9	41
15389.9	39
15389.9	43
15390	39
15390	43
15390	52
15390	39
15390.1	33
15390.1	39
15390.1	41
15390.1	44
15390.1	35
15390.2	58
15390.2	61
15390.2	30
15390.2	38
15390.3	33
15390.3	53
15390.3	46
15390.3	31
15390.4	55
15390.4	42
15390.4	52
15390.4	47
15390.4	47
15390.5	37
15390.5	27
15390.5	52
15390.5	47
15390.6	45
15390.6	36
15390.6	53
15390.6	34
15390.6	55
15390.7	52
15390.7	34
15390.7	22
15390.7	51
15390.8	59
15390.8	52
15390.8	51
15390.8	41
15390.9	17
15390.9	39
15390.9	44
15390.9	47
15390.9	38
15391	42
15391	55
15391	24
15391	41
15391.1	49
15391.1	39
15391.1	17
15391.1	40
15391.2	48
15391.2	30
15391.2	43
15391.2	38
15391.2	28
15391.3	54
15391.3	45
15391.3	51
15391.3	45
15391.4	30
15391.4	43
15391.4	58
15391.4	37
15391.5	58
15391.5	41
15391.5	35
15391.5	53
15391.5	44
15391.6	49
15391.6	44
15391.6	23
15391.6	34
15391.7	40
15391.7	48
15391.7	32
15391.7	41
15391.7	29
15391.8	46
15391.8	36
15391.8	48
15391.8	48
15391.9	32
15391.9	55
15391.9	52
15391.9	60
15392	46
15392	36
15392	33
15392	56
15392	50
15392.1	69
15392.1	26
15392.1	28
15392.1	44
15392.2	51
15392.2	44
15392.2	41
15392.2	30
15392.3	22
15392.3	45
15392.3	38
15392.3	54
15392.3	33
15392.4	39
15392.4	60
15392.4	39
15392.4	39
15392.5	34
15392.5	35
15392.5	42
15392.5	45
15392.5	45
15392.6	43
15392.6	49
15392.6	13
15392.6	30
15392.7	30
15392.7	59
15392.7	54
15392.7	54
15392.8	49
15392.8	47
15392.8	43
15392.8	39
15392.8	47
15392.9	38
15392.9	29
15392.9	49
15392.9	67
15393	45
15393	31
15393	54
15393	48
15393	49
15393.1	54
15393.1	35
15393.1	43
15393.1	46
15393.2	36
15393.2	45
15393.2	35
15393.2	31
15393.3	45
15393.3	50
15393.3	14
15393.3	29
15393.3	47
15393.4	58
15393.4	53
15393.4	49
15393.4	50
15393.5	51
15393.5	29
15393.5	38
15393.5	46
15393.5	65
15393.6	39
15393.6	36
15393.6	33
15393.6	43
15393.7	40
15393.7	53
15393.7	42
15393.7	40
15393.8	43
15393.8	38
15393.8	54
15393.8	35
15393.8	38
15393.9	43
15393.9	47
15393.9	41
15393.9	51
15394	29
15394	35
15394	47
15394	46
15394	59
15394.1	50
15394.1	33
15394.1	39
15394.1	59
15394.2	51
15394.2	55
15394.2	38
15394.2	35
15394.2	29
15394.3	39
15394.3	33
15394.3	51
15394.3	51
15394.4	34
15394.4	39
15394.4	40
15394.4	39
15394.5	37
15394.5	41
15394.5	19
15394.5	60
15394.5	43
15394.6	38
15394.6	52
15394.6	39
15394.6	26
15394.7	45
15394.7	51
15394.7	42
15394.7	35
15394.7	41
15394.8	42
15394.8	49
15394.8	33
15394.8	59
15394.9	32
15394.9	59
15394.9	36
15394.9	30
15394.9	33
15395	30
15395	35
15395	54
15395	45
15395.1	46
15395.1	47
15395.1	27
15395.1	43
15395.1	42
15395.2	47
15395.2	39
15395.2	33
15395.2	37
15395.3	51
15395.3	49
15395.3	39
15395.3	46
15395.4	38
15395.4	49
15395.4	40
15395.4	45
15395.4	57
15395.5	25
15395.5	46
15395.5	44
15395.5	48
15395.6	38
15395.6	14
15395.6	41
15395.6	58
15395.6	34
15395.7	55
15395.7	55
15395.7	44
15395.7	45
15395.8	43
15395.8	55
15395.8	29
15395.8	30
15395.8	36
15395.9	41
15395.9	45
15395.9	48
15395.9	31
15396	42
15396	56
15396	42
15396	58
15396	47
15396.1	17
15396.1	42
15396.1	35
15396.1	47
15396.2	45
15396.2	42
15396.2	45
15396.2	65
15396.3	39
15396.3	56
15396.3	39
15396.3	22
15396.3	40
15396.4	47
15396.4	56
15396.4	35
15396.4	41
15396.5	44
15396.5	35
15396.5	58
15396.5	51
15396.5	40
15396.6	36
15396.6	39
15396.6	55
15396.6	49
15396.7	40
15396.7	38
15396.7	49
15396.7	55
15396.7	46
15396.8	58
15396.8	37
15396.8	54
15396.8	55
15396.9	35
15396.9	25
15396.9	48
15396.9	41
15396.9	19
15397	51
15397	48
15397	52
15397	36
15397.1	45
15397.1	43
15397.1	36
15397.1	58
15397.1	24
15397.2	30
15397.2	47
15397.2	52
15397.2	63
15397.3	28
15397.3	37
15397.3	31
15397.3	46
15397.3	45
15397.4	32
15397.4	36
15397.4	29
15397.4	37
15397.5	44
15397.5	46
15397.5	60
15397.5	40
15397.5	58
15397.6	56
15397.6	35
15397.6	64
15397.6	48
15397.7	37
15397.7	46
15397.7	47
15397.7	58
15397.7	44
15397.8	30
15397.8	47
15397.8	53
15397.8	59
15397.9	40
15397.9	21
15397.9	31
15397.9	42
15397.9	43
15398	32
15398	42
15398	35
15398	47
15398.1	55
15398.1	52
15398.1	41
15398.1	47
15398.1	17.0337
15398.2	40.7305
15398.2	58.9701
15398.2	32.0491
15398.2	29.1866
15398.3	30.9449
15398.3	49.0828
15398.3	50.8052
15398.3	35.4575
15398.3	48.8887
15398.4	34.1935
15398.4	44.5848
15398.4	31.2275
15398.4	44.7414
15398.5	35.6208
15398.5	44.3766
15398.5	40.0142
15398.5	37.3543
15398.5	34.7981
15398.6	45.9729
15398.6	52.3269
15398.6	45.3733
15398.6	36.264
15398.7	46.3147
15398.7	46.8173
15398.7	34.8902
15398.7	47.101
15398.7	41.2949
15398.8	39.26
15398.8	44.3125
15398.8	40.3926
15398.8	27.2344
15398.9	37.2221
15398.9	38.5964
15398.9	44.9521
15398.9	37.1532
15398.9	34.2831
15399	34.5096
15399	38.4651
15399	26.7769
15399	45.454
15399.1	38.2041
15399.1	40.4673
15399.1	46.301
15399.1	36.1635
15399.1	35.9925
15399.2	32.544
15399.2	25.965
15399.2	36.3129
15399.2	27.5258
15399.3	25.2405
15399.3	38.3587
15399.3	40.1122
15399.3	29.6111
15399.3	34.7718
15399.4	28.1242
15399.4	30.9245
15399.4	39.3579
15399.4	40.1152
15399.5	29.5371
15399.5	24.089
15399.5	30.6596
15399.5	44.6419
15399.5	40.3945
15399.6	38.4177
15399.6	28.9383
15399.6	14.3572
15399.6	31.7856
15399.7	27.4381
15399.7	28.4851
15399.7	33.9905
15399.7	21.8674
15399.7	29.4677
15399.8	38.8365
15399.8	36.4654
15399.8	30.5188
15399.8	21.7129
15399.8	22.77
15399.9	36.1089
15399.9	27.4541
15399.9	26.0461
15399.9	26.3828
15400	24.9573
15400	29.9763
15400	48.7012
15400	34.1981
15400	29.0754
15400.1	24.8968
15400.1	20.9278
15400.1	37.0298
15400.1	33.3625
15400.2	25.5072
15400.2	22.0089
15400.2	18.6931
15400.2	19.2396
15400.2	23.0112
15400.3	14.6218
15400.3	20.6747
15400.3	33.6504
15400.3	24.9372
15400.4	18.4067
15400.4	26.0635
15400.4	33.8262
15400.4	47.648
15400.4	35
15400.5	27
15400.5	17
15400.5	20
15400.5	16
15400.6	37
15400.6	31
15400.6	12
15400.6	34
15400.6	34
15400.7	36
15400.7	33
15400.7	22
15400.7	15
15400.8	19
15400.8	30
15400.8	44
15400.8	13
15400.9	31
15400.9	33
15400.9	25
15400.9	40
15400.9	34
15401	5
15401	30
15401	36
15401	28
15401.1	35
15401.1	8
15401.1	43
15401.1	40
15401.2	26
15401.2	43
15401.2	12
15401.2	7
15401.2	28
15401.3	29
15401.3	43
15401.3	36
15401.3	9
15401.4	42
15401.4	14
15401.4	27
15401.4	36
15401.5	20
15401.5	23
15401.5	33
15401.5	41
15401.5	34
15401.6	34
15401.6	35
15401.6	36
15401.6	36
15401.7	41
15401.7	39
15401.7	15
15401.7	14
15401.7	40
15401.8	42
15401.8	47
15401.8	27
15401.8	19
15401.9	30
15401.9	37
15401.9	45
15401.9	57
15402	21
15402	31
15402	26
15402	30
15402	34
15402.1	40
15402.1	25
15402.1	33
15402.1	41
15402.2	41
15402.2	44
15402.2	36
15402.2	28
15402.3	32
15402.3	22
15402.3	38
15402.3	44
15402.3	58
15402.4	50
15402.4	41
15402.4	41
15402.4	40
15402.5	27
15402.5	37
15402.5	16
15402.5	40
15402.5	46
15402.6	33
15402.6	44
15402.6	36
15402.6	50
15402.7	63
15402.7	26
15402.7	26
15402.7	42
15402.8	39
15402.8	33
15402.8	37
15402.8	23
15402.8	59
15402.9	31
15402.9	54
15402.9	44
15402.9	41
15403	37
15403	35
15403	35
15403	40
15403.1	52
15403.1	38
15403.1	27
15403.1	37
15403.1	36
15403.2	40
15403.2	17
15403.2	43
15403.2	42
15403.3	34
15403.3	36
15403.3	36
15403.3	43
15403.3	41
15403.4	41
15403.4	38
15403.4	60
15403.4	49
15403.5	40
15403.5	40
15403.5	69
15403.5	46
15403.6	48
15403.6	22
15403.6	40
15403.6	38
15403.6	49
15403.7	44
15403.7	31
15403.7	32
15403.7	45
15403.8	40
15403.8	44
15403.8	45
15403.8	38
15403.8	14
15403.9	54
15403.9	46
15403.9	46
15403.9	39
15404	37
15404	39
15404	35
15404	25
15404.1	19
15404.1	36
15404.1	29
15404.1	29
15404.1	56
15404.2	67
15404.2	46
15404.2	26
15404.2	42
15404.3	48
15404.3	31
15404.3	55
15404.3	37
15404.3	29
15404.4	32
15404.4	39
15404.4	43
15404.4	30
15404.5	28
15404.5	34
15404.5	39
15404.5	27
15404.5	63
15404.6	32
15404.6	19
15404.6	45
15404.6	39
15404.7	41
15404.7	56
15404.7	21
15404.7	54
15404.8	45
15404.8	50
15404.8	66
15404.8	34
15404.8	25
15404.9	36
15404.9	37
15404.9	45
15404.9	61
15405	32
15405	22
15405	38
15405	48
15405	42
15405.1	36
15405.1	11
15405.1	37
15405.1	52
15405.2	53
15405.2	42
15405.2	49
15405.2	44
15405.3	42
15405.3	40
15405.3	43
15405.3	28
15405.3	52
15405.4	49
15405.4	44
15405.4	27
15405.4	30
15405.5	38
15405.5	52
15405.5	52
15405.5	39
15405.5	43
15405.6	41
15405.6	52
15405.6	44
15405.6	27
15405.7	49
15405.7	40
15405.7	30
15405.7	38
15405.7	43
15405.8	34
15405.8	52
15405.8	45
15405.8	43
15405.9	41
15405.9	39
15405.9	52
15405.9	32
15405.9	17
15406	36
15406	45
15406	46
15406	56
15406.1	50
15406.1	32
15406.1	56
15406.1	37
15406.2	46
15406.2	47
15406.2	30
15406.2	32
15406.2	44
15406.3	47
15406.3	41
15406.3	33
15406.3	62
15406.4	54
15406.4	49
15406.4	48
15406.4	34
15406.4	33
15406.5	51
15406.5	26
15406.5	36
15406.5	31
15406.6	44
15406.6	65
15406.6	39
15406.6	40
15406.6	53
15406.7	40
15406.7	36
15406.7	49
15406.7	28
15406.8	38
15406.8	50
15406.8	54
15406.8	50
15406.8	48
15406.9	31
15406.9	45
15406.9	35
15406.9	43
15407	40
15407	43
15407	50
15407	43
15407	49
15407.1	30
15407.1	39
15407.1	59
15407.1	43
15407.2	44
15407.2	39
15407.2	31
15407.2	35
15407.3	41
15407.3	52
15407.3	57
15407.3	27
15407.3	33
15407.4	58
15407.4	36
15407.4	44
15407.4	35
15407.5	42
15407.5	51
15407.5	66
15407.5	24
15407.5	33
15407.6	47
15407.6	47
15407.6	65
15407.6	46
15407.7	44
15407.7	31
15407.7	55
15407.7	32
15407.7	57
15407.8	40
15407.8	49
15407.8	49
15407.8	34
15407.9	40
15407.9	32
15407.9	38
15407.9	34
15407.9	53
15408	44
15408	46
15408	41
15408	57
15408.1	34
15408.1	48
15408.1	31
15408.1	42
15408.1	44
15408.2	41
15408.2	42
15408.2	39
15408.2	37
15408.3	44
15408.3	26
15408.3	35
15408.3	29
15408.3	38
15408.4	38
15408.4	43
15408.4	49
15408.4	50
15408.5	49
15408.5	47
15408.5	39
15408.5	26
15408.5	47
15408.6	62
15408.6	37
15408.6	39
15408.6	43
15408.7	37
15408.7	39
15408.7	40
15408.7	51
15408.7	21
15408.8	34
15408.8	53
15408.8	50
15408.8	39
15408.9	50
15408.9	29
15408.9	40
15408.9	67
15408.9	57
15409	33
15409	34
15409	16
15409	43
15409.1	46
15409.1	44
15409.1	47
15409.1	30
15409.1	51
15409.2	35
15409.2	44
15409.2	37
15409.2	49
15409.3	29
15409.3	41
15409.3	40
15409.3	42
15409.3	48
15409.4	36
15409.4	32
15409.4	46
15409.4	55
15409.5	50
15409.5	38
15409.5	34
15409.5	41
15409.5	27
15409.6	55
15409.6	51
15409.6	47
15409.6	48
15409.7	39
15409.7	57
15409.7	53
15409.7	33
15409.7	38
15409.8	55
15409.8	38
15409.8	40
15409.8	42
15409.9	43
15409.9	37
15409.9	53
15409.9	40
15409.9	45
15410	51
15410	42
15410	48
15410	34
15410.1	42
15410.1	25
15410.1	51
15410.1	44
15410.1	43
15410.2	57
15410.2	42
15410.2	49
15410.2	36
15410.3	49
15410.3	36
15410.3	57
15410.3	54
15410.3	50
15410.4	54
15410.4	40
15410.4	48
15410.4	55
15410.5	33
15410.5	29
15410.5	66
15410.5	42
15410.5	47
15410.6	46
15410.6	38
15410.6	29
15410.6	53
15410.6	45
15410.7	45
15410.7	37
15410.7	34
15410.7	56
15410.8	38
15410.8	62
15410.8	56
15410.8	21
15410.8	48
15410.9	45
15410.9	33
15410.9	42
15410.9	42
15411	26
15411	22
15411	44
15411	53
15411	31
15411.1	23
15411.1	41
15411.1	56
15411.1	60
15411.2	55
15411.2	23
15411.2	36
15411.2	62
15411.2	56
15411.3	51
15411.3	35
15411.3	36
15411.3	45
15411.4	54
15411.4	31
15411.4	45
15411.4	56
15411.4	36
15411.5	39
15411.5	45
15411.5	52
15411.5	38
15411.6	24
15411.6	39
15411.6	56
15411.6	40
15411.6	33
15411.7	40
15411.7	43
15411.7	46
15411.7	52
15411.7	44
15411.8	38
15411.8	35
15411.8	45
15411.8	38
15411.9	36
15411.9	39
15411.9	25
15411.9	40
15411.9	57
15412	50
15412	35
15412	50
15412	22
15412.1	28
15412.1	45
15412.1	39
15412.1	41
15412.1	51
15412.2	36
15412.2	40
15412.2	55
15412.2	48
15412.3	35
15412.3	40
15412.3	30
15412.3	47
15412.3	32
15412.4	37
15412.4	44
15412.4	35
15412.4	57
15412.5	40
15412.5	36
15412.5	44
15412.5	27
15412.5	48
15412.6	60
15412.6	46
15412.6	46
15412.6	41
15412.6	32
15412.7	50
15412.7	27
15412.7	35
15412.7	56
15412.8	48
15412.8	41
15412.8	59
15412.8	55
15412.8	36
15412.9	24
15412.9	40
15412.9	51
15412.9	51
15413	40
15413	46
15413	52
15413	43
15413	47
15413.1	38
15413.1	53
15413.1	46
15413.1	41
15413.1	47
15413.2	37
15413.2	44
15413.2	45
15413.2	24
15413.3	49
15413.3	60
15413.3	52
15413.3	34
15413.3	32
15413.4	24
15413.4	36
15413.4	36
15413.4	43
15413.5	46
15413.5	68
15413.5	40
15413.5	30
15413.5	45
15413.6	37
15413.6	34
15413.6	40
15413.6	53
15413.7	40
15413.7	46
15413.7	53
15413.7	38
15413.7	26
15413.8	50
15413.8	51
15413.8	40
15413.8	19
15413.8	47
15413.9	37
15413.9	39
15413.9	36
15413.9	61
15414	51
15414	40
15414	35
15414	38
15414	42
15414.1	23
15414.1	34
15414.1	39
15414.1	41
15414.1	45
15414.2	39
15414.2	41
15414.2	43
15414.2	44
15414.3	54
15414.3	37
15414.3	26
15414.3	47
15414.3	54
15414.4	47
15414.4	44
15414.4	43
15414.4	47
15414.5	31
15414.5	41
15414.5	50
15414.5	41
15414.5	3
15414.6	31
15414.6	58
15414.6	61
15414.6	44
15414.6	23
15414.7	51
15414.7	37
15414.7	40
15414.7	44
15414.8	33
15414.8	25
15414.8	42
15414.8	36
15414.8	50
15414.9	44
15414.9	34
15414.9	47
15414.9	36
15415	37
15415	34
15415	49
15415	65
15415	54
15415.1	48
15415.1	57
15415.1	36
15415.1	50
15415.1	37
15415.2	38
15415.2	40
15415.2	52
15415.2	43
15415.3	26
15415.3	53
15415.3	34
15415.3	60
15415.3	41
15415.4	37
15415.4	42
15415.4	51
15415.4	56
15415.4	46
15415.5	18
15415.5	59
15415.5	47
15415.5	34
15415.6	59
15415.6	57
15415.6	49
15415.6	35
15415.6	49
15415.7	57
15415.7	34
15415.7	42
15415.7	53
15415.8	38
15415.8	26
15415.8	45
15415.8	27
15415.8	28
15415.9	45
15415.9	45
15415.9	42
15415.9	35
15415.9	50
15416	44
15416	50
15416	43
15416	39
15416.1	41
15416.1	44
15416.1	39
15416.1	39
15416.1	43
15416.2	38
15416.2	32
15416.2	43
15416.2	39
15416.2	43
15416.3	47
15416.3	46
15416.3	33
15416.3	39
15416.4	49
15416.4	49
15416.4	53
15416.4	32
15416.4	25
15416.5	46
15416.5	46
15416.5	48
15416.5	40
15416.5	32
15416.6	51
15416.6	41
15416.6	60
15416.6	34
15416.7	44
15416.7	31
15416.7	38
15416.7	40
15416.7	43
15416.8	42
15416.8	25
15416.8	63
15416.8	48
15416.8	43
15416.9	37
15416.9	30
15416.9	51
15416.9	36
15417	57
15417	42
15417	41
15417	25
15417	64
15417.1	42
15417.1	35
15417.1	42
15417.1	38
15417.1	44
15417.2	47
15417.2	47
15417.2	59
15417.2	27
15417.3	42
15417.3	43
15417.3	45
15417.3	21
15417.3	41
15417.4	25
15417.4	43
15417.4	38
15417.4	56
15417.4	34
15417.5	42
15417.5	27
15417.5	41
15417.5	48
15417.6	33
15417.6	37
15417.6	35
15417.6	40
15417.6	42
15417.7	46
15417.7	60
15417.7	39
15417.7	26
15417.7	59
15417.8	53
15417.8	28
15417.8	45
15417.8	47
15417.9	37
15417.9	36
15417.9	42
15417.9	38
15417.9	39
15418	48
15418	60
15418	37
15418	41
15418	39
15418.1	36
15418.1	50
15418.1	28
15418.1	38
15418.1	27
15418.2	46
15418.2	47
15418.2	48
15418.2	33
15418.3	69
15418.3	37
15418.3	21
15418.3	50
15418.3	34
15418.4	34
15418.4	32
15418.4	40
15418.4	25
15418.4	49
15418.5	37
15418.5	54
15418.5	48
15418.5	22
15418.6	44
15418.6	28
15418.6	44.9444
15418.6	49.5175
15418.6	36.9911
15418.7	33.6
15418.7	62.3661
15418.7	51.1933
15418.7	54.9999
15418.7	44.4929
15418.8	52.6804
15418.8	42.7593
15418.8	39.3
15418.8	49.0565
15418.9	35.6875
15418.9	32.7107
15418.9	34.5338
15418.9	42.5494
15418.9	31.1262
15419	52.2531
15419	46.6705
15419	34.3354
15419	52.1776
15419	49.1504
15419.1	38.5
15419.1	35.0277
15419.1	38.5175
15419.1	41.8506
15419.1	50.457
15419.2	39.1323
15419.2	45.7707
15419.2	30.5979
15419.2	49.7544
15419.3	36.3337
15419.3	41.881
15419.3	42.0838
15419.3	36.9729
15419.3	43.0035
15419.4	33.3866
15419.4	34.2857
15419.4	32.8112
15419.4	30.791
15419.4	42.8211
15419.5	33.5875
15419.5	43.5059
15419.5	30.8268
15419.5	39.4777
15419.5	48.7083
15419.6	35.3571
15419.6	37.005
15419.6	36.0162
15419.6	34.0357
15419.7	34.5554
15419.7	28.5295
15419.7	43.5125
15419.7	37.1729
15419.7	23.5746
15419.8	29.6232
15419.8	24.077
15419.8	28.1577
15419.8	31.2693
15419.8	35.0713
15419.9	31.9304
15419.9	38.2155
15419.9	36.4539
15419.9	33.11
15420	22.09
15420	26.0381
15420	34.7579
15420	25.2143
15420	30.0785
15420.1	34.9265
15420.1	36.6112
15420.1	35.8873
15420.1	26.6452
15420.1	37.675
15420.2	35.652
15420.2	34.7443
15420.2	33.6177
15420.2	32.5179
15420.2	25.2629
15420.3	20.4786
15420.3	25.32
15420.3	20.9646
15420.3	36.9938
15420.4	32.3817
15420.4	32.6319
15420.4	21.9839
15420.4	34.1932
15420.4	23.3021
15420.5	30.7459
15420.5	18.3298
15420.5	27.6708
15420.5	19.8632
15420.5	19.3373
15420.6	21.2122
15420.6	22.925
15420.6	25.3533
15420.6	32.8774
15420.6	31.1786
15420.7	20.4781
15420.7	19.1
15420.7	23.7736
15420.7	23.6729
15420.8	16.4116
15420.8	16.91
15420.8	16.046
15420.8	46
15420.8	42
15420.9	27
15420.9	19
15420.9	27
15420.9	25
15420.9	13
15421	29
15421	-1
15421	35
15421	14
15421.1	18
15421.1	30
15421.1	31
15421.1	17
15421.1	17
15421.2	23
15421.2	17
15421.2	35
15421.2	40
15421.3	40
15421.3	17
15421.3	14
15421.3	-1
15421.3	38
15421.4	22
15421.4	46
15421.4	21
15421.4	29
15421.5	45
15421.5	37
15421.5	57
15421.5	36
15421.5	10
15421.6	42
15421.6	34
15421.6	44
15421.6	52
15421.6	35
15421.7	31
15421.7	29
15421.7	28
15421.7	38
15421.8	37
15421.8	9
15421.8	32
15421.8	36
15421.8	39
15421.9	26
15421.9	20
15421.9	28
15421.9	28
15422	23
15422	31
15422	14
15422	8
15422	44
15422.1	29
15422.1	45
15422.1	45
15422.1	46
15422.2	28
15422.2	22
15422.2	44
15422.2	38
15422.2	23
15422.3	14
15422.3	45
15422.3	38
15422.3	41
15422.4	29
15422.4	31
15422.4	32
15422.4	21
15422.4	48
15422.5	32
15422.5	13
15422.5	28
15422.5	40
15422.5	48
15422.6	42
15422.6	42
15422.6	36
15422.6	42
15422.7	12
15422.7	41
15422.7	49
15422.7	38
15422.7	37
15422.8	36
15422.8	38
15422.8	36
15422.8	43
15422.9	26
15422.9	18
15422.9	27
15422.9	40
15422.9	51
15423	35
15423	19
15423	47
15423	46
15423.1	49
15423.1	37
15423.1	31
15423.1	35
15423.1	49
15423.2	58
15423.2	44
15423.2	33
15423.2	51
15423.2	34
15423.3	31
15423.3	42
15423.3	44
15423.3	39
15423.4	29
15423.4	27
15423.4	53
15423.4	46
15423.4	35
15423.5	36
15423.5	35
15423.5	50
15423.5	45
15423.6	37
15423.6	22
15423.6	37
15423.6	39
15423.6	46
15423.7	52
15423.7	35
15423.7	22
15423.7	33
15423.8	29
15423.8	50
15423.8	21
15423.8	23
15423.8	52
15423.9	40
15423.9	57
15423.9	36
15423.9	11
15423.9	34
15424	46
15424	42
15424	54
15424	53
15424.1	39
15424.1	51
15424.1	49
15424.1	39
15424.1	50
15424.2	39
15424.2	43
15424.2	38
15424.2	37
15424.3	35
15424.3	51
15424.3	9
15424.3	41
15424.3	30
15424.4	49
15424.4	51
15424.4	28
15424.4	36
15424.4	33
15424.5	6
15424.5	43
15424.5	40
15424.5	34
15424.6	42
15424.6	31
15424.6	31
15424.6	30
15424.6	41
15424.7	19
15424.7	47
15424.7	33
15424.7	47
15424.8	30
15424.8	39
15424.8	61
15424.8	46
15424.8	23
15424.9	41
15424.9	29
15424.9	46
15424.9	45
15424.9	49
15425	40
15425	42
15425	35
15425	46
15425.1	44
15425.1	50
15425.1	39
15425.1	49
15425.1	31
15425.2	50
15425.2	23
15425.2	47
15425.2	22
15425.2	37
15425.3	61
15425.3	47
15425.3	39
15425.3	47
15425.4	40
15425.4	46
15425.4	35
15425.4	43
15425.4	41
15425.5	44
15425.5	57
15425.5	41
15425.5	37
15425.6	46
15425.6	46
15425.6	38
15425.6	18
15425.6	42
15425.7	57
15425.7	63
15425.7	31
15425.7	37
15425.7	53
15425.8	34
15425.8	69
15425.8	61
15425.8	52
15425.9	42
15425.9	59
15425.9	52
15425.9	56
15425.9	44
15426	45.5
15426	47
15426	50
15426	44
15426	36
15426.1	20
15426.1	47
15426.1	47
15426.1	52
15426.2	46
15426.2	42
15426.2	43
15426.2	41
15426.2	38
15426.3	47
15426.3	35
15426.3	25
15426.3	52
15426.3	57
15426.4	43
15426.4	45
15426.4	56
15426.4	50
15426.5	52
15426.5	45
15426.5	54
15426.5	36
15426.5	41
15426.6	48
15426.6	48
15426.6	59
15426.6	66
15426.7	46
15426.7	36
15426.7	36
15426.7	55
15426.7	51
15426.8	49
15426.8	36
15426.8	36
15426.8	33
15426.8	49
15426.9	26
15426.9	38
15426.9	22
15426.9	34
15427	46
15427	35
15427	31
15427	31
15427	41
15427.1	51
15427.1	37
15427.1	41
15427.1	57
15427.1	24
15427.2	29
15427.2	66
15427.2	40
15427.2	50
15427.3	24
15427.3	36
15427.3	39
15427.3	34
15427.3	41
15427.4	48
15427.4	48
15427.4	59
15427.4	55
15427.4	42
15427.5	34
15427.5	34
15427.5	37
15427.5	51
15427.6	49
15427.6	35
15427.6	53
15427.6	30
15427.6	55
15427.7	44
15427.7	39
15427.7	48
15427.7	37
15427.7	35
15427.8	50
15427.8	57
15427.8	46
15427.8	56
15427.9	41
15427.9	61
15427.9	56
15427.9	57
15427.9	38
15428	34
15428	36
15428	38
15428	56
15428	45
15428.1	45
15428.1	44
15428.1	39
15428.1	42
15428.1	66
15428.2	32
15428.2	30
15428.2	43
15428.2	29
15428.3	35
15428.3	46
15428.3	29
15428.3	39
15428.3	28
15428.4	51
15428.4	47
15428.4	36
15428.4	37
15428.4	34
15428.5	47
15428.5	61
15428.5	34
15428.5	16
15428.6	47
15428.6	53
15428.6	48
15428.6	29
15428.6	44
15428.7	55
15428.7	46
15428.7	50
15428.7	50
15428.7	30
15428.8	7
15428.8	43
15428.8	57
15428.8	41
15428.9	43
15428.9	31
15428.9	45
15428.9	62
15428.9	36
15429	43
15429	51
15429	40
15429	53
15429	24
15429.1	43
15429.1	41
15429.1	54
15429.1	48
15429.2	48
15429.2	41
15429.2	50
15429.2	39
15429.2	26
15429.3	26
15429.3	44
15429.3	53
15429.3	63
15429.3	53
15429.4	39
15429.4	38
15429.4	64
15429.4	65
15429.4	42
15429.5	43
15429.5	37
15429.5	48
15429.5	44
15429.6	39
15429.6	37
15429.6	48
15429.6	34
15429.6	52
15429.7	45
15429.7	28
15429.7	24
15429.7	51
15429.7	52
15429.8	48
15429.8	22
15429.8	38
15429.8	41
15429.9	58
15429.9	34
15429.9	29
15429.9	43
15429.9	36
15430	47
15430	41
15430	52
15430	37
15430	50
15430.1	39
15430.1	38
15430.1	58
15430.1	46
15430.1	41
15430.2	35
15430.2	17
15430.2	39
15430.2	39
15430.3	34
15430.3	45
15430.3	54
15430.3	31
15430.3	51
15430.4	51
15430.4	46
15430.4	41
15430.4	41
15430.4	57
15430.5	31
15430.5	49
15430.5	24
15430.5	36
15430.5	44
15430.6	35
15430.6	38
15430.6	28
15430.6	54
15430.7	52
15430.7	33
15430.7	51
15430.7	36
15430.7	41
15430.8	30
15430.8	34
15430.8	53
15430.8	30
15430.8	62
15430.9	53
15430.9	53
15430.9	44
15430.9	49
15430.9	47
15431	30
15431	48
15431	54
15431	44
15431.1	49
15431.1	51
15431.1	38
15431.1	45
15431.1	46
15431.2	62
15431.2	43
15431.2	39
15431.2	30
15431.2	37
15431.3	35
15431.3	35
15431.3	39
15431.3	47
15431.3	52
15431.4	45
15431.4	19
15431.4	37
15431.4	29
15431.5	38
15431.5	38
15431.5	53
15431.5	38
15431.5	34
15431.6	37
15431.6	31
15431.6	34
15431.6	39
15431.6	57
15431.7	42
15431.7	51
15431.7	37
15431.7	43
15431.7	50
15431.8	41
15431.8	39
15431.8	36
15431.8	49
15431.9	51
15431.9	22
15431.9	27
15431.9	50
15431.9	40
15432	27
15432	51
15432	47
15432	35
15432	26
15432.1	39
15432.1	53
15432.1	33
15432.1	23
15432.1	43
15432.2	47
15432.2	54
15432.2	46
15432.2	39
15432.3	51
15432.3	33
15432.3	43
15432.3	59
15432.3	53
15432.4	33
15432.4	50
15432.4	37
15432.4	59
15432.4	26
15432.5	44
15432.5	35
15432.5	46
15432.5	31
15432.5	41
15432.6	44
15432.6	35
15432.6	53
15432.6	53
15432.6	66
15432.7	38
15432.7	31
15432.7	30
15432.7	60
15432.8	47
15432.8	31
15432.8	39
15432.8	41
15432.8	50
15432.9	43
15432.9	45
15432.9	35
15432.9	34
15432.9	47
15433	35
15433	40
15433	33
15433	41
15433	43
15433.1	55
15433.1	38
15433.1	34
15433.1	32
15433.1	37
15433.2	51
15433.2	29
15433.2	35
15433.2	54
15433.3	32
15433.3	41
15433.3	42
15433.3	39
15433.3	51
15433.4	38
15433.4	34
15433.4	37
15433.4	39
15433.4	53
15433.5	41
15433.5	49
15433.5	44
15433.5	45
15433.5	56
15433.6	50
15433.6	52
15433.6	48
15433.6	54
15433.6	26
15433.7	37
15433.7	42
15433.7	54
15433.7	49
15433.8	51
15433.8	40
15433.8	37
15433.8	43
15433.8	46
15433.9	41
15433.9	34
15433.9	44
15433.9	59
15433.9	69
15434	30
15434	51
15434	50
15434	41
15434	42
15434.1	31
15434.1	39
15434.1	45
15434.1	54
15434.1	47
15434.2	35
15434.2	47
15434.2	42
15434.2	57
15434.3	51
15434.3	11
15434.3	33
15434.3	55
15434.3	50
15434.4	53
15434.4	33
15434.4	48
15434.4	29
15434.4	35
15434.5	40
15434.5	56
15434.5	38
15434.5	22
15434.5	37
15434.6	44
15434.6	58
15434.6	43
15434.6	41
15434.6	26
15434.7	58
15434.7	41
15434.7	39
15434.7	50
15434.7	35
15434.8	43
15434.8	54
15434.8	35
15434.8	37
15434.9	45
15434.9	31
15434.9	21
15434.9	55
15434.9	50
15435	46
15435	53
15435	42
15435	41
15435	39
15435.1	53
15435.1	42
15435.1	51
15435.1	30
15435.1	43
15435.2	30
15435.2	55
15435.2	49
15435.2	51
15435.2	43
15435.3	35
15435.3	37
15435.3	32
15435.3	39
15435.3	47
15435.4	45
15435.4	46
15435.4	36
15435.4	29
15435.4	51
15435.5	48
15435.5	41
15435.5	24
15435.5	12
15435.6	35
15435.6	52
15435.6	50
15435.6	38
15435.6	46
15435.7	37
15435.7	46
15435.7	47
15435.7	57
15435.7	37
15435.8	12
15435.8	51
15435.8	25
15435.8	42
15435.8	42
15435.9	44
15435.9	23
15435.9	50
15435.9	43
15435.9	39
15436	28
15436	27
15436	57
15436	39
15436	45
15436.1	38
15436.1	33
15436.1	20
15436.1	35
15436.1	50
15436.2	63
15436.2	52
15436.2	44
15436.2	45
15436.3	35
15436.3	49
15436.3	50
15436.3	34
15436.3	34
15436.4	43
15436.4	44
15436.4	35
15436.4	29
15436.4	39
15436.5	45
15436.5	52
15436.5	37
15436.5	48
15436.5	37
15436.6	34
15436.6	46
15436.6	48
15436.6	44
15436.6	16
15436.7	33
15436.7	41
15436.7	48
15436.7	54
15436.7	36
15436.8	26
15436.8	20
15436.8	18
15436.8	49
15436.8	42
15436.9	37
15436.9	32
15436.9	45
15436.9	38
15436.9	37
15437	38
15437	54
15437	32
15437	45
15437	34
15437.1	45
15437.1	29
15437.1	50
15437.1	58
15437.2	43
15437.2	48
15437.2	26
15437.2	33
15437.2	41
15437.3	25
15437.3	32
15437.3	45
15437.3	40
15437.3	54
15437.4	48
15437.4	40
15437.4	58
15437.4	36
15437.4	39
15437.5	38
15437.5	24
15437.5	27
15437.5	38
15437.5	23
15437.6	51
15437.6	52
15437.6	37
15437.6	49
15437.6	27
15437.7	37
15437.7	46
15437.7	24
15437.7	46
15437.7	31
15437.8	42
15437.8	53
15437.8	62
15437.8	47
15437.8	55
15437.9	31
15437.9	20
15437.9	43
15437.9	55
15437.9	35
15438	23
15438	44
15438	19
15438	41
15438	65
15438.1	41
15438.1	52
15438.1	39
15438.1	32
15438.2	43.967
15438.2	35.9481
15438.2	37.6335
15438.2	40.393
15438.2	39.2495
15438.3	40.9789
15438.3	52.5236
15438.3	36.6408
15438.3	40.4764
15438.3	23.2991
15438.4	33.3198
15438.4	40.1959
15438.4	38.4972
15438.4	48.2896
15438.4	46.4637
15438.5	34.4263
15438.5	33.2714
15438.5	50.5669
15438.5	28.0207
15438.5	13.8847
15438.6	15.7547
15438.6	44.4768
15438.6	60.8113
15438.6	23.1814
15438.6	25.2074
15438.7	28.3839
15438.7	36.5769
15438.7	43.1704
15438.7	31.8104
15438.7	42.2319
15438.8	45.5662
15438.8	37.0339
15438.8	37.4741
15438.8	36.9639
15438.8	24.2961
15438.9	31.1512
15438.9	49.2633
15438.9	38.8748
15438.9	33.475
15438.9	38.1934
15439	42.152
15439	34.739
15439	20.3701
15439	27.2573
15439	39.2787
15439.1	32.684
15439.1	39.8822
15439.1	30.1838
15439.1	37.5826
15439.1	41.3434
15439.2	38.8474
15439.2	40.5417
15439.2	33.7039
15439.2	27.2812
15439.2	31.9582
15439.3	27.5861
15439.3	38.6153
15439.3	37.0452
15439.3	25.8184
15439.3	34.0786
15439.4	27.5472
15439.4	39.6553
15439.4	35.7002
15439.4	30.5857
15439.4	32.0809
15439.5	35.3916
15439.5	27.8246
15439.5	35.8556
15439.5	41.5103
15439.5	34.5358
15439.6	33.0767
15439.6	28.158
15439.6	36.9052
15439.6	28.1629
15439.6	32.5105
15439.7	36.1665
15439.7	35.6433
15439.7	16.6472
15439.7	14.5736
15439.8	26.2885
15439.8	18.6336
15439.8	26.4112
15439.8	23.9055
15439.8	26.578
15439.9	31.1336
15439.9	22.0347
15439.9	16.4194
15439.9	25.416
15439.9	34.07
15440	31.4565
15440	28.7788
15440	26.8518
15440	34.5768
15440	24.6606
15440.1	24.6179
15440.1	24.9811
15440.1	24.2268
15440.1	31.5991
15440.1	36.0235
15440.2	29.1645
15440.2	22.2945
15440.2	24.1186
15440.2	33.5404
15440.2	25.6018
15440.3	42.3093
15440.3	47.2757
15440.3	43
15440.3	32
15440.3	30
15440.3	26
15440.4	25
15440.4	-3
15440.4	16
15440.4	23
15440.5	25
15440.5	36
15440.5	42
15440.5	32
15440.5	25
15440.6	14
15440.6	26
15440.6	43
15440.6	24
15440.6	40
15440.7	33
15440.7	35
15440.7	25
15440.7	28
15440.7	36
15440.8	14
15440.8	35
15440.8	34
15440.8	14
15440.9	28
15440.9	25
15440.9	41
15440.9	31
15440.9	35
15441	46
15441	18
15441	14
15441	19
15441	25
15441.1	33
15441.1	25
15441.1	25
15441.1	41
15441.1	28
15441.2	30
15441.2	54
15441.2	28
15441.2	32
15441.3	32
15441.3	49
15441.3	31
15441.3	40
15441.3	36
15441.4	16
15441.4	32
15441.4	25
15441.4	28
15441.4	22
15441.5	14
15441.5	38
15441.5	28
15441.5	32
15441.5	41
15441.6	31
15441.6	35
15441.6	42
15441.6	36
15441.7	40
15441.7	23
15441.7	21
15441.7	57
15441.7	34
15441.8	36
15441.8	51
15441.8	42
15441.8	44
15441.8	35
15441.9	26
15441.9	43
15441.9	33
15441.9	28
15441.9	45
15442	33
15442	45
15442	32
15442	24
15442	12
15442.1	32
15442.1	32
15442.1	56
15442.1	38
15442.2	22
15442.2	46
15442.2	30
15442.2	34
15442.2	41
15442.3	27
15442.3	31
15442.3	43
15442.3	35
15442.3	32
15442.4	37
15442.4	37
15442.4	45
15442.4	35
15442.4	58
15442.5	38
15442.5	14
15442.5	38
15442.5	27
15442.6	47
15442.6	39
15442.6	49
15442.6	53
15442.6	37
15442.7	39
15442.7	43
15442.7	40
15442.7	18
15442.7	46
15442.8	49
15442.8	27
15442.8	36
15442.8	49
15442.8	41
15442.9	38
15442.9	33
15442.9	56
15442.9	36
15442.9	30
15443	43
15443	22
15443	38
15443	46
15443.1	33
15443.1	33
15443.1	37
15443.1	49
15443.1	57
15443.2	38
15443.2	14
15443.2	42
15443.2	62
15443.2	34
15443.3	17
15443.3	39
15443.3	49
15443.3	45
15443.3	75
15443.4	42
15443.4	33
15443.4	28
15443.4	44
15443.4	57
15443.5	47
15443.5	34
15443.5	40
15443.5	40
15443.6	32
15443.6	43
15443.6	51
15443.6	44
15443.6	28
15443.7	48
15443.7	51
15443.7	35
15443.7	20
15443.7	46
15443.8	44
15443.8	27
15443.8	31
15443.8	48
15443.8	47
15443.9	48
15443.9	41
15443.9	47
15443.9	44
15443.9	41
15444	46
15444	44
15444	45
15444	28
15444.1	36
15444.1	19
15444.1	28
15444.1	44
15444.1	48
15444.2	36
15444.2	31
15444.2	42
15444.2	40
15444.2	52
15444.3	38
15444.3	47
15444.3	47
15444.3	24
15444.3	46
15444.4	39
15444.4	43
15444.4	31
15444.4	22
15444.4	31
15444.5	35
15444.5	45
15444.5	27
15444.5	37
15444.5	51
15444.6	35
15444.6	44
15444.6	51
15444.6	36
15444.7	17
15444.7	23
15444.7	52
15444.7	55
15444.7	44
15444.8	44
15444.8	37
15444.8	38
15444.8	55
15444.8	52
15444.9	30
15444.9	18
15444.9	39
15444.9	31
15444.9	40
15445	43
15445	49
15445	21
15445	47
15445	38
15445.1	47
15445.1	36
15445.1	22
15445.1	47
15445.2	55
15445.2	53
15445.2	48
15445.2	48.5
15445.2	49
15445.3	41
15445.3	40
15445.3	66
15445.3	35
15445.3	26
15445.4	52
15445.4	42
15445.4	49
15445.4	47
15445.4	45
15445.5	58
15445.5	55
15445.5	52
15445.5	49
15445.5	20
15445.6	35
15445.6	51
15445.6	40
15445.6	32
15445.6	32
15445.7	43
15445.7	51
15445.7	50
15445.7	44
15445.7	44
15445.8	21
15445.8	45
15445.8	53
15445.8	50
15445.9	48
15445.9	44
15445.9	44
15445.9	48
15445.9	43
15446	46
15446	60
15446	44
15446	40
15446	57
15446.1	39
15446.1	44
15446.1	44
15446.1	28
15446.1	44
15446.2	53
15446.2	44
15446.2	52
15446.2	40
15446.2	38
15446.3	50
15446.3	40
15446.3	54
15446.3	50
15446.3	33
15446.4	39
15446.4	44
15446.4	49
15446.4	47
15446.4	36
15446.5	49
15446.5	54
15446.5	52
15446.5	55
15446.5	34
15446.6	40
15446.6	55
15446.6	46
15446.6	43
15446.7	43
15446.7	46
15446.7	45
15446.7	33
15446.7	47
15446.8	39
15446.8	43
15446.8	42
15446.8	50
15446.8	49
15446.9	43
15446.9	39
15446.9	35
15446.9	47
15446.9	46
15447	35
15447	69
15447	35
15447	43
15447	35
15447.1	39
15447.1	52
15447.1	43
15447.1	35
15447.1	37
15447.2	37
15447.2	46
15447.2	37
15447.2	37
15447.2	34
15447.3	42
15447.3	45
15447.3	38
15447.3	38
15447.3	37
15447.4	31
15447.4	30
15447.4	39
15447.4	49
15447.5	54
15447.5	59
15447.5	57
15447.5	47
15447.5	52
15447.6	39
15447.6	39
15447.6	34
15447.6	49
15447.6	54
15447.7	55
15447.7	39
15447.7	27
15447.7	36
15447.7	43
15447.8	35
15447.8	39
15447.8	55
15447.8	30
15447.8	51
15447.9	41
15447.9	57
15447.9	39
15447.9	35
15447.9	43
15448	50
15448	68
15448	33
15448	47
15448	49
15448.1	41
15448.1	70
15448.1	42
15448.1	45
15448.1	30
15448.2	32
15448.2	63
15448.2	43
15448.2	52
15448.2	31
15448.3	46
15448.3	35
15448.3	37
15448.3	32
15448.3	59
15448.4	37
15448.4	45
15448.4	58
15448.4	52
15448.4	41
15448.5	38
15448.5	38
15448.5	59
15448.5	30
15448.5	36
15448.6	39
15448.6	23
15448.6	45
15448.6	33
15448.7	50
15448.7	59
15448.7	55
15448.7	38
15448.7	28
15448.8	41
15448.8	49
15448.8	31
15448.8	51
15448.8	54
15448.9	46
15448.9	42
15448.9	43
15448.9	11
15448.9	41
15449	53
15449	43
15449	45
15449	47
15449	34
15449.1	42
15449.1	49
15449.1	54
15449.1	41
15449.1	9
15449.2	55
15449.2	40
15449.2	53
15449.2	48
15449.2	56
15449.3	45
15449.3	40
15449.3	34
15449.3	58
15449.3	26
15449.4	30
15449.4	36
15449.4	33
15449.4	35
15449.4	51
15449.5	45
15449.5	50
15449.5	48
15449.5	49
15449.5	55
15449.6	44
15449.6	39
15449.6	54
15449.6	38
15449.6	31
15449.7	40
15449.7	47
15449.7	39
15449.7	51
15449.7	45
15449.8	52
15449.8	25
15449.8	35
15449.8	25
15449.8	52
15449.9	46
15449.9	36
15449.9	51
15449.9	54
15449.9	40
15450	43
15450	50
15450	35
15450	17
15450	54
15450.1	33
15450.1	47
15450.1	33
15450.1	26
15450.1	43
15450.2	36
15450.2	41
15450.2	44
15450.2	45
15450.2	37
15450.3	62
15450.3	34
15450.3	38
15450.3	26
15450.3	40
15450.4	35
15450.4	39
15450.4	43
15450.4	35
15450.4	52
15450.5	41
15450.5	47
15450.5	49
15450.5	45
15450.5	36
15450.6	52
15450.6	47
15450.6	22
15450.6	40
15450.6	36
15450.7	34
15450.7	39
15450.7	45
15450.7	44
15450.8	56
15450.8	31
15450.8	25
15450.8	58
15450.8	38
15450.8	56
15450.9	55
15450.9	40
15450.9	37
15450.9	35
15451	46
15451	43
15451	40
15451	34
15451	33
15451.1	21
15451.1	39
15451.1	32
15451.1	43
15451.1	64
15451.2	38
15451.2	45
15451.2	40
15451.2	29
15451.2	46
15451.3	33
15451.3	50
15451.3	38
15451.3	26
15451.3	49
15451.4	46
15451.4	31
15451.4	53
15451.4	49
15451.4	12
15451.5	19
15451.5	49
15451.5	30
15451.5	34
15451.5	34
15451.6	53
15451.6	44
15451.6	61
15451.6	53
15451.6	55
15451.7	52
15451.7	28
15451.7	30
15451.7	36
15451.7	39
15451.8	28
15451.8	32
15451.8	39
15451.8	50
15451.8	47
15451.9	40
15451.9	40
15451.9	25
15451.9	31
15451.9	45
15452	46
15452	40
15452	24
15452	37
15452	44
15452	35
15452.1	44
15452.1	38
15452.1	18
15452.1	38
15452.1	59
15452.2	40
15452.2	45
15452.2	43
15452.2	15
15452.2	45
15452.3	40
15452.3	56
15452.3	21
15452.3	21
15452.3	52
15452.4	54
15452.4	44
15452.4	48
15452.4	46
15452.4	40
15452.5	51
15452.5	36
15452.5	42
15452.5	37
15452.5	46
15452.6	45
15452.6	66
15452.6	49
15452.6	36
15452.6	27
15452.7	32
15452.7	55
15452.7	36
15452.7	36
15452.7	35
15452.8	38
15452.8	47
15452.8	40
15452.8	42
15452.8	51
15452.9	35
15452.9	47
15452.9	48
15452.9	33
15452.9	53
15453	37
15453	45
15453	48
15453	48
15453	44
15453.1	30
15453.1	42
15453.1	34
15453.1	28
15453.1	28
15453.2	43
15453.2	35
15453.2	49
15453.2	56
15453.2	40
15453.3	43
15453.3	23
15453.3	44
15453.3	34
15453.3	28
15453.4	45
15453.4	25
15453.4	18
15453.4	39
15453.4	50
15453.5	42
15453.5	50
15453.5	33
15453.5	33
15453.5	49
15453.6	33
15453.6	41
15453.6	42
15453.6	24
15453.6	30
15453.7	44
15453.7	32
15453.7	37
15453.7	44
15453.7	19
15453.8	54
15453.8	44
15453.8	26
15453.8	40
15453.8	41
15453.9	37
15453.9	32
15453.9	51
15453.9	42
15453.9	16
15454	24
15454	36
15454	23
15454	51
15454	40
15454.1	42
15454.1	40
15454.1	49
15454.1	35
15454.1	48
15454.2	35
15454.2	32
15454.2	52
15454.2	23
15454.2	34
15454.3	53
15454.3	50
15454.3	20
15454.3	35
15454.3	53
15454.3	32
15454.4	27
15454.4	12
15454.4	33
15454.4	44
15454.4	52
15454.5	39
15454.5	50
15454.5	20
15454.5	42
15454.5	50
15454.6	31
15454.6	29
15454.6	36
15454.6	31
15454.6	47
15454.7	49
15454.7	38
15454.7	38
15454.7	33
15454.7	53
15454.8	48
15454.8	43
15454.8	27
15454.8	26
15454.8	58
15454.9	60
15454.9	43
15454.9	29
15454.9	33
15454.9	27
15455	22
15455	39
15455	60
15455	32
15455	45
15455.1	39
15455.1	41
15455.1	46
15455.1	30
15455.1	34
15455.2	43
15455.2	28
15455.2	49
15455.2	37
15455.2	41
15455.3	37
15455.3	58
15455.3	48
15455.3	22
15455.3	48
15455.4	26
15455.4	35
15455.4	44
15455.4	45
15455.4	36
15455.4	41
15455.5	45
15455.5	28
15455.5	50
15455.5	32
15455.5	38
15455.6	32
15455.6	26
15455.6	45
15455.6	56
15455.6	45
15455.7	46
15455.7	27
15455.7	44
15455.7	26
15455.7	32
15455.8	45
15455.8	29
15455.8	26
15455.8	35
15455.8	32
15455.9	48
15455.9	50
15455.9	27
15455.9	59
15455.9	44
15456	34
15456	21
15456	45
15456	45
15456	36
15456.1	47
15456.1	48
15456.1	32
15456.1	40
15456.1	46
15456.2	43
15456.2	44
15456.2	42
15456.2	20
15456.2	53
15456.2	37
15456.3	50
15456.3	41
15456.3	42
15456.3	32
15456.3	44
15456.4	49
15456.4	42
15456.4	21
15456.4	34
15456.4	64
15456.5	42
15456.5	45
15456.5	34
15456.5	31
15456.5	44
15456.6	49
15456.6	52
15456.6	43
15456.6	23
15456.6	28
15456.7	50
15456.7	40
15456.7	49
15456.7	43
15456.7	40
15456.8	37
15456.8	50
15456.8	40
15456.8	65
15456.8	26
15456.9	35.9065
15456.9	40.7252
15456.9	39.5401
15456.9	20.041
15456.9	21.1798
15456.9	41.109
15457	30.5355
15457	46.5096
15457	30.3254
15457	33.1145
15457	35.5594
15457.1	50.7087
15457.1	47.8357
15457.1	26.6122
15457.1	45.8704
15457.1	34.4319
15457.2	29.9781
15457.2	37.7927
15457.2	29.6957
15457.2	27.048
15457.2	37.4899
15457.3	34.0824
15457.3	34.1
15457.3	40.5148
15457.3	31.3087
15457.3	33.338
15457.4	31.7209
15457.4	25.4864
15457.4	19.3308
15457.4	42.8207
15457.4	37.857
15457.5	31.3908
15457.5	39.6891
15457.5	31.6045
15457.5	50.2308
15457.5	30.5612
15457.5	31.0498
15457.6	25.5888
15457.6	29.8506
15457.6	30.2084
15457.6	36.1007
15457.6	24.6161
15457.7	37.1745
15457.7	31.046
15457.7	30.7155
15457.7	28.3806
15457.7	25.1342
15457.8	30.2115
15457.8	29.2102
15457.8	18.0025
15457.8	35.7729
15457.8	25.64
15457.9	29.0645
15457.9	35.5
15457.9	28.6433
15457.9	32.1267
15457.9	28.6636
15458	28.3293
15458	35.2828
15458	28.7441
15458	25.0123
15458	38.9299
15458.1	30.8302
15458.1	29.8085
15458.1	23.3136
15458.1	37.8725
15458.1	24.7685
15458.1	25.4112
15458.2	43.063
15458.2	40.9838
15458.2	33.4307
15458.2	25.028
15458.2	30.3826
15458.3	37.5647
15458.3	36.8358
15458.3	23.6151
15458.3	31.2907
15458.3	33.604
15458.4	27.2437
15458.4	32.6553
15458.4	30.7613
15458.4	24.0467
15458.4	25.7389
15458.5	28.2064
15458.5	34.5732
15458.5	33.8176
15458.5	38.8192
15458.5	24.6526
15458.6	15.4234
15458.6	18.9845
15458.6	37.6629
15458.6	29.6794
15458.6	34.1822
15458.6	38.8211
15458.7	26.0176
15458.7	24.1421
15458.7	28.9424
15458.7	23.7822
15458.7	23.6478
15458.8	27.0939
15458.8	23.4548
15458.8	20.7988
15458.8	29.5302
15458.8	35.4523
15458.9	35.9047
15458.9	45.2769
15458.9	27.8553
15458.9	1
15458.9	17
15459	28
15459	34
15459	43
15459	28
15459	22
15459.1	30
15459.1	21
15459.1	41
15459.1	14
15459.1	11
15459.2	31
15459.2	46
15459.2	16
15459.2	21
15459.2	27
15459.3	43
15459.3	23
15459.3	32
15459.3	36
15459.3	23
15459.4	11
15459.4	43
15459.4	28
15459.4	28
15459.4	33
15459.5	31
15459.5	39
15459.5	26
15459.5	22
15459.5	36
15459.6	35
15459.6	9
15459.6	29
15459.6	27
15459.6	32
15459.7	33
15459.7	14
15459.7	48
15459.7	45
15459.7	28
15459.8	20
15459.8	23
15459.8	24
15459.8	56
15459.8	40
15459.9	24
15459.9	25
15459.9	24
15459.9	36
15459.9	44
15460	46
15460	40
15460	18
15460	20
15460	22
15460.1	35
15460.1	42
15460.1	23
15460.1	18
15460.1	35
15460.2	31
15460.2	29
15460.2	39
15460.2	57
15460.2	31
15460.3	31
15460.3	40
15460.3	27
15460.3	30
15460.3	39
15460.4	35
15460.4	42
15460.4	45
15460.4	43
15460.4	33
15460.5	29
15460.5	37
15460.5	26
15460.5	33
15460.5	22
15460.6	30
15460.6	26
15460.6	35
15460.6	44
15460.6	35
15460.7	33
15460.7	17
15460.7	15
15460.7	54
15460.7	59
15460.8	26
15460.8	28
15460.8	43
15460.8	47
15460.8	33
15460.9	35
15460.9	32
15460.9	47
15460.9	29
15460.9	48
15461	47
15461	32
15461	31
15461	24
15461	42
15461.1	25
15461.1	30
15461.1	29
15461.1	34
15461.1	35
15461.2	52
15461.2	45
15461.2	22
15461.2	37
15461.3	39
15461.3	34
15461.3	50
15461.3	31
15461.3	40
15461.3	41
15461.4	45
15461.4	31
15461.4	35
15461.4	26
15461.4	32
15461.5	48
15461.5	45
15461.5	45
15461.5	37
15461.5	32
15461.6	48
15461.6	42
15461.6	34
15461.6	60
15461.6	42
15461.7	26
15461.7	37
15461.7	47
15461.7	36
15461.7	47
15461.8	37
15461.8	28
15461.8	45
15461.8	20
15461.8	33
15461.9	40
15461.9	24
15461.9	32
15461.9	40
15461.9	34
15462	34
15462	38
15462	34
15462	40
15462	49
15462.1	63
15462.1	47
15462.1	11
15462.1	46
15462.1	46
15462.2	41
15462.2	37
15462.2	41
15462.2	39
15462.2	37
15462.3	42
15462.3	34
15462.3	34
15462.3	39
15462.3	58
15462.4	39
15462.4	45
15462.4	33
15462.4	25
15462.4	63
15462.5	33
15462.5	48
15462.5	50
15462.5	28
15462.5	33
15462.6	46
15462.6	42
15462.6	49
15462.6	36
15462.6	8
15462.7	21
15462.7	39
15462.7	56
15462.7	38
15462.7	48
15462.8	34
15462.8	55
15462.8	34
15462.8	41
15462.8	36
15462.9	29
15462.9	45
15462.9	51
15462.9	46
15462.9	38
15463	38
15463	26
15463	43
15463	37
15463	43
15463.1	25
15463.1	49
15463.1	35
15463.1	60
15463.1	39
15463.2	36
15463.2	32
15463.2	25
15463.2	58
15463.2	21
15463.3	40
15463.3	36
15463.3	20
15463.3	27
15463.3	52
15463.4	48
15463.4	40
15463.4	26
15463.4	55
15463.4	30
15463.5	44
15463.5	34
15463.5	25
15463.5	31
15463.5	23
15463.6	58
15463.6	49
15463.6	32
15463.6	36.5
15463.6	41
15463.7	61
15463.7	30
15463.7	54
15463.7	37
15463.7	26
15463.8	40
15463.8	39
15463.8	35
15463.8	44
15463.8	45
15463.9	40
15463.9	41
15463.9	53
15463.9	34
15463.9	44
15464	32
15464	42
15464	44
15464	37
15464	28
15464	30
15464.1	23
15464.1	30
15464.1	54
15464.1	40
15464.1	43
15464.2	27
15464.2	45
15464.2	41
15464.2	30
15464.2	31
15464.3	33
15464.3	48
15464.3	34
15464.3	55
15464.3	37
15464.4	26
15464.4	22
15464.4	47
15464.4	51
15464.4	54
15464.5	49
15464.5	49
15464.5	41
15464.5	49
15464.5	39
15464.6	44
15464.6	62
15464.6	46
15464.6	46
15464.6	49
15464.7	42
15464.7	45
15464.7	59
15464.7	45
15464.7	54
15464.8	33
15464.8	42
15464.8	31
15464.8	46
15464.8	41
15464.9	38
15464.9	43
15464.9	29
15464.9	49
15464.9	44
15465	55
15465	53
15465	38
15465	52
15465	50
15465.1	41
15465.1	52
15465.1	39
15465.1	44
15465.1	57
15465.1	20
15465.2	44
15465.2	53
15465.2	52
15465.2	34
15465.2	44
15465.3	40
15465.3	50
15465.3	34
15465.3	23
15465.3	40
15465.4	44
15465.4	37
15465.4	35
15465.4	45
15465.4	36
15465.5	40
15465.5	44
15465.5	43
15465.5	46
15465.5	42
15465.6	18
15465.6	40
15465.6	51
15465.6	51
15465.6	51
15465.7	29
15465.7	42
15465.7	51
15465.7	55
15465.7	61
15465.8	40
15465.8	17
15465.8	41
15465.8	41
15465.8	44
15465.9	26
15465.9	50
15465.9	44
15465.9	38
15465.9	40
15466	53
15466	45
15466	26
15466	53
15466	34
15466	34
15466.1	52
15466.1	53
15466.1	38
15466.1	35
15466.1	57
15466.2	44
15466.2	48
15466.2	25
15466.2	39
15466.2	38
15466.3	50
15466.3	44
15466.3	48
15466.3	39
15466.3	39
15466.4	41
15466.4	30
15466.4	48
15466.4	37
15466.4	47
15466.5	40
15466.5	43
15466.5	26
15466.5	44
15466.5	31
15466.6	40
15466.6	39
15466.6	61
15466.6	36
15466.6	27
15466.7	40
15466.7	61
15466.7	56
15466.7	56
15466.7	33
15466.7	34
15466.8	52
15466.8	54
15466.8	62
15466.8	40
15466.8	23
15466.9	34
15466.9	31
15466.9	65
15466.9	34
15466.9	47
15467	35
15467	29
15467	36
15467	69
15467	55
15467.1	39
15467.1	34
15467.1	46
15467.1	44
15467.1	47
15467.2	35
15467.2	41
15467.2	23
15467.2	28
15467.2	35
15467.3	39
15467.3	50
15467.3	19
15467.3	36
15467.3	57
15467.4	51
15467.4	27
15467.4	37
15467.4	36
15467.4	64
15467.4	53
15467.5	37
15467.5	32
15467.5	52
15467.5	54
15467.5	36
15467.6	38
15467.6	34
15467.6	38
15467.6	35
15467.6	32
15467.7	49
15467.7	51
15467.7	41
15467.7	39
15467.7	20
15467.8	52
15467.8	35
15467.8	32
15467.8	43
15467.8	32
15467.9	56
15467.9	55
15467.9	58
15467.9	43
15467.9	38
15467.9	48
15468	51
15468	41
15468	27
15468	33
15468	50
15468.1	21
15468.1	36
15468.1	55
15468.1	70
15468.1	25
15468.2	56
15468.2	42
15468.2	47
15468.2	23
15468.2	36
15468.3	24
15468.3	31
15468.3	19
15468.3	45
15468.3	32
15468.4	38
15468.4	49
15468.4	43
15468.4	36
15468.4	16
15468.5	37
15468.5	32
15468.5	41
15468.5	50
15468.5	34
15468.5	36
15468.6	26
15468.6	32
15468.6	43
15468.6	37
15468.6	28
15468.7	53
15468.7	36
15468.7	47
15468.7	40
15468.7	26
15468.8	16
15468.8	38
15468.8	47
15468.8	52
15468.8	29
15468.9	22
15468.9	45
15468.9	39
15468.9	42
15468.9	48
15469	33
15469	26
15469	47
15469	37
15469	52
15469	36
15469.1	35
15469.1	33
15469.1	46
15469.1	48
15469.1	46
15469.2	33
15469.2	44
15469.2	41
15469.2	38
15469.2	39
15469.3	32
15469.3	46
15469.3	58
15469.3	53
15469.3	47
15469.4	34
15469.4	53
15469.4	43
15469.4	44
15469.4	47
15469.4	45
15469.5	32
15469.5	29
15469.5	50
15469.5	41
15469.5	52
15469.6	44
15469.6	12
15469.6	31
15469.6	56
15469.6	28
15469.7	40
15469.7	30
15469.7	43
15469.7	34
15469.7	42
15469.8	66
15469.8	27
15469.8	19
15469.8	39
15469.8	33
15469.8	33
15469.9	45
15469.9	35
15469.9	41
15469.9	28
15469.9	34
15470	70
15470	41
15470	38
15470	32
15470	47
15470.1	43
15470.1	40
15470.1	37
15470.1	44
15470.1	37
15470.2	15
15470.2	58
15470.2	30
15470.2	22
15470.2	22
15470.3	45
15470.3	33
15470.3	41
15470.3	41
15470.3	23
15470.3	30
15470.4	46
15470.4	48
15470.4	26
15470.4	35
15470.4	53
15470.5	25
15470.5	30
15470.5	51
15470.5	49
15470.5	44
15470.6	50
15470.6	49
15470.6	49
15470.6	12
15470.6	34
15470.6	39
15470.7	32
15470.7	36
15470.7	28
15470.7	35
15470.7	53
15470.8	28
15470.8	32
15470.8	32
15470.8	43
15470.8	26
15470.9	26
15470.9	44
15470.9	42
15470.9	41
15470.9	55
15471	45
15471	46
15471	55
15471	34
15471	25
15471	44
15471.1	29
15471.1	51
15471.1	49
15471.1	20
15471.1	32
15471.2	30
15471.2	47
15471.2	52
15471.2	30
15471.2	32
15471.3	33
15471.3	41
15471.3	40
15471.3	39
15471.3	32
15471.4	16
15471.4	40
15471.4	44
15471.4	23
15471.4	28
15471.4	44
15471.5	48
15471.5	48
15471.5	53
15471.5	34
15471.5	34
15471.6	36
15471.6	44
15471.6	48
15471.6	71
15471.6	23
15471.7	32
15471.7	26
15471.7	48
15471.7	23
15471.7	49
15471.7	26
15471.8	23
15471.8	24
15471.8	35
15471.8	28
15471.8	39
15471.9	55
15471.9	44
15471.9	39
15471.9	46
15471.9	45
15472	21
15472	30
15472	49
15472	41
15472	36
15472.1	40
15472.1	31
15472.1	54
15472.1	24
15472.1	44
15472.1	44
15472.2	25
15472.2	31
15472.2	30
15472.2	34
15472.2	32
15472.3	28
15472.3	51
15472.3	27
15472.3	39
15472.3	38
15472.4	46
15472.4	53
15472.4	19
15472.4	31
15472.4	35
15472.4	41
15472.5	42
15472.5	29
15472.5	41
15472.5	31
15472.5	32
15472.6	49
15472.6	38
15472.6	24
15472.6	25
15472.6	28
15472.7	20
15472.7	33
15472.7	46
15472.7	40
15472.7	48
15472.7	46
15472.8	34
15472.8	41
15472.8	18
15472.8	54
15472.8	49
15472.9	37
15472.9	34
15472.9	45
15472.9	23
15472.9	30
15473	34
15473	43
15473	58
15473	31
15473	35
15473	33
15473.1	55
15473.1	39
15473.1	25
15473.1	47
15473.1	62
15473.2	27
15473.2	49
15473.2	38
15473.2	19
15473.2	55
15473.3	47
15473.3	44
15473.3	43
15473.3	31
15473.3	29
15473.3	39
15473.4	40
15473.4	43
15473.4	27
15473.4	46
15473.4	39
15473.5	16
15473.5	47
15473.5	43
15473.5	27
15473.5	27
15473.6	34
15473.6	29
15473.6	53
15473.6	19
15473.6	51
15473.6	61
15473.7	46
15473.7	36
15473.7	27
15473.7	39
15473.7	46
15473.8	27
15473.8	36
15473.8	45
15473.8	31
15473.8	33
15473.9	39
15473.9	48
15473.9	46
15473.9	51
15473.9	28
15473.9	31
15474	42
15474	69
15474	53
15474	42
15474	37
15474.1	35
15474.1	30
15474.1	40
15474.1	53
15474.1	30
15474.1	29
15474.2	27
15474.2	24
15474.2	20
15474.2	23
15474.2	42
15474.3	45
15474.3	36
15474.3	56
15474.3	55
15474.3	47
15474.4	42
15474.4	46
15474.4	22
15474.4	37
15474.4	39
15474.4	31
15474.5	57
15474.5	39
15474.5	42
15474.5	25
15474.5	23
15474.6	42
15474.6	37
15474.6	21
15474.6	34
15474.6	23
15474.7	29
15474.7	38
15474.7	32
15474.7	49
15474.7	25
15474.7	20.0514
15474.8	36.8485
15474.8	45.5277
15474.8	49.3458
15474.8	54.611
15474.8	29.0558
15474.9	47.7523
15474.9	33.3658
15474.9	32.9303
15474.9	54.5374
15474.9	26.1343
15474.9	6.67757
15475	36.2363
15475	27.7795
15475	55.8653
15475	33.2022
15475	39.5023
15475.1	32.1762
15475.1	28.479
15475.1	34.8448
15475.1	40.402
15475.1	43.2023
15475.2	40.729
15475.2	33.395
15475.2	37.8774
15475.2	48.6393
15475.2	32.2121
15475.2	32.8559
15475.3	33.9601
15475.3	33.9035
15475.3	30.0093
15475.3	34.2524
15475.3	28.0265
15475.4	34.0507
15475.4	36.2625
15475.4	40.3509
15475.4	30.8925
15475.4	16.5459
15475.4	23.4793
15475.5	38.7042
15475.5	44.8143
15475.5	34.0312
15475.5	36.8562
15475.5	27.3999
15475.6	27.7776
15475.6	29.2991
15475.6	38.6656
15475.6	41.5506
15475.6	33.7516
15475.7	32.5981
15475.7	25.6296
15475.7	40.8156
15475.7	31.1367
15475.7	33.1458
15475.7	15.694
15475.8	27.4631
15475.8	28.6762
15475.8	28.3425
15475.8	37.5343
15475.8	19.8381
15475.9	31.358
15475.9	39.9768
15475.9	31.5521
15475.9	33.7319
15475.9	37.7039
15475.9	28.6205
15476	29.5335
15476	34.9384
15476	31.8364
15476	44.4607
15476	33.0483
15476.1	12.0639
15476.1	26.6265
15476.1	32.734
15476.1	27.4176
15476.1	30.3386
15476.1	28.4901
15476.2	27.4527
15476.2	31.5076
15476.2	32.3565
15476.2	24.2717
15476.2	27.8498
15476.3	19.9589
15476.3	17.5864
15476.3	31.6822
15476.3	30.269
15476.3	42.4231
15476.3	39.0842
15476.4	24.2329
15476.4	28.9323
15476.4	32.1277
15476.4	28.11
15476.4	41.613
15476.5	24.8832
15476.5	22.068
15476.5	27.6454
15476.5	29.7416
15476.5	23.4679
15476.6	19.4892
15476.6	13.4462
15476.6	13.8183
15476.6	29.5175
15476.6	35.4013
15476.6	30.1822
15476.7	40.7536
15476.7	24.7042
15476.7	-0.0900653
15476.7	-1
15476.7	28
15476.7	30
15476.8	23
15476.8	0
15476.8	23
15476.8	38
15476.8	35
15476.9	29
15476.9	48
15476.9	31
15476.9	27
15476.9	31
15477	32
15477	30
15477	45
15477	39
15477	49
15477	38
15477.1	37
15477.1	34
15477.1	23
15477.1	24
15477.1	29
15477.2	60
15477.2	39
15477.2	35
15477.2	18
15477.2	34
15477.3	28
15477.3	41
15477.3	53
15477.3	35
15477.3	37
15477.4	36
15477.4	28
15477.4	50
15477.4	21
15477.4	28
15477.5	32
15477.5	28
15477.5	37
15477.5	40
15477.5	30
15477.5	34
15477.6	48
15477.6	44
15477.6	48
15477.6	21
15477.6	53
15477.7	26
15477.7	40
15477.7	32
15477.7	28
15477.7	20
15477.8	27
15477.8	38
15477.8	24
15477.8	52
15477.8	22
15477.9	19
15477.9	29
15477.9	42
15477.9	46
15477.9	27
15478	37
15478	32
15478	35
15478	21
15478	17
15478	30
15478.1	50
15478.1	33
15478.1	26
15478.1	26
15478.1	25
15478.2	43
15478.2	16
15478.2	49
15478.2	47
15478.2	32
15478.3	27
15478.3	36
15478.3	30
15478.3	31
15478.3	38
15478.4	37
15478.4	28
15478.4	21
15478.4	43
15478.4	27
15478.5	50
15478.5	22
15478.5	28
15478.5	39
15478.5	27
15478.5	47
15478.6	43
15478.6	38
15478.6	25
15478.6	47
15478.6	19
15478.7	35
15478.7	25
15478.7	16
15478.7	45
15478.7	39
15478.8	29
15478.8	28
15478.8	28
15478.8	28
15478.8	41
15478.9	40
15478.9	32
15478.9	38
15478.9	40
15478.9	26
15479	42
15479	48
15479	35
15479	26
15479	33
15479	39
15479.1	30
15479.1	29
15479.1	37
15479.1	40
15479.1	49
15479.2	33
15479.2	30
15479.2	34
15479.2	44
15479.2	42
15479.3	34
15479.3	63
15479.3	51
15479.3	20
15479.3	35
15479.4	41
15479.4	35
15479.4	55
15479.4	42
15479.4	43
15479.4	30
15479.5	51
15479.5	35
15479.5	55
15479.5	25
15479.5	21
15479.6	47
15479.6	51
15479.6	57
15479.6	60
15479.6	30
15479.7	35
15479.7	35
15479.7	56
15479.7	30
15479.7	45
15479.8	47
15479.8	49
15479.8	28
15479.8	51
15479.8	44
15479.8	39
15479.9	14
15479.9	42
15479.9	47
15479.9	54
15479.9	33
15480	25
15480	59
15480	17
15480	55
15480	40
15480.1	42
15480.1	37
15480.1	56
15480.1	29
15480.1	74
15480.2	21
15480.2	52
15480.2	52
15480.2	30
15480.2	27
15480.2	30
15480.3	56
15480.3	46
15480.3	41
15480.3	47
15480.3	27
15480.4	32
15480.4	33
15480.4	50
15480.4	35
15480.4	41
15480.5	36
15480.5	28
15480.5	41
15480.5	31
15480.5	28
15480.6	44
15480.6	50
15480.6	38
15480.6	33
15480.6	36
15480.6	40
15480.7	29
15480.7	37
15480.7	34
15480.7	24
15480.7	56
15480.8	50
15480.8	38
15480.8	41
15480.8	34
15480.8	44
15480.9	55
15480.9	53
15480.9	36
15480.9	39
15480.9	44
15480.9	19
15481	38
15481	38
15481	53
15481	54
15481	45
15481.1	45
15481.1	27
15481.1	30
15481.1	25
15481.1	46
15481.2	38
15481.2	43
15481.2	25
15481.2	34
15481.2	43
15481.3	45
15481.3	33
15481.3	24
15481.3	15
15481.3	35
15481.3	42
15481.4	48
15481.4	58
15481.4	37
15481.4	45
15481.4	39
15481.5	60
15481.5	55
15481.5	38
15481.5	32
15481.5	43
15481.6	46
15481.6	23
15481.6	45
15481.6	60
15481.6	43
15481.6	51
15481.7	43
15481.7	44
15481.7	36
15481.7	29
15481.7	33
15481.8	49
15481.8	48
15481.8	42
15481.8	44
15481.8	30
15481.9	34
15481.9	58
15481.9	41
15481.9	46
15481.9	31
15481.9	35
15482	47
15482	52
15482	37
15482	45
15482	47
15482.1	53
15482.1	32
15482.1	40
15482.1	16
15482.1	33
15482.2	46
15482.2	26
15482.2	54
15482.2	28
15482.2	38
15482.3	33
15482.3	43
15482.3	33
15482.3	48
15482.3	47
15482.3	46
15482.4	41
15482.4	58
15482.4	48
15482.4	45
15482.4	33
15482.5	28
15482.5	55
15482.5	34
15482.5	40
15482.5	38
15482.6	46
15482.6	53
15482.6	53
15482.6	56
15482.6	57
15482.6	23
15482.7	36
15482.7	36
15482.7	44
15482.7	34
15482.7	27
15482.8	40
15482.8	46
15482.8	42
15482.8	65
15482.8	55
15482.9	32
15482.9	55
15482.9	37
15482.9	40
15482.9	35
15482.9	18
15483	27
15483	50
15483	48
15483	49
15483	35
15483.1	37
15483.1	39
15483.1	34
15483.1	36
15483.1	57
15483.1	44
15483.2	39
15483.2	39
15483.2	50
15483.2	38
15483.2	42
15483.3	33
15483.3	45
15483.3	33
15483.3	39
15483.3	39
15483.4	52
15483.4	48
15483.4	46
15483.4	49
15483.4	41
15483.4	50
15483.5	26
15483.5	53
15483.5	54
15483.5	42
15483.5	41
15483.6	37
15483.6	28
15483.6	53
15483.6	41
15483.6	50
15483.7	34
15483.7	36
15483.7	56
15483.7	56
15483.7	49
15483.7	37
15483.8	42
15483.8	32
15483.8	50
15483.8	38
15483.8	62
15483.9	47
15483.9	36
15483.9	43
15483.9	55
15483.9	27
15484	27
15484	36
15484	49
15484	47
15484	39
15484	41
15484.1	40
15484.1	46
15484.1	45
15484.1	49
15484.1	54
15484.2	38
15484.2	33
15484.2	54
15484.2	44
15484.2	47
15484.2	41
15484.3	26
15484.3	41
15484.3	46
15484.3	43
15484.3	64
15484.4	43
15484.4	28
15484.4	33
15484.4	43
15484.4	52
15484.5	43
15484.5	40
15484.5	38
15484.5	55
15484.5	34
15484.5	51
15484.6	32
15484.6	35
15484.6	27
15484.6	41
15484.6	49
15484.7	48
15484.7	33
15484.7	53
15484.7	52
15484.7	34
15484.7	42
15484.8	30
15484.8	24
15484.8	46
15484.8	35
15484.8	47
15484.9	45
15484.9	48
15484.9	61
15484.9	59
15484.9	49
15485	38
15485	56
15485	14
15485	31
15485	50
15485	61
15485.1	36
15485.1	19
15485.1	51
15485.1	47
15485.1	56
15485.2	32
15485.2	45
15485.2	53
15485.2	43
15485.2	30
15485.2	32
15485.3	24
15485.3	44
15485.3	45
15485.3	49
15485.3	54
15485.4	44
15485.4	40
15485.4	28
15485.4	38
15485.4	41
15485.5	44
15485.5	48
15485.5	34
15485.5	41
15485.5	52
15485.5	28
15485.6	40
15485.6	29
15485.6	30
15485.6	48
15485.6	56
15485.7	46
15485.7	32
15485.7	33
15485.7	50
15485.7	34
15485.7	45
15485.8	42
15485.8	46
15485.8	25
15485.8	29
15485.8	42
15485.9	59
15485.9	37
15485.9	32
15485.9	26
15485.9	51
15485.9	49
15486	26
15486	54
15486	49
15486	39
15486	50
15486.1	39
15486.1	27
15486.1	54
15486.1	39
15486.1	45
15486.1	47
15486.2	39
15486.2	27
15486.2	43
15486.2	60
15486.2	55
15486.3	37
15486.3	43
15486.3	45
15486.3	18
15486.3	53
15486.4	58
15486.4	31
15486.4	54
15486.4	39
15486.4	42
15486.4	51
15486.5	37
15486.5	55
15486.5	31
15486.5	31
15486.5	53
15486.6	18
15486.6	39
15486.6	53
15486.6	47
15486.6	48
15486.6	31
15486.7	49
15486.7	24
15486.7	21
15486.7	36
15486.7	37
15486.8	40
15486.8	42
15486.8	44
15486.8	14
15486.8	58
15486.8	62
15486.9	45
15486.9	34
15486.9	19
15486.9	45
15486.9	53
15487	38
15487	39
15487	47
15487	30
15487	56
15487	57
15487.1	33
15487.1	35
15487.1	37
15487.1	38
15487.1	38
15487.2	42
15487.2	49
15487.2	42
15487.2	25
15487.2	35
15487.2	57
15487.3	56
15487.3	19
15487.3	14
15487.3	35
15487.3	36
15487.4	22
15487.4	41
15487.4	25
15487.4	39
15487.4	44
15487.4	49
15487.5	44
15487.5	40
15487.5	23
15487.5	52
15487.5	46
15487.6	40
15487.6	40
15487.6	23
15487.6	28
15487.6	57
15487.6	48
15487.7	46
15487.7	43
15487.7	24
15487.7	52
15487.7	32
15487.8	35
15487.8	45
15487.8	38
15487.8	18
15487.8	50
15487.8	39
15487.9	36
15487.9	39
15487.9	45
15487.9	43
15487.9	41
15488	56
15488	31
15488	38
15488	39
15488	46
15488	40
15488.1	45
15488.1	33
15488.1	31
15488.1	53
15488.1	44
15488.2	40
15488.2	26
15488.2	49
15488.2	38
15488.2	32
15488.2	38
15488.3	41
15488.3	38
15488.3	29
15488.3	44
15488.3	41
15488.4	42
15488.4	7
15488.4	32
15488.4	32
15488.4	46
15488.4	33
15488.5	49
15488.5	32
15488.5	28
15488.5	43
15488.5	38
15488.6	40
15488.6	28
15488.6	10
15488.6	29
15488.6	45
15488.6	24
15488.7	48
15488.7	37
15488.7	40
15488.7	46
15488.7	28
15488.8	36
15488.8	40
15488.8	30
15488.8	37
15488.8	38
15488.8	22
15488.9	30
15488.9	25
15488.9	30
15488.9	37
15488.9	45
15489	35
15489	28
15489	31
15489	18
15489	42
15489	37
15489.1	34
15489.1	39
15489.1	39
15489.1	45
15489.1	42
15489.1	47
15489.2	37
15489.2	37
15489.2	42
15489.2	33
15489.2	43
15489.3	32
15489.3	52
15489.3	35
15489.3	44
15489.3	47
15489.3	30
15489.4	42
15489.4	21
15489.4	26
15489.4	45
15489.4	41
15489.5	27
15489.5	42
15489.5	29
15489.5	24
15489.5	34
15489.5	35
15489.6	27
15489.6	24
15489.6	54
15489.6	55
15489.6	41
15489.7	29
15489.7	46
15489.7	35
15489.7	55
15489.7	60
15489.7	34
15489.8	33
15489.8	37
15489.8	43
15489.8	48
15489.8	31
15489.9	38
15489.9	52
15489.9	39
15489.9	40
15489.9	55
15489.9	25
15490	36
15490	25
15490	34
15490	63
15490	42
15490	40
15490.1	30
15490.1	29
15490.1	57
15490.1	45
15490.1	34
15490.2	41
15490.2	46
15490.2	42
15490.2	34
15490.2	33
15490.2	34
15490.3	15
15490.3	23
15490.3	41
15490.3	44
15490.3	33
15490.4	47
15490.4	41
15490.4	52
15490.4	28
15490.4	44
15490.4	45
15490.5	30
15490.5	32
15490.5	42
15490.5	28
15490.5	28
15490.5	43
15490.6	44
15490.6	35
15490.6	28
15490.6	40
15490.6	35
15490.7	34
15490.7	37
15490.7	44
15490.7	32
15490.7	41
15490.7	29
15490.8	38
15490.8	30
15490.8	32
15490.8	30
15490.8	38
15490.9	25
15490.9	31
15490.9	24
15490.9	53
15490.9	35
15490.9	18
15491	35
15491	32
15491	28
15491	35
15491	31
15491	41
15491.1	42
15491.1	36
15491.1	13
15491.1	39
15491.1	46
15491.2	45
15491.2	40
15491.2	46
15491.2	39
15491.2	19
15491.2	22
15491.3	42
15491.3	37
15491.3	23
15491.3	27
15491.3	45
15491.3	65
15491.4	32
15491.4	45
15491.4	35
15491.4	36
15491.4	30
15491.5	54
15491.5	44
15491.5	31
15491.5	18
15491.5	33
15491.5	43
15491.6	32
15491.6	47
15491.6	25
15491.6	20
15491.6	31
15491.7	42
15491.7	45
15491.7	42
15491.7	42
15491.7	23
15491.7	33
15491.8	32
15491.8	47
15491.8	37
15491.8	27
15491.8	56
15491.8	42
15491.9	23
15491.9	49.6438
15491.9	30.7369
15491.9	29.5308
15491.9	23.3542
15492	17.3932
15492	39.8453
15492	50.7438
15492	37.6505
15492	52.7834
15492	35.7977
15492.1	22.3177
15492.1	41.8976
15492.1	24.9407
15492.1	25.7387
15492.1	43.3121
15492.1	39.7766
15492.2	41.3915
15492.2	34.6343
15492.2	20.4503
15492.2	54.4868
15492.2	42.2122
15492.3	32.9013
15492.3	41.9213
15492.3	18.7476
15492.3	29.9138
15492.3	31.3071
15492.3	37.0658
15492.4	37.1258
15492.4	27.7198
15492.4	31.8289
15492.4	44.1358
15492.4	29.9513
15492.4	30.1174
15492.5	53.2103
15492.5	23.8565
15492.5	12.6887
15492.5	43.8988
15492.5	41.1245
15492.6	36.1294
15492.6	25.9695
15492.6	30.5139
15492.6	36.8922
15492.6	23.272
15492.6	36.5873
15492.7	39.7669
15492.7	28.3152
15492.7	22.9103
15492.7	32.5289
15492.7	32.5612
15492.7	39.0293
15492.8	25.3786
15492.8	28.0283
15492.8	27.0909
15492.8	36.1745
15492.8	32.105
15492.9	25.6647
15492.9	30.0516
15492.9	28.4166
15492.9	34.3868
15492.9	37.2122
15492.9	30.1094
15493	23.1128
15493	34.3346
15493	25.0291
15493	25.571
15493	28.8863
15493	20.5462
15493.1	26.159
15493.1	33.5615
15493.1	27.9453
15493.1	36.9826
15493.1	25.9481
15493.2	24.7944
15493.2	31.6023
15493.2	28.2782
15493.2	21.1602
15493.2	26.3598
15493.2	28.9182
15493.3	25.1964
15493.3	24.0212
15493.3	33.4899
15493.3	36.3838
15493.3	42.0695
15493.3	37.4237
15493.4	31.1956
15493.4	33.594
15493.4	25.6792
15493.4	7.59946
15493.4	33.2249
15493.5	41.6349
15493.5	34.53
15493.5	29.9353
15493.5	29.8768
15493.5	22.4113
15493.5	26.7136
15493.6	23.1387
15493.6	27
15493.6	26.3007
15493.6	17.0617
15493.6	18.496
15493.6	28.925
15493.7	30.5367
15493.7	24.2706
15493.7	24.6203
15493.7	20.0478
15493.7	25
15493.7	38
15493.8	20
15493.8	35
15493.8	15
15493.8	34
15493.8	27
15493.9	36
15493.9	21
15493.9	33
15493.9	27
15493.9	33
15494	32
15494	20
15494	44
15494	31
15494	26
15494	24
15494.1	26
15494.1	32
15494.1	23
15494.1	13
15494.1	26
15494.2	31
15494.2	32
15494.2	37
15494.2	30
15494.2	33
15494.2	43
15494.3	40
15494.3	36
15494.3	21
15494.3	24
15494.3	19
15494.4	22
15494.4	20
15494.4	42
15494.4	40
15494.4	37
15494.4	39
15494.5	38
15494.5	33
15494.5	40
15494.5	44
15494.5	33
15494.6	39
15494.6	34
15494.6	32
15494.6	34
15494.6	50
15494.7	33
15494.7	17
15494.7	42
15494.7	53
15494.7	27
15494.7	36
15494.8	32
15494.8	35
15494.8	34
15494.8	21
15494.8	26
15494.9	46
15494.9	37
15494.9	39
15494.9	20
15494.9	21
15494.9	35
15495	44
15495	37
15495	34
15495	34
15495	31
15495.1	38
15495.1	32
15495.1	47
15495.1	15
15495.1	21
15495.1	29
15495.2	42
15495.2	27
15495.2	21
15495.2	22
15495.2	34
15495.3	43
15495.3	43
15495.3	42
15495.3	37
15495.3	23
15495.4	27
15495.4	35
15495.4	31
15495.4	30
15495.4	45
15495.4	45
15495.5	47
15495.5	33
15495.5	47
15495.5	30
15495.5	22
15495.6	33
15495.6	50
15495.6	45
15495.6	27
15495.6	27
15495.6	38
15495.7	33
15495.7	54
15495.7	23
15495.7	53
15495.7	31
15495.8	50
15495.8	29
15495.8	55
15495.8	42
15495.8	37
15495.8	25
15495.9	38
15495.9	31
15495.9	41
15495.9	34
15495.9	40
15496	45
15496	47
15496	44
15496	41
15496	46
15496	28
15496.1	37
15496.1	26
15496.1	34
15496.1	43
15496.1	34
15496.2	38
15496.2	47
15496.2	39
15496.2	31
15496.2	19
15496.2	53
15496.3	47
15496.3	45
15496.3	31
15496.3	47
15496.3	40
15496.4	43
15496.4	34
15496.4	51
15496.4	35
15496.4	22
15496.4	35
15496.5	27
15496.5	31
15496.5	25
15496.5	45
15496.5	39
15496.6	55
15496.6	39
15496.6	46
15496.6	34
15496.6	11
15496.6	41
15496.7	55
15496.7	41
15496.7	45
15496.7	27
15496.7	46
15496.8	47
15496.8	46
15496.8	36
15496.8	23
15496.8	15
15496.8	39
15496.9	43
15496.9	42
15496.9	37
15496.9	53
15496.9	31
15497	41
15497	21
15497	42
15497	46
15497	23
15497	40
15497.1	46
15497.1	33
15497.1	35
15497.1	43
15497.1	28
15497.2	33
15497.2	38
15497.2	45
15497.2	35
15497.2	34
15497.2	44
15497.3	23
15497.3	38
15497.3	41
15497.3	41
15497.3	30
15497.4	31
15497.4	19
15497.4	30
15497.4	36
15497.4	37
15497.4	53
15497.5	47
15497.5	33
15497.5	20
15497.5	38
15497.5	42
15497.6	49
15497.6	38
15497.6	38
15497.6	49
15497.6	35
15497.6	42
15497.7	47
15497.7	43
15497.7	38
15497.7	49
15497.7	39
15497.8	33
15497.8	37
15497.8	47
15497.8	44
15497.8	25
15497.8	56
15497.9	36
15497.9	43
15497.9	38
15497.9	34
15497.9	24
15498	46
15498	59
15498	59
15498	39
15498	34
15498	41.5
15498.1	49
15498.1	35
15498.1	43
15498.1	37
15498.1	27
15498.2	44
15498.2	47
15498.2	47
15498.2	38
15498.2	47
15498.2	52
15498.3	51
15498.3	41
15498.3	25
15498.3	33
15498.3	36
15498.4	47
15498.4	46
15498.4	44
15498.4	34
15498.4	26
15498.4	27
15498.5	29
15498.5	42
15498.5	51
15498.5	43
15498.5	47
15498.5	68
15498.6	45
15498.6	43
15498.6	25
15498.6	27
15498.6	36
15498.7	50
15498.7	41
15498.7	42
15498.7	25
15498.7	34
15498.7	29
15498.8	40
15498.8	47
15498.8	46
15498.8	35
15498.8	44
15498.9	56
15498.9	59
15498.9	31
15498.9	41
15498.9	54
15498.9	44
15499	45
15499	35
15499	38
15499	45
15499	48
15499.1	64
15499.1	57
15499.1	45
15499.1	28
15499.1	28
15499.1	32
15499.2	54
15499.2	18
15499.2	56
15499.2	36
15499.2	52
15499.3	41
15499.3	51
15499.3	32
15499.3	38
15499.3	46
15499.3	40
15499.4	43
15499.4	30
15499.4	45
15499.4	55
15499.4	52
15499.4	29
15499.5	47
15499.5	30
15499.5	35
15499.5	22
15499.5	42
15499.6	45
15499.6	41
15499.6	51
15499.6	29
15499.6	65
15499.6	38
15499.7	56
15499.7	51
15499.7	20
15499.7	46
15499.7	51
15499.8	42
15499.8	31
15499.8	38
15499.8	31
15499.8	49
15499.8	59
15499.9	31
15499.9	41
15499.9	33
15499.9	30
15499.9	51
15499.9	37
15500	44
15500	50
15500	35
15500	51
15500	46
15500.1	46
15500.1	37
15500.1	53
15500.1	61
15500.1	47
15500.1	61
15500.2	34
15500.2	34
15500.2	46
15500.2	25
15500.2	42
15500.3	47
15500.3	39
15500.3	53
15500.3	42
15500.3	37
15500.3	55
15500.4	33
15500.4	34
15500.4	37
15500.4	44
15500.4	35
15500.4	58
15500.5	37
15500.5	44
15500.5	52
15500.5	61
15500.5	55
15500.6	48
15500.6	22
15500.6	36
15500.6	40
15500.6	51
15500.6	30
15500.7	37
15500.7	8
15500.7	42
15500.7	41
15500.7	53
15500.7	36
15500.8	20
15500.8	29
15500.8	42
15500.8	42
15500.8	32
15500.9	38
15500.9	28
15500.9	41
15500.9	59
15500.9	44
15500.9	23
15501	32
15501	48
15501	51
15501	42
15501	33
15501	42
15501.1	52
15501.1	23
15501.1	39
15501.1	30
15501.1	45
15501.2	18
15501.2	51
15501.2	33
15501.2	29
15501.2	46
15501.2	47
15501.3	33
15501.3	50
15501.3	46
15501.3	31
15501.3	13
15501.4	32
15501.4	51
15501.4	47
15501.4	53
15501.4	30
15501.4	30
15501.5	45
15501.5	37
15501.5	42
15501.5	45
15501.5	41
15501.5	38
15501.6	58
15501.6	51
15501.6	56
15501.6	38
15501.6	41
15501.7	47
15501.7	43
15501.7	38
15501.7	25
15501.7	32
15501.7	21
15501.8	43
15501.8	45
15501.8	50
15501.8	34
15501.8	14
15501.8	31
15501.9	36
15501.9	55
15501.9	23
15501.9	35
15501.9	43
15502	48
15502	45
15502	49
15502	27
15502	33
15502	48
15502.1	34
15502.1	32
15502.1	45
15502.1	44
15502.1	48
15502.1	57
15502.2	22
15502.2	52
15502.2	30
15502.2	40
15502.2	34
15502.3	37
15502.3	42
15502.3	39
15502.3	36
15502.3	47
15502.3	36
15502.4	29
15502.4	53
15502.4	24
15502.4	31
15502.4	42
15502.4	42
15502.5	46
15502.5	50
15502.5	37
15502.5	47
15502.5	47
15502.5	37
15502.6	43
15502.6	44
15502.6	21
15502.6	33
15502.6	44
15502.7	41
15502.7	34
15502.7	38
15502.7	54
15502.7	44
15502.7	50
15502.8	37
15502.8	35
15502.8	17
15502.8	56
15502.8	33
15502.8	46
15502.9	27
15502.9	36
15502.9	42
15502.9	30
15502.9	39
15503	39
15503	40
15503	27
15503	37
15503	43
15503	23
15503.1	44
15503.1	41
15503.1	40
15503.1	57
15503.1	55
15503.1	48
15503.2	32
15503.2	20
15503.2	30
15503.2	41
15503.2	44
15503.2	32
15503.3	50
15503.3	43
15503.3	50
15503.3	60
15503.3	58
15503.4	33
15503.4	19
15503.4	45
15503.4	36
15503.4	51
15503.4	42
15503.5	37
15503.5	32
15503.5	38
15503.5	37
15503.5	43
15503.5	38
15503.6	36
15503.6	29
15503.6	46
15503.6	31
15503.6	33
15503.7	36
15503.7	36
15503.7	61
15503.7	33
15503.7	30
15503.7	40
15503.8	52
15503.8	40
15503.8	38
15503.8	51
15503.8	32
15503.8	14
15503.9	48
15503.9	43
15503.9	31
15503.9	36
15503.9	27
15503.9	42
15504	41
15504	39
15504	44
15504	11
15504	29
15504.1	40
15504.1	43
15504.1	26
15504.1	41
15504.1	42
15504.1	34
15504.2	41
15504.2	29
15504.2	48
15504.2	51
15504.2	23
15504.2	28
15504.3	40
15504.3	54
15504.3	59
15504.3	43
15504.3	22
15504.3	46
15504.4	43
15504.4	57
15504.4	33
15504.4	29
15504.4	43
15504.5	31
15504.5	48
15504.5	42
15504.5	18
15504.5	47
15504.5	39
15504.6	48
15504.6	53
15504.6	53
15504.6	21
15504.6	39
15504.6	44
15504.7	30
15504.7	44
15504.7	36
15504.7	51
15504.7	50
15504.7	31
15504.8	40
15504.8	40
15504.8	33
15504.8	49
15504.8	33
15504.8	26
15504.9	46
15504.9	46
15504.9	28
15504.9	46
15504.9	37
15505	65
15505	33
15505	26
15505	49
15505	42
15505	40
15505.1	32
15505.1	51
15505.1	34
15505.1	21
15505.1	56
15505.1	36
15505.2	33
15505.2	17
15505.2	38
15505.2	42
15505.2	40
15505.2	32
15505.3	32
15505.3	33
15505.3	43
15505.3	48
15505.3	50
15505.3	36
15505.4	36
15505.4	51
15505.4	36
15505.4	45
15505.4	30
15505.5	46
15505.5	25
15505.5	26
15505.5	36
15505.5	37
15505.5	35
15505.6	26
15505.6	49
15505.6	40
15505.6	46
15505.6	21
15505.6	25
15505.7	50
15505.7	44
15505.7	35
15505.7	24
15505.7	48
15505.7	27
15505.8	38
15505.8	43
15505.8	58
15505.8	34
15505.8	41
15505.8	47
15505.9	51
15505.9	49
15505.9	39
15505.9	38
15505.9	49
15506	11
15506	56
15506	47
15506	19
15506	34
15506	47
15506.1	50
15506.1	29
15506.1	25
15506.1	51
15506.1	23
15506.1	37
15506.2	48
15506.2	38
15506.2	39
15506.2	37
15506.2	30
15506.2	42
15506.3	31
15506.3	27
15506.3	34
15506.3	35
15506.3	39
15506.3	21
15506.4	53
15506.4	31
15506.4	17
15506.4	47
15506.4	22
15506.4	28
15506.5	49
15506.5	38
15506.5	17
15506.5	43
15506.5	40
15506.5	54
15506.6	49
15506.6	22
15506.6	43
15506.6	26
15506.6	21
15506.7	34
15506.7	31
15506.7	27
15506.7	51
15506.7	60
15506.7	45
15506.8	39
15506.8	15
15506.8	21
15506.8	38
15506.8	34
15506.8	37
15506.9	31
15506.9	30
15506.9	21
15506.9	33
15506.9	44
15506.9	33
15507	21
15507	34
15507	32
15507	36
15507	30
15507	34
15507.1	29
15507.1	50
15507.1	28
15507.1	41
15507.1	43
15507.1	48
15507.2	43
15507.2	46
15507.2	38
15507.2	27
15507.2	46
15507.2	15
15507.3	39
15507.3	41
15507.3	33
15507.3	27
15507.3	11
15507.3	41
15507.4	18
15507.4	42
15507.4	31
15507.4	21
15507.4	42
15507.5	51
15507.5	33
15507.5	35
15507.5	38
15507.5	19
15507.5	45
15507.6	50
15507.6	37
15507.6	35
15507.6	27
15507.6	22
15507.6	39
15507.7	32
15507.7	37
15507.7	35
15507.7	37
15507.7	43
15507.7	18
15507.8	34
15507.8	37
15507.8	16
15507.8	51
15507.8	35
15507.8	15
15507.9	18
15507.9	22
15507.9	37
15507.9	53
15507.9	43
15507.9	57
15508	49
15508	22
15508	24
15508	31
15508	40
15508	44
15508.1	47
15508.1	26
15508.1	41
15508.1	22
15508.1	32
15508.1	25
15508.2	21
15508.2	46
15508.2	37
15508.2	24
15508.2	41.9286
15508.2	49.6147
15508.3	24.9622
15508.3	31.8768
15508.3	49.1649
15508.3	30.5085
15508.3	18.7147
15508.3	14.4286
15508.4	29.3405
15508.4	39.3608
15508.4	37.9507
15508.4	34.3139
15508.4	44.402
15508.5	32.0387
15508.5	30.6918
15508.5	24.7955
15508.5	27.8099
15508.5	20.375
15508.5	40.87
15508.6	41.0542
15508.6	32.8811
15508.6	40.2245
15508.6	24.8414
15508.6	22.1854
15508.6	36.6203
15508.7	31.5107
15508.7	44.2349
15508.7	40.5112
15508.7	18.3311
15508.7	33.1655
15508.7	21.419
15508.8	26.5826
15508.8	32.4188
15508.8	43.8042
15508.8	36.1487
15508.8	29.4339
15508.8	18.2375
15508.9	25.7931
15508.9	31.0034
15508.9	31.6492
15508.9	19.6584
15508.9	28.9087
15508.9	28.7857
15509	41.9179
15509	38.1817
15509	33.8799
15509	33.6714
15509	36.8288
15509	31.8342
15509.1	30.8487
15509.1	30.9124
15509.1	29.9244
15509.1	40.2794
15509.1	37.3518
15509.1	32.1835
15509.2	36.766
15509.2	31.2333
15509.2	24.1982
15509.2	27.2605
15509.2	30.6167
15509.2	27.2564
15509.3	24.3021
15509.3	35.3172
15509.3	30.4329
15509.3	24.7315
15509.3	21.6979
15509.3	28.3826
15509.4	26.0347
15509.4	31.8884
15509.4	27.2738
15509.4	30.5074
15509.4	33.0903
15509.4	28.7696
15509.5	26.05
15509.5	30.6102
15509.5	31.8203
15509.5	22.8393
15509.5	22.7038
15509.5	30.2328
15509.6	33.0097
15509.6	21.4593
15509.6	30.7289
15509.6	38.4893
15509.6	24.7438
15509.6	43.4497
15509.7	39.1809
15509.7	36.6452
15509.7	17.9801
15509.7	21.7134
15509.7	28.7506
15509.7	26.1702
15509.8	25.1751
15509.8	28.528
15509.8	18.9024
15509.8	25.8691
15509.8	34.8415
15509.8	30.377
15509.9	19.8592
15509.9	24.474
15509.9	19.7506
15509.9	-2.47143
15509.9	23.5113
15509.9	33.8127
15510	34.164
15510	33.3407
15510	33
15510	21
15510	26
15510	17
15510.1	29
15510.1	22
15510.1	4
15510.1	9
15510.1	28
15510.1	30
15510.2	27
15510.2	8
15510.2	36
15510.2	36
15510.2	31
15510.2	31
15510.3	32
15510.3	28
15510.3	14
15510.3	23
15510.3	31
15510.4	22
15510.4	30
15510.4	33
15510.4	31
15510.4	23
15510.4	35
15510.5	31
15510.5	34
15510.5	27
15510.5	17
15510.5	41
15510.5	33
15510.6	15
15510.6	33
15510.6	48
15510.6	24
15510.6	32
15510.7	27
15510.7	20
15510.7	22
15510.7	36
15510.7	44
15510.7	47
15510.8	26
15510.8	37
15510.8	46
15510.8	38
15510.8	49
15510.8	27
15510.9	54
15510.9	15
15510.9	45
15510.9	28
15510.9	41
15511	33
15511	35
15511	34
15511	36
15511	30
15511	32
15511.1	35
15511.1	21
15511.1	28
15511.1	35
15511.1	54
15511.1	17
15511.2	22
15511.2	26
15511.2	51
15511.2	35
15511.2	26
15511.3	43
15511.3	41
15511.3	41
15511.3	37
15511.3	37
15511.3	15
15511.4	44
15511.4	40
15511.4	18
15511.4	22
15511.4	45
15511.4	24
15511.5	28
15511.5	47
15511.5	19
15511.5	28
15511.5	50
15511.5	26
15511.6	35
15511.6	37
15511.6	38
15511.6	35
15511.6	19
15511.7	33
15511.7	20
15511.7	37
15511.7	43
15511.7	45
15511.7	18
15511.8	30
15511.8	30
15511.8	25
15511.8	38
15511.8	29
15511.8	25
15511.9	45
15511.9	4
15511.9	43
15511.9	58
15511.9	18
15512	36
15512	36
15512	43
15512	55
15512	25
15512	32
15512.1	48
15512.1	65
15512.1	53
15512.1	34
15512.1	20
15512.1	42
15512.2	36
15512.2	32
15512.2	11
15512.2	24
15512.2	35
15512.3	32
15512.3	46
15512.3	41
15512.3	32
15512.3	21
15512.3	32
15512.4	41
15512.4	38
15512.4	36
15512.4	22
15512.4	36
15512.4	48
15512.5	43
15512.5	54
15512.5	29
15512.5	30
15512.5	36
15512.5	37
15512.6	39
15512.6	26
15512.6	35
15512.6	24
15512.6	56
15512.7	29
15512.7	37
15512.7	39
15512.7	8
15512.7	42
15512.7	34
15512.8	52
15512.8	51
15512.8	48
15512.8	25
15512.8	43
15512.8	54
15512.9	41
15512.9	34
15512.9	42
15512.9	29
15512.9	55
15512.9	46
15513	29
15513	53
15513	24
15513	53
15513	33
15513.1	38
15513.1	40
15513.1	42
15513.1	48
15513.1	42
15513.1	39
15513.2	42
15513.2	29
15513.2	38
15513.2	51
15513.2	41
15513.2	31
15513.3	50
15513.3	47
15513.3	35
15513.3	22
15513.3	31
15513.3	43
15513.4	29
15513.4	33
15513.4	35
15513.4	31
15513.4	45
15513.5	42
15513.5	52
15513.5	49
15513.5	25
15513.5	50
15513.5	45
15513.6	20
15513.6	34
15513.6	22
15513.6	31
15513.6	62
15513.6	50
15513.7	53
15513.7	31
15513.7	23
15513.7	51
15513.7	23
15513.7	28
15513.8	41
15513.8	47
15513.8	45
15513.8	43
15513.8	30
15513.8	52
15513.9	47
15513.9	44
15513.9	49
15513.9	43
15513.9	34
15514	31
15514	32
15514	28
15514	63
15514	43
15514	45
15514.1	42
15514.1	38
15514.1	29
15514.1	47
15514.1	28
15514.1	35.5
15514.2	43
15514.2	38
15514.2	33
15514.2	46
15514.2	46
15514.2	27
15514.3	33
15514.3	70
15514.3	47
15514.3	37
15514.3	53
15514.3	44
15514.4	49
15514.4	35
15514.4	36
15514.4	38
15514.4	42
15514.5	26
15514.5	39
15514.5	38
15514.5	37
15514.5	47
15514.5	39
15514.6	37
15514.6	47
15514.6	34
15514.6	27
15514.6	53
15514.6	40
15514.7	47
15514.7	51
15514.7	31
15514.7	60
15514.7	44
15514.7	47
15514.8	33
15514.8	35
15514.8	36
15514.8	58
15514.8	65
15514.8	46
15514.9	43
15514.9	60
15514.9	43
15514.9	54
15514.9	43
15515	47
15515	30
15515	41
15515	37
15515	45
15515	27
15515.1	49
15515.1	48
15515.1	32
15515.1	44
15515.1	55
15515.1	54
15515.2	36
15515.2	36
15515.2	48
15515.2	49
15515.2	45
15515.2	38
15515.3	38
15515.3	26
15515.3	58
15515.3	72
15515.3	31
15515.3	27
15515.4	37
15515.4	57
15515.4	36
15515.4	65
15515.4	31
15515.4	26
15515.5	40
15515.5	42
15515.5	48
15515.5	33
15515.5	27
15515.5	48
15515.6	33
15515.6	58
15515.6	38
15515.6	33
15515.6	48
15515.7	44
15515.7	51
15515.7	57
15515.7	42
15515.7	34
15515.7	50
15515.8	61
15515.8	48
15515.8	15
15515.8	37
15515.8	37
15515.8	38
15515.9	46
15515.9	49
15515.9	50
15515.9	14
15515.9	35
15515.9	47
15516	50
15516	33
15516	35
15516	33
15516	33
15516	41
15516.1	42
15516.1	41
15516.1	58
15516.1	36
15516.1	28
15516.1	29
15516.2	18
15516.2	35
15516.2	26
15516.2	42
15516.2	44
15516.2	43
15516.3	43
15516.3	19
15516.3	21
15516.3	38
15516.3	59
15516.3	21
15516.4	35
15516.4	36
15516.4	43
15516.4	53
15516.4	52
15516.5	67
15516.5	36
15516.5	41
15516.5	46
15516.5	36
15516.5	29
15516.6	60
15516.6	40
15516.6	43
15516.6	56
15516.6	42
15516.6	34
15516.7	40
15516.7	49
15516.7	50
15516.7	35
15516.7	31
15516.7	30
15516.8	56
15516.8	53
15516.8	33
15516.8	47
15516.8	35
15516.8	30
15516.9	42
15516.9	66
15516.9	43
15516.9	35
15516.9	25
15516.9	39
15517	53
15517	39
15517	37
15517	50
15517	43
15517	44
15517.1	39
15517.1	48
15517.1	45
15517.1	7
15517.1	44
15517.1	49
15517.2	40
15517.2	40
15517.2	45
15517.2	32
15517.2	30
15517.2	42
15517.3	46
15517.3	42
15517.3	20
15517.3	31
15517.3	45
15517.3	33
15517.4	61
15517.4	44
15517.4	35
15517.4	42
15517.4	62
15517.4	60
15517.5	42
15517.5	39
15517.5	51
15517.5	55
15517.5	52
15517.6	47
15517.6	23
15517.6	31
15517.6	33
15517.6	52
15517.6	53
15517.7	47
15517.7	21
15517.7	58
15517.7	36
15517.7	38
15517.7	21
15517.8	34
15517.8	37
15517.8	40
15517.8	41
15517.8	24
15517.8	27
15517.9	34
15517.9	28
15517.9	46
15517.9	32
15517.9	23
15517.9	35
15518	48
15518	49
15518	60
15518	53
15518	33
15518	42
15518.1	56
15518.1	48
15518.1	36
15518.1	32
15518.1	33
15518.1	40
15518.2	18
15518.2	32
15518.2	66
15518.2	40
15518.2	28
15518.2	47
15518.3	34
15518.3	57
15518.3	36
15518.3	38
15518.3	35
15518.3	37
15518.4	36
15518.4	50
15518.4	31
15518.4	29
15518.4	66
15518.4	54
15518.5	53
15518.5	39
15518.5	34
15518.5	47
15518.5	57
15518.5	30
15518.6	37
15518.6	41
15518.6	63
15518.6	42
15518.6	45
15518.6	38
15518.7	32
15518.7	31
15518.7	45
15518.7	54
15518.7	45
15518.7	38
15518.8	41
15518.8	26
15518.8	39
15518.8	38
15518.8	47
15518.8	42
15518.9	35
15518.9	37
15518.9	33
15518.9	39
15518.9	37
15518.9	35
15519	42
15519	56
15519	47
15519	30
15519	29
15519	17
15519.1	36
15519.1	41
15519.1	45
15519.1	36
15519.1	44
15519.1	32
15519.2	38
15519.2	44
15519.2	42
15519.2	38
15519.2	30
15519.2	37
15519.3	44
15519.3	51
15519.3	43
15519.3	41
15519.3	38
15519.3	54
15519.4	51
15519.4	35
15519.4	46
15519.4	17
15519.4	37
15519.4	55
15519.5	27
15519.5	31
15519.5	46
15519.5	50
15519.5	45
15519.5	47
15519.6	53
15519.6	47
15519.6	33
15519.6	52
15519.6	53
15519.6	46
15519.7	37
15519.7	34
15519.7	34
15519.7	50
15519.7	61
15519.7	26
15519.8	39
15519.8	33
15519.8	33
15519.8	42
15519.8	61
15519.8	49
15519.9	26
15519.9	30
15519.9	37
15519.9	66
15519.9	40
15519.9	41
15520	21
15520	42
15520	49
15520	48
15520	42
15520	40
15520.1	39
15520.1	48
15520.1	52
15520.1	31
15520.1	30
15520.1	55
15520.2	28
15520.2	34
15520.2	51
15520.2	39
15520.2	35
15520.2	12
15520.3	23
15520.3	39
15520.3	53
15520.3	43
15520.3	36
15520.3	33
15520.4	39
15520.4	46
15520.4	35
15520.4	26
15520.4	44
15520.4	49
15520.5	51
15520.5	35
15520.5	21
15520.5	20
15520.5	52
15520.5	35
15520.6	55
15520.6	24
15520.6	22
15520.6	24
15520.6	35
15520.6	35
15520.7	38
15520.7	15
15520.7	44
15520.7	39
15520.7	31
15520.7	41
15520.7	21
15520.8	18
15520.8	29
15520.8	45
15520.8	34
15520.8	44
15520.8	35
15520.9	32
15520.9	36
15520.9	29
15520.9	52
15520.9	39
15520.9	30
15521	44
15521	40
15521	34
15521	29
15521	35
15521	36
15521.1	50
15521.1	35
15521.1	54
15521.1	33
15521.1	30
15521.1	39
15521.2	39
15521.2	35
15521.2	18
15521.2	33
15521.2	33
15521.2	39
15521.3	37
15521.3	43
15521.3	32
15521.3	16
15521.3	43
15521.3	24
15521.4	11
15521.4	30
15521.4	40
15521.4	29
15521.4	44
15521.4	47
15521.5	49
15521.5	16
15521.5	18
15521.5	38
15521.5	37
15521.5	54
15521.6	38
15521.6	29
15521.6	33
15521.6	26
15521.6	27
15521.6	33
15521.7	44
15521.7	46
15521.7	47
15521.7	23
15521.7	32
15521.7	38
15521.8	7
15521.8	53
15521.8	53
15521.8	40
15521.8	39
15521.8	39
15521.8	38
15521.9	36
15521.9	38
15521.9	43
15521.9	27
15521.9	43
15521.9	36
15522	35
15522	45
15522	47
15522	37
15522	30
15522	45
15522.1	44
15522.1	41
15522.1	14
15522.1	35
15522.1	14
15522.1	48
15522.2	36
15522.2	41
15522.2	21
15522.2	29
15522.2	44
15522.2	46
15522.3	38
15522.3	20
15522.3	34
15522.3	36
15522.3	51
15522.3	41
15522.4	48
15522.4	33
15522.4	48
15522.4	49
15522.4	34
15522.4	32
15522.5	32
15522.5	36
15522.5	36
15522.5	45
15522.5	32
15522.5	24
15522.5	46
15522.6	42
15522.6	34
15522.6	40
15522.6	60
15522.6	63
15522.6	19
15522.7	21
15522.7	44
15522.7	36
15522.7	31
15522.7	41
15522.7	42
15522.8	38
15522.8	48
15522.8	47
15522.8	30
15522.8	29
15522.8	55
15522.9	50
15522.9	27
15522.9	39
15522.9	44
15522.9	45
15522.9	37
15523	37
15523	53
15523	18
15523	20
15523	26
15523	44
15523.1	40
15523.1	53
15523.1	30
15523.1	45
15523.1	54
15523.1	26
15523.1	26
15523.2	31
15523.2	22
15523.2	51
15523.2	39
15523.2	49
15523.2	31
15523.3	37
15523.3	33
15523.3	33
15523.3	34
15523.3	47
15523.3	36
15523.4	18
15523.4	48
15523.4	33
15523.4	39
15523.4	32
15523.4	41
15523.5	38
15523.5	36
15523.5	43
15523.5	32
15523.5	50
15523.5	35
15523.6	54
15523.6	35
15523.6	40
15523.6	31
15523.6	25
15523.6	43
15523.6	37
15523.7	40
15523.7	41
15523.7	22
15523.7	35
15523.7	40
15523.7	42
15523.8	58
15523.8	39
15523.8	23
15523.8	34
15523.8	35
15523.8	37
15523.9	37
15523.9	57
15523.9	42.9272
15523.9	52.6165
15523.9	21.9794
15523.9	39.6417
15524	33.9431
15524	24.7362
15524	27.2886
15524	32.4175
15524	25.9575
15524	47.039
15524.1	38.8462
15524.1	30.085
15524.1	40.301
15524.1	32.3588
15524.1	32.0505
15524.1	43.2476
15524.1	12.3738
15524.2	35.9627
15524.2	46.8444
15524.2	38.5618
15524.2	28.7298
15524.2	35.1024
15524.2	29.3301
15524.3	33.8423
15524.3	31.6968
15524.3	42.8923
15524.3	25.2293
15524.3	29.7225
15524.3	30.5477
15524.4	33.43
15524.4	26.4815
15524.4	30.861
15524.4	30.1689
15524.4	29.6968
15524.4	27.199
15524.5	29.2427
15524.5	37.757
15524.5	25.8495
15524.5	17.9679
15524.5	29.6862
15524.5	27.2542
15524.5	34.5446
15524.6	31.855
15524.6	39.6306
15524.6	37.5178
15524.6	41.793
15524.6	28.7741
15524.6	43.1664
15524.7	19.0776
15524.7	32.1214
15524.7	37.3879
15524.7	27.2652
15524.7	19.6492
15524.7	35.7075
15524.8	34.658
15524.8	33.1631
15524.8	34.0744
15524.8	36.8066
15524.8	37.451
15524.8	23.5755
15524.9	20.4785
15524.9	39.1134
15524.9	27.6194
15524.9	30.0281
15524.9	11.1015
15524.9	22.2124
15524.9	30.5825
15525	28.419
15525	35.4044
15525	36.3491
15525	26.6028
15525	19.8417
15525	26.6337
15525.1	19.2535
15525.1	26.4368
15525.1	36.9982
15525.1	17.003
15525.1	29.202
15525.1	28.0115
15525.2	17.4427
15525.2	23.0015
15525.2	31.45
15525.2	30.5321
15525.2	29.5552
15525.2	28.0214
15525.3	29.8959
15525.3	31.7934
15525.3	31.0523
15525.3	18.9146
15525.3	22.653
15525.3	23.1851
15525.3	38.3484
15525.4	36.0366
15525.4	39.963
15525.4	18.9226
15525.4	25.2147
15525.4	46.6416
15525.4	27.5922
15525.5	29.8217
15525.5	23.8707
15525.5	30.0821
15525.5	27.6579
15525.5	36.2535
15525.5	49
15525.5	32
15525.6	27
15525.6	18
15525.6	9
15525.6	40
15525.6	42
15525.6	31
15525.7	35
15525.7	12
15525.7	36
15525.7	15
15525.7	25
15525.7	15
15525.8	22
15525.8	32
15525.8	41
15525.8	18
15525.8	19
15525.9	29
15525.9	28
15525.9	40
15525.9	37
15525.9	31
15525.9	18
15526	20
15526	22
15526	32
15526	39
15526	33
15526	40
15526.1	29
15526.1	40
15526.1	43
15526.1	30
15526.1	4
15526.1	14
15526.2	30
15526.2	33
15526.2	31
15526.2	28
15526.2	31
15526.2	33
15526.3	4
15526.3	47
15526.3	44
15526.3	45
15526.3	42
15526.3	30
15526.4	29
15526.4	36
15526.4	24
15526.4	43
15526.4	29
15526.4	22
15526.5	28
15526.5	32
15526.5	11
15526.5	38
15526.5	27
15526.5	38
15526.6	34
15526.6	33
15526.6	37
15526.6	21
15526.6	47
15526.6	39
15526.7	26
15526.7	22
15526.7	54
15526.7	37
15526.7	39
15526.7	37
15526.8	13
15526.8	29
15526.8	34
15526.8	37
15526.8	48
15526.8	30
15526.9	18
15526.9	45
15526.9	28
15526.9	46
15526.9	55
15526.9	33
15527	16
15527	36
15527	53
15527	33
15527	12
15527	34
15527.1	34
15527.1	40
15527.1	38
15527.1	32
15527.1	27
15527.1	33
15527.2	44
15527.2	31
15527.2	18
15527.2	39
15527.2	32
15527.2	30
15527.3	29
15527.3	39
15527.3	25
15527.3	38
15527.3	29
15527.3	48
15527.4	19
15527.4	50
15527.4	31
15527.4	36
15527.4	36
15527.4	39
15527.5	51
15527.5	41
15527.5	44
15527.5	40
15527.5	39
15527.5	39
15527.6	48
15527.6	36
15527.6	44
15527.6	27
15527.6	41
15527.6	36
15527.7	32
15527.7	40
15527.7	33
15527.7	38
15527.7	50
15527.7	28
15527.8	52
15527.8	44
15527.8	53
15527.8	39
15527.8	56
15527.8	18
15527.9	40
15527.9	32
15527.9	41
15527.9	44
15527.9	31
15527.9	32
15528	48
15528	44
15528	38
15528	39
15528	32
15528	14
15528.1	26
15528.1	49
15528.1	41
15528.1	22
15528.1	33
15528.1	45
15528.2	34
15528.2	40
15528.2	55
15528.2	44
15528.2	32
15528.2	39
15528.3	36
15528.3	43
15528.3	40
15528.3	46
15528.3	31
15528.3	36
15528.4	33
15528.4	40
15528.4	47
15528.4	47
15528.4	62
15528.4	34
15528.5	32
15528.5	31
15528.5	39
15528.5	39
15528.5	43
15528.5	30
15528.6	49
15528.6	45
15528.6	19
15528.6	43
15528.6	51
15528.6	32
15528.7	40
15528.7	33
15528.7	43
15528.7	51
15528.7	36
15528.7	28
15528.8	32
15528.8	49
15528.8	49
15528.8	38
15528.8	40
15528.8	38
15528.9	34
15528.9	48
15528.9	47
15528.9	46
15528.9	33
15528.9	37
15529	42
15529	41
15529	49
15529	48
15529	36
15529	25
15529.1	40
15529.1	40
15529.1	42
15529.1	24
15529.1	32
15529.1	18
15529.2	46
15529.2	45
15529.2	38
15529.2	44
15529.2	7
15529.2	43
15529.3	50
15529.3	47
15529.3	42
15529.3	29
15529.3	43
15529.3	47
15529.4	55
15529.4	45
15529.4	42
15529.4	23
15529.4	43
15529.4	39
15529.5	40
15529.5	51
15529.5	51
15529.5	23
15529.5	57
15529.5	52
15529.6	47
15529.6	45
15529.6	33
15529.6	46
15529.6	37
15529.6	39
15529.7	58
15529.7	40
15529.7	43
15529.7	34
15529.7	41
15529.7	45
15529.7	38
15529.8	39
15529.8	33
15529.8	42
15529.8	36
15529.8	43
15529.8	27
15529.9	52
15529.9	49
15529.9	42
15529.9	47
15529.9	27
15529.9	32
15530	58
15530	35
15530	49
15530	23
15530	30
15530	23
15530.1	51
15530.1	34
15530.1	65
15530.1	31
15530.1	17
15530.1	39
15530.2	39
15530.2	44
15530.2	45
15530.2	42
15530.2	31
15530.2	57
15530.3	34
15530.3	40
15530.3	33
15530.3	37
15530.3	38
15530.3	51
15530.4	58
15530.4	38
15530.4	38
15530.4	45
15530.4	27
15530.4	51
15530.5	33
15530.5	47
15530.5	32
15530.5	37
15530.5	39
15530.5	50
15530.6	49
15530.6	30
15530.6	32
15530.6	31
15530.6	51
15530.6	24
15530.6	43
15530.7	24
15530.7	37
15530.7	41
15530.7	44
15530.7	51
15530.7	38
15530.8	20
15530.8	34
15530.8	30
15530.8	55
15530.8	51
15530.8	36
15530.9	31
15530.9	35
15530.9	37
15530.9	39
15530.9	22
15530.9	33
15531	49
15531	38
15531	55
15531	43
15531	48
15531	42
15531.1	37
15531.1	39
15531.1	33
15531.1	36
15531.1	51
15531.1	42
15531.2	47
15531.2	28
15531.2	34
15531.2	37
15531.2	39
15531.2	39
15531.3	30
15531.3	39
15531.3	50
15531.3	39
15531.3	37
15531.3	59
15531.3	33
15531.4	45
15531.4	45
15531.4	34
15531.4	33
15531.4	52
15531.4	28
15531.5	14
15531.5	43
15531.5	40
15531.5	60
15531.5	16
15531.5	43
15531.6	21
15531.6	36
15531.6	42
15531.6	36
15531.6	35
15531.6	22
15531.7	42
15531.7	53
15531.7	58
15531.7	33
15531.7	35
15531.7	45
15531.8	48
15531.8	47
15531.8	38
15531.8	25
15531.8	32
15531.8	32
15531.9	27
15531.9	33
15531.9	56
15531.9	40
15531.9	46
15531.9	55
15531.9	50
15532	30
15532	36
15532	39
15532	53
15532	49
15532	23
15532.1	32
15532.1	45
15532.1	60
15532.1	50
15532.1	51
15532.1	36
15532.2	26
15532.2	24
15532.2	49
15532.2	33
15532.2	46
15532.2	23
15532.3	36
15532.3	48
15532.3	44
15532.3	45
15532.3	51
15532.3	40
15532.4	38
15532.4	44
15532.4	34
15532.4	35
15532.4	46
15532.4	47
15532.4	40
15532.5	45
15532.5	25
15532.5	39
15532.5	31
15532.5	40
15532.5	54
15532.6	32
15532.6	45
15532.6	37
15532.6	30
15532.6	25
15532.6	32
15532.7	42
15532.7	44
15532.7	43
15532.7	36
15532.7	48
15532.7	45
15532.8	54
15532.8	29
15532.8	18
15532.8	36
15532.8	52
15532.8	41
15532.9	32
15532.9	25
15532.9	26
15532.9	34
15532.9	40
15532.9	46
15532.9	36
15533	25
15533	43
15533	58
15533	55
15533	46
15533	32
15533.1	33
15533.1	39
15533.1	37
15533.1	37
15533.1	42
15533.1	20
15533.2	57
15533.2	50
15533.2	36
15533.2	27
15533.2	30
15533.2	28
15533.3	45
15533.3	34
15533.3	39
15533.3	41
15533.3	38
15533.3	42
15533.3	41
15533.4	33
15533.4	50
15533.4	41
15533.4	37
15533.4	46
15533.4	34
15533.5	59
15533.5	22
15533.5	22
15533.5	43
15533.5	43
15533.5	27
15533.6	49
15533.6	23
15533.6	27
15533.6	29
15533.6	27
15533.6	52
15533.7	39
15533.7	31
15533.7	30
15533.7	59
15533.7	36
15533.7	47
15533.7	47
15533.8	55
15533.8	43
15533.8	44
15533.8	45
15533.8	59
15533.8	59
15533.9	39
15533.9	30
15533.9	42
15533.9	37
15533.9	39
15533.9	59
15534	39
15534	55
15534	36
15534	45
15534	43
15534	33
15534	31
15534.1	40
15534.1	54
15534.1	51
15534.1	36
15534.1	23
15534.1	52
15534.2	49
15534.2	35
15534.2	44
15534.2	37
15534.2	26
15534.2	46
15534.3	37
15534.3	42
15534.3	30
15534.3	37
15534.3	43
15534.3	36
15534.4	49
15534.4	31
15534.4	54
15534.4	17
15534.4	44
15534.4	32
15534.4	35
15534.5	19
15534.5	62
15534.5	44
15534.5	34
15534.5	35
15534.5	51
15534.6	35
15534.6	42
15534.6	41
15534.6	15
15534.6	31
15534.6	43
15534.7	47
15534.7	38
15534.7	37
15534.7	35
15534.7	43
15534.7	53
15534.7	31
15534.8	40
15534.8	41
15534.8	33
15534.8	36
15534.8	41
15534.8	36
15534.9	42
15534.9	26
15534.9	40
15534.9	46
15534.9	38
15534.9	45
15535	39
15535	22
15535	45
15535	51
15535	58
15535	29
15535	31
15535.1	38
15535.1	35
15535.1	47
15535.1	36
15535.1	47
15535.1	17
15535.2	51
15535.2	31
15535.2	38
15535.2	33
15535.2	28
15535.2	23
15535.3	43
15535.3	27
15535.3	58
15535.3	50
15535.3	23
15535.3	43
15535.3	55
15535.4	47
15535.4	43
15535.4	31
15535.4	39
15535.4	37
15535.4	43
15535.5	25
15535.5	35
15535.5	13
15535.5	44
15535.5	35
15535.5	40
15535.6	29
15535.6	32
15535.6	42
15535.6	33
15535.6	44
15535.6	46
15535.6	22
15535.7	35
15535.7	34
15535.7	42
15535.7	51
15535.7	39
15535.7	23
15535.8	35
15535.8	65
15535.8	27
15535.8	53
15535.8	33
15535.8	25
15535.9	46
15535.9	27
15535.9	42
15535.9	38
15535.9	36
15535.9	41
15535.9	55
15536	39
15536	51
15536	32
15536	40
15536	47
15536	43
15536.1	23
15536.1	22
15536.1	38
15536.1	51
15536.1	45
15536.1	39
15536.1	37
15536.2	47
15536.2	41
15536.2	52
15536.2	9
15536.2	48
15536.2	51
15536.3	20
15536.3	40
15536.3	38
15536.3	48
15536.3	33
15536.3	44
15536.4	32
15536.4	43
15536.4	40
15536.4	60
15536.4	54
15536.4	22
15536.4	39
15536.5	56
15536.5	46
15536.5	45
15536.5	41
15536.5	45
15536.5	34
15536.6	25
15536.6	50
15536.6	32
15536.6	22
15536.6	43
15536.6	42
15536.6	39
15536.7	30
15536.7	45
15536.7	43
15536.7	41
15536.7	35
15536.7	35
15536.8	30
15536.8	29
15536.8	40
15536.8	33
15536.8	39
15536.8	17
15536.9	18
15536.9	48
15536.9	48
15536.9	39
15536.9	36
15536.9	33
15536.9	12
15537	38
15537	41
15537	30
15537	34
15537	32
15537	39
15537.1	52
15537.1	41
15537.1	47
15537.1	40
15537.1	37
15537.1	20
15537.1	40
15537.2	33
15537.2	26
15537.2	44
15537.2	40
15537.2	30
15537.2	42
15537.3	47
15537.3	46
15537.3	28
15537.3	21
15537.3	47
15537.3	49
15537.3	35
15537.4	46
15537.4	38
15537.4	37
15537.4	58
15537.4	19
15537.4	31
15537.5	23
15537.5	40
15537.5	23
15537.5	55
15537.5	25
15537.5	35
15537.5	42
15537.6	47
15537.6	29
15537.6	44
15537.6	31
15537.6	13
15537.6	25
15537.7	30
15537.7	54
15537.7	25
15537.7	54
15537.7	36
15537.7	57
15537.8	35
15537.8	38
15537.8	41
15537.8	14
15537.8	40
15537.8	43
15537.8	39
15537.9	26
15537.9	19
15537.9	22
15537.9	37
15537.9	41
15537.9	33
15538	43
15538	39
15538	30
15538	38
15538	40
15538	43
15538	31
15538.1	49
15538.1	59
15538.1	34
15538.1	29
15538.1	35
15538.1	54
15538.2	41
15538.2	25
15538.2	34
15538.2	37
15538.2	43
15538.2	38
15538.2	36
15538.3	13
15538.3	24
15538.3	37
15538.3	25
15538.3	48
15538.3	46
15538.4	44
15538.4	50
15538.4	30
15538.4	22
15538.4	31
15538.4	50
15538.4	47
15538.5	43
15538.5	43
15538.5	47
15538.5	33
15538.5	23
15538.5	27
15538.6	9
15538.6	19
15538.6	34
15538.6	33
15538.6	45
15538.6	30
15538.6	35
15538.7	47
15538.7	36
15538.7	50
15538.7	37
15538.7	35
15538.7	37
15538.8	18
15538.8	35
15538.8	22
15538.8	35
15538.8	38
15538.8	55
15538.8	45
15538.9	42.9604
15538.9	19.0754
15538.9	34.7246
15538.9	26.8075
15538.9	36.9565
15538.9	56.8373
15538.9	32.5113
15539	30.0641
15539	35.2971
15539	42.2066
15539	41.6603
15539	35.9125
15539	30.5385
15539.1	42.1976
15539.1	41.2928
15539.1	30.0529
15539.1	55.6485
15539.1	33.8053
15539.1	30.1603
15539.1	32.5413
15539.2	22.2601
15539.2	28.2229
15539.2	40.7206
15539.2	34.3974
15539.2	35.0704
15539.2	40.8065
15539.3	16.7862
15539.3	33.9521
15539.3	24.9691
15539.3	21.2424
15539.3	19.9838
15539.3	39.0149
15539.3	34.1219
15539.4	39.7448
15539.4	21.8993
15539.4	25.1012
15539.4	28.411
15539.4	37.4604
15539.4	36.1881
15539.5	35.2994
15539.5	15.3168
15539.5	29.2199
15539.5	39.3093
15539.5	36.4374
15539.5	36.3011
15539.5	24.4026
15539.6	19.8211
15539.6	25.7001
15539.6	29.7082
15539.6	33.0601
15539.6	26.5714
15539.6	9.135
15539.7	22.1551
15539.7	41.3465
15539.7	33.6275
15539.7	31.7496
15539.7	31.1992
15539.7	35.2345
15539.7	26.0474
15539.8	33.6584
15539.8	35.3316
15539.8	34.128
15539.8	23.2928
15539.8	22.917
15539.8	23.0396
15539.8	27.9309
15539.9	35.4395
15539.9	31.7567
15539.9	28.0552
15539.9	32.7313
15539.9	34.889
15539.9	32.2921
15540	21.1095
15540	20.9208
15540	19.0299
15540	25.5063
15540	23.4844
15540	26.1079
15540	35.4455
15540.1	26.9201
15540.1	18.0072
15540.1	24.2679
15540.1	31.2645
15540.1	34.8141
15540.1	27.4224
15540.2	24.1874
15540.2	31.8733
15540.2	47.0215
15540.2	32.462
15540.2	23.5351
15540.2	26.6634
15540.2	20.3779
15540.3	15.5171
15540.3	16.8076
15540.3	21.2822
15540.3	24.9106
15540.3	32.4616
15540.3	29.4389
15540.3	20.4827
15540.4	12.4314
15540.4	13.4901
15540.4	27
15540.4	48
15540.4	20
15540.4	16
15540.5	17
15540.5	27
15540.5	16
15540.5	8
15540.5	38
15540.5	44
15540.6	25
15540.6	48
15540.6	28
15540.6	13
15540.6	8
15540.6	26
15540.6	24
15540.7	16
15540.7	30
15540.7	30
15540.7	41
15540.7	36
15540.7	24
15540.8	23
15540.8	17
15540.8	24
15540.8	42
15540.8	20
15540.8	19
15540.9	22
15540.9	38
15540.9	35
15540.9	42
15540.9	37
15540.9	19
15541	27
15541	19
15541	33
15541	42
15541	35
15541	23
15541	25
15541.1	42
15541.1	53
15541.1	41
15541.1	33
15541.1	34
15541.1	39
15541.2	30
15541.2	34
15541.2	48
15541.2	35
15541.2	45
15541.2	35
15541.3	51
15541.3	40
15541.3	35
15541.3	26
15541.3	21
15541.3	37
15541.4	42
15541.4	35
15541.4	33
15541.4	28
15541.4	26
15541.4	25
15541.5	35
15541.5	32
15541.5	32
15541.5	37
15541.5	44
15541.5	47
15541.5	32
15541.6	26
15541.6	32
15541.6	36
15541.6	39
15541.6	30
15541.6	51
15541.7	34
15541.7	34
15541.7	41
15541.7	39
15541.7	65
15541.7	47
15541.8	25
15541.8	26
15541.8	47
15541.8	44
15541.8	41
15541.8	30
15541.9	49
15541.9	39
15541.9	28
15541.9	46
15541.9	25
15541.9	40
15541.9	43
15542	50
15542	37
15542	32
15542	38
15542	35
15542	33
15542.1	46
15542.1	40
15542.1	37
15542.1	9
15542.1	52
15542.1	31
15542.2	30
15542.2	28
15542.2	30
15542.2	46
15542.2	41
15542.2	53
15542.3	48
15542.3	45
15542.3	19
15542.3	34
15542.3	40
15542.3	34
15542.3	40
15542.4	39
15542.4	33
15542.4	46
15542.4	27
15542.4	56
15542.4	35
15542.5	24
15542.5	39
15542.5	29
15542.5	44
15542.5	51
15542.5	26
15542.6	31
15542.6	34
15542.6	36
15542.6	65
15542.6	47
15542.6	33
15542.6	57
15542.7	22
15542.7	38
15542.7	33
15542.7	52
15542.7	32
15542.7	41
15542.8	31
15542.8	38
15542.8	22
15542.8	24
15542.8	48
15542.8	45
15542.9	55
15542.9	35
15542.9	36
15542.9	40
15542.9	42
15542.9	53
15543	45
15543	38
15543	38
15543	43
15543	30
15543	48
15543	43
15543.1	37
15543.1	21
15543.1	47
15543.1	56
15543.1	45
15543.1	28
15543.2	36
15543.2	41
15543.2	24
15543.2	52
15543.2	36
15543.2	26
15543.3	16
15543.3	42
15543.3	50
15543.3	46
15543.3	23
15543.3	52
15543.3	53
15543.4	35
15543.4	33
15543.4	39
15543.4	36
15543.4	18
15543.4	43
15543.5	58
15543.5	31
15543.5	36
15543.5	35
15543.5	27
15543.5	31
15543.6	39
15543.6	30
15543.6	25
15543.6	39
15543.6	41
15543.6	43
15543.6	29
15543.7	42
15543.7	41
15543.7	44
15543.7	35
15543.7	50
15543.7	29
15543.8	28
15543.8	32
15543.8	35
15543.8	37
15543.8	38
15543.8	28
15543.9	38
15543.9	47
15543.9	52
15543.9	31
15543.9	30
15543.9	25
15543.9	43
15544	48
15544	49
15544	33
15544	36
15544	29
15544	46
15544.1	42
15544.1	36
15544.1	34
15544.1	28
15544.1	41
15544.1	37
15544.1	22
15544.2	49
15544.2	32
15544.2	36
15544.2	54
15544.2	43
15544.2	46.5
15544.3	50
15544.3	30
15544.3	47
15544.3	49
15544.3	35
15544.3	45
15544.4	39
15544.4	39
15544.4	44
15544.4	45
15544.4	30
15544.4	43
15544.4	37
15544.5	42
15544.5	32
15544.5	33
15544.5	27
15544.5	26
15544.5	33
15544.6	60
15544.6	40
15544.6	41
15544.6	31
15544.6	26
15544.6	54
15544.7	40
15544.7	54
15544.7	49
15544.7	33
15544.7	51
15544.7	54
15544.7	49
15544.8	58
15544.8	40
15544.8	31
15544.8	47
15544.8	44
15544.8	39
15544.9	46
15544.9	29
15544.9	43
15544.9	56
15544.9	33
15544.9	51
15544.9	52
15545	37
15545	28
15545	36
15545	47
15545	40
15545	22
15545.1	38
15545.1	44
15545.1	39
15545.1	34
15545.1	41
15545.1	37
15545.2	34
15545.2	35
15545.2	39
15545.2	34
15545.2	34
15545.2	27
15545.2	29
15545.3	51
15545.3	51
15545.3	35
15545.3	47
15545.3	44
15545.3	43
15545.4	61
15545.4	39
15545.4	37
15545.4	50
15545.4	55
15545.4	50
15545.4	43
15545.5	38
15545.5	33
15545.5	35
15545.5	57
15545.5	45
15545.5	43
15545.6	30
15545.6	47
15545.6	36
15545.6	42
15545.6	51
15545.6	61
15545.6	55
15545.7	48
15545.7	39
15545.7	37
15545.7	32
15545.7	33
15545.7	36
15545.8	31
15545.8	44
15545.8	42
15545.8	26
15545.8	32
15545.8	31
15545.8	32
15545.9	47
15545.9	35
15545.9	32
15545.9	33
15545.9	68
15545.9	51
15546	35
15546	26
15546	50
15546	24
15546	57
15546	41
15546	51
15546.1	45
15546.1	46
15546.1	44
15546.1	54
15546.1	25
15546.1	46
15546.2	23
15546.2	50
15546.2	57
15546.2	24
15546.2	35
15546.2	39
15546.3	49
15546.3	36
15546.3	60
15546.3	29
15546.3	33
15546.3	38
15546.3	32
15546.4	44
15546.4	44
15546.4	44
15546.4	43
15546.4	48
15546.4	40
15546.5	48
15546.5	32
15546.5	37
15546.5	30
15546.5	32
15546.5	52
15546.5	36
15546.6	26
15546.6	45
15546.6	46
15546.6	40
15546.6	52
15546.6	43
15546.7	42
15546.7	41
15546.7	38
15546.7	46
15546.7	21
15546.7	39
15546.7	52
15546.8	39
15546.8	59
15546.8	48
15546.8	43
15546.8	38
15546.8	33
15546.9	47
15546.9	50
15546.9	33
15546.9	45
15546.9	62
15546.9	53
15546.9	45
15547	50
15547	54
15547	29
15547	34
15547	26
15547	35
15547.1	39
15547.1	50
15547.1	33
15547.1	45
15547.1	35
15547.1	47
15547.1	31
15547.2	2
15547.2	70
15547.2	59
15547.2	39
15547.2	43
15547.2	37
15547.3	39
15547.3	47
15547.3	71
15547.3	39
15547.3	56
15547.3	15
15547.3	39
15547.4	27
15547.4	53
15547.4	30
15547.4	43
15547.4	29
15547.4	33
15547.4	46
15547.5	53
15547.5	37
15547.5	18
15547.5	46
15547.5	47
15547.5	42
15547.6	38
15547.6	37
15547.6	35
15547.6	51
15547.6	41
15547.6	51
15547.6	36
15547.7	27
15547.7	39
15547.7	32
15547.7	41
15547.7	34
15547.7	47
15547.8	43
15547.8	48
15547.8	42
15547.8	31
15547.8	39
15547.8	35
15547.8	48
15547.9	45
15547.9	55
15547.9	59
15547.9	45
15547.9	42
15547.9	50
15548	39
15548	35
15548	52
15548	41
15548	43
15548	23
15548	37
15548.1	42
15548.1	28
15548.1	53
15548.1	33
15548.1	38
15548.1	39
15548.2	40
15548.2	22
15548.2	36
15548.2	41
15548.2	35
15548.2	60
15548.2	35
15548.3	30
15548.3	54
15548.3	37
15548.3	42
15548.3	41
15548.3	57
15548.3	27
15548.4	40
15548.4	39
15548.4	46
15548.4	36
15548.4	43
15548.4	28
15548.5	37
15548.5	53
15548.5	26
15548.5	35
15548.5	52
15548.5	46
15548.5	50
15548.6	35
15548.6	21
15548.6	26
15548.6	37
15548.6	49
15548.6	43
15548.7	36
15548.7	43
15548.7	38
15548.7	34
15548.7	33
15548.7	30
15548.7	35
15548.8	47
15548.8	41
15548.8	46
15548.8	33
15548.8	33
15548.8	49
15548.8	50
15548.9	35
15548.9	46
15548.9	48
15548.9	48
15548.9	31
15548.9	49
15549	51
15549	34
15549	30
15549	37
15549	38
15549	57
15549	45
15549.1	31
15549.1	26
15549.1	49
15549.1	28
15549.1	66
15549.1	45
15549.2	27
15549.2	36
15549.2	36
15549.2	29
15549.2	56
15549.2	37
15549.2	40
15549.3	38
15549.3	38
15549.3	48
15549.3	38
15549.3	44
15549.3	21
15549.3	51
15549.4	44
15549.4	47
15549.4	34
15549.4	24
15549.4	43
15549.4	36
15549.5	47
15549.5	35
15549.5	52
15549.5	33
15549.5	42
15549.5	37
15549.5	27
15549.6	46
15549.6	54
15549.6	49
15549.6	16
15549.6	43
15549.6	43
15549.6	13
15549.7	34
15549.7	38
15549.7	43
15549.7	37
15549.7	26
15549.7	47
15549.8	31
15549.8	33
15549.8	52
15549.8	47
15549.8	31
15549.8	33
15549.8	38
15549.9	50
15549.9	65
15549.9	39
15549.9	28
15549.9	33
15549.9	45
15549.9	38
15550	13
15550	14
15550	46
15550	46
15550	45
15550	24
15550.1	11
15550.1	27
15550.1	65
15550.1	44
15550.1	52
15550.1	35
15550.1	25
15550.2	22
15550.2	46
15550.2	46
15550.2	35
15550.2	30
15550.2	33
15550.2	59
15550.3	21
15550.3	37
15550.3	55
15550.3	28
15550.3	19
15550.3	40
15550.3	32
15550.4	45
15550.4	42
15550.4	45
15550.4	30
15550.4	28
15550.4	48
15550.5	37
15550.5	18
15550.5	21
15550.5	30
15550.5	28
15550.5	42
15550.5	43
15550.6	40
15550.6	51
15550.6	48
15550.6	43
15550.6	7
15550.6	22
15550.6	37
15550.7	36
15550.7	27
15550.7	49
15550.7	37
15550.7	22
15550.7	52
15550.8	17
15550.8	42
15550.8	40
15550.8	25
15550.8	30
15550.8	40
15550.8	25
15550.9	44
15550.9	38
15550.9	31
15550.9	50
15550.9	40
15550.9	40
15550.9	27
15551	37
15551	17
15551	36
15551	42
15551	27
15551	26
15551	42
15551.1	42
15551.1	35
15551.1	27
15551.1	31
15551.1	31
15551.1	43
15551.2	43
15551.2	39
15551.2	37
15551.2	25
15551.2	45
15551.2	29
15551.2	41
15551.3	20
15551.3	46
15551.3	30
15551.3	22
15551.3	28
15551.3	64
15551.3	29
15551.4	33
15551.4	23
15551.4	34
15551.4	58
15551.4	50
15551.4	42
15551.4	51
15551.5	43
15551.5	27
15551.5	51
15551.5	37
15551.5	17
15551.5	29
15551.6	19
15551.6	39
15551.6	46
15551.6	20
15551.6	44
15551.6	37
15551.6	37
15551.7	37
15551.7	32
15551.7	26
15551.7	44
15551.7	44
15551.7	28
15551.7	50
15551.8	39
15551.8	26
15551.8	54
15551.8	18
15551.8	51
15551.8	37
15551.8	25
15551.9	29
15551.9	29
15551.9	45
15551.9	24
15551.9	36
15551.9	28
15552	36
15552	54
15552	22
15552	46
15552	24
15552	26
15552	31
15552.1	37
15552.1	41
15552.1	48
15552.1	45
15552.1	35
15552.1	42
15552.1	42
15552.2	28
15552.2	20
15552.2	45
15552.2	51
15552.2	39
15552.2	26
15552.2	46
15552.3	22
15552.3	31
15552.3	41
15552.3	33
15552.3	17
15552.3	41
15552.3	27
15552.4	38
15552.4	38
15552.4	36
15552.4	40
15552.4	31
15552.4	37
15552.4	25
15552.5	44
15552.5	28
15552.5	25
15552.5	36
15552.5	24
15552.5	36
15552.6	40
15552.6	42
15552.6	10
15552.6	30
15552.6	28
15552.6	36
15552.6	37
15552.7	35
15552.7	37
15552.7	44
15552.7	48
15552.7	36
15552.7	25
15552.7	22
15552.8	38
15552.8	34
15552.8	40
15552.8	30
15552.8	39
15552.8	47
15552.8	35
15552.9	46
15552.9	35
15552.9	25
15552.9	25
15552.9	37
15552.9	37
15552.9	25
15553	27.942
15553	39.845
15553	45.7012
15553	33.7982
15553	39.7741
15553	18.6448
15553	32.355
15553.1	39.1074
15553.1	39.1773
15553.1	35.2394
15553.1	29.4899
15553.1	36.9994
15553.1	27.7345
15553.1	43.4961
15553.2	32.8518
15553.2	29.73
15553.2	31.3768
15553.2	18.4677
15553.2	23.0793
15553.2	30.454
15553.3	35.7384
15553.3	36.1803
15553.3	42.2357
15553.3	35.2414
15553.3	28.084
15553.3	34.6374
15553.3	43.6429
15553.4	35.2727
15553.4	35.7717
15553.4	41.4576
15553.4	30.6696
15553.4	34.0584
15553.4	41.5151
15553.4	23.7029
15553.5	32.7935
15553.5	31.6129
15553.5	30.7212
15553.5	35.4789
15553.5	29.4032
15553.5	18.2424
15553.5	33.8892
15553.6	36.3348
15553.6	39.6066
15553.6	20.8659
15553.6	21.2714
15553.6	20.7372
15553.6	31.1955
15553.6	29.0427
15553.7	27.9451
15553.7	33.4786
15553.7	27.1151
15553.7	24.9271
15553.7	26.2633
15553.7	35.592
15553.7	41.9316
15553.8	33.3647
15553.8	31
15553.8	39.2035
15553.8	21.0138
15553.8	32.082
15553.8	29.5632
15553.8	32.4567
15553.9	43.1178
15553.9	34.8279
15553.9	25.0341
15553.9	22.6903
15553.9	30.5543
15553.9	36.3092
15553.9	31.2913
15554	23.93
15554	19.0413
15554	35.3288
15554	30.0318
15554	40.8007
15554	28.6793
15554	21.6864
15554.1	36.6908
15554.1	35.2304
15554.1	26.1565
15554.1	36.6988
15554.1	35.9155
15554.1	26.2326
15554.1	21.3735
15554.2	30.9201
15554.2	24.0199
15554.2	30.1557
15554.2	24.4538
15554.2	23.8828
15554.2	28.8265
15554.3	38.1439
15554.3	40.1016
15554.3	36.7321
15554.3	30.8438
15554.3	22.0337
15554.3	27.2526
15554.3	35.3761
15554.4	31.6552
15554.4	39.4621
15554.4	29.5455
15554.4	21.5375
15554.4	20.0856
15554.4	32.5
15554.4	28.2009
15554.5	34.8334
15554.5	15.2003
15554.5	17.501
15554.5	20.7906
15554.5	15.9013
15554.5	23.6922
15554.5	28.6456
15554.6	23.1036
15554.6	27.4035
15554.6	32
15554.6	45
15554.6	35
15554.6	43
15554.6	26
15554.7	28
15554.7	28
15554.7	35
15554.7	31
15554.7	35
15554.7	28
15554.7	26
15554.8	33
15554.8	25
15554.8	33
15554.8	16
15554.8	15
15554.8	34
15554.9	24
15554.9	42
15554.9	20
15554.9	29
15554.9	37
15554.9	36
15554.9	33
15555	36
15555	56
15555	40
15555	48
15555	46
15555	60
15555.1	32
15555.1	36
15555.1	30
15555.1	41
15555.1	42
15555.1	24
15555.1	42
15555.2	49
15555.2	44
15555.2	35
15555.2	30
15555.2	21
15555.2	26
15555.3	28
15555.3	35
15555.3	35
15555.3	14
15555.3	47
15555.3	42
15555.3	35
15555.4	37
15555.4	27
15555.4	31
15555.4	13
15555.4	25
15555.4	42
15555.5	29
15555.5	29
15555.5	44
15555.5	32
15555.5	19
15555.5	42
15555.5	32
15555.6	18
15555.6	26
15555.6	29
15555.6	29
15555.6	18
15555.6	29
15555.7	27
15555.7	30
15555.7	30
15555.7	13
15555.7	50
15555.7	35
15555.7	15
15555.8	45
15555.8	38
15555.8	35
15555.8	43
15555.8	45
15555.8	38
15555.8	21
15555.9	49
15555.9	51
15555.9	42
15555.9	23
15555.9	38
15555.9	36
15556	39
15556	23
15556	21
15556	47
15556	52
15556	29
15556	35
15556.1	42
15556.1	13
15556.1	28
15556.1	42
15556.1	43
15556.1	45
15556.2	40
15556.2	38
15556.2	37
15556.2	47
15556.2	38
15556.2	40
15556.2	33
15556.3	22
15556.3	37
15556.3	39
15556.3	22
15556.3	46
15556.3	47
15556.4	48
15556.4	39
15556.4	31
15556.4	33
15556.4	35
15556.4	52
15556.4	43
15556.5	53
15556.5	34
15556.5	49
15556.5	54
15556.5	51
15556.5	40
15556.5	35
15556.6	38
15556.6	49
15556.6	43
15556.6	34
15556.6	53
15556.6	63
15556.7	44
15556.7	43
15556.7	29
15556.7	46
15556.7	23
15556.7	22
15556.7	55
15556.8	44
15556.8	29
15556.8	49
15556.8	53
15556.8	41
15556.8	24
15556.8	30
15556.9	42
15556.9	38
15556.9	38
15556.9	42
15556.9	35
15556.9	39
15557	47
15557	23
15557	45
15557	45
15557	41
15557	49
15557	47
15557.1	40
15557.1	62
15557.1	52
15557.1	20
15557.1	49
15557.1	26
15557.2	11
15557.2	46
15557.2	48
15557.2	36
15557.2	37
15557.2	47
15557.2	35
15557.3	46
15557.3	30
15557.3	54
15557.3	43
15557.3	33
15557.3	53
15557.3	49
15557.4	55
15557.4	33
15557.4	38
15557.4	36
15557.4	44
15557.4	27
15557.5	52
15557.5	49
15557.5	40
15557.5	20
15557.5	49
15557.5	36
15557.5	44
15557.6	36
15557.6	48
15557.6	32
15557.6	42
15557.6	50
15557.6	30
15557.6	44
15557.7	32
15557.7	57
15557.7	45
15557.7	31
15557.7	28
15557.7	44
15557.8	42
15557.8	42
15557.8	27
15557.8	26
15557.8	32
15557.8	23
15557.8	39
15557.9	47
15557.9	27
15557.9	50
15557.9	39
15557.9	43
15557.9	45
15557.9	41
15558	53
15558	25
15558	45
15558	32
15558	54
15558	32
15558.1	38
15558.1	46
15558.1	58
15558.1	47
15558.1	36
15558.1	35
15558.1	37
15558.2	35
15558.2	42
15558.2	48
15558.2	51
15558.2	70
15558.2	31
15558.2	55
15558.3	48
15558.3	29
15558.3	29
15558.3	43
15558.3	63
15558.3	46
15558.4	44
15558.4	46
15558.4	25
15558.4	47
15558.4	65
15558.4	32
15558.4	37
15558.5	38
15558.5	39
15558.5	56
15558.5	62
15558.5	58
15558.5	31
15558.5	39
15558.6	24
15558.6	51
15558.6	49
15558.6	41
15558.6	65
15558.6	48
15558.7	41
15558.7	44
15558.7	48
15558.7	30
15558.7	36
15558.7	40
15558.7	52
15558.8	34
15558.8	53
15558.8	64
15558.8	28
15558.8	42
15558.8	43
15558.8	58
15558.9	48
15558.9	42
15558.9	45
15558.9	47
15558.9	37
15558.9	30
15558.9	1181
15559	34
15559	43
15559	42
15559	55
15559	44
15559	19
15559.1	47
15559.1	25
15559.1	33
15559.1	38
15559.1	43
15559.1	57
15559.1	48
15559.2	48
15559.2	65
15559.2	45
15559.2	42
15559.2	64
15559.2	48
15559.2	32
15559.3	60
15559.3	33
15559.3	44
15559.3	34
15559.3	44
15559.3	54
15559.3	44
15559.4	42
15559.4	27
15559.4	30
15559.4	37
15559.4	46
15559.4	49
15559.5	27
15559.5	21
15559.5	40
15559.5	47
15559.5	50
15559.5	37
15559.5	38
15559.6	46
15559.6	53
15559.6	47
15559.6	34
15559.6	51
15559.6	29
15559.6	46
15559.7	53
15559.7	49
15559.7	29
15559.7	46
15559.7	57
15559.7	56
15559.7	42
15559.8	36
15559.8	45
15559.8	56
15559.8	38
15559.8	35
15559.8	52
15559.8	54
15559.9	34
15559.9	35
15559.9	55
15559.9	46
15559.9	43
15559.9	41
15560	45
15560	35
15560	37
15560	39
15560	64
15560	52
15560	27
15560.1	42
15560.1	43
15560.1	38
15560.1	38
15560.1	45
15560.1	37
15560.1	53
15560.2	51
15560.2	51
15560.2	46
15560.2	64
15560.2	46
15560.2	35
15560.2	31
15560.3	49
15560.3	40
15560.3	31
15560.3	35
15560.3	25
15560.3	68
15560.3	34
15560.4	47
15560.4	37
15560.4	48
15560.4	34
15560.4	39
15560.4	49
15560.5	40
15560.5	28
15560.5	57
15560.5	41
15560.5	36
15560.5	56
15560.5	62
15560.6	34
15560.6	32
15560.6	36
15560.6	52
15560.6	39
15560.6	29
15560.6	50
15560.7	40
15560.7	46
15560.7	49
15560.7	38
15560.7	45
15560.7	50
15560.7	33
15560.8	46
15560.8	45
15560.8	36
15560.8	27
15560.8	38
15560.8	55
15560.8	58
15560.9	44
15560.9	21
15560.9	35
15560.9	37
15560.9	49
15560.9	44
15560.9	14
15561	37
15561	48
15561	28
15561	40
15561	53
15561	52
15561.1	36
15561.1	32
15561.1	36
15561.1	44
15561.1	34
15561.1	58
15561.1	40
15561.2	56
15561.2	58
15561.2	45
15561.2	61
15561.2	30
15561.2	30
15561.2	27
15561.3	44
15561.3	52
15561.3	55
15561.3	39
15561.3	41
15561.3	38
15561.3	30
15561.4	51
15561.4	47
15561.4	46
15561.4	59
15561.4	59
15561.4	33
15561.4	33
15561.5	51
15561.5	61
15561.5	51
15561.5	46
15561.5	42
15561.5	39
15561.5	60
15561.6	45
15561.6	37
15561.6	53
15561.6	35
15561.6	52
15561.6	46
15561.6	34
15561.7	30
15561.7	37
15561.7	42
15561.7	35
15561.7	39
15561.7	39
15561.7	56
15561.8	13
15561.8	47
15561.8	35
15561.8	41
15561.8	38
15561.8	48
15561.8	39
15561.9	45
15561.9	24
15561.9	49
15561.9	42
15561.9	17
15561.9	34
15562	52
15562	50
15562	37
15562	44
15562	39
15562	46
15562	33
15562.1	42
15562.1	40
15562.1	17
15562.1	47
15562.1	44
15562.1	35
15562.1	62
15562.2	48
15562.2	49
15562.2	40
15562.2	43
15562.2	45
15562.2	40
15562.2	10
15562.3	44
15562.3	53
15562.3	36
15562.3	44
15562.3	51
15562.3	38
15562.3	48
15562.4	30
15562.4	38
15562.4	45
15562.4	19
15562.4	50
15562.4	35
15562.4	21
15562.5	34
15562.5	31
15562.5	53
15562.5	41
15562.5	20
15562.5	27
15562.5	39
15562.6	26
15562.6	42
15562.6	34
15562.6	37
15562.6	43
15562.6	45
15562.6	49
15562.7	27
15562.7	34
15562.7	31
15562.7	38
15562.7	42
15562.7	35
15562.7	57
15562.8	57
15562.8	55
15562.8	35
15562.8	31
15562.8	44
15562.8	60
15562.8	49
15562.9	41
15562.9	41
15562.9	54
15562.9	46
15562.9	52
15562.9	34
15562.9	28
15563	43
15563	63
15563	40
15563	53
15563	18
15563	39
15563	43
15563.1	36
15563.1	52
15563.1	39
15563.1	33
15563.1	33
15563.1	52
15563.1	28
15563.2	33
15563.2	38
15563.2	38
15563.2	40
15563.2	44
15563.2	34
15563.2	43
15563.3	29
15563.3	24
15563.3	30
15563.3	43
15563.3	49
15563.3	42
15563.3	32
15563.4	29
15563.4	21
15563.4	52
15563.4	43
15563.4	30
15563.4	38
15563.4	36
15563.5	30
15563.5	27
15563.5	13
15563.5	37
15563.5	38
15563.5	49
15563.5	47
15563.6	40
15563.6	30
15563.6	41
15563.6	62
15563.6	29
15563.6	38
15563.6	27
15563.7	32
15563.7	55
15563.7	52
15563.7	35
15563.7	41
15563.7	36
15563.7	45
15563.8	52
15563.8	55
15563.8	34
15563.8	34
15563.8	52
15563.8	42
15563.8	47
15563.9	41
15563.9	21
15563.9	44
15563.9	41
15563.9	41
15563.9	52
15563.9	20
15564	30
15564	30
15564	30
15564	40
15564	40
15564	29
15564	31
15564.1	41
15564.1	46
15564.1	36
15564.1	28
15564.1	33
15564.1	28
15564.1	47
15564.2	42
15564.2	42
15564.2	32
15564.2	32
15564.2	35
15564.2	35
15564.2	51
15564.3	38
15564.3	28
15564.3	33
15564.3	57
15564.3	45
15564.3	29
15564.3	44
15564.4	24
15564.4	38
15564.4	32
15564.4	48
15564.4	34
15564.4	28
15564.4	39
15564.5	36
15564.5	32
15564.5	37
15564.5	32
15564.5	45
15564.5	30
15564.5	40
15564.6	32
15564.6	26
15564.6	20
15564.6	37
15564.6	28
15564.6	30
15564.6	43
15564.6	46
15564.7	50
15564.7	28
15564.7	27
15564.7	27
15564.7	31
15564.7	7
15564.7	40
15564.8	57
15564.8	51
15564.8	49
15564.8	19
15564.8	34
15564.8	40
15564.8	43
15564.9	46
15564.9	43
15564.9	19
15564.9	58
15564.9	49
15564.9	33
15564.9	25
15565	33
15565	35
15565	32
15565	46
15565	54
15565	24
15565	19
15565.1	52
15565.1	37
15565.1	55
15565.1	42
15565.1	29
15565.1	22
15565.1	38
15565.2	43
15565.2	39
15565.2	32
15565.2	31
15565.2	31
15565.2	25
15565.2	29
15565.3	48
15565.3	47
15565.3	33
15565.3	46
15565.3	52
15565.3	46
15565.3	47
15565.4	14
15565.4	45
15565.4	30
15565.4	31
15565.4	13
15565.4	47
15565.4	26
15565.4	35
15565.5	29
15565.5	46
15565.5	41
15565.5	43
15565.5	43
15565.5	30
15565.5	45
15565.6	24
15565.6	33
15565.6	51
15565.6	41
15565.6	52
15565.6	32
15565.6	50
15565.7	41
15565.7	44
15565.7	42
15565.7	50
15565.7	39
15565.7	46
15565.7	42
15565.8	45
15565.8	49
15565.8	27
15565.8	49
15565.8	37
15565.8	30
15565.8	40
15565.9	37
15565.9	28
15565.9	24
15565.9	21
15565.9	34
15565.9	22
15565.9	32
15566	40
15566	54
15566	39
15566	55
15566	40
15566	40
15566	51
15566	35
15566.1	25
15566.1	36
15566.1	34
15566.1	27
15566.1	31
15566.1	42
15566.1	46
15566.2	27
15566.2	21
15566.2	27
15566.2	47
15566.2	45
15566.2	45
15566.2	30
15566.3	25
15566.3	35
15566.3	48
15566.3	48
15566.3	49
15566.3	20
15566.3	27
15566.4	52
15566.4	42
15566.4	36
15566.4	38
15566.4	45
15566.4	40
15566.4	39
15566.5	25.963
15566.5	34.9291
15566.5	39.8096
15566.5	18.2543
15566.5	46.0572
15566.5	42.1144
15566.5	28.5848
15566.5	25.3391
15566.6	33.618
15566.6	46.1762
15566.6	50.8661
15566.6	44.5056
15566.6	38.6892
15566.6	10.9597
15566.6	12.4164
15566.7	44.0321
15566.7	32.8446
15566.7	30.8081
15566.7	35.2725
15566.7	42.4454
15566.7	27.7004
15566.7	34.3424
15566.8	36.4661
15566.8	34.2735
15566.8	22.1544
15566.8	35.2361
15566.8	31.7694
15566.8	29.3445
15566.8	42.5953
15566.9	32.5694
15566.9	33.9264
15566.9	31.0791
15566.9	52.124
15566.9	42.2086
15566.9	39.447
15566.9	36.7824
15566.9	27.1418
15567	16.9799
15567	39.423
15567	28.4646
15567	34.7119
15567	31.6149
15567	23.0129
15567	37.8056
15567.1	33.6365
15567.1	26.2666
15567.1	26.5636
15567.1	29.0236
15567.1	20.9438
15567.1	40.1408
15567.1	45.4333
15567.2	22.0333
15567.2	26.5824
15567.2	29.1417
15567.2	36.8889
15567.2	38.971
15567.2	22.9278
15567.2	36.8408
15567.3	34.6609
15567.3	23.198
15567.3	22.4012
15567.3	27.326
15567.3	29.0055
15567.3	37.0703
15567.3	31.6288
15567.3	31.0168
15567.4	36.2943
15567.4	32.4181
15567.4	29.5602
15567.4	36.1114
15567.4	31.826
15567.4	17.7126
15567.4	36.5879
15567.5	24.6456
15567.5	30.2874
15567.5	30.846
15567.5	21.2342
15567.5	22.2867
15567.5	36.4235
15567.5	38.7222
15567.6	38.4456
15567.6	32.4665
15567.6	36.6248
15567.6	25.7506
15567.6	34.9947
15567.6	27.4511
15567.6	45.9275
15567.6	26.2367
15567.7	17.1056
15567.7	18.2039
15567.7	21.8351
15567.7	28.7299
15567.7	30.7435
15567.7	25.8941
15567.7	16.8114
15567.8	29.9066
15567.8	33.8985
15567.8	31.8396
15567.8	25.4457
15567.8	32.912
15567.8	19.0955
15567.8	29.1597
15567.9	19.355
15567.9	15.8154
15567.9	20.6267
15567.9	14.4363
15567.9	22.1669
15567.9	44.2408
15567.9	48
15567.9	38
15568	41
15568	24
15568	7
15568	34
15568	31
15568	40
15568.1	28
15568.1	27
15568.1	17
15568.1	27
15568.1	4
15568.1	32
15568.1	13
15568.2	20
15568.2	25
15568.2	20
15568.2	46
15568.2	38
15568.2	22
15568.2	40
15568.3	20
15568.3	21
15568.3	37
15568.3	27
15568.3	10
15568.3	16
15568.3	44
15568.4	48
15568.4	37
15568.4	19
15568.4	30
15568.4	36
15568.4	48
15568.4	58
15568.5	25
15568.5	19
15568.5	22
15568.5	42
15568.5	33
15568.5	40
15568.5	21
15568.6	45
15568.6	33
15568.6	40
15568.6	46
15568.6	28
15568.6	24
15568.7	30
15568.7	44
15568.7	37
15568.7	30
15568.7	32
15568.7	21
15568.7	18
15568.8	36
15568.8	43
15568.8	38
15568.8	36
15568.8	23
15568.8	28
15568.8	45
15568.9	37
15568.9	24
15568.9	35
15568.9	38
15568.9	30
15568.9	36
15568.9	26
15569	35
15569	31
15569	47
15569	34
15569	27
15569	23
15569	43
15569.1	23
15569.1	35
15569.1	37
15569.1	55
15569.1	51
15569.1	23
15569.1	29
15569.2	58
15569.2	33
15569.2	31
15569.2	37
15569.2	56
15569.2	41
15569.2	48
15569.3	39
15569.3	26
15569.3	60
15569.3	46
15569.3	30
15569.3	35
15569.3	11
15569.4	26
15569.4	47
15569.4	43
15569.4	49
15569.4	39
15569.4	43
15569.5	33
15569.5	29
15569.5	22
15569.5	37
15569.5	33
15569.5	28
15569.5	58
15569.6	17
15569.6	34
15569.6	40
15569.6	36
15569.6	31
15569.6	34
15569.6	47
15569.7	40
15569.7	22
15569.7	19
15569.7	55
15569.7	35
15569.7	48
15569.7	27
15569.8	51
15569.8	47
15569.8	37
15569.8	54
15569.8	35
15569.8	31
15569.8	41
15569.9	36
15569.9	39
15569.9	41
15569.9	33
15569.9	34
15569.9	46
15569.9	25
15570	40
15570	40
15570	35
15570	27
15570	20
15570	26
15570	32
15570.1	43
15570.1	31
15570.1	56
15570.1	29
15570.1	34
15570.1	31
15570.1	37
15570.2	36
15570.2	36
15570.2	35
15570.2	47
15570.2	26
15570.2	30
15570.2	40
15570.3	47
15570.3	33
15570.3	57
15570.3	25
15570.3	28
15570.3	39
15570.3	42
15570.4	36
15570.4	36
15570.4	50
15570.4	51
15570.4	49
15570.4	34
15570.4	32
15570.5	15
15570.5	49
15570.5	48
15570.5	33
15570.5	36
15570.5	45
15570.5	38
15570.6	56
15570.6	50
15570.6	28
15570.6	30
15570.6	17
15570.6	54
15570.6	21
15570.7	68
15570.7	43
15570.7	36
15570.7	35
15570.7	40
15570.7	50
15570.7	43
15570.8	40
15570.8	41
15570.8	12
15570.8	35
15570.8	41
15570.8	46
15570.8	18
15570.9	28
15570.9	19
15570.9	28
15570.9	37
15570.9	37
15570.9	44
15570.9	41
15571	28
15571	58
15571	42
15571	42
15571	44
15571	44
15571	53
15571.1	15
15571.1	47
15571.1	52
15571.1	36
15571.1	32
15571.1	51
15571.1	29
15571.2	34
15571.2	38
15571.2	50
15571.2	45
15571.2	38
15571.2	57
15571.2	51
15571.3	31
15571.3	54
15571.3	53
15571.3	32
15571.3	21
15571.3	37
15571.3	38.5
15571.4	40
15571.4	40
15571.4	40
15571.4	30
15571.4	40
15571.4	44
15571.4	44
15571.5	38
15571.5	37
15571.5	46
15571.5	40
15571.5	60
15571.5	27
15571.5	52
15571.6	45
15571.6	42
15571.6	52
15571.6	37
15571.6	52
15571.6	8
15571.6	47
15571.7	58
15571.7	62
15571.7	42
15571.7	26
15571.7	25
15571.7	55
15571.7	43
15571.8	37
15571.8	33
15571.8	30
15571.8	45
15571.8	37
15571.8	42
15571.8	42
15571.9	55
15571.9	42
15571.9	50
15571.9	35
15571.9	35
15571.9	41
15571.9	39
15572	53
15572	53
15572	53
15572	54
15572	31
15572	44
15572	54
15572.1	34
15572.1	35
15572.1	57
15572.1	34
15572.1	51
15572.1	55
15572.1	55
15572.2	20
15572.2	57
15572.2	31
15572.2	47
15572.2	39
15572.2	26
15572.2	64
15572.3	31
15572.3	45
15572.3	35
15572.3	49
15572.3	48
15572.3	45
15572.3	38
15572.4	51
15572.4	34
15572.4	32
15572.4	48
15572.4	31
15572.4	51
15572.4	37
15572.5	58
15572.5	52
15572.5	13
15572.5	59
15572.5	44
15572.5	45
15572.5	42
15572.5	36
15572.6	51
15572.6	40
15572.6	56
15572.6	53
15572.6	34
15572.6	25
15572.6	28
15572.7	44
15572.7	48
15572.7	57
15572.7	40
15572.7	30
15572.7	44
15572.7	30
15572.8	46
15572.8	48
15572.8	31
15572.8	34
15572.8	35
15572.8	55
15572.8	54
15572.9	19
15572.9	45
15572.9	53
15572.9	31
15572.9	53
15572.9	53
15572.9	26
15573	42
15573	33
15573	30
15573	30
15573	31
15573	45
15573	46
15573.1	37
15573.1	51
15573.1	51
15573.1	10
15573.1	51
15573.1	44
15573.1	23
15573.2	35
15573.2	35
15573.2	61
15573.2	36
15573.2	51
15573.2	47
15573.2	35
15573.3	26
15573.3	60
15573.3	27
15573.3	51
15573.3	35
15573.3	33
15573.3	52
15573.3	39
15573.4	45
15573.4	41
15573.4	22
15573.4	20
15573.4	51
15573.4	40
15573.4	54
15573.5	35
15573.5	56
15573.5	45
15573.5	48
15573.5	42.975
15573.5	36.9694
15573.5	31.961
15573.6	53.6089
15573.6	51.5876
15573.6	38.6019
15573.6	49.0926
15573.6	35.6614
15573.6	51.7079
15573.6	54.5991
15573.7	49.6957
15573.7	49.4101
15573.7	45.5331
15573.7	33.423
15573.7	40.7295
15573.7	24.3977
15573.7	51.4131
15573.8	36.2861
15573.8	37.9325
15573.8	23.7176
15573.8	39.1296
15573.8	41.6317
15573.8	49.3103
15573.8	49.154
15573.9	42.0826
15573.9	58.8768
15573.9	39.6556
15573.9	26.9792
15573.9	33.6862
15573.9	36.9969
15573.9	53.8122
15573.9	35.8542
15574	41.204
15574	49.0263
15574	24.3931
15574	52.0377
15574	43.1007
15574	37.683
15574	27.8348
15574.1	50.2459
15574.1	33.7572
15574.1	21.2424
15574.1	39.2077
15574.1	41.0267
15574.1	36.8704
15574.1	37.6364
15574.2	39.3751
15574.2	45.1135
15574.2	32.0455
15574.2	53.8306
15574.2	46.0044
15574.2	28.7408
15574.2	22.7412
15574.3	35.8353
15574.3	43.6298
15574.3	31.9146
15574.3	54.5229
15574.3	27.68
15574.3	50.8831
15574.3	53.2397
15574.4	56.723
15574.4	48.3526
15574.4	34.6618
15574.4	34.0641
15574.4	37.3699
15574.4	30.5823
15574.4	37.9514
15574.4	37.6216
15574.5	32.7261
15574.5	41.3572
15574.5	37.0306
15574.5	45.1434
15574.5	52.727
15574.5	23.8809
15574.5	25.5719
15574.6	30.3831
15574.6	49.5673
15574.6	38.6937
15574.6	40.6807
15574.6	29.6522
15574.6	39.6828
15574.6	46.2228
15574.7	46.8229
15574.7	41.6162
15574.7	23.8505
15574.7	25.7215
15574.7	34.8312
15574.7	43.9693
15574.7	29.2359
15574.8	34.2269
15574.8	29.9305
15574.8	36.8997
15574.8	33.6272
15574.8	20.7484
15574.8	34.7684
15574.8	28.3479
15574.8	23.6932
15574.9	42.2707
15574.9	35.9019
15574.9	33.3537
15574.9	31.8284
15574.9	34.8037
15574.9	32.3662
15574.9	39.2899
15575	40.0564
15575	53.3651
15575	28.2497
15575	17.8403
15575	38.8541
15575	37.4141
15575	31.644
15575.1	40.1512
15575.1	39.692
15575.1	31.7787
15575.1	25.0764
15575.1	29.5882
15575.1	49.365
15575.1	42.0706
15575.2	25.1575
15575.2	33.1664
15575.2	32.2299
15575.2	37.7956
15575.2	33.6857
15575.2	25.9982
15575.2	30.1857
15575.2	41.7091
15575.3	31.5895
15575.3	40.4467
15575.3	28.0846
15575.3	39.0973
15575.3	34.7305
15575.3	31.144
15575.3	42.6679
15575.4	35.9429
15575.4	36.3085
15575.4	31.5365
15575.4	40.8188
15575.4	38.5347
15575.4	49.2824
15575.4	35.9109
15575.5	33.338
15575.5	32.0948
15575.5	37.3548
15575.5	44.8097
15575.5	38.4868
15575.5	30.4095
15575.5	35.3173
15575.5	41.4841
15575.6	41.8123
15575.6	40.1634
15575.6	31.2496
15575.6	33.2189
15575.6	44.0372
15575.6	41.8848
15575.6	39.4661
15575.7	26.1634
15575.7	29.3866
15575.7	44.0402
15575.7	41.5641
15575.7	47.9529
15575.7	30.3909
15575.7	32.4378
15575.8	45.3136
15575.8	38.7902
15575.8	35.3244
15575.8	46.0369
15575.8	32.961
15575.8	29.1729
15575.8	35.2542
15575.8	38.1812
15575.9	30.9361
15575.9	41.0988
15575.9	29.5896
15575.9	36.4635
15575.9	39.388
15575.9	37.0317
15575.9	39.3526
15576	31.8844
15576	33.2871
15576	44.9702
15576	29.979
15576	28.9158
15576	36.1202
15576	40.0085
15576.1	28.4603
15576.1	42.7508
15576.1	35.0835
15576.1	34.2449
15576.1	27.5654
15576.1	30.2113
15576.1	46.7882
15576.1	36.8778
15576.2	32.8615
15576.2	38.6632
15576.2	35.5177
15576.2	43.2966
15576.2	44.1774
15576.2	39.0497
15576.2	41.2916
15576.3	29.7873
15576.3	33.5945
15576.3	35.808
15576.3	36.6858
15576.3	34.4082
15576.3	44.3193
15576.3	33.6258
15576.4	31.4398
15576.4	41.4772
15576.4	36.3217
15576.4	37.3614
15576.4	35.2024
15576.4	26.5038
15576.4	41.8004
15576.4	39.2251
15576.5	37.5662
15576.5	36.6596
15576.5	40.3831
15576.5	35.0928
15576.5	46.6532
15576.5	45.9138
15576.5	37.9983
15576.6	35.241
15576.6	39.7836
15576.6	35.2129
15576.6	39.6437
15576.6	39.4336
15576.6	38.7861
15576.6	37.1044
15576.6	37.6147
15576.7	43.4477
15576.7	41.1164
15576.7	28.7915
15576.7	36.9853
15576.7	34.3915
15576.7	38.2076
15576.7	42.9605
15576.8	35.8879
15576.8	37.0745
15576.8	36.1892
15576.8	36.613
15576.8	48.2406
15576.8	47.2471
15576.8	43.6064
15576.9	29.0562
15576.9	33.8637
15576.9	31.4253
15576.9	47.4776
15576.9	40.8999
15576.9	25.687
15576.9	36.4648
15576.9	38.4375
15577	40.6627
15577	42.7977
15577	43.4252
15577	41.6772
15577	37.9769
15577	30.4307
15577	33.0286
15577.1	39.9444
15577.1	39.0412
15577.1	34.8853
15577.1	37.1563
15577.1	43.0519
15577.1	38.6136
15577.1	37.9687
15577.1	44.1383
15577.2	27.4934
15577.2	32.3882
15577.2	42.8805
15577.2	40.2142
15577.2	38.2579
15577.2	37.2459
15577.2	38.7112
15577.3	33.182
15577.3	34.2089
15577.3	37.7581
15577.3	43.5954
15577.3	37.4943
15577.3	38.4277
15577.3	34.7119
15577.3	39.2535
15577.4	38.1569
15577.4	33.7088
15577.4	36.6798
15577.4	42.7752
15577.4	35.636
15577.4	33.6833
15577.4	35.7867
15577.5	39.2651
15577.5	41.5938
15577.5	41.8948
15577.5	34.2762
15577.5	42.6484
15577.5	43.3567
15577.5	41.2089
15577.6	37.1067
15577.6	28.2896
15577.6	35.8222
15577.6	44.6164
15577.6	37.1861
15577.6	38.6796
15577.6	37.3373
15577.6	41.0369
15577.7	39.6162
15577.7	31.7516
15577.7	32.4497
15577.7	33.7944
15577.7	43.0334
15577.7	38.4935
15577.7	30.2953
15577.8	46.3888
15577.8	47.4048
15577.8	34.8687
15577.8	34.8655
15577.8	37.9973
15577.8	41.2671
15577.8	39.2227
15577.8	43.8814
15577.9	39.8598
15577.9	36.4393
15577.9	40.8191
15577.9	42.1049
15577.9	38.6173
15577.9	38.1101
15577.9	38.366
15578	39.1938
15578	31.111
15578	37.5166
15578	37.6053
15578	39.6512
15578	32.5406
15578	28.2971
15578	34.3444
15578.1	37.9474
15578.1	41.2998
15578.1	40.3324
15578.1	43.2462
15578.1	41.3034
15578.1	42.2963
15578.1	43.2221
15578.2	45.1118
15578.2	45.0213
15578.2	28.0176
15578.2	35.2323
15578.2	33.5094
15578.2	39.0434
15578.2	32.198
15578.2	30.5472
15578.3	37.907
15578.3	40.402
15578.3	42.2511
15578.3	42.919
15578.3	39.3894
15578.3	36.8479
15578.3	39.2913
15578.4	36.3135
15578.4	41.584
15578.4	41.043
15578.4	43.6027
15578.4	45.9233
15578.4	44.0659
15578.4	35.4395
15578.4	42.2635
15578.5	42.0088
15578.5	44.5331
15578.5	39.7414
15578.5	36.8459
15578.5	41.6361
15578.5	28.5086
15578.5	28.3469
15578.5	39.4821
15578.6	44.6302
15578.6	45.965
15578.6	42.5339
15578.6	33.5087
15578.6	42.4691
15578.6	33.3614
15578.6	36.0076
15578.7	44.3588
15578.7	43.712
15578.7	39.1437
15578.7	41.1055
15578.7	40.5475
15578.7	44.4858
15578.7	47.6493
15578.7	35.8605
15578.8	35.5201
15578.8	36.3767
15578.8	37.3675
15578.8	37.8944
15578.8	43.7699
15578.8	36.4539
15578.8	34.5315
15578.9	38.2866
15578.9	33.7123
15578.9	49.3933
15578.9	41.9346
15578.9	37.3897
15578.9	35.9423
15578.9	36.1398
15578.9	46.5238
15579	43.2391
15579	45.0459
15579	44.5404
15579	42.1407
15579	38.4776
15579	39.0117
15579	45.0255
15579.1	40.053
15579.1	38.1272
15579.1	47.2794
15579.1	41.7389
15579.1	42.6973
15579.1	37.7933
15579.1	38.1907
15579.1	36.1155
15579.2	40.5844
15579.2	37.8158
15579.2	43.0039
15579.2	33.3603
15579.2	39.8619
15579.2	48.5862
15579.2	39.0798
15579.2	33.895
15579.3	36.6321
15579.3	40.6745
15579.3	47.2764
15579.3	43.1098
15579.3	43.0533
15579.3	46.1551
15579.3	45.119
15579.4	43.6057
15579.4	45.3834
15579.4	36.717
15579.4	29.3294
15579.4	34.8361
15579.4	40.4673
15579.4	48.6867
15579.4	45.3015
15579.5	34.818
15579.5	39.0554
15579.5	55.7931
15579.5	44.4586
15579.5	39.077
15579.5	46.0318
15579.5	47.4567
15579.6	57.0584
15579.6	38.6348
15579.6	35.2369
15579.6	38.8674
15579.6	34.7918
15579.6	38.336
15579.6	43.465
15579.6	37.178
15579.7	31.0156
15579.7	35.4819
15579.7	37.8404
15579.7	37.0337
15579.7	34.2141
15579.7	33.7196
15579.7	42.5996
15579.7	35.627
15579.8	40.1817
15579.8	48.3208
15579.8	45.2088
15579.8	36.8685
15579.8	44.1737
15579.8	32.2742
15579.8	36.5752
15579.9	42.5585
15579.9	47.437
15579.9	42.5055
15579.9	43.8048
15579.9	38.0845
15579.9	31.2181
15579.9	28.4793
15579.9	36.3673
15580	45.8338
15580	44.6711
15580	42.2173
15580	44.1559
15580	40.3967
15580	40.8355
15580	27.7744
15580	38.7142
15580.1	38.7851
15580.1	31.2464
15580.1	45.8226
15580.1	44.3555
15580.1	43.0982
15580.1	29.3094
15580.1	48.9525
15580.2	50.8183
15580.2	39.4051
15580.2	38.1386
15580.2	37.373
15580.2	43.6503
15580.2	41.7334
15580.2	41.0605
15580.2	39.7504
15580.3	33.9236
15580.3	34.0583
15580.3	39.2306
15580.3	44.5295
15580.3	45.786
15580.3	32.612
15580.3	33.5595
15580.3	33.7964
15580.4	35.8969
15580.4	49.928
15580.4	33.7587
15580.4	33.4247
15580.4	31.352
15580.4	50.9023
15580.4	42.232
15580.5	44.6345
15580.5	43.6289
15580.5	34.7418
15580.5	35.5285
15580.5	40.3284
15580.5	44.8428
15580.5	51.3401
15580.5	50.8025
15580.6	42.0554
15580.6	38.0444
15580.6	40.514
15580.6	42.8633
15580.6	40.0302
15580.6	37.6829
15580.6	35.0146
15580.6	41.8797
15580.7	46.7298
15580.7	48.3231
15580.7	40.6376
15580.7	44.5
15580.7	39
15580.7	35
15580.7	38
15580.8	49
15580.8	55
15580.8	39
15580.8	39
15580.8	44.5
15580.8	42
15580.8	38
15580.8	43.5
15580.9	26
15580.9	37
15580.9	37.5
15580.9	47
15580.9	43.5
15580.9	40.5
15580.9	40.5
15581	43.5
15581	37.5
15581	42.5
15581	34
15581	39
15581	30.5
15581	31.5
15581	37
15581.1	35
15581.1	40
15581.1	41
15581.1	42.5
15581.1	44
15581.1	48
15581.1	30
15581.2	39
15581.2	40
15581.2	45
15581.2	52
15581.2	30.5
15581.2	37
15581.2	35.5
15581.3	42
15581.3	50
15581.3	38
15581.3	39.5
15581.3	55.5
15581.3	37
15581.3	43.5
15581.3	41
15581.4	26.5
15581.4	43.5
15581.4	41
15581.4	32.5
15581.4	55
15581.4	46
15581.4	13.5
15581.5	36
15581.5	37
15581.5	48
15581.5	38
15581.5	37.5
15581.5	43
15581.5	35.5
15581.5	42.5
15581.6	42
15581.6	43.5
15581.6	41.5
15581.6	30.5
15581.6	36
15581.6	37
15581.6	51.5
15581.7	56.5
15581.7	33
15581.7	45
15581.7	33
15581.7	39.5
15581.7	46
15581.7	46
15581.7	38
15581.8	38
15581.8	48.5
15581.8	45
15581.8	42.5
15581.8	36
15581.8	45.5
15581.8	41
15581.9	28
15581.9	45
15581.9	31
15581.9	44.5
15581.9	37.5
15581.9	55.5
15581.9	36
15581.9	44.5
15582	43
15582	41.5
15582	46.5
15582	45.5
15582	32
15582	48
15582	49.5
15582.1	37
15582.1	27.5
15582.1	40
15582.1	49.5
15582.1	36.5
15582.1	37.5
15582.1	43.5
15582.1	37
15582.2	35.5
15582.2	45
15582.2	41.5
15582.2	47.5
15582.2	48.5
15582.2	37.5
15582.2	47
15582.3	37.5
15582.3	42.5
15582.3	46
15582.3	35.5
15582.3	37.5
15582.3	29.5
15582.3	42
15582.3	44
15582.4	38.5
15582.4	27.5
15582.4	38.5
15582.4	43
15582.4	39.5
15582.4	58
15582.4	37.5
15582.5	21
15582.5	31.5
15582.5	38.5
15582.5	47
15582.5	56.5
15582.5	41
15582.5	26.5
15582.5	41
15582.6	29
15582.6	36
15582.6	36
15582.6	31
15582.6	35.5
15582.6	35.5
15582.6	36.5
15582.7	42
15582.7	39.5
15582.7	29.5
15582.7	25.5
15582.7	38
15582.7	34.5
15582.7	28.5
15582.7	41.5
15582.8	51.5
15582.8	45
15582.8	41
15582.8	53
15582.8	44.5
15582.8	26.5
15582.8	29.5
15582.9	29
15582.9	41.5
15582.9	34
15582.9	35
15582.9	44.5
15582.9	35.5
15582.9	41.5
15582.9	40.5
15583	39
15583	37
15583	14.5
15583	37.5
15583	31
15583	34
15583	51.5
15583	44
15583.1	41.5
15583.1	33.5
15583.1	38.5
15583.1	43.5
15583.1	40.5
15583.1	42.5
15583.1	41.5
15583.2	40
15583.2	32.5
15583.2	39
15583.2	36
15583.2	38.5
15583.2	43.5
15583.2	39
15583.2	35.5
15583.3	38.5
15583.3	37
15583.3	37.5
15583.3	43
15583.3	33.5
15583.3	31
15583.3	30
15583.4	44.5
15583.4	40
15583.4	35.5
15583.4	35
15583.4	38
15583.4	32
15583.4	37
15583.4	33.5
15583.5	38
15583.5	42.5
15583.5	35
15583.5	38
15583.5	26.5
15583.5	50
15583.5	38
15583.5	45
15583.6	43
15583.6	49
15583.6	40.5
15583.6	45.5
15583.6	37.5
15583.6	26
15583.6	33
15583.7	28
15583.7	39.5
15583.7	34.5
15583.7	37
15583.7	31.5
15583.7	35
15583.7	34.5
15583.7	41
15583.8	26.5
15583.8	29.5
15583.8	39
15583.8	34
15583.8	40
15583.8	35
15583.8	31.5
15583.9	38
15583.9	32
15583.9	49.5
15583.9	49.5
15583.9	35.5
15583.9	42.5
15583.9	24.5
15583.9	31.5
15584	35.5
15584	35.5
15584	44
15584	49
15584	30.5
15584	37.5
15584	43.5
15584	42.5
15584.1	52
15584.1	37
15584.1	44.5
15584.1	28.5
15584.1	35
15584.1	45.5
15584.1	43
15584.2	42
15584.2	49
15584.2	40.5
15584.2	48.5
15584.2	40
15584.2	29
15584.2	38
15584.2	46
15584.3	39
15584.3	42.5
15584.3	39.5
15584.3	41
15584.3	58.5
15584.3	49.5
15584.3	28
15584.3	36.5
15584.4	33.5
15584.4	34
15584.4	25.5
15584.4	31
15584.4	30
15584.4	42.5
15584.4	40
15584.5	43.5
15584.5	34.5
15584.5	34.5
15584.5	38
15584.5	25.5
15584.5	40.5
15584.5	37
15584.5	35
15584.6	30.5
15584.6	36.5
15584.6	37
15584.6	40
15584.6	36
15584.6	34
15584.6	37
15584.6	35
15584.7	45
15584.7	43
15584.7	32.5
15584.7	37
15584.7	38
15584.7	40
15584.7	42.5
15584.8	37
15584.8	41.5
15584.8	34.5
15584.8	47
15584.8	45
15584.8	46
15584.8	33.5
15584.8	30
15584.9	36.5
15584.9	43
15584.9	38.5
15584.9	34.5
15584.9	20
15584.9	38
15584.9	36
15584.9	38
15585	35
15585	36.5
15585	33
15585	34
15585	38.5
15585	31.5
15585	30
15585	33.5
15585.1	29
15585.1	45
15585.1	33.5
15585.1	37.5
15585.1	32.5
15585.1	40
15585.1	21.5
15585.2	37.5
15585.2	36.5
15585.2	38
15585.2	36
15585.2	46.5
15585.2	38.5
15585.2	41
15585.2	34
15585.3	30.5
15585.3	28
15585.3	24
15585.3	44
15585.3	34.5
15585.3	31
15585.3	42
15585.3	35.5
15585.4	38
15585.4	36
15585.4	37.5
15585.4	25.5
15585.4	39.5
15585.4	42
15585.4	49
15585.4	32.5
15585.5	33.5
15585.5	36.5
15585.5	43
15585.5	42.5
15585.5	44
15585.5	41.5
15585.5	30
15585.5	34
15585.6	29
15585.6	40.5
15585.6	38.5
15585.6	38
15585.6	31
15585.6	23
15585.6	32
15585.7	43
15585.7	40
15585.7	45.5
15585.7	31.5
15585.7	25.5
15585.7	46.5
15585.7	35
15585.7	25.5
15585.8	35.5
15585.8	42.5
15585.8	40
15585.8	47.5
15585.8	35.5
15585.8	30.5
15585.8	23
15585.8	39.5
15585.9	42.5
15585.9	56.5
15585.9	42
15585.9	29.5
15585.9	37.5
15585.9	31
15585.9	35
15585.9	26
15586	28.5
15586	38.5
15586	37.5
15586	46
15586	34.5
15586	37
15586	32
15586	37.5
15586.1	34.5
15586.1	34
15586.1	43
15586.1	27.5
15586.1	44.5
15586.1	31
15586.1	46
15586.2	27.5
15586.2	33.5
15586.2	42
15586.2	24
15586.2	40
15586.2	47.5
15586.2	22.5
15586.2	29.5
15586.3	30.5
15586.3	46.5
15586.3	41.5
15586.3	37
15586.3	31.5
15586.3	41
15586.3	22
15586.3	36.5
15586.4	43
15586.4	34.5
15586.4	32
15586.4	30.5
15586.4	29
15586.4	45.5
15586.4	32
15586.4	31.5
15586.5	33
15586.5	24.5
15586.5	32.5
15586.5	40.5
15586.5	31.5
15586.5	32.5
15586.5	32
15586.5	25
15586.6	48
15586.6	34.5
15586.6	28
15586.6	35.5
15586.6	30
15586.6	47
15586.6	43
15586.6	39.5
15586.7	45.5
15586.7	33.5
15586.7	41.5
15586.7	36.5
15586.7	25.5
15586.7	38.5
15586.7	32.5
15586.7	39.5
15586.8	22
15586.8	39.5
15586.8	35
15586.8	40
15586.8	29.5
15586.8	35.5
15586.8	36.5
15586.8	41.5
15586.9	28
15586.9	33.5
15586.9	29.5
15586.9	36
15586.9	36.5
15586.9	36.5
15586.9	34.5
15587	46.5
15587	30
15587	35
15587	42
15587	30
15587	26
15587	26
15587	45.5
15587.1	38
15587.1	20.5
15587.1	33
15587.1	40
15587.1	38.5
15587.1	38.5
15587.1	29
15587.1	36.5
15587.2	33
15587.2	37
15587.2	49
15587.2	38
15587.2	35
15587.2	34.5
15587.2	39
15587.2	28.5
15587.3	35.5
15587.3	34.5
15587.3	35
15587.3	26
15587.3	37
15587.3	40.5
15587.3	39
15587.3	34.5
15587.4	32.5
