-81163.7	20
-81109.9	19
-81056.2	20
-81002.5	35
-80948.9	25
-80895.3	26
-80841.8	19
-80788.4	18
-80735	31
-80681.7	34
-80628.4	19
-80575.2	25
-80522.1	31
-80469	15
-80415.9	27
-80363	27
-80310	16
-80257.2	31
-80204.4	23
-80151.6	31
-80098.9	21
-80046.3	26
-79993.7	11
-79941.2	15
-79888.7	41
-79836.3	44
-79783.9	13
-79731.6	21
-79679.4	23
-79627.2	40
-79575	22
-79522.9	22
-79470.9	6
-79418.9	21
-79367	30
-79315.2	19
-79263.3	21
-79211.6	15
-79159.9	20
-79108.3	39
-79056.7	23
-79005.1	36
-78953.6	9
-78902.2	-2
-78850.9	27
-78799.5	13
-78748.3	44
-78697.1	36
-78645.9	17
-78594.8	23
-78543.8	32
-78492.8	22
-78441.8	28
-78390.9	34
-78340.1	17
-78289.3	36
-78238.6	27
-78187.9	10
-78137.3	35
-78086.7	22
-78036.2	24
-77985.8	17
-77935.3	31
-77885	43
-77834.7	25
-77784.4	34
-77734.2	24
-77684.1	35
-77634	25
-77583.9	24
-77534	19
-77484	16
-77434.1	35
-77384.3	28
-77334.5	24
-77284.8	37
-77235.1	24
-77185.5	19
-77135.9	10
-77086.4	36
-77036.9	0
-76987.5	18
-76938.1	45
-76888.8	41
-76839.5	30
-76790.3	24
-76741.1	27
-76692	30
-76642.9	32
-76593.9	9
-76545	20
-76496	23
-76447.2	35
-76398.4	22
-76349.6	40
-76300.9	28
-76252.2	3
-76203.6	17
-76155	31
-76106.5	20
-76058.1	24
-76009.6	15
-75961.3	4
-75913	15
-75864.7	34
-75816.5	38
-75768.3	15
-75720.2	26
-75672.1	9
-75624.1	7
-75576.1	31
-75528.2	13
-75480.3	37
-75432.5	24
-75384.7	37
-75337	1
-75289.3	16
-75241.7	20
-75194.1	14
-75146.6	26
-75099.1	24
-75051.6	32
-75004.2	6
-74956.9	55
-74909.6	35
-74862.4	20
-74815.2	26
-74768	33
-74720.9	27
-74673.8	27
-74626.8	40
-74579.9	23
-74533	38
-74486.1	31
-74439.3	37
-74392.5	20
-74345.8	23
-74299.1	27
-74252.5	19
-74205.9	26
-74159.3	40
-74112.9	41
-74066.4	35
-74020	41
-73973.7	19
-73927.4	56
-73881.1	24
-73834.9	17
-73788.7	26
-73742.6	45
-73696.5	24
-73650.5	38
-73604.5	42
-73558.6	35
-73512.7	50
-73466.8	44
-73421	37
-73375.3	33
-73329.6	15
-73283.9	33
-73238.3	28
-73192.7	6
-73147.2	32
-73101.7	29
-73056.3	42
-73010.9	38
-72965.6	45
-72920.3	24
-72875	18
-72829.8	33
-72784.6	33
-72739.5	34
-72694.4	26
-72649.4	39
-72604.4	24
-72559.5	24
-72514.6	39
-72469.7	41
-72424.9	53
-72380.1	32
-72335.4	28
-72290.7	23
-72246.1	34
-72201.5	30
-72157	38
-72112.5	30
-72068	35
-72023.6	33
-71979.2	31
-71934.9	33
-71890.6	35
-71846.4	15
-71802.2	38
-71758	19
-71713.9	44
-71669.8	41
-71625.8	13
-71581.8	9
-71537.9	31
-71494	38
-71450.1	22
-71406.3	40
-71362.5	34
-71318.8	33
-71275.1	33
-71231.5	53
-71187.9	34
-71144.3	31
-71100.8	26
-71057.3	24
-71013.9	30
-70970.5	29
-70927.2	33
-70883.9	43
-70840.6	24
-70797.4	27
-70754.2	56
-70711.1	32
-70668	41
-70624.9	34
-70581.9	29
-70539	20
-70496	28
-70453.1	40
-70410.3	35
-70367.5	32
-70324.7	26
-70282	56
-70239.3	16
-70196.7	25
-70154.1	44
-70111.5	33
-70069	58
-70026.5	32
-69984.1	18
-69941.7	42
-69899.3	38
-69857	29
-69814.8	28
-69772.5	35
-69730.3	37
-69688.2	45
-69646.1	46
-69604	42
-69562	41
-69520	26
-69478	56
-69436.1	43
-69394.2	33
-69352.4	40
-69310.6	35
-69268.9	20
-69227.2	39
-69185.5	34
-69143.9	56
-69102.3	31
-69060.7	36
-69019.2	23
-68977.7	33
-68936.3	36
-68894.9	49
-68853.5	34
-68812.2	51
-68770.9	34
-68729.7	46
-68688.5	28
-68647.3	31
-68606.2	27
-68565.1	33
-68524.1	49
-68483.1	56
-68442.1	39
-68401.2	43
-68360.3	22
-68319.4	28
-68278.6	42
-68237.8	39
-68197.1	27
-68156.4	37
-68115.7	40
-68075.1	45
-68034.5	47
-67994	57
-67953.5	32
-67913	16
-67872.6	36
-67832.2	47
-67791.8	32
-67751.5	42
-67711.2	58
-67671	26
-67630.8	65
-67590.6	28
-67550.5	37
-67510.4	41
-67470.3	21
-67430.3	44
-67390.3	54
-67350.4	58
-67310.5	24
-67270.6	36
-67230.8	52
-67191	33
-67151.2	45
-67111.5	58
-67071.8	46
-67032.2	20
-66992.5	46
-66953	44
-66913.4	51
-66873.9	41
-66834.5	54
-66795	37
-66755.6	52
-66716.3	41
-66677	40
-66637.7	51
-66598.4	46
-66559.2	50
-66520	44
-66480.9	28
-66441.8	51
-66402.7	37
-66363.7	29
-66324.7	46
-66285.8	38
-66246.8	45
-66207.9	28
-66169.1	30
-66130.3	51
-66091.5	37
-66052.8	36
-66014	32
-65975.4	33
-65936.7	37.5
-65898.1	42
-65859.6	52
-65821	18
-65782.5	28
-65744.1	52
-65705.6	45
-65667.3	28
-65628.9	41
-65590.6	42
-65552.3	30
-65514	30
-65475.8	54
-65437.6	24
-65399.5	67
-65361.4	53
-65323.3	59
-65285.3	41
-65247.2	42
-65209.3	45
-65171.3	44
-65133.4	23
-65095.5	26
-65057.7	37
-65019.9	38
-64982.1	44
-64944.4	41
-64906.7	35
-64869	44
-64831.4	47
-64793.8	42
-64756.2	32
-64718.7	29
-64681.2	48
-64643.8	47
-64606.3	37
-64568.9	42
-64531.6	52
-64494.2	32
-64456.9	53
-64419.7	44
-64382.5	33
-64345.3	46
-64308.1	34
-64271	32
-64233.9	34
-64196.8	34
-64159.8	37
-64122.8	27
-64085.8	46
-64048.9	47
-64012	45
-63975.1	50
-63938.3	43
-63901.5	33
-63864.8	29
-63828	52
-63791.3	31
-63754.7	29
-63718	48
-63681.4	42
-63644.9	56
-63608.3	55
-63571.8	34
-63535.4	32
-63498.9	21
-63462.5	38
-63426.2	55
-63389.8	51
-63353.5	46
-63317.2	46
-63281	51
-63244.8	45
-63208.6	37
-63172.5	51
-63136.3	47
-63100.3	31
-63064.2	32
-63028.2	40
-62992.2	65
-62956.2	39
-62920.3	51
-62884.4	22
-62848.6	38
-62812.7	40
-62776.9	47
-62741.2	23
-62705.4	49
-62669.7	47
-62634.1	36
-62598.4	37
-62562.8	35
-62527.2	42
-62491.7	35
-62456.2	20
-62420.7	36
-62385.3	43
-62349.8	29
-62314.4	41
-62279.1	24
-62243.8	32
-62208.4	65
-62173.2	44
-62137.9	32
-62102.7	32
-62067.6	34
-62032.4	32
-61997.3	30
-61962.2	34
-61927.2	54
-61892.2	39
-61857.2	48
-61822.2	47
-61787.3	39
-61752.4	21
-61717.5	37
-61682.7	44
-61647.9	41
-61613.1	43
-61578.3	42
-61543.6	50
-61508.9	56
-61474.3	38
-61439.7	35
-61405.1	47
-61370.5	35
-61336	38
-61301.4	49
-61267	23
-61232.5	33
-61198.1	43
-61163.7	33
-61129.4	50
-61095	53
-61060.7	38
-61026.5	31
-60992.2	30
-60958	33
-60923.8	36
-60889.7	39
-60855.6	45
-60821.5	45
-60787.4	48
-60753.4	48
-60719.4	39
-60685.4	58
-60651.4	52
-60617.5	26
-60583.6	38
-60549.8	49
-60516	39
-60482.2	52
-60448.4	53
-60414.6	25
-60380.9	24
-60347.2	53
-60313.6	52
-60280	34
-60246.4	36
-60212.8	44
-60179.2	36
-60145.7	70
-60112.3	55
-60078.8	50
-60045.4	44
-60012	30
-59978.6	53
-59945.3	49
-59911.9	47
-59878.7	6
-59845.4	51
-59812.2	46
-59779	38
-59745.8	45
-59712.6	47
-59679.5	37
-59646.4	55
-59613.4	43
-59580.4	30
-59547.4	45
-59514.4	38
-59481.4	27
-59448.5	25
-59415.6	33
-59382.8	56
-59349.9	45
-59317.1	45
-59284.3	46
-59251.6	28
-59218.8	30
-59186.1	46
-59153.5	40
-59120.8	49
-59088.2	30
-59055.6	55
-59023.1	37
-58990.5	30
-58958	36
-58925.5	45
-58893.1	47
-58860.7	56
-58828.3	41
-58795.9	22
-58763.6	42
-58731.2	27
-58698.9	44
-58666.7	48
-58634.5	35
-58602.2	31
-58570.1	33
-58537.9	34
-58505.8	44
-58473.7	31
-58441.6	35
-58409.6	28
-58377.5	55
-58345.6	52
-58313.6	39
-58281.6	31
-58249.7	24
-58217.8	31
-58186	50
-58154.1	43
-58122.3	31
-58090.6	34
-58058.8	49
-58027.1	37
-57995.4	41
-57963.7	37
-57932	3
-57900.4	32
-57868.8	54
-57837.3	62
-57805.7	48
-57774.2	37
-57742.7	34
-57711.2	47
-57679.8	31
-57648.4	48
-57617	28
-57585.6	35
-57554.3	39
-57523	27
-57491.7	34
-57460.4	52
-57429.2	63
-57398	55
-57366.8	53
-57335.7	45
-57304.5	52
-57273.4	39
-57242.4	37
-57211.3	58
-57180.3	44
-57149.3	26
-57118.3	43
-57087.3	36
-57056.4	39
-57025.5	32
-56994.6	57
-56963.8	25
-56932.9	24
-56902.2	39
-56871.4	60
-56840.6	32
-56809.9	22
-56779.2	52
-56748.5	19
-56717.9	54
-56687.3	38
-56656.7	45
-56626.1	32
-56595.5	37
-56565	31
-56534.5	53
-56504	44
-56473.6	48
-56443.2	22
-56412.8	19
-56382.4	38
-56352	20
-56321.7	34
-56291.4	41
-56261.1	43
-56230.9	45
-56200.6	38
-56170.4	35
-56140.3	46
-56110.1	35
-56080	52
-56049.9	39
-56019.8	45
-55989.7	45
-55959.7	37
-55929.7	52
-55899.7	37
-55869.7	38
-55839.8	34
-55809.9	52
-55780	60
-55750.1	48
-55720.3	41
-55690.5	33
-55660.7	46
-55630.9	52
-55601.2	36
-55571.5	40
-55541.8	32
-55512.1	35
-55482.4	48
-55452.8	26
-55423.2	28
-55393.6	46
-55364.1	53
-55334.6	42
-55305.1	37
-55275.6	42
-55246.1	51
-55216.7	48
-55187.3	41
-55157.9	34
-55128.5	37
-55099.2	41
-55069.8	22
-55040.6	62
-55011.3	37
-54982	34
-54952.8	46
-54923.6	25
-54894.4	47
-54865.3	16
-54836.1	27
-54807	45
-54778	28
-54748.9	29
-54719.9	52
-54690.8	41
-54661.8	32
-54632.9	40
-54603.9	42
-54575	38
-54546.1	24
-54517.2	42
-54488.4	34
-54459.5	27
-54430.7	19
-54401.9	32
-54373.2	39
-54344.4	35
-54315.7	27
-54287	31
-54258.4	38
-54229.7	37
-54201.1	29
-54172.5	25
-54143.9	31
-54115.3	41
-54086.8	42
-54058.3	34
-54029.8	34
-54001.3	11
-53972.9	36
-53944.4	37
-53916	35
-53887.7	39
-53859.3	39
-53831	20
-53802.6	30
-53774.4	45
-53746.1	43
-53717.8	47
-53689.6	32
-53661.4	43
-53633.2	34
-53605.1	49
-53576.9	33
-53548.8	32
-53520.7	33
-53492.7	35
-53464.6	52
-53436.6	54
-53408.6	32
-53380.6	30
-53352.6	25
-53324.7	44
-53296.8	51
-53268.9	40
-53241	41
-53213.1	32
-53185.3	22
-53157.5	41
-53129.7	44
-53101.9	42
-53074.2	26
-53046.5	11
-53018.8	34
-52991.1	38
-52963.4	37
-52935.8	25
-52908.2	39
-52880.6	45
-52853	39
-52825.5	44
-52797.9	32
-52770.4	25
-52742.9	28
-52715.5	39
-52688	50
-52660.6	30
-52633.2	10
-52605.8	44
-52578.5	37
-52551.1	43
-52523.8	39
-52496.5	31
-52469.2	36
-52442	36
-52414.7	39
-52387.5	47
-52360.3	41
-52333.2	48
-52306	50
-52278.9	51
-52251.8	41
-52224.7	52
-52197.6	30
-52170.6	1
-52143.6	43
-52116.5	32
-52089.6	28
-52062.6	37
-52035.7	42
-52008.7	29
-51981.8	40
-51954.9	38
-51928.1	32
-51901.3	21
-51874.4	16
-51847.6	28
-51820.9	47
-51794.1	44
-51767.4	30
-51740.6	48
-51713.9	26
-51687.3	45
-51660.6	34
-51634	21
-51607.4	10
-51580.8	11
-51554.2	40
-51527.6	37
-51501.1	54
-51474.6	29
-51448.1	41
-51421.6	54
-51395.2	22
-51368.7	43
-51342.3	38
-51315.9	42
-51289.5	25
-51263.2	39
-51236.9	29
-51210.5	43
-51184.3	33
-51158	28
-51131.7	41
-51105.5	44
-51079.3	37
-51053.1	28
-51026.9	36
-51000.7	26
-50974.6	34
-50948.5	20
-50922.4	30
-50896.3	54
-50870.3	31
-50844.2	27
-50818.2	40
-50792.2	45
-50766.2	43
-50740.3	19
-50714.3	25
-50688.4	22
-50662.5	48
-50636.6	49
-50610.8	37
-50584.9	34
-50559.1	29
-50533.3	30
-50507.5	26
-50481.8	38
-50456	35
-50430.3	24
-50404.6	41
-50378.9	39
-50353.2	43
-50327.6	27
-50301.9	24
-50276.3	38
-50250.7	29
-50225.2	37
-50199.6	35
-50174.1	40
-50148.6	23
-50123.1	38
-50097.6	40
-50072.1	43
-50046.7	32
-50021.3	49
-49995.9	23
-49970.5	32
-49945.1	43
-49919.8	40
-49894.4	26
-49869.1	41
-49843.8	36
-49818.6	35
-49793.3	48
-49768.1	17
-49742.9	28
-49717.7	38
-49692.5	29
-49667.3	26
-49642.2	26
-49617.1	38
-49592	37
-49566.9	30
-49541.8	43
-49516.8	39
-49491.8	9
-49466.7	30
-49441.8	31
-49416.8	43
-49391.8	29
-49366.9	28
-49342	21
-49317.1	25
-49292.2	39
-49267.3	50
-49242.5	66
-49217.7	42
-49192.9	12
-49168.1	29
-49143.3	51
-49118.5	29
-49093.8	43
-49069.1	28
-49044.4	32
-49019.7	43
-48995	38
-48970.4	41
-48945.8	20
-48921.2	26
-48896.6	31
-48872	41
-48847.4	36
-48822.9	36
-48798.4	45
-48773.9	35
-48749.4	48
-48724.9	40
-48700.5	24
-48676.1	34
-48651.7	29
-48627.3	32
-48602.9	46
-48578.5	34
-48554.2	41
-48529.9	52
-48505.6	42
-48481.3	39
-48457	41
-48432.8	50
-48408.5	24
-48384.3	35
-48360.1	41
-48335.9	38
-48311.8	25
-48287.6	36
-48263.5	27
-48239.4	48
-48215.3	39
-48191.2	26
-48167.1	36
-48143.1	33
-48119.1	6
-48095.1	31
-48071.1	38.9064
-48047.1	59.4138
-48023.2	33.5771
-47999.2	28.927
-47975.3	23.5326
-47951.4	36.2643
-47927.5	47.9086
-47903.6	40.6319
-47879.8	29.5571
-47856	28.7467
-47832.1	39.0147
-47808.3	33.2989
-47784.6	52.2604
-47760.8	19.1264
-47737.1	19.7674
-47713.3	29.2554
-47689.6	30.0852
-47665.9	49.1662
-47642.2	27.6248
-47618.6	34.0719
-47594.9	28.716
-47571.3	35.1208
-47547.7	21.9573
-47524.1	32.5465
-47500.5	26.4267
-47476.9	35.9612
-47453.4	23.3589
-47429.9	32.3525
-47406.4	47.1623
-47382.9	30.7534
-47359.4	22.9157
-47335.9	37.2479
-47312.5	24.8971
-47289.1	37.1786
-47265.6	45.4875
-47242.3	36.8259
-47218.9	22.833
-47195.5	36.2321
-47172.2	25.9938
-47148.9	37.5201
-47125.5	33.9542
-47102.2	30.1679
-47079	26.6817
-47055.7	31.1279
-47032.5	27.0327
-47009.2	35.0367
-46986	22.8306
-46962.8	23.9406
-46939.7	14.6901
-46916.5	30.1789
-46893.4	33.4634
-46870.2	18.9325
-46847.1	39.1968
-46824	34.8329
-46800.9	28.2917
-46777.9	42.233
-46754.8	28.073
-46731.8	27.1238
-46708.8	23.9897
-46685.8	18.8796
-46662.8	29.2504
-46639.8	40.0294
-46616.9	28.242
-46594	13.501
-46571.1	30.8024
-46548.1	34.8609
-46525.3	29.9684
-46502.4	35.8558
-46479.5	28.8573
-46456.7	34.0324
-46433.9	27.834
-46411.1	31.6268
-46388.3	36.2733
-46365.5	28.6851
-46342.8	21.9963
-46320	20.3333
-46297.3	11.2454
-46274.6	27.055
-46251.9	23.9121
-46229.2	34.1988
-46206.6	18.5067
-46183.9	15.0916
-46161.3	32.3626
-46138.7	25.6409
-46116.1	20.4013
-46093.5	19.5334
-46071	22.8058
-46048.4	33.4677
-46025.9	28.5333
-46003.4	20.9255
-45980.9	29.2869
-45958.4	48.6424
-45935.9	30.5723
-45913.5	15.2892
-45891	46.4356
-45868.6	37.2205
-45846.2	26.073
-45823.8	35.2991
-45801.4	23.2917
-45779.1	32.3997
-45756.7	22.7099
-45753.9	21
-45731.5	26
-45709.2	22
-45686.8	22
-45664.5	17
-45642.2	24
-45619.9	25
-45597.6	33
-45575.3	13
-45553.1	20
-45530.8	18
-45508.6	32
-45486.4	26
-45464.2	18
-45442	12
-45419.9	39
-45397.7	18
-45375.6	47
-45353.5	37
-45331.4	26
-45309.3	29
-45287.2	33
-45265.2	15
-45243.1	20
-45221.1	23
-45199.1	40
-45177.1	52
-45155.1	9
-45133.2	44
-45111.2	39
-45089.3	22
-45067.4	26
-45045.5	16
-45023.6	42
-45001.7	29
-44979.8	15
-44958	55
-44936.2	34
-44914.4	43
-44892.6	44
-44870.8	33
-44849	11
-44827.3	29
-44805.5	39
-44783.8	10
-44762.1	26
-44740.4	25
-44718.7	48
-44697.1	43
-44675.4	37
-44653.8	35
-44632.2	28
-44610.6	12
-44589	33
-44567.4	44
-44545.9	27
-44524.3	32
-44502.8	28
-44481.3	38
-44459.8	28
-44438.3	59
-44416.8	48
-44395.4	36
-44373.9	31
-44352.5	34
-44331.1	29
-44309.7	30
-44288.3	32
-44266.9	49
-44245.6	21
-44224.2	30
-44202.9	27
-44181.6	28
-44160.3	8
-44139	30
-44117.8	29
-44096.5	39
-44075.3	40
-44054	26
-44032.8	35
-44011.6	34
-43990.5	39
-43969.3	24
-43948.1	33
-43927	51
-43905.9	27
-43884.8	41
-43863.7	54
-43842.6	18
-43821.5	49
-43800.5	47
-43779.4	32
-43758.4	45
-43737.4	33
-43716.4	26
-43695.4	25
-43674.5	26
-43653.5	38
-43632.6	40
-43611.7	53
-43590.8	40
-43569.9	47
-43549	21
-43528.1	54
-43507.3	44
-43486.4	36
-43465.6	31
-43444.8	16
-43424	43
-43403.2	50
-43382.4	38
-43361.7	39
-43340.9	54
-43320.2	25
-43299.5	35
-43278.8	33
-43258.1	37
-43237.4	31
-43216.8	44
-43196.1	43
-43175.5	26
-43154.9	36
-43134.3	49
-43113.7	32
-43093.1	39
-43072.6	33
-43052	36
-43031.5	22
-43011	42
-42990.4	27
-42970	48
-42949.5	38
-42929	45
-42908.6	39
-42888.1	23
-42867.7	36
-42847.3	27
-42826.9	32
-42806.5	39
-42786.1	39
-42765.8	42
-42745.4	45
-42725.1	10
-42704.8	31
-42684.5	37
-42664.2	25
-42643.9	56
-42623.7	67
-42603.4	51
-42583.2	42
-42563	40
-42542.7	28
-42522.6	53
-42502.4	39
-42482.2	53
-42462	28
-42441.9	42
-42421.8	34
-42401.7	27
-42381.6	40
-42361.5	32
-42341.4	43
-42321.3	57
-42301.3	49
-42281.3	26
-42261.2	54
-42241.2	23
-42221.2	20
-42201.2	40
-42181.3	33
-42161.3	61
-42141.4	37
-42121.4	12
-42101.5	40
-42081.6	40
-42061.7	32
-42041.9	38
-42022	30
-42002.1	18
-41982.3	60
-41962.5	52
-41942.7	21
-41922.9	45
-41903.1	35
-41883.3	26
-41863.5	58
-41843.8	46
-41824.1	44
-41804.3	41
-41784.6	17
-41764.9	45
-41745.3	37
-41725.6	42
-41705.9	46
-41686.3	42
-41666.7	38
-41647	26
-41627.4	23
-41607.8	29
-41588.3	41
-41568.7	45
-41549.1	33
-41529.6	37
-41510.1	48
-41490.5	18
-41471	36
-41451.6	36
-41432.1	40
-41412.6	50
-41393.2	29
-41373.7	32
-41354.3	36
-41334.9	38
-41315.5	51
-41296.1	56
-41276.7	48
-41257.3	32
-41238	39
-41218.6	55
-41199.3	34
-41180	44
-41160.7	36
-41141.4	49
-41122.1	51
-41102.9	39
-41083.6	50
-41064.4	28
-41045.2	18
-41025.9	27
-41006.7	49
-40987.5	57
-40968.4	50
-40949.2	27
-40930.1	37
-40910.9	28
-40891.8	44
-40872.7	38.5
-40853.6	33
-40834.5	36
-40815.4	40
-40796.3	36
-40777.3	41
-40758.2	32
-40739.2	24
-40720.2	52
-40701.2	56
-40682.2	36
-40663.2	36
-40644.2	24
-40625.3	22
-40606.3	18
-40587.4	30
-40568.5	60
-40549.6	30
-40530.7	41
-40511.8	47
-40492.9	37
-40474.1	60
-40455.2	45
-40436.4	50
-40417.6	59
-40398.8	24
-40380	54
-40361.2	42
-40342.4	35
-40323.6	43
-40304.9	30
-40286.1	35
-40267.4	51
-40248.7	35
-40230	39
-40211.3	41
-40192.6	49
-40174	45
-40155.3	33
-40136.7	23
-40118	32
-40099.4	52
-40080.8	48
-40062.2	50
-40043.6	29
-40025.1	56
-40006.5	32
-39987.9	38
-39969.4	47
-39950.9	26
-39932.4	40
-39913.9	38
-39895.4	43
-39876.9	63
-39858.4	39
-39840	30
-39821.5	39
-39803.1	9
-39784.7	41
-39766.3	41
-39747.9	35
-39729.5	33
-39711.1	54
-39692.8	46
-39674.4	40
-39656.1	53
-39637.7	42
-39619.4	35
-39601.1	25
-39582.8	36
-39564.6	48
-39546.3	45
-39528	49
-39509.8	38
-39491.5	46
-39473.3	40
-39455.1	38
-39436.9	38
-39418.7	43
-39400.5	49
-39382.4	32
-39364.2	29
-39346.1	49
-39327.9	43
-39309.8	20
-39291.7	26
-39273.6	66
-39255.5	44
-39237.5	39
-39219.4	44
-39201.3	35
-39183.3	33
-39165.3	48
-39147.3	47
-39129.3	38
-39111.3	37
-39093.3	52
-39075.3	38
-39057.3	43
-39039.4	39
-39021.4	28
-39003.5	60
-38985.6	53
-38967.7	45
-38949.8	59
-38931.9	32
-38914.1	14
-38896.2	28
-38878.3	58
-38860.5	31
-38842.7	34
-38824.9	33
-38807.1	48
-38789.3	45
-38771.5	31
-38753.7	55
-38735.9	36
-38718.2	42
-38700.5	24
-38682.7	43
-38665	21
-38647.3	40
-38629.6	33
-38611.9	44
-38594.3	49
-38576.6	50
-38558.9	60
-38541.3	34
-38523.7	52
-38506.1	36
-38488.4	25
-38470.8	34
-38453.3	49
-38435.7	36
-38418.1	48
-38400.6	40
-38383	53
-38365.5	40
-38348	14
-38330.5	2
-38313	24
-38295.5	40
-38278	60
-38260.5	43
-38243.1	49
-38225.6	42
-38208.2	50
-38190.8	56
-38173.4	43
-38156	40
-38138.6	25
-38121.2	43
-38103.8	28
-38086.5	53
-38069.1	38
-38051.8	46
-38034.5	29
-38017.1	38
-37999.8	66
-37982.5	35
-37965.3	33
-37948	48
-37930.7	39
-37913.5	61
-37896.2	41
-37879	28
-37861.8	54
-37844.6	29
-37827.4	34
-37810.2	46
-37793	66
-37775.8	49
-37758.7	38
-37741.5	35
-37724.4	63
-37707.3	43
-37690.1	38
-37673	45
-37655.9	43
-37638.9	27
-37621.8	51
-37604.7	29
-37587.7	28
-37570.6	29
-37553.6	39
-37536.6	35
-37519.6	42
-37502.6	36
-37485.6	36
-37468.6	51
-37451.6	33
-37434.6	55
-37417.7	32
-37400.8	32
-37383.8	43
-37366.9	50
-37350	41
-37333.1	46
-37316.2	54
-37299.3	37
-37282.5	35
-37265.6	42
-37248.8	45
-37231.9	37
-37215.1	36
-37198.3	45
-37181.5	25
-37164.7	48
-37147.9	48
-37131.1	52
-37114.4	20
-37097.6	42
-37080.9	50
-37064.1	60
-37047.4	48
-37030.7	38
-37014	23
-36997.3	33
-36980.6	46
-36963.9	42
-36947.3	35
-36930.6	27
-36914	46
-36897.3	39
-36880.7	43
-36864.1	45
-36847.5	37
-36830.9	27
-36814.3	63
-36797.7	47
-36781.2	54
-36764.6	42
-36748.1	31
-36731.5	29
-36715	65
-36698.5	39
-36682	45
-36665.5	23
-36649	44
-36632.5	50
-36616.1	47
-36599.6	34
-36583.2	45
-36566.7	22
-36550.3	43
-36533.9	43
-36517.5	43
-36501.1	28
-36484.7	45
-36468.3	39
-36452	53
-36435.6	29
-36419.2	42
-36402.9	42
-36386.6	3
-36370.3	36
-36354	48
-36337.7	39
-36321.4	47
-36305.1	53
-36288.8	36
-36272.6	28
-36256.3	35
-36240.1	53
-36223.8	48
-36207.6	34
-36191.4	38
-36175.2	57
-36159	34
-36142.8	44
-36126.7	29
-36110.5	31
-36094.3	34
-36078.2	35
-36062.1	42
-36045.9	36
-36029.8	41
-36013.7	53
-35997.6	41
-35981.5	39
-35965.4	48
-35949.4	30
-35933.3	28
-35917.3	48
-35901.2	33
-35885.2	38
-35869.2	39
-35853.2	50
-35837.2	52
-35821.2	46
-35805.2	39
-35789.2	29
-35773.3	15
-35757.3	34
-35741.4	41
-35725.4	41
-35709.5	58
-35693.6	41
-35677.7	37
-35661.8	32
-35645.9	30
-35630	45
-35614.1	42
-35598.3	28
-35582.4	44
-35566.6	35
-35550.7	56
-35534.9	37
-35519.1	36
-35503.3	32
-35487.5	45
-35471.7	38
-35455.9	46
-35440.2	26
-35424.4	26
-35408.7	18
-35392.9	31
-35377.2	57
-35361.5	27
-35345.8	43
-35330.1	59
-35314.4	45
-35298.7	40
-35283	51
-35267.3	17
-35251.7	25
-35236	30
-35220.4	34
-35204.8	35
-35189.1	30
-35173.5	36
-35157.9	59
-35142.3	59
-35126.8	41
-35111.2	45
-35095.6	44
-35080.1	27
-35064.5	39
-35049	30
-35033.4	40
-35017.9	46
-35002.4	27
-34986.9	29
-34971.4	25
-34955.9	48
-34940.5	35
-34925	39
-34909.5	34
-34894.1	38
-34878.6	40
-34863.2	41
-34847.8	31
-34832.4	45
-34817	31
-34801.6	42
-34786.2	22
-34770.8	33
-34755.4	28
-34740.1	33
-34724.7	29
-34709.4	29
-34694.1	44
-34678.7	42
-34663.4	30
-34648.1	50
-34632.8	52
-34617.5	48
-34602.3	29
-34587	41
-34571.7	25
-34556.5	34
-34541.2	40
-34526	40
-34510.8	34
-34495.5	22
-34480.3	21
-34465.1	46
-34449.9	52
-34434.8	45
-34419.6	37
-34404.4	32
-34389.3	47
-34374.1	42
-34359	42
-34343.9	56
-34328.7	36
-34313.6	33
-34298.5	45
-34283.4	37
-34268.3	60
-34253.3	42
-34238.2	30
-34223.1	40
-34208.1	42
-34193	38
-34178	27
-34163	33
-34147.9	26
-34132.9	27
-34117.9	41
-34102.9	35
-34088	44
-34073	35
-34058	21
-34043.1	20
-34028.1	45
-34013.2	28
-33998.2	41
-33983.3	48
-33968.4	46
-33953.5	38
-33938.6	34
-33923.7	36
-33908.8	40
-33893.9	39
-33879.1	47
-33864.2	51
-33849.4	44
-33834.5	24
-33819.7	19
-33804.9	47
-33790.1	39
-33775.3	50
-33760.5	48
-33745.7	45
-33730.9	33
-33716.1	39
-33701.4	49
-33686.6	34
-33671.9	30
-33657.1	46
-33642.4	29
-33627.7	40
-33613	37
-33598.3	45
-33583.6	41
-33568.9	42
-33554.2	32
-33539.5	40
-33524.9	36
-33510.2	20
-33495.6	51
-33480.9	28
-33466.3	28
-33451.7	30
-33437.1	40
-33422.5	37
-33407.9	40
-33393.3	56
-33378.7	39
-33364.1	36
-33349.6	30
-33335	20
-33320.5	28
-33305.9	29
-33291.4	32
-33276.9	35
-33262.4	42
-33247.8	48
-33233.3	54
-33218.9	38
-33204.4	49
-33189.9	31
-33175.4	44
-33161	39
-33146.5	39
-33132.1	30
-33117.7	19
-33103.2	38
-33088.8	41
-33074.4	51
-33060	29
-33045.6	19
-33031.2	21
-33016.9	52
-33002.5	31
-32988.1	48
-32973.8	23
-32959.4	44
-32945.1	48
-32930.8	39
-32916.4	34
-32902.1	43
-32887.8	38
-32873.5	42
-32859.2	37
-32845	49
-32830.7	31
-32816.4	29
-32802.2	23
-32787.9	30
-32773.7	52
-32759.5	63
-32745.2	52
-32731	33
-32716.8	41
-32702.6	38
-32688.4	51
-32674.2	34
-32660	40
-32645.9	32
-32631.7	27
-32617.6	39
-32603.4	45
-32589.3	48
-32575.2	38
-32561	27
-32546.9	29
-32532.8	32
-32518.7	38
-32504.6	27
-32490.5	37
-32476.5	30
-32462.4	46
-32448.3	51
-32434.3	41
-32420.2	46
-32406.2	41
-32392.2	21
-32378.2	41
-32364.1	40
-32350.1	37
-32336.1	32
-32322.2	14
-32308.2	20
-32294.2	38
-32280.2	36
-32266.3	42
-32252.3	53
-32238.4	46
-32224.4	29
-32210.5	34
-32196.6	33
-32182.7	22
-32168.8	31
-32154.9	38
-32141	33
-32127.1	20
-32113.2	31
-32099.4	45
-32085.5	43
-32071.7	36
-32057.8	46
-32044	35
-32030.2	34
-32016.3	45
-32002.5	46
-31988.7	37
-31974.9	29
-31961.1	41
-31947.4	40
-31933.6	49
-31919.8	32
-31906.1	28
-31892.3	28
-31878.6	36
-31864.8	30
-31851.1	60
-31837.4	44
-31823.7	44
-31809.9	38
-31796.2	27
-31782.6	56
-31768.9	44
-31755.2	52
-31741.5	35
-31727.9	13
-31714.2	44
-31700.6	30
-31686.9	44
-31673.3	23
-31659.7	40
-31646	34
-31632.4	39
-31618.8	34
-31605.2	39
-31591.7	46
-31578.1	19
-31564.5	41
-31550.9	51
-31537.4	47
-31523.8	49
-31510.3	37
-31496.7	40
-31483.2	27
-31469.7	37
-31456.2	40
-31442.7	40
-31429.2	38.06
-31415.7	34.7928
-31402.2	53.1621
-31388.7	45.1858
-31375.3	42.1584
-31361.8	31.8978
-31348.3	51.146
-31334.9	34.1961
-31321.5	27.9194
-31308	29.6305
-31294.6	18.9617
-31281.2	42.1477
-31267.8	31.5297
-31254.4	33.863
-31241	37.0755
-31227.6	22.7642
-31214.2	20.5852
-31200.8	29.6143
-31187.4	33.555
-31174.1	34.1898
-31160.7	22.2741
-31147.4	20.0649
-31134	44.3104
-31120.7	34.637
-31107.4	21.4147
-31094.1	29.5002
-31080.8	30.2131
-31067.5	10.941
-31054.2	27.033
-31040.9	30.7002
-31027.6	41.4047
-31014.3	33.9197
-31001.1	28.5773
-30987.8	26.6386
-30974.5	35.534
-30961.3	42.5402
-30948.1	29.9994
-30934.8	27.1928
-30921.6	23.643
-30908.4	39.1559
-30895.2	31.3203
-30882	32.0542
-30868.8	21.5454
-30855.6	22.6139
-30842.4	30.9428
-30829.2	33.5415
-30816.1	34.0419
-30802.9	34.4988
-30789.8	20.2971
-30776.6	26.409
-30763.5	38.0946
-30750.3	27.6568
-30737.2	30.5557
-30724.1	27.6694
-30711	31.9013
-30697.9	27.718
-30684.8	37.0671
-30671.7	30.9983
-30658.6	29.4606
-30645.5	20.9231
-30632.5	26.69
-30619.4	38.3145
-30606.3	38.9671
-30593.3	30.705
-30580.3	26.0822
-30567.2	26.4686
-30554.2	41.176
-30541.2	22.2365
-30528.2	18.8987
-30515.2	19.5273
-30502.2	11.4028
-30489.2	18.0284
-30476.2	30.0674
-30463.2	33.5014
-30450.2	33.1318
-30437.3	25.4278
-30424.3	36.9811
-30411.4	29.7066
-30398.4	24.6987
-30385.5	36.8893
-30372.5	35.5745
-30359.6	30.432
-30346.7	23.1447
-30333.8	25.3365
-30320.9	38.5481
-30308	35.8505
-30295.1	24.7538
-30282.2	21.6886
-30269.3	29.1356
-30256.5	28.0438
-30243.6	36.8643
-30230.8	27.8929
-30217.9	15.4639
-30205.1	12.6977
-30192.2	23.8603
-30179.4	31.765
-30166.6	21.7423
-30153.8	18.134
-30141	9.55728
-30128.2	23.2924
-30123.5	35
-30110.6	35
-30097.8	33
-30085	38
-30072.2	17
-30059.4	37
-30046.6	25
-30033.8	34
-30021.1	33
-30008.3	28
-29995.5	18
-29982.8	26
-29970	39
-29957.3	18
-29944.5	18
-29931.8	13
-29919.1	35
-29906.4	27
-29893.7	17
-29881	23
-29868.3	28
-29855.6	23
-29842.9	31
-29830.2	24
-29817.5	25
-29804.9	30
-29792.2	33
-29779.6	31
-29766.9	44
-29754.3	28
-29741.7	11
-29729	22
-29716.4	39
-29703.8	40
-29691.2	24
-29678.6	35
-29666	35
-29653.4	21
-29640.9	42
-29628.3	22
-29615.7	35
-29603.2	35
-29590.6	36
-29578.1	25
-29565.5	27
-29553	23
-29540.5	49
-29528	38
-29515.5	30
-29503	33
-29490.5	17
-29478	38
-29465.5	43
-29453	45
-29440.5	44
-29428.1	44
-29415.6	25
-29403.2	35
-29390.7	16
-29378.3	26
-29365.8	34
-29353.4	42
-29341	29
-29328.6	34
-29316.2	21
-29303.8	25
-29291.4	27
-29279	24
-29266.6	43
-29254.2	30
-29241.9	42
-29229.5	51
-29217.1	20
-29204.8	47
-29192.5	21
-29180.1	7
-29167.8	45
-29155.5	32
-29143.1	31
-29130.8	24
-29118.5	-1
-29106.2	28
-29093.9	50
-29081.7	33
-29069.4	36
-29057.1	23
-29044.8	20
-29032.6	35
-29020.3	38
-29008.1	22
-28995.8	57
-28983.6	22
-28971.4	37
-28959.1	35
-28946.9	45
-28934.7	34
-28922.5	29
-28910.3	16
-28898.1	45
-28885.9	38
-28873.8	35
-28861.6	26
-28849.4	24
-28837.3	40
-28825.1	41
-28813	45
-28800.8	35
-28788.7	38
-28776.6	18
-28764.5	40
-28752.3	38
-28740.2	45
-28728.1	29
-28716	31
-28703.9	36
-28691.9	45
-28679.8	36
-28667.7	40
-28655.6	33
-28643.6	42
-28631.5	28
-28619.5	16
-28607.4	44
-28595.4	24
-28583.4	29
-28571.3	28
-28559.3	24
-28547.3	30
-28535.3	32
-28523.3	24
-28511.3	32
-28499.3	44
-28487.4	31
-28475.4	40
-28463.4	42
-28451.5	54
-28439.5	34
-28427.6	39
-28415.6	44
-28403.7	55
-28391.7	27
-28379.8	37
-28367.9	63
-28356	46
-28344.1	53
-28332.2	35
-28320.3	26
-28308.4	31
-28296.5	39
-28284.6	48
-28272.8	55
-28260.9	27
-28249	33
-28237.2	23
-28225.4	44
-28213.5	55
-28201.7	33
-28189.8	34
-28178	41
-28166.2	22
-28154.4	41
-28142.6	46
-28130.8	27
-28119	30
-28107.2	27
-28095.4	54
-28083.7	51
-28071.9	35
-28060.1	31
-28048.4	13
-28036.6	35
-28024.9	29
-28013.2	35
-28001.4	27
-27989.7	30
-27978	47
-27966.3	40
-27954.5	65
-27942.8	25
-27931.1	49
-27919.5	53
-27907.8	48
-27896.1	44
-27884.4	40
-27872.8	34
-27861.1	40
-27849.4	22
-27837.8	42
-27826.1	46
-27814.5	31
-27802.9	18
-27791.2	41
-27779.6	39
-27768	49
-27756.4	37
-27744.8	51
-27733.2	52
-27721.6	43
-27710	40
-27698.4	48
-27686.9	61
-27675.3	30
-27663.7	35
-27652.2	34
-27640.6	30
-27629.1	30
-27617.6	25
-27606	55
-27594.5	41
-27583	47
-27571.5	21
-27559.9	22
-27548.4	27
-27536.9	32
-27525.5	35
-27514	52
-27502.5	43
-27491	59
-27479.5	22
-27468.1	37
-27456.6	40
-27445.2	39
-27433.7	41
-27422.3	29
-27410.8	64
-27399.4	60
-27388	55
-27376.6	30
-27365.2	44
-27353.8	22
-27342.4	52
-27331	45
-27319.6	41
-27308.2	32
-27296.8	23
-27285.4	42
-27274.1	42
-27262.7	43
-27251.4	44
-27240	47
-27228.7	45
-27217.3	53
-27206	56
-27194.7	34
-27183.3	51
-27172	18
-27160.7	40
-27149.4	30
-27138.1	41
-27126.8	33
-27115.5	43
-27104.2	42
-27093	61
-27081.7	50
-27070.4	40
-27059.2	43
-27047.9	29
-27036.7	36
-27025.4	25
-27014.2	56
-27003	45
-26991.7	30
-26980.5	14
-26969.3	42
-26958.1	40
-26946.9	52
-26935.7	37
-26924.5	37
-26913.3	49
-26902.1	50
-26890.9	40
-26879.8	46
-26868.6	2
-26857.4	44
-26846.3	39
-26835.1	38
-26824	37
-26812.9	25
-26801.7	24
-26790.6	59
-26779.5	33
-26768.4	54
-26757.3	42
-26746.1	12
-26735.1	45
-26724	60
-26712.9	37
-26701.8	37
-26690.7	32
-26679.6	54
-26668.6	62
-26657.5	20
-26646.4	50
-26635.4	40
-26624.4	23
-26613.3	55
-26602.3	38
-26591.3	31
-26580.2	34
-26569.2	29
-26558.2	49
-26547.2	41
-26536.2	43
-26525.2	41
-26514.2	42
-26503.2	38
-26492.2	68
-26481.3	41
-26470.3	38
-26459.3	47
-26448.4	23
-26437.4	40
-26426.5	52
-26415.5	51
-26404.6	51
-26393.7	41
-26382.7	16
-26371.8	10
-26360.9	45
-26350	51
-26339.1	34
-26328.2	36
-26317.3	41
-26306.4	40
-26295.5	37
-26284.6	35
-26273.8	16
-26262.9	14
-26252	54
-26241.2	32
-26230.3	31
-26219.5	36
-26208.6	53
-26197.8	45
-26187	52
-26176.1	55
-26165.3	48
-26154.5	42
-26143.7	48
-26132.9	58
-26122.1	39
-26111.3	52
-26100.5	27
-26089.7	38
-26078.9	53
-26068.2	33
-26057.4	46
-26046.6	37
-26035.9	51
-26025.1	44
-26014.4	38
-26003.6	43
-25992.9	54
-25982.2	21
-25971.4	58
-25960.7	53
-25950	51
-25939.3	45
-25928.6	34
-25917.9	37
-25907.2	48
-25896.5	53
-25885.8	50
-25875.1	51
-25864.5	22
-25853.8	38
-25843.1	30
-25832.5	49
-25821.8	51
-25811.2	31
-25800.5	61
-25789.9	37
-25779.3	36
-25768.6	51
-25758	33
-25747.4	20
-25736.8	30
-25726.2	56
-25715.6	45
-25705	40
-25694.4	28
-25683.8	37
-25673.2	46
-25662.6	36
-25652.1	40
-25641.5	28
-25630.9	32
-25620.4	19
-25609.8	50
-25599.3	32
-25588.7	54
-25578.2	34
-25567.7	35
-25557.1	45
-25546.6	40
-25536.1	53
-25525.6	43
-25515.1	47
-25504.6	38
-25494.1	18
-25483.6	58
-25473.1	37
-25462.6	27
-25452.1	31
-25441.7	41
-25431.2	47
-25420.7	58
-25410.3	45
-25399.8	39
-25389.4	24
-25379	41
-25368.5	51
-25358.1	42
-25347.7	27
-25337.2	52
-25326.8	36
-25316.4	37
-25306	37
-25295.6	33
-25285.2	40
-25274.8	40
-25264.4	42
-25254	42
-25243.7	56
-25233.3	30
-25222.9	38
-25212.6	43
-25202.2	23
-25191.9	26
-25181.5	35
-25171.2	39
-25160.8	17
-25150.5	31
-25140.2	27
-25129.9	37
-25119.5	53
-25109.2	48
-25098.9	33
-25088.6	41
-25078.3	22
-25068	50
-25057.7	42
-25047.5	30
-25037.2	52
-25026.9	29
-25016.6	51
-25006.4	23
-24996.1	35
-24985.9	44
-24975.6	54
-24965.4	47
-24955.1	43
-24944.9	35
-24934.7	24
-24924.4	55
-24914.2	55
-24904	39
-24893.8	45
-24883.6	28
-24873.4	35
-24863.2	47
-24853	17
-24842.8	40
-24832.6	48
-24822.5	35
-24812.3	53
-24802.1	56
-24792	54
-24781.8	36
-24771.6	21
-24761.5	40
-24751.4	42
-24741.2	47
-24731.1	44
-24721	34
-24710.8	36
-24700.7	47
-24690.6	27
-24680.5	48
-24670.4	49
-24660.3	36
-24650.2	43
-24640.1	41
-24630	34
-24619.9	36
-24609.9	56
-24599.8	45
-24589.7	54
-24579.7	27
-24569.6	38
-24559.5	18
-24549.5	42
-24539.5	53
-24529.4	45
-24519.4	49
-24509.4	31
-24499.3	51
-24489.3	32
-24479.3	32
-24469.3	46
-24459.3	51
-24449.3	41
-24439.3	28
-24429.3	44
-24419.3	51
-24409.3	49
-24399.3	48
-24389.4	54
-24379.4	28
-24369.4	37
-24359.5	40
-24349.5	48
-24339.6	27
-24329.6	26
-24319.7	44
-24309.8	40
-24299.8	44
-24289.9	25
-24280	45
-24270.1	50
-24260.2	48
-24250.2	58
-24240.3	48
-24230.4	30
-24220.5	41
-24210.7	60
-24200.8	49
-24190.9	42
-24181	19
-24171.1	46
-24161.3	34
-24151.4	38
-24141.6	45
-24131.7	47
-24121.9	37
-24112	37
-24102.2	39
-24092.3	40
-24082.5	49
-24072.7	42
-24062.9	46
-24053.1	41
-24043.2	34
-24033.4	32
-24023.6	41
-24013.8	45
-24004	36
-23994.3	35
-23984.5	44
-23974.7	52
-23964.9	24
-23955.1	32
-23945.4	43
-23935.6	30
-23925.9	56
-23916.1	66
-23906.4	36
-23896.6	27
-23886.9	43
-23877.1	38
-23867.4	39
-23857.7	34
-23848	41
-23838.2	39
-23828.5	27
-23818.8	61
-23809.1	27
-23799.4	40
-23789.7	39
-23780	41
-23770.4	46
-23760.7	51
-23751	32
-23741.3	39
-23731.7	32
-23722	37
-23712.3	31
-23702.7	30
-23693	45
-23683.4	24
-23673.7	34
-23664.1	49
-23654.5	43
-23644.9	22
-23635.2	44
-23625.6	47
-23616	34
-23606.4	31
-23596.8	35
-23587.2	36
-23577.6	37
-23568	37
-23558.4	33
-23548.8	39
-23539.2	26
-23529.7	34
-23520.1	36
-23510.5	42
-23501	35
-23491.4	29
-23481.9	23
-23472.3	40
-23462.8	51
-23453.2	15
-23443.7	40
-23434.2	35
-23424.6	26
-23415.1	35
-23405.6	43
-23396.1	52
-23386.6	31
-23377.1	37
-23367.6	29
-23358.1	41
-23348.6	58
-23339.1	41
-23329.6	36
-23320.1	16
-23310.7	44
-23301.2	55
-23291.7	38
-23282.3	46
-23272.8	38
-23263.4	36
-23253.9	33
-23244.5	47
-23235	47
-23225.6	31
-23216.2	38
-23206.7	40
-23197.3	51
-23187.9	33
-23178.5	43
-23169.1	41
-23159.7	34
-23150.3	37
-23140.9	36
-23131.5	31
-23122.1	50
-23112.7	13
-23103.3	22
-23093.9	32
-23084.6	41
-23075.2	49
-23065.8	30
-23056.5	37
-23047.1	40
-23037.8	38
-23028.4	48
-23019.1	37
-23009.7	30
-23000.4	60
-22991.1	43
-22981.8	36
-22972.4	36
-22963.1	33
-22953.8	32
-22944.5	33
-22935.2	38
-22925.9	42
-22916.6	52
-22907.3	10
-22898	30
-22888.7	29
-22879.5	47
-22870.2	32
-22860.9	25
-22851.7	39
-22842.4	38
-22833.1	39
-22823.9	34
-22814.6	34
-22805.4	39
-22796.1	55
-22786.9	45
-22777.7	49
-22768.5	31
-22759.2	29
-22750	43
-22740.8	42
-22731.6	44
-22722.4	45
-22713.2	34
-22704	35
-22694.8	47
-22685.6	34
-22676.4	42
-22667.2	29
-22658	35
-22648.9	43
-22639.7	21
-22630.5	25
-22621.4	46
-22612.2	47
-22603	47
-22593.9	34
-22584.8	24
-22575.6	57
-22566.5	43
-22557.3	11
-22548.2	37
-22539.1	46
-22530	58
-22520.8	41
-22511.7	43
-22502.6	36
-22493.5	37
-22484.4	31
-22475.3	62
-22466.2	49
-22457.1	10
-22448.1	26
-22439	43
-22429.9	37
-22420.8	30
-22411.8	33
-22402.7	41
-22393.6	31
-22384.6	36
-22375.5	41
-22366.5	26
-22357.4	32
-22348.4	43
-22339.4	50
-22330.3	26
-22321.3	31
-22312.3	34
-22303.3	29
-22294.2	15
-22285.2	43
-22276.2	53
-22267.2	35
-22258.2	22
-22249.2	19
-22240.2	33
-22231.2	36
-22222.3	15
-22213.3	49
-22204.3	35
-22195.3	30
-22186.4	50
-22177.4	43
-22168.4	30
-22159.5	35
-22150.5	25
-22141.6	39
-22132.6	29
-22123.7	55
-22114.8	31
-22105.8	32
-22096.9	39
-22088	42
-22079.1	27
-22070.1	35
-22061.2	34
-22052.3	29
-22043.4	37
-22034.5	41
-22025.6	27
-22016.7	35
-22007.8	36
-21998.9	50
-21990.1	64
-21981.2	31
-21972.3	23
-21963.5	34
-21954.6	21
-21945.7	30
-21936.9	33
-21928	29
-21919.2	35
-21910.3	38
-21901.5	35
-21892.6	38
-21883.8	40
-21875	31
-21866.1	27
-21857.3	33
-21848.5	33
-21839.7	28
-21830.9	25
-21822.1	41
-21813.3	18
-21804.5	34
-21795.7	32
-21786.9	36
-21778.1	38
-21769.3	33
-21760.5	29
-21751.8	30
-21743	56
-21734.2	43
-21725.5	46
-21716.7	24
-21707.9	37
-21699.2	18
-21690.4	13
-21681.7	31
-21673	38
-21664.2	46
-21655.5	41
-21646.8	28
-21638	35
-21629.3	23
-21620.6	41
-21611.9	40
-21603.2	38
-21594.5	25
-21585.8	47
-21577.1	50
-21568.4	30
-21559.7	43
-21551	42
-21542.3	45
-21533.6	35
-21524.9	43
-21516.3	53
-21507.6	27
-21498.9	42
-21490.3	37
-21481.6	55
-21473	52
-21464.3	24.8932
-21455.7	36.7395
-21447	37.695
-21438.4	1.52083
-21429.7	38.0046
-21421.1	43.2613
-21412.5	36.6349
-21403.9	27.2067
-21395.2	53.6873
-21386.6	44.464
-21378	45.7018
-21369.4	33.7508
-21360.8	33.5535
-21352.2	31.2434
-21343.6	33.3576
-21335	43.8857
-21326.4	33.0212
-21317.8	23.6313
-21309.3	35.2384
-21300.7	38.1295
-21292.1	36.9382
-21283.5	40.2065
-21275	41.6177
-21266.4	35.9146
-21257.8	29.2885
-21249.3	22.5717
-21240.7	22.3565
-21232.2	32.6657
-21223.6	36.2075
-21215.1	12.4889
-21206.6	21.6017
-21198	33.362
-21189.5	34.9111
-21181	32.1371
-21172.4	30.7145
-21163.9	30.9799
-21155.4	23.0496
-21146.9	42.2328
-21138.4	34.5767
-21129.9	26.4585
-21121.4	27.9436
-21112.9	35.6006
-21104.4	38.7084
-21095.9	30.1134
-21087.4	27.2429
-21078.9	28.5304
-21070.5	24.5291
-21062	24.4945
-21053.5	48.8078
-21045	37.0238
-21036.6	34.0839
-21028.1	32.8651
-21019.7	29.9635
-21011.2	35.4454
-21002.8	23.1972
-20994.3	27.1843
-20985.9	30.7078
-20977.4	30.4054
-20969	27.4505
-20960.6	40.0641
-20952.1	26.5889
-20943.7	27.2217
-20935.3	26.3395
-20926.9	26.447
-20918.5	27.8714
-20910.1	34.3327
-20901.7	38.1753
-20893.3	33.9705
-20884.9	25.2085
-20876.5	27.4273
-20868.1	26.6815
-20859.7	29.0097
-20851.3	33.162
-20842.9	20.1874
-20834.5	31.3951
-20826.2	23.7043
-20817.8	20.432
-20809.4	23.6145
-20801.1	21.1206
-20792.7	26.2861
-20784.4	33.7488
-20776	19.3666
-20767.7	22.073
-20759.3	30.8155
-20751	21.712
-20742.6	16.3934
-20734.3	24.8287
-20726	29.9579
-20717.6	30.5152
-20709.3	28.407
-20701	23.9646
-20692.7	28.5286
-20684.4	26.7212
-20676.1	28.54
-20667.8	33.1108
-20659.5	23.1002
-20651.2	28.7016
-20642.9	31.3803
-20634.6	23.2437
-20626.3	20.0923
-20618	35.2091
-20609.7	39.9038
-20601.4	34.2196
-20596.2	38
-20587.9	32
-20579.7	18
-20571.4	38
-20563.1	36
-20554.8	23
-20546.5	8
-20538.3	21
-20530	-3
-20521.7	44
-20513.5	27
-20505.2	12
-20496.9	36
-20488.7	22
-20480.4	32
-20472.2	23
-20464	36
-20455.7	24
-20447.5	21
-20439.2	14
-20431	39
-20422.8	46
-20414.6	12
-20406.4	42
-20398.1	25
-20389.9	43
-20381.7	35
-20373.5	26
-20365.3	33
-20357.1	18
-20348.9	9
-20340.7	51
-20332.6	21
-20324.4	18
-20316.2	43
-20308	18
-20299.8	35
-20291.7	40
-20283.5	33
-20275.4	47
-20267.2	33
-20259	9
-20250.9	48
-20242.7	40
-20234.6	41
-20226.5	22
-20218.3	32
-20210.2	28
-20202.1	46
-20193.9	44
-20185.8	41
-20177.7	14
-20169.6	8
-20161.4	33
-20153.3	44
-20145.2	32
-20137.1	23
-20129	24
-20120.9	22
-20112.8	44
-20104.8	36
-20096.7	51
-20088.6	34
-20080.5	43
-20072.4	32
-20064.4	30
-20056.3	55
-20048.2	25
-20040.2	31
-20032.1	38
-20024	35
-20016	19
-20007.9	38
-19999.9	31
-19991.8	19
-19983.8	47
-19975.8	29
-19967.7	39
-19959.7	21
-19951.7	11
-19943.7	21
-19935.6	32
-19927.6	51
-19919.6	42
-19911.6	25
-19903.6	40
-19895.6	40
-19887.6	39
-19879.6	39
-19871.6	46
-19863.6	34
-19855.6	34
-19847.7	41
-19839.7	43
-19831.7	31
-19823.7	35
-19815.8	31
-19807.8	42
-19799.8	33
-19791.9	39
-19783.9	21
-19776	33
-19768	45
-19760.1	26
-19752.1	35
-19744.2	40
-19736.3	42
-19728.3	28
-19720.4	33
-19712.5	45
-19704.6	28
-19696.6	17
-19688.7	22
-19680.8	38
-19672.9	32
-19665	34
-19657.1	30
-19649.2	29
-19641.3	31
-19633.4	42
-19625.5	45
-19617.6	43
-19609.7	32
-19601.9	35
-19594	33
-19586.1	32
-19578.2	45
-19570.4	38
-19562.5	39
-19554.7	20
-19546.8	46
-19538.9	48
-19531.1	51
-19523.2	39
-19515.4	32
-19507.6	57
-19499.7	34
-19491.9	39
-19484.1	23
-19476.2	46
-19468.4	38
-19460.6	43
-19452.8	47
-19445	43
-19437.1	29
-19429.3	21
-19421.5	37
-19413.7	35
-19405.9	49
-19398.1	36
-19390.3	40
-19382.6	26
-19374.8	43
-19367	52
-19359.2	44
-19351.4	34
-19343.7	15
-19335.9	33
-19328.1	38
-19320.4	36
-19312.6	49
-19304.9	39
-19297.1	30
-19289.3	43
-19281.6	50
-19273.9	22
-19266.1	45
-19258.4	17
-19250.6	33
-19242.9	29
-19235.2	51
-19227.5	34
-19219.7	36
-19212	16
-19204.3	48
-19196.6	39
-19188.9	41
-19181.2	38
-19173.5	36
-19165.8	10
-19158.1	35
-19150.4	28
-19142.7	31
-19135	22
-19127.3	37
-19119.7	45
-19112	34
-19104.3	43
-19096.6	29
-19089	36
-19081.3	40
-19073.6	27
-19066	33
-19058.3	48
-19050.7	18
-19043	32
-19035.4	37
-19027.7	24
-19020.1	30
-19012.5	41
-19004.8	44
-18997.2	32
-18989.6	22
-18981.9	35
-18974.3	46
-18966.7	22
-18959.1	22
-18951.5	37
-18943.9	27
-18936.3	57
-18928.7	35
-18921.1	37
-18913.5	44
-18905.9	29
-18898.3	62
-18890.7	39
-18883.1	26
-18875.5	46
-18868	22
-18860.4	25
-18852.8	41
-18845.2	39
-18837.7	39
-18830.1	45
-18822.6	48
-18815	32
-18807.5	33
-18799.9	7
-18792.4	42
-18784.8	48
-18777.3	42
-18769.7	52
-18762.2	41
-18754.7	41
-18747.1	43
-18739.6	45
-18732.1	56
-18724.6	48
-18717.1	40
-18709.5	43
-18702	34
-18694.5	44
-18687	28
-18679.5	26
-18672	33
-18664.5	51
-18657	40
-18649.6	36
-18642.1	35
-18634.6	24
-18627.1	25
-18619.6	38
-18612.2	46
-18604.7	37
-18597.2	30
-18589.8	52
-18582.3	53
-18574.8	39
-18567.4	54
-18559.9	9
-18552.5	38
-18545	36
-18537.6	49
-18530.2	43
-18522.7	48
-18515.3	47
-18507.8	26
-18500.4	28
-18493	41
-18485.6	30
-18478.2	39
-18470.7	27
-18463.3	42
-18455.9	50
-18448.5	41
-18441.1	27
-18433.7	27
-18426.3	41
-18418.9	43
-18411.5	42
-18404.1	41
-18396.7	55
-18389.4	38
-18382	25
-18374.6	47
-18367.2	34
-18359.9	47
-18352.5	57
-18345.1	26
-18337.8	39
-18330.4	41
-18323	39
-18315.7	40
-18308.3	49
-18301	47
-18293.7	42
-18286.3	57
-18279	34
-18271.6	34
-18264.3	19
-18257	35
-18249.6	46
-18242.3	39
-18235	35
-18227.7	43
-18220.4	51
-18213.1	51
-18205.7	35
-18198.4	37
-18191.1	49
-18183.8	19
-18176.5	55
-18169.2	43
-18162	34
-18154.7	40
-18147.4	51
-18140.1	55
-18132.8	49
-18125.5	35
-18118.3	18
-18111	27
-18103.7	49
-18096.5	46
-18089.2	15
-18081.9	23
-18074.7	35
-18067.4	42
-18060.2	39
-18052.9	47
-18045.7	51
-18038.4	33
-18031.2	5
-18024	55
-18016.7	41
-18009.5	29
-18002.3	38
-17995	40
-17987.8	31
-17980.6	58
-17973.4	34
-17966.2	39
-17959	58
-17951.7	37
-17944.5	49
-17937.3	35
-17930.1	39
-17922.9	53
-17915.8	54
-17908.6	26
-17901.4	43
-17894.2	47
-17887	34
-17879.8	21
-17872.6	37
-17865.5	43
-17858.3	23
-17851.1	35
-17844	22
-17836.8	42
-17829.7	41
-17822.5	51
-17815.3	57
-17808.2	43
-17801	31
-17793.9	32
-17786.8	37
-17779.6	30
-17772.5	49
-17765.3	39
-17758.2	34
-17751.1	34
-17744	33
-17736.8	34
-17729.7	55
-17722.6	49
-17715.5	29
-17708.4	34
-17701.3	29
-17694.2	53
-17687.1	34
-17680	30
-17672.9	25
-17665.8	34
-17658.7	44
-17651.6	45
-17644.5	39
-17637.4	30
-17630.3	29
-17623.3	10
-17616.2	42
-17609.1	41
-17602	35
-17595	32
-17587.9	33
-17580.8	35
-17573.8	46
-17566.7	31
-17559.7	52
-17552.6	46
-17545.6	31
-17538.5	39
-17531.5	35
-17524.5	40
-17517.4	39
-17510.4	47
-17503.4	45
-17496.3	39
-17489.3	30
-17482.3	37
-17475.3	51
-17468.3	54
-17461.2	51
-17454.2	35
-17447.2	14
-17440.2	37
-17433.2	35
-17426.2	43
-17419.2	29
-17412.2	49
-17405.2	44
-17398.2	31
-17391.3	39
-17384.3	40
-17377.3	50
-17370.3	28
-17363.3	23
-17356.4	47
-17349.4	26
-17342.4	27
-17335.5	38
-17328.5	31
-17321.5	23
-17314.6	39
-17307.6	53
-17300.7	39
-17293.7	35
-17286.8	53
-17279.8	35
-17272.9	46
-17266	43
-17259	41
-17252.1	40
-17245.2	57
-17238.2	49
-17231.3	59
-17224.4	38
-17217.5	28
-17210.6	48
-17203.7	42
-17196.7	45
-17189.8	35
-17182.9	38
-17176	38
-17169.1	39
-17162.2	50
-17155.3	41
-17148.4	43
-17141.6	31
-17134.7	35
-17127.8	35
-17120.9	50
-17114	41
-17107.2	37
-17100.3	41
-17093.4	45
-17086.5	51
-17079.7	32
-17072.8	44
-17066	26
-17059.1	52
-17052.3	51
-17045.4	30
-17038.5	56
-17031.7	47
-17024.9	48
-17018	15
-17011.2	35
-17004.3	36
-16997.5	35
-16990.7	26
-16983.9	45
-16977	43
-16970.2	34
-16963.4	37
-16956.6	57
-16949.8	36
-16942.9	47
-16936.1	37
-16929.3	38
-16922.5	38
-16915.7	30
-16908.9	43
-16902.1	36
-16895.3	63
-16888.6	43
-16881.8	43
-16875	17
-16868.2	48
-16861.4	55
-16854.6	31
-16847.9	43
-16841.1	54
-16834.3	54
-16827.6	47
-16820.8	31
-16814	39
-16807.3	53
-16800.5	41
-16793.8	49
-16787	51
-16780.3	41
-16773.5	26
-16766.8	48
-16760	54
-16753.3	37
-16746.6	46
-16739.8	35
-16733.1	20
-16726.4	57
-16719.6	44
-16712.9	39
-16706.2	37
-16699.5	40
-16692.8	54
-16686.1	54
-16679.3	31
-16672.6	50
-16665.9	50
-16659.2	25
-16652.5	49
-16645.8	53
-16639.1	25
-16632.4	43
-16625.8	52
-16619.1	44
-16612.4	52
-16605.7	48
-16599	53
-16592.4	22
-16585.7	30
-16579	48
-16572.3	36
-16565.7	32
-16559	27
-16552.3	35
-16545.7	42
-16539	44
-16532.4	52
-16525.7	51
-16519.1	31
-16512.4	33
-16505.8	40
-16499.2	36
-16492.5	55
-16485.9	53
-16479.2	42
-16472.6	46
-16466	36
-16459.4	55
-16452.7	34
-16446.1	29
-16439.5	17
-16432.9	42
-16426.3	29
-16419.7	41
-16413.1	44
-16406.5	24
-16399.8	33
-16393.2	24
-16386.7	44
-16380.1	34
-16373.5	44
-16366.9	34
-16360.3	36
-16353.7	40
-16347.1	53
-16340.5	46
-16334	33
-16327.4	30
-16320.8	30
-16314.2	58
-16307.7	43
-16301.1	46
-16294.6	49
-16288	47
-16281.4	35
-16274.9	43
-16268.3	45
-16261.8	50
-16255.2	35
-16248.7	39
-16242.1	43
-16235.6	32
-16229.1	43
-16222.5	21
-16216	45
-16209.5	51
-16202.9	44
-16196.4	41
-16189.9	26
-16183.4	28
-16176.9	31
-16170.3	52
-16163.8	42
-16157.3	23
-16150.8	56
-16144.3	51
-16137.8	26
-16131.3	33
-16124.8	45
-16118.3	42
-16111.8	31
-16105.3	25
-16098.8	26
-16092.3	40
-16085.9	39
-16079.4	37
-16072.9	50
-16066.4	39
-16060	38
-16053.5	35
-16047	22
-16040.6	11
-16034.1	53
-16027.6	41
-16021.2	37
-16014.7	43
-16008.3	35
-16001.8	42
-15995.4	38
-15988.9	26
-15982.5	41
-15976	31
-15969.6	37
-15963.1	39
-15956.7	23
-15950.3	48
-15943.9	25
-15937.4	52
-15931	37
-15924.6	43
-15918.2	48
-15911.7	34
-15905.3	26
-15898.9	46
-15892.5	37
-15886.1	36
-15879.7	37
-15873.3	25
-15866.9	53
-15860.5	28
-15854.1	34
-15847.7	50
-15841.3	36
-15834.9	18
-15828.5	56
-15822.2	37
-15815.8	35
-15809.4	30
-15803	37
-15796.6	32
-15790.3	54
-15783.9	45
-15777.5	39
-15771.2	24
-15764.8	22
-15758.4	49
-15752.1	40
-15745.7	49
-15739.4	32
-15733	27
-15726.7	22
-15720.3	38
-15714	36
-15707.7	52
-15701.3	23
-15695	51
-15688.6	41
-15682.3	34
-15676	46
-15669.7	49
-15663.3	35
-15657	32
-15650.7	23
-15644.4	39
-15638.1	52
-15631.8	13
-15625.4	28
-15619.1	37
-15612.8	27
-15606.5	44
-15600.2	26
-15593.9	20
-15587.6	44
-15581.3	29
-15575	44
-15568.8	33
-15562.5	62
-15556.2	52
-15549.9	38
-15543.6	34
-15537.3	54
-15531.1	31
-15524.8	34
-15518.5	41
-15512.3	37
-15506	47
-15499.7	31
-15493.5	25
-15487.2	40
-15481	26
-15474.7	37
-15468.5	43
-15462.2	40
-15456	16
-15449.7	39
-15443.5	32
-15437.2	47
-15431	50
-15424.8	32
-15418.5	59
-15412.3	48
-15406.1	31
-15399.8	17
-15393.6	30
-15387.4	35
-15381.2	32
-15375	33
-15368.7	34
-15362.5	53
-15356.3	43
-15350.1	36
-15343.9	38
-15337.7	39
-15331.5	44
-15325.3	29
-15319.1	22
-15312.9	39
-15306.7	43
-15300.5	44
-15294.4	22
-15288.2	19
-15282	31
-15275.8	57
-15269.6	40
-15263.5	29
-15257.3	17
-15251.1	27
-15244.9	30
-15238.8	44
-15232.6	50
-15226.5	26
-15220.3	29
-15214.1	37
-15208	40
-15201.8	55
-15195.7	47
-15189.5	28
-15183.4	14
-15177.2	32
-15171.1	29
-15165	29
-15158.8	38
-15152.7	23
-15146.6	28
-15140.4	48
-15134.3	44
-15128.2	41
-15122	19
-15115.9	36
-15109.8	28
-15103.7	46
-15097.6	42
-15091.5	31
-15085.4	30
-15079.2	24
-15073.1	33
-15067	57
-15060.9	45
-15054.8	35
-15048.7	18
-15042.7	24
-15036.6	34
-15030.5	56
-15024.4	53
-15018.3	37
-15012.2	38
-15006.1	37
-15000.1	32
-14994	42
-14987.9	36
-14981.8	39
-14975.8	46
-14969.7	30
-14963.6	41
-14957.6	32
-14951.5	31
-14945.5	37
-14939.4	49
-14933.3	24
-14927.3	34
-14921.2	29
-14915.2	52
-14909.1	50
-14903.1	46
-14897.1	37
-14891	46
-14885	12
-14879	41
-14872.9	43
-14866.9	38
-14860.9	39
-14854.8	30
-14848.8	24
-14842.8	31
-14836.8	29
-14830.8	33
-14824.8	45
-14818.7	14
-14812.7	23
-14806.7	33.8922
-14800.7	19.9603
-14794.7	43.5081
-14788.7	42.1568
-14782.7	37.7761
-14776.7	41.4697
-14770.7	34.7797
-14764.7	44.0884
-14758.7	34.3319
-14752.8	17.6303
-14746.8	36.709
-14740.8	11.1329
-14734.8	44.7737
-14728.8	20.3221
-14722.8	32.5931
-14716.9	48.7451
-14710.9	43.1762
-14704.9	25.0547
-14699	43.1917
-14693	30.9569
-14687	18.7107
-14681.1	40.4513
-14675.1	35.7217
-14669.2	29.4471
-14663.2	33.0721
-14657.2	20.7187
-14651.3	29.2077
-14645.3	39.5474
-14639.4	32.197
-14633.5	35.0588
-14627.5	33.478
-14621.6	30.412
-14615.6	34.1961
-14609.7	25.2826
-14603.8	31.9803
-14597.8	29.3646
-14591.9	13.627
-14586	30.0812
-14580	37.5315
-14574.1	36.2433
-14568.2	42.1384
-14562.3	23.8243
-14556.4	21.8412
-14550.5	28.5235
-14544.5	27.8625
-14538.6	24.7466
-14532.7	15.0854
-14526.8	14.2706
-14520.9	22.3424
-14515	32.5193
-14509.1	30.5834
-14503.2	26.1606
-14497.3	24.9703
-14491.4	20.9792
-14485.5	25.7347
-14479.6	27.7184
-14473.8	40.1284
-14467.9	32.0282
-14462	30.372
-14456.1	22.8594
-14450.2	24.1882
-14444.4	29.9648
-14438.5	22.8346
-14432.6	24.5608
-14426.7	35.4477
-14420.9	35.4062
-14415	27.8613
-14409.2	29.6215
-14403.3	31.7968
-14397.4	27.6728
-14391.6	19.8676
-14385.7	17.7844
-14379.9	24.9989
-14374	20.5169
-14368.2	35.9947
-14362.3	27.4931
-14356.5	28.8362
-14350.6	23.4056
-14344.8	19.3748
-14339	31.4081
-14333.1	17.5402
-14327.3	22.2212
-14321.5	36.4919
-14315.6	39.7287
-14309.8	32.9384
-14304	31.0691
-14298.2	30.0546
-14292.3	24.9373
-14286.5	32.0211
-14280.7	23.5196
-14274.9	24.7002
-14269.1	24.2979
-14263.3	18.4576
-14257.4	25.8742
-14251.6	9.64643
-14245.8	4.1988
-14240	16.516
-14234.2	24.4603
-14228.4	26.3382
-14222.6	22.9168
-14216.8	30.1963
-14211.1	19.1448
-14207	17
-14201.2	20
-14195.4	23
-14189.6	31
-14183.8	40
-14178	38
-14172.2	28
-14166.4	9
-14160.6	21
-14154.8	30
-14149	31
-14143.2	36
-14137.4	14
-14131.6	22
-14125.9	53
-14120.1	31
-14114.3	40
-14108.5	37
-14102.8	31
-14097	28
-14091.2	27
-14085.5	30
-14079.7	24
-14073.9	21
-14068.2	28
-14062.4	41
-14056.7	43
-14050.9	22
-14045.2	20
-14039.4	14
-14033.7	28
-14027.9	25
-14022.2	29
-14016.5	38
-14010.7	19
-14005	30
-13999.2	30
-13993.5	34
-13987.8	25
-13982.1	19
-13976.3	43
-13970.6	31
-13964.9	25
-13959.2	42
-13953.4	19
-13947.7	17
-13942	37
-13936.3	34
-13930.6	45
-13924.9	17
-13919.2	50
-13913.5	34
-13907.8	37
-13902.1	22
-13896.4	40
-13890.7	41
-13885	37
-13879.3	24
-13873.6	43
-13867.9	38
-13862.2	32
-13856.5	22
-13850.9	26
-13845.2	37
-13839.5	25
-13833.8	30
-13828.2	23
-13822.5	35
-13816.8	32
-13811.2	54
-13805.5	39
-13799.8	27
-13794.2	3
-13788.5	28
-13782.8	35
-13777.2	27
-13771.5	29
-13765.9	35
-13760.2	28
-13754.6	47
-13748.9	37
-13743.3	44
-13737.7	31
-13732	26
-13726.4	43
-13720.7	54
-13715.1	32
-13709.5	11
-13703.8	41
-13698.2	41
-13692.6	45
-13687	34
-13681.3	35
-13675.7	16
-13670.1	18
-13664.5	44
-13658.9	19
-13653.3	31
-13647.7	34
-13642.1	35
-13636.4	36
-13630.8	37
-13625.2	37
-13619.6	43
-13614	35
-13608.4	20
-13602.9	44
-13597.3	46
-13591.7	45
-13586.1	27
-13580.5	32
-13574.9	30
-13569.3	29
-13563.7	32
-13558.2	33
-13552.6	26
-13547	43
-13541.4	36
-13535.9	28
-13530.3	46
-13524.7	41
-13519.2	35
-13513.6	52
-13508	40
-13502.5	49
-13496.9	28
-13491.4	21
-13485.8	26
-13480.3	40
-13474.7	42
-13469.2	38
-13463.6	20
-13458.1	49
-13452.5	28
-13447	45
-13441.5	43
-13435.9	56
-13430.4	24
-13424.9	12
-13419.3	38
-13413.8	37
-13408.3	26
-13402.8	26
-13397.2	48
-13391.7	25
-13386.2	34
-13380.7	41
-13375.2	43
-13369.7	22
-13364.1	44
-13358.6	55
-13353.1	48
-13347.6	39
-13342.1	43
-13336.6	48
-13331.1	49
-13325.6	38
-13320.1	57
-13314.6	19
-13309.1	30
-13303.7	60
-13298.2	53
-13292.7	30
-13287.2	37
-13281.7	31
-13276.2	50
-13270.8	40
-13265.3	27
-13259.8	50
-13254.3	33
-13248.9	47
-13243.4	34
-13237.9	55
-13232.5	37
-13227	40
-13221.5	31
-13216.1	19
-13210.6	41
-13205.2	46
-13199.7	38
-13194.3	49
-13188.8	23
-13183.4	38
-13177.9	57
-13172.5	19
-13167	42
-13161.6	29
-13156.2	15
-13150.7	38
-13145.3	39
-13139.8	39
-13134.4	42
-13129	31
-13123.6	31
-13118.1	61
-13112.7	45
-13107.3	41
-13101.9	23
-13096.5	17
-13091	42
-13085.6	62
-13080.2	22
-13074.8	31
-13069.4	30
-13064	35
-13058.6	39
-13053.2	43
-13047.8	47
-13042.4	23
-13037	11
-13031.6	43
-13026.2	49
-13020.8	27
-13015.4	35
-13010	31
-13004.6	47
-12999.3	52
-12993.9	37
-12988.5	41
-12983.1	37
-12977.7	39
-12972.4	36
-12967	34
-12961.6	28
-12956.2	18
-12950.9	27
-12945.5	46
-12940.1	35
-12934.8	42
-12929.4	43
-12924.1	39
-12918.7	35
-12913.4	55
-12908	33
-12902.6	43
-12897.3	42
-12892	41
-12886.6	47
-12881.3	44
-12875.9	49
-12870.6	45
-12865.2	42
-12859.9	29
-12854.6	50
-12849.2	44
-12843.9	52
-12838.6	33
-12833.3	26
-12827.9	45
-12822.6	30
-12817.3	34
-12812	50
-12806.6	31
-12801.3	26
-12796	51
-12790.7	49
-12785.4	47
-12780.1	35
-12774.8	35
-12769.5	55
-12764.2	52
-12758.9	35
-12753.6	41
-12748.3	33
-12743	47
-12737.7	60
-12732.4	45
-12727.1	50
-12721.8	44
-12716.5	49
-12711.2	42
-12706	48
-12700.7	51
-12695.4	48
-12690.1	38
-12684.8	47
-12679.6	46
-12674.3	41
-12669	42
-12663.7	47
-12658.5	37
-12653.2	51
-12647.9	28
-12642.7	31
-12637.4	33
-12632.2	42
-12626.9	35
-12621.7	46
-12616.4	27
-12611.2	54
-12605.9	31
-12600.7	35
-12595.4	47
-12590.2	47
-12584.9	37
-12579.7	45
-12574.4	45
-12569.2	59
-12564	41
-12558.7	48
-12553.5	46
-12548.3	30
-12543.1	35
-12537.8	54
-12532.6	52
-12527.4	45
-12522.2	41
-12516.9	25
-12511.7	23
-12506.5	52
-12501.3	58
-12496.1	34
-12490.9	22
-12485.7	27
-12480.5	54
-12475.2	59
-12470	53
-12464.8	29
-12459.6	37
-12454.4	41
-12449.2	47
-12444.1	38
-12438.9	42
-12433.7	52
-12428.5	36
-12423.3	47
-12418.1	53
-12412.9	21
-12407.7	36
-12402.6	54
-12397.4	45
-12392.2	26
-12387	32
-12381.9	50
-12376.7	41
-12371.5	38
-12366.3	43
-12361.2	42
-12356	37
-12350.9	48
-12345.7	61
-12340.5	39
-12335.4	53
-12330.2	40
-12325.1	52
-12319.9	52
-12314.8	25
-12309.6	38
-12304.5	46
-12299.3	38
-12294.2	48
-12289	52
-12283.9	31
-12278.8	37
-12273.6	45
-12268.5	28
-12263.4	16
-12258.2	57
-12253.1	42
-12248	40
-12242.8	48
-12237.7	24
-12232.6	44
-12227.5	41
-12222.3	62
-12217.2	54
-12212.1	40
-12207	54
-12201.9	34
-12196.8	65
-12191.7	25
-12186.6	36
-12181.5	41
-12176.3	17
-12171.2	58
-12166.1	46
-12161	30
-12155.9	32
-12150.9	26
-12145.8	39
-12140.7	45
-12135.6	51
-12130.5	54
-12125.4	29
-12120.3	23
-12115.2	50
-12110.2	45
-12105.1	41
-12100	50
-12094.9	35
-12089.8	43
-12084.8	42
-12079.7	40
-12074.6	53
-12069.6	47
-12064.5	11
-12059.4	25
-12054.4	24
-12049.3	48
-12044.2	49
-12039.2	47
-12034.1	58
-12029.1	42
-12024	30
-12019	54
-12013.9	43
-12008.9	39
-12003.8	51
-11998.8	39
-11993.7	45
-11988.7	43
-11983.7	41
-11978.6	41
-11973.6	55
-11968.5	32
-11963.5	41
-11958.5	46
-11953.5	32
-11948.4	43
-11943.4	40
-11938.4	24
-11933.4	43
-11928.3	28
-11923.3	25
-11918.3	60
-11913.3	34
-11908.3	67
-11903.3	26
-11898.2	14
-11893.2	38
-11888.2	47
-11883.2	25
-11878.2	47
-11873.2	41
-11868.2	43
-11863.2	51
-11858.2	38
-11853.2	47
-11848.2	30
-11843.2	35
-11838.2	33
-11833.2	37
-11828.3	51
-11823.3	31
-11818.3	39
-11813.3	30
-11808.3	32
-11803.3	25
-11798.4	45
-11793.4	37
-11788.4	15
-11783.4	46
-11778.5	26
-11773.5	60
-11768.5	26
-11763.6	21
-11758.6	45
-11753.6	47
-11748.7	36
-11743.7	31
-11738.8	38
-11733.8	18
-11728.9	45
-11723.9	40
-11719	39
-11714	29
-11709.1	13
-11704.1	30
-11699.2	40
-11694.2	49
-11689.3	44
-11684.3	46
-11679.4	41
-11674.5	40
-11669.5	28
-11664.6	44
-11659.7	39
-11654.7	20
-11649.8	42
-11644.9	42
-11640	42
-11635	49
-11630.1	30
-11625.2	29
-11620.3	33
-11615.3	37
-11610.4	62
-11605.5	55
-11600.6	30
-11595.7	18
-11590.8	26
-11585.9	43
-11581	37
-11576.1	41
-11571.2	51
-11566.3	39
-11561.4	37
-11556.5	54
-11551.6	12
-11546.7	23
-11541.8	29
-11536.9	50
-11532	41
-11527.1	36
-11522.2	31
-11517.3	44
-11512.5	47
-11507.6	16
-11502.7	36
-11497.8	33
-11492.9	28
-11488.1	47
-11483.2	42
-11478.3	30
-11473.5	8
-11468.6	40
-11463.7	59
-11458.9	49
-11454	43
-11449.1	42
-11444.3	40
-11439.4	21
-11434.5	40
-11429.7	37
-11424.8	33
-11420	42
-11415.1	30
-11410.3	46
-11405.4	36
-11400.6	28
-11395.7	31
-11390.9	37
-11386.1	35
-11381.2	20
-11376.4	36
-11371.5	33
-11366.7	28
-11361.9	49
-11357	34
-11352.2	54
-11347.4	36
-11342.6	26
-11337.7	46
-11332.9	33
-11328.1	41
-11323.3	38
-11318.4	51
-11313.6	41
-11308.8	44
-11304	36
-11299.2	37
-11294.4	33
-11289.6	42
-11284.8	42
-11279.9	12
-11275.1	48
-11270.3	42
-11265.5	41
-11260.7	47
-11255.9	26
-11251.1	32
-11246.3	45
-11241.5	34
-11236.8	55
-11232	39
-11227.2	26
-11222.4	44
-11217.6	39
-11212.8	25
-11208	15
-11203.2	33
-11198.5	36
-11193.7	27
-11188.9	46
-11184.1	37
-11179.4	32
-11174.6	34
-11169.8	21
-11165	47
-11160.3	46
-11155.5	28
-11150.7	11
-11146	42
-11141.2	53
-11136.5	43
-11131.7	40
-11126.9	33
-11122.2	35
-11117.4	48
-11112.7	47
-11107.9	44
-11103.2	36
-11098.4	21
-11093.7	46
-11088.9	35
-11084.2	60
-11079.5	30
-11074.7	20
-11070	51
-11065.2	35
-11060.5	24
-11055.8	47
-11051	42
-11046.3	27
-11041.6	31
-11036.9	38
-11032.1	43
-11027.4	49
-11022.7	39
-11018	11
-11013.2	19
-11008.5	45
-11003.8	44
-10999.1	27
-10994.4	33
-10989.7	29
-10985	32
-10980.2	38
-10975.5	35
-10970.8	44
-10966.1	40
-10961.4	30
-10956.7	39
-10952	39
-10947.3	26
-10942.6	16
-10937.9	39
-10933.2	43
-10928.5	27
-10923.8	37
-10919.2	38
-10914.5	43
-10909.8	25
-10905.1	25
-10900.4	44
-10895.7	43
-10891.1	11
-10886.4	34
-10881.7	28
-10877	40
-10872.3	41
-10867.7	43
-10863	29
-10858.3	30
-10853.7	48
-10849	44
-10844.3	43
-10839.7	24
-10835	35
-10830.3	38
-10825.7	28
-10821	25
-10816.4	42
-10811.7	19
-10807.1	35
-10802.4	44
-10797.8	20
-10793.1	37
-10788.5	29
-10783.8	53
-10779.2	40
-10774.5	56
-10769.9	24
-10765.2	28
-10760.6	30
-10756	52
-10751.3	28
-10746.7	38
-10742.1	42
-10737.4	27
-10732.8	12
-10728.2	18
-10723.5	35
-10718.9	9
-10714.3	7
-10709.7	36
-10705.1	25
-10700.4	29
-10695.8	48
-10691.2	29
-10686.6	34
-10682	26
-10677.4	46
-10672.8	30
-10668.1	42
-10663.5	43
-10658.9	41
-10654.3	51
-10649.7	39
-10645.1	35
-10640.5	33
-10635.9	12
-10631.3	45
-10626.7	39
-10622.1	27
-10617.5	22
-10613	22
-10608.4	24
-10603.8	31
-10599.2	45
-10594.6	31
-10590	31
-10585.4	24
-10580.9	49
-10576.3	28
-10571.7	43
-10567.1	39
-10562.5	18
-10558	44
-10553.4	38
-10548.8	35
-10544.3	49
-10539.7	33
-10535.1	20
-10530.6	57
-10526	53
-10521.4	28
-10516.9	36
-10512.3	30
-10507.8	40
-10503.2	10
-10498.6	24
-10494.1	56
-10489.5	55
-10485	42
-10480.4	45
-10475.9	44
-10471.3	32
-10466.8	33
-10462.3	33
-10457.7	60
-10453.2	30
-10448.6	22
-10444.1	42
-10439.6	24
-10435	36
-10430.5	35
-10426	39
-10421.4	55
-10416.9	22
-10412.4	48
-10407.9	35
-10403.3	29
-10398.8	45
-10394.3	35
-10389.8	30
-10385.2	25
-10380.7	50
-10376.2	40
-10371.7	45
-10367.2	23
-10362.7	18
-10358.2	47
-10353.7	36
-10349.1	40
-10344.6	37
-10340.1	29
-10335.6	25
-10331.1	26
-10326.6	44
-10322.1	40
-10317.6	30
-10313.1	20
-10308.6	23
-10304.2	40
-10299.7	30
-10295.2	35
-10290.7	36
-10286.2	39
-10281.7	46
-10277.2	41
-10272.7	39
-10268.3	26
-10263.8	49
-10259.3	33
-10254.8	32
-10250.3	45
-10245.9	21
-10241.4	34
-10236.9	34
-10232.5	16
-10228	18
-10223.5	38
-10219.1	47
-10214.6	39
-10210.1	24
-10205.7	41
-10201.2	37
-10196.7	19
-10192.3	35
-10187.8	26
-10183.4	38
-10178.9	30
-10174.5	39
-10170	23
-10165.6	55
-10161.1	37
-10156.7	33
-10152.2	31
-10147.8	31
-10143.3	29
-10138.9	20
-10134.5	38
-10130	31
-10125.6	47
-10121.2	24
-10116.7	30
-10112.3	17
-10107.9	33
-10103.4	33
-10099	32
-10094.6	29
-10090.1	36
-10085.7	46
-10081.3	42
-10076.9	30
-10072.5	42
-10068	38
-10063.6	37
-10059.2	49
-10054.8	43
-10050.4	33
-10046	27.0049
-10041.6	32.1025
-10037.2	34.006
-10032.7	13.471
-10028.3	31.14
-10023.9	20.8888
-10019.5	25.497
-10015.1	31.6425
-10010.7	37.5101
-10006.3	43.8612
-10001.9	30.4403
-9997.53	30.2336
-9993.14	32.4227
-9988.75	39.7141
-9984.35	34.9351
-9979.96	27.3544
-9975.57	43.7327
-9971.18	28.3901
-9966.8	40.1065
-9962.41	41.8583
-9958.03	43.1175
-9953.64	32.4066
-9949.26	35.1002
-9944.88	31.9864
-9940.51	28.0754
-9936.13	34.7051
-9931.75	37.967
-9927.38	38.4441
-9923.01	31.968
-9918.63	23.3939
-9914.26	33.0832
-9909.89	35.1721
-9905.53	25.1144
-9901.16	18.5968
-9896.8	42.7018
-9892.43	32.2036
-9888.07	27.302
-9883.71	38.2611
-9879.35	23.5236
-9874.99	27.6349
-9870.63	35.9649
-9866.28	39.655
-9861.92	23.5298
-9857.57	26.9251
-9853.22	16.4634
-9848.87	34.8501
-9844.52	31.9002
-9840.17	38.7008
-9835.83	23.8286
-9831.48	44.9142
-9827.14	26.9346
-9822.8	26.3177
-9818.46	27.6167
-9814.12	8.80574
-9809.78	13.8748
-9805.45	28.483
-9801.11	22.1211
-9796.78	29.8942
-9792.45	25.2418
-9788.12	24.0896
-9783.79	21.1707
-9779.46	32.5644
-9775.13	22.9525
-9770.8	21.0376
-9766.48	28.5789
-9762.16	25.41
-9757.83	24.4908
-9753.51	29.0464
-9749.2	32.5431
-9744.88	34.2989
-9740.56	38.349
-9736.25	32.7236
-9731.93	37.9433
-9727.62	32.7711
-9723.31	9.13403
-9719	22.1252
-9714.69	35.7723
-9710.39	25.678
-9706.08	20.655
-9701.78	25.3929
-9697.47	28.9297
-9693.17	30.6575
-9688.87	26.2263
-9684.57	21.4276
-9680.27	22.2102
-9675.98	15.5098
-9671.68	21.7186
-9667.39	28.6316
-9663.1	18.1516
-9658.81	16.2995
-9654.52	21.2603
-9650.23	32.5326
-9645.94	28.0311
-9641.66	20.5313
-9637.37	32.8756
-9633.09	22.0501
-9628.81	7.69945
-9624.53	19.3465
-9620.25	31.1968
-9615.97	19.705
-9611.69	8.79893
-9609.4	6
-9605.11	2
-9600.83	21
-9596.54	25
-9592.25	37
-9587.97	27
-9583.69	11
-9579.41	22
-9575.13	28
-9570.85	26
-9566.58	31
-9562.3	19
-9558.03	23
-9553.75	10
-9549.48	29
-9545.21	29
-9540.95	59
-9536.68	37
-9532.41	25
-9528.15	30
-9523.88	24
-9519.62	33
-9515.36	18
-9511.1	26
-9506.84	25
-9502.59	16
-9498.33	36
-9494.08	41
-9489.83	25
-9485.57	28
-9481.32	24
-9477.07	18
-9472.83	30
-9468.58	24
-9464.33	42
-9460.09	34
-9455.85	21
-9451.61	29
-9447.37	18
-9443.13	23
-9438.89	47
-9434.66	34
-9430.42	34
-9426.19	35
-9421.95	23
-9417.72	25
-9413.5	39
-9409.27	25
-9405.04	33
-9400.81	43
-9396.59	26
-9392.37	31
-9388.14	30
-9383.92	48
-9379.71	33
-9375.49	19
-9371.27	35
-9367.05	51
-9362.84	38
-9358.63	44
-9354.42	31
-9350.21	9
-9346	53
-9341.79	35
-9337.58	26
-9333.38	27
-9329.17	46
-9324.97	24
-9320.77	15
-9316.57	29
-9312.37	35
-9308.17	43
-9303.98	32
-9299.78	29
-9295.59	26
-9291.4	49
-9287.21	45
-9283.02	30
-9278.83	24
-9274.64	33
-9270.46	42
-9266.27	48
-9262.09	39
-9257.91	36
-9253.72	34
-9249.54	23
-9245.37	32
-9241.19	29
-9237.01	46
-9232.84	17
-9228.67	47
-9224.49	40
-9220.32	48
-9216.15	35
-9211.99	50
-9207.82	37
-9203.65	46
-9199.49	10
-9195.33	39
-9191.17	27
-9187	14
-9182.85	51
-9178.69	47
-9174.53	23
-9170.37	45
-9166.22	33
-9162.07	17
-9157.92	43
-9153.77	47
-9149.62	40
-9145.47	42
-9141.32	18
-9137.18	25
-9133.03	29
-9128.89	34
-9124.75	27
-9120.61	37
-9116.47	34
-9112.33	42
-9108.19	43
-9104.06	37
-9099.92	50
-9095.79	-1
-9091.66	55
-9087.53	43
-9083.4	34
-9079.27	37
-9075.14	33
-9071.02	37
-9066.9	37
-9062.77	25
-9058.65	46
-9054.53	38
-9050.41	30
-9046.29	54
-9042.18	32
-9038.06	31
-9033.95	33
-9029.83	23
-9025.72	39
-9021.61	46
-9017.5	45
-9013.4	32
-9009.29	27
-9005.18	47
-9001.08	49
-8996.98	38
-8992.87	62
-8988.77	29
-8984.67	25
-8980.58	24
-8976.48	31
-8972.38	31
-8968.29	48
-8964.2	44
-8960.1	40
-8956.01	43
-8951.92	49
-8947.83	50
-8943.75	24
-8939.66	24
-8935.58	27
-8931.49	36
-8927.41	41
-8923.33	40
-8919.25	34
-8915.17	45
-8911.1	42
-8907.02	30
-8902.95	42
-8898.87	35
-8894.8	32
-8890.73	37
-8886.66	49
-8882.59	17
-8878.52	35
-8874.46	48
-8870.39	44
-8866.33	20
-8862.27	42
-8858.2	25
-8854.14	32
-8850.09	42
-8846.03	34
-8841.97	27
-8837.92	46
-8833.86	44
-8829.81	41
-8825.76	47
-8821.71	29
-8817.66	27
-8813.61	48
-8809.56	34
-8805.52	17
-8801.48	32
-8797.43	49
-8793.39	46
-8789.35	41
-8785.31	38
-8781.27	34
-8777.23	48
-8773.2	45
-8769.17	34
-8765.13	31
-8761.1	19
-8757.07	44
-8753.04	44
-8749.01	27
-8744.98	37
-8740.96	37
-8736.93	26
-8732.91	46
-8728.88	49
-8724.86	56
-8720.84	44
-8716.82	37
-8712.8	27
-8708.79	44
-8704.77	32
-8700.76	50
-8696.75	40
-8692.74	31
-8688.72	58
-8684.71	68
-8680.71	43
-8676.7	44
-8672.7	29
-8668.69	21
-8664.69	40
-8660.68	35
-8656.68	50
-8652.68	30
-8648.69	30
-8644.69	40
-8640.69	39
-8636.7	65
-8632.7	48
-8628.71	31
-8624.72	36
-8620.73	39
-8616.74	54
-8612.75	46
-8608.76	51
-8604.78	44
-8600.79	35
-8596.81	35
-8592.83	27
-8588.85	29
-8584.87	50
-8580.89	53
-8576.91	39
-8572.94	57
-8568.96	52
-8564.99	41
-8561.02	22
-8557.04	49
-8553.07	30
-8549.1	40
-8545.14	34
-8541.17	19
-8537.21	26
-8533.24	45
-8529.28	54
-8525.32	37
-8521.35	27
-8517.4	41
-8513.44	18
-8509.48	35
-8505.52	56
-8501.57	33
-8497.62	58
-8493.66	33
-8489.71	37
-8485.76	48
-8481.81	26
-8477.87	29
-8473.92	52
-8469.97	46
-8466.03	40
-8462.08	33
-8458.14	24
-8454.2	62
-8450.26	37
-8446.32	28
-8442.39	58
-8438.45	32
-8434.51	37
-8430.58	44
-8426.65	20
-8422.72	35
-8418.79	46
-8414.86	56
-8410.93	54
-8407	38
-8403.08	55
-8399.15	45
-8395.23	24
-8391.3	27
-8387.38	39
-8383.46	55
-8379.54	22
-8375.63	30
-8371.71	33
-8367.8	57
-8363.88	47
-8359.97	31
-8356.06	43
-8352.15	34
-8348.24	34
-8344.33	49
-8340.42	27
-8336.51	41
-8332.61	25
-8328.71	55
-8324.8	46
-8320.9	43
-8317	56
-8313.1	44
-8309.21	37
-8305.31	43
-8301.41	41
-8297.52	44
-8293.63	34
-8289.73	30
-8285.84	33
-8281.95	44
-8278.06	50
-8274.17	57
-8270.29	41
-8266.4	38
-8262.52	42
-8258.64	41
-8254.75	34
-8250.87	48
-8246.99	43
-8243.11	47
-8239.24	24
-8235.36	41
-8231.49	44
-8227.61	49
-8223.74	33
-8219.87	8
-8216	34
-8212.13	62
-8208.26	62
-8204.39	24
-8200.52	38
-8196.66	17
-8192.8	31
-8188.93	51
-8185.07	50
-8181.21	27
-8177.35	32
-8173.49	35
-8169.64	27
-8165.78	33
-8161.93	17
-8158.07	38
-8154.22	27
-8150.37	41
-8146.52	20
-8142.67	42
-8138.82	55
-8134.97	39
-8131.13	44
-8127.28	32
-8123.44	33
-8119.6	45
-8115.76	27
-8111.92	24
-8108.08	44
-8104.24	38
-8100.4	32
-8096.57	39
-8092.73	24
-8088.9	42
-8085.07	35
-8081.24	70
-8077.41	33
-8073.58	34
-8069.75	41
-8065.92	39
-8062.1	29
-8058.27	50
-8054.45	49
-8050.63	44
-8046.81	37
-8042.99	52
-8039.17	49
-8035.35	26
-8031.53	32
-8027.72	34
-8023.9	42
-8020.09	54
-8016.27	43
-8012.46	52
-8008.66	41
-8004.85	53
-8001.04	39
-7997.23	41
-7993.42	48
-7989.62	30
-7985.82	40
-7982.02	45
-7978.21	32
-7974.42	44
-7970.62	29
-7966.82	38
-7963.02	36
-7959.23	42
-7955.43	42
-7951.64	24
-7947.85	23
-7944.05	40
-7940.26	35
-7936.48	41
-7932.69	38
-7928.9	41
-7925.11	44
-7921.33	45
-7917.55	16
-7913.76	35
-7909.98	34
-7906.2	14
-7902.42	62
-7898.64	38
-7894.87	29
-7891.09	39
-7887.32	47
-7883.55	37
-7879.77	59
-7876	48
-7872.23	31
-7868.46	51
-7864.69	22
-7860.93	41
-7857.16	44
-7853.39	61
-7849.63	45
-7845.87	25
-7842.11	30
-7838.35	28
-7834.59	34
-7830.83	28
-7827.07	44
-7823.31	29
-7819.56	42
-7815.81	23
-7812.05	32
-7808.3	34
-7804.55	38
-7800.8	35
-7797.05	51
-7793.31	36
-7789.56	45
-7785.81	27
-7782.07	53
-7778.33	49
-7774.58	48
-7770.84	52
-7767.1	19
-7763.36	6
-7759.63	36
-7755.89	50
-7752.15	64
-7748.42	45
-7744.69	31
-7740.95	44
-7737.22	53
-7733.49	20
-7729.76	46
-7726.03	47
-7722.31	34
-7718.58	56
-7714.86	54
-7711.13	33
-7707.41	33
-7703.69	27
-7699.97	22
-7696.25	47
-7692.53	40
-7688.81	46
-7685.1	29
-7681.38	25
-7677.67	47
-7673.96	46
-7670.24	49
-7666.53	50
-7662.82	38
-7659.11	27
-7655.41	35
-7651.7	20
-7647.99	41
-7644.29	33
-7640.59	33
-7636.88	37
-7633.18	42
-7629.48	44
-7625.78	42
-7622.08	50
-7618.39	24
-7614.69	53
-7611	56
-7607.3	47
-7603.61	37
-7599.92	26
-7596.23	30
-7592.54	44
-7588.85	43
-7585.16	46
-7581.47	55
-7577.79	29
-7574.1	26
-7570.42	21
-7566.74	41
-7563.06	41
-7559.38	38
-7555.7	47
-7552.02	32
-7548.34	22
-7544.67	40
-7540.99	39
-7537.32	31
-7533.65	56
-7529.98	45
-7526.3	44
-7522.63	55
-7518.97	33
-7515.3	50
-7511.63	34
-7507.97	30
-7504.3	55
-7500.64	36
-7496.98	33
-7493.32	43
-7489.66	57
-7486	39
-7482.34	36
-7478.68	20
-7475.03	25
-7471.37	42
-7467.72	43
-7464.06	48
-7460.41	40
-7456.76	22
-7453.11	35
-7449.46	33
-7445.82	48
-7442.17	40
-7438.52	43
-7434.88	45
-7431.24	30
-7427.59	36
-7423.95	38
-7420.31	37
-7416.67	48
-7413.04	39
-7409.4	34
-7405.76	29
-7402.13	36
-7398.49	50
-7394.86	45
-7391.23	41
-7387.6	32
-7383.97	30
-7380.34	9
-7376.71	42
-7373.08	36
-7369.46	30
-7365.83	33
-7362.21	56
-7358.58	45
-7354.96	46
-7351.34	37
-7347.72	40
-7344.1	36
-7340.49	24
-7336.87	43
-7333.25	42
-7329.64	36
-7326.03	38
-7322.41	36
-7318.8	51
-7315.19	51
-7311.58	46
-7307.97	29
-7304.37	32
-7300.76	23
-7297.16	57
-7293.55	49
-7289.95	44
-7286.35	36
-7282.75	27
-7279.14	48
-7275.55	44
-7271.95	42
-7268.35	50
-7264.75	33
-7261.16	26
-7257.56	44
-7253.97	37
-7250.38	43
-7246.79	30
-7243.2	33
-7239.61	44
-7236.02	34
-7232.44	53
-7228.85	49
-7225.27	48
-7221.68	30
-7218.1	43
-7214.52	22
-7210.94	48
-7207.36	34
-7203.78	41
-7200.2	19
-7196.62	51
-7193.05	62
-7189.47	45
-7185.9	46
-7182.33	11
-7178.75	33
-7175.18	47
-7171.61	34
-7168.04	41
-7164.48	39
-7160.91	48
-7157.34	23
-7153.78	31
-7150.22	42
-7146.65	41
-7143.09	40
-7139.53	49
-7135.97	49
-7132.41	37
-7128.86	34
-7125.3	52
-7121.74	36
-7118.19	42
-7114.64	40
-7111.08	41
-7107.53	30
-7103.98	26
-7100.43	27
-7096.88	26
-7093.34	34
-7089.79	43
-7086.24	47
-7082.7	33
-7079.15	29
-7075.61	43
-7072.07	57
-7068.53	45
-7064.99	16
-7061.45	44
-7057.91	47
-7054.38	46
-7050.84	44
-7047.31	34
-7043.77	26
-7040.24	19
-7036.71	27
-7033.18	38
-7029.65	35
-7026.12	41
-7022.59	33
-7019.07	39
-7015.54	39
-7012.02	35
-7008.49	50
-7004.97	32
-7001.45	41
-6997.93	51
-6994.41	51
-6990.89	59
-6987.37	36
-6983.85	42
-6980.34	45
-6976.82	33
-6973.31	39
-6969.8	50
-6966.28	31
-6962.77	40
-6959.26	14
-6955.76	27
-6952.25	51
-6948.74	9
-6945.24	56
-6941.73	39
-6938.23	45
-6934.72	33
-6931.22	22
-6927.72	52
-6924.22	37
-6920.72	54
-6917.22	32
-6913.73	29
-6910.23	32
-6906.73	38
-6903.24	33
-6899.75	42
-6896.25	42
-6892.76	8
-6889.27	53
-6885.79	28
-6882.3	31
-6878.81	39
-6875.32	24
-6871.84	48
-6868.35	28
-6864.87	43
-6861.39	31
-6857.9	26
-6854.43	22
-6850.95	50
-6847.47	43
-6843.99	23
-6840.51	35
-6837.04	27
-6833.56	29
-6830.09	41
-6826.62	51
-6823.14	25
-6819.67	31
-6816.2	34
-6812.73	36
-6809.27	37
-6805.8	40
-6802.33	41
-6798.87	35
-6795.41	32
-6791.94	44
-6788.48	36
-6785.02	52
-6781.56	45
-6778.1	38
-6774.64	38
-6771.18	10
-6767.73	26
-6764.27	30
-6760.82	35
-6757.36	29
-6753.91	37
-6750.46	43
-6747.01	31
-6743.56	41
-6740.11	18
-6736.66	50
-6733.22	45
-6729.77	57
-6726.33	14
-6722.88	41
-6719.44	35
-6716	26
-6712.56	48
-6709.12	31
-6705.68	18
-6702.24	33
-6698.8	41
-6695.37	40
-6691.93	47
-6688.5	35
-6685.06	22
-6681.63	40
-6678.2	40
-6674.77	43
-6671.34	37
-6667.91	51
-6664.48	34
-6661.06	34
-6657.63	27
-6654.21	40
-6650.78	31
-6647.36	31
-6643.94	13
-6640.52	23
-6637.1	42
-6633.68	19
-6630.26	39
-6626.84	38
-6623.43	21
-6620.01	25
-6616.6	41
-6613.19	33
-6609.77	9
-6606.36	48
-6602.95	24
-6599.54	46
-6596.13	30
-6592.73	36
-6589.32	30
-6585.91	32
-6582.51	31
-6579.1	29
-6575.7	22
-6572.3	27
-6568.9	30
-6565.5	35
-6562.1	30
-6558.7	37
-6555.3	23
-6551.91	31
-6548.51	41
-6545.12	41
-6541.72	32
-6538.33	43
-6534.94	11
-6531.55	22
-6528.16	50
-6524.77	40
-6521.38	25
-6517.99	51
-6514.61	23
-6511.22	25
-6507.84	40
-6504.45	40
-6501.07	41
-6497.69	19
-6494.31	44
-6490.93	30
-6487.55	34
-6484.17	40
-6480.8	51
-6477.42	50
-6474.05	46.885
-6470.67	44.9074
-6467.3	39.6056
-6463.93	17.6919
-6460.56	9.6434
-6457.19	28.5091
-6453.82	40.2542
-6450.45	27.0976
-6447.08	46.2648
-6443.71	26.0986
-6440.35	31.9783
-6436.98	46.9477
-6433.62	24.4224
-6430.26	33.1267
-6426.9	29.4946
-6423.53	21.0516
-6420.17	40.0599
-6416.81	28.0682
-6413.46	35.3122
-6410.1	42.8636
-6406.74	26.3796
-6403.39	43.3116
-6400.03	47.2568
-6396.68	46.4911
-6393.33	43.42
-6389.97	17.4172
-6386.62	18.9149
-6383.27	25.3127
-6379.92	11.418
-6376.58	37.3044
-6373.23	39.8423
-6369.88	38.4598
-6366.54	27.1
-6363.19	34.1463
-6359.85	31.6373
-6356.51	36.1046
-6353.17	15.9661
-6349.82	21.7791
-6346.49	28.9588
-6343.15	39.9678
-6339.81	36.595
-6336.47	34.9161
-6333.14	32.0893
-6329.8	27.5023
-6326.47	40.6639
-6323.13	35.856
-6319.8	34.9766
-6316.47	37.0156
-6313.14	26.4776
-6309.81	20.7452
-6306.48	29.3262
-6303.15	30.0845
-6299.82	31.2817
-6296.5	16.4647
-6293.17	13.5785
-6289.85	20.0744
-6286.52	30.5847
-6283.2	32.8536
-6279.88	27.6915
-6276.56	34.4167
-6273.24	11.2628
-6269.92	12.4715
-6266.6	27.4003
-6263.29	30.9097
-6259.97	21.6185
-6256.66	25.6302
-6253.34	24.8006
-6250.03	24.973
-6246.71	32.3397
-6243.4	35.0529
-6240.09	31.9219
-6236.78	25.0662
-6233.47	28.3034
-6230.17	22.9861
-6226.86	24.2029
-6223.55	22.1586
-6220.25	13.2321
-6216.94	19.2508
-6213.64	26.709
-6210.34	34.82
-6207.04	31.0982
-6203.73	25.7424
-6200.43	26.5767
-6197.14	34.235
-6193.84	32.3299
-6190.54	38.9247
-6187.24	25.2339
-6183.95	21.704
-6180.65	33.6113
-6177.36	36.8162
-6174.07	29.2716
-6170.78	23.1655
-6167.48	37.7353
-6164.2	32.9631
-6160.91	29.1301
-6157.62	32.831
-6154.33	28.0096
-6151.04	13.4058
-6147.76	11.0134
-6144.47	5.67498
-6143.33	2
-6140.04	31
-6136.75	34
-6133.45	34
-6130.16	26
-6126.87	29
-6123.58	29
-6120.29	23
-6117	37
-6113.71	23
-6110.42	22
-6107.14	12
-6103.85	35
-6100.57	22
-6097.29	31
-6094	29
-6090.72	36
-6087.44	19
-6084.16	21
-6080.88	35
-6077.6	34
-6074.33	12
-6071.05	17
-6067.77	32
-6064.5	29
-6061.22	31
-6057.95	22
-6054.68	20
-6051.41	36
-6048.14	42
-6044.87	31
-6041.6	25
-6038.33	6
-6035.07	38
-6031.8	43
-6028.54	23
-6025.27	24
-6022.01	29
-6018.75	29
-6015.48	35
-6012.22	19
-6008.96	28
-6005.71	30
-6002.45	22
-5999.19	21
-5995.93	25
-5992.68	22
-5989.42	41
-5986.17	37
-5982.92	34
-5979.67	24
-5976.42	27
-5973.17	40
-5969.92	42
-5966.67	19
-5963.42	42
-5960.17	33
-5956.93	30
-5953.68	29
-5950.44	33
-5947.2	29
-5943.96	44
-5940.71	37
-5937.47	46
-5934.23	10
-5930.99	22
-5927.76	34
-5924.52	36
-5921.28	39
-5918.05	31
-5914.81	19
-5911.58	31
-5908.35	22
-5905.12	29
-5901.89	21
-5898.66	37
-5895.43	35
-5892.2	45
-5888.97	56
-5885.74	46
-5882.52	16
-5879.29	19
-5876.07	36
-5872.85	42
-5869.62	43
-5866.4	40
-5863.18	29
-5859.96	24
-5856.74	39
-5853.52	45
-5850.31	42
-5847.09	42
-5843.88	24
-5840.66	31
-5837.45	50
-5834.24	49
-5831.02	37
-5827.81	28
-5824.6	33
-5821.39	35
-5818.18	42
-5814.98	38
-5811.77	34
-5808.56	24
-5805.36	45
-5802.16	13
-5798.95	55
-5795.75	39
-5792.55	28
-5789.35	52
-5786.15	32
-5782.95	27
-5779.75	25
-5776.55	42
-5773.35	14
-5770.16	54
-5766.96	43
-5763.77	38
-5760.58	45
-5757.39	53
-5754.19	35
-5751	37
-5747.82	49
-5744.63	44
-5741.44	30
-5738.25	33
-5735.06	40
-5731.88	44
-5728.69	28
-5725.51	37
-5722.33	38
-5719.15	52
-5715.96	24
-5712.78	32
-5709.6	42
-5706.43	53
-5703.25	38
-5700.07	36
-5696.89	22
-5693.72	39
-5690.54	48
-5687.37	41
-5684.2	46
-5681.03	19
-5677.86	39
-5674.68	48
-5671.52	36
-5668.35	39
-5665.18	43
-5662.01	53
-5658.85	34
-5655.68	50
-5652.52	29
-5649.35	51
-5646.19	42
-5643.03	49
-5639.87	41
-5636.71	34
-5633.55	33
-5630.39	45
-5627.23	32
-5624.08	62
-5620.92	43
-5617.76	44
-5614.61	30
-5611.46	36
-5608.3	45
-5605.15	53
-5602	24
-5598.85	27
-5595.7	48
-5592.55	46
-5589.41	58
-5586.26	22
-5583.11	51
-5579.97	50
-5576.83	51
-5573.68	55
-5570.54	33
-5567.4	39
-5564.26	27
-5561.12	47
-5557.98	45
-5554.84	44
-5551.7	25
-5548.56	23
-5545.43	27
-5542.29	52
-5539.16	54
-5536.02	36
-5532.89	39
-5529.76	45
-5526.63	38
-5523.5	29
-5520.37	66
-5517.24	17
-5514.11	22
-5510.99	39
-5507.86	54
-5504.74	39
-5501.61	32
-5498.49	63
-5495.37	47
-5492.24	33
-5489.12	49
-5486	48
-5482.88	33
-5479.76	41
-5476.65	32
-5473.53	46
-5470.41	30
-5467.3	40
-5464.18	28
-5461.07	24
-5457.96	53
-5454.85	29
-5451.73	44
-5448.62	32
-5445.51	24
-5442.41	42
-5439.3	48
-5436.19	58
-5433.08	44
-5429.98	38
-5426.87	27
-5423.77	34
-5420.67	41
-5417.57	20
-5414.46	47
-5411.36	19
-5408.26	39
-5405.17	40
-5402.07	40
-5398.97	39
-5395.87	49
-5392.78	29
-5389.68	42
-5386.59	34.5
-5383.49	27
-5380.4	42
-5377.31	30
-5374.22	41
-5371.13	47
-5368.04	25
-5364.95	61
-5361.87	53
-5358.78	38
-5355.69	33
-5352.61	36
-5349.52	36
-5346.44	54
-5343.36	5
-5340.27	28
-5337.19	32
-5334.11	24
-5331.04	67
-5327.96	34
-5324.88	30
-5321.8	30
-5318.72	44
-5315.65	41
-5312.58	43
-5309.5	35
-5306.43	29
-5303.35	38
-5300.29	60
-5297.21	59
-5294.14	33
-5291.08	24
-5288.01	39
-5284.94	42
-5281.87	29
-5278.81	48
-5275.74	38
-5272.68	55
-5269.62	13
-5266.55	58
-5263.49	24
-5260.43	41
-5257.37	41
-5254.31	34
-5251.25	53
-5248.19	52
-5245.14	42
-5242.08	28
-5239.03	63
-5235.97	46
-5232.92	60
-5229.86	37
-5226.81	28
-5223.76	31
-5220.71	47
-5217.66	40
-5214.61	62
-5211.56	40
-5208.52	27
-5205.47	41
-5202.42	46
-5199.38	35
-5196.34	28
-5193.29	27
-5190.25	32
-5187.21	49
-5184.17	39
-5181.13	46
-5178.09	27
-5175.05	50
-5172.01	44
-5168.97	55
-5165.94	67
-5162.9	37
-5159.87	25
-5156.83	36
-5153.8	37
-5150.77	35
-5147.74	54
-5144.71	52
-5141.68	56
-5138.65	32
-5135.62	41
-5132.59	51
-5129.56	50
-5126.54	38
-5123.51	36
-5120.49	38
-5117.46	51
-5114.44	17
-5111.42	33
-5108.4	62
-5105.38	57
-5102.36	31
-5099.34	62
-5096.32	22
-5093.3	37
-5090.29	44
-5087.27	35
-5084.26	29
-5081.24	29
-5078.23	30
-5075.22	40
-5072.2	29
-5069.19	46
-5066.18	68
-5063.17	21
-5060.17	36
-5057.16	28
-5054.15	35
-5051.14	58
-5048.14	42
-5045.13	48
-5042.13	38
-5039.13	43
-5036.12	57
-5033.12	43
-5030.12	44
-5027.12	33
-5024.12	49
-5021.12	46
-5018.13	55
-5015.13	42
-5012.13	38
-5009.14	30
-5006.14	35
-5003.15	59
-5000.15	39
-4997.16	63
-4994.17	33
-4991.18	39
-4988.19	41
-4985.2	37
-4982.21	37
-4979.22	60
-4976.24	31
-4973.25	58
-4970.27	42
-4967.28	54
-4964.3	40
-4961.31	31
-4958.33	41
-4955.35	41
-4952.37	37
-4949.39	52
-4946.41	39
-4943.43	54
-4940.45	50
-4937.48	22
-4934.5	42
-4931.52	39
-4928.55	33
-4925.58	47
-4922.6	49
-4919.63	55
-4916.66	29
-4913.69	42
-4910.72	25
-4907.75	24
-4904.78	37
-4901.81	62
-4898.85	61
-4895.88	30
-4892.92	40
-4889.95	22
-4886.99	33
-4884.02	38
-4881.06	49
-4878.1	52
-4875.14	49
-4872.18	34
-4869.22	39
-4866.26	42
-4863.3	44
-4860.35	66
-4857.39	53
-4854.43	45
-4851.48	49
-4848.53	28
-4845.57	29
-4842.62	34
-4839.67	36
-4836.72	48
-4833.77	34
-4830.82	28
-4827.87	41
-4824.92	20
-4821.97	56
-4819.03	57
-4816.08	20
-4813.14	62
-4810.19	44
-4807.25	56
-4804.31	60
-4801.36	52
-4798.42	49
-4795.48	54
-4792.54	44
-4789.6	58
-4786.67	28
-4783.73	30
-4780.79	55
-4777.86	44
-4774.92	47
-4771.99	46
-4769.05	43
-4766.12	39
-4763.19	42
-4760.26	41
-4757.33	51
-4754.4	35
-4751.47	27
-4748.54	45
-4745.61	46
-4742.69	39
-4739.76	37
-4736.83	39
-4733.91	46
-4730.99	33
-4728.06	23
-4725.14	36
-4722.22	33
-4719.3	29
-4716.38	62
-4713.46	43
-4710.54	38
-4707.62	46
-4704.71	36
-4701.79	39
-4698.87	43
-4695.96	45
-4693.05	35
-4690.13	42
-4687.22	29
-4684.31	29
-4681.4	14
-4678.49	35
-4675.58	39
-4672.67	34
-4669.76	30
-4666.85	19
-4663.95	39
-4661.04	45
-4658.13	27
-4655.23	25
-4652.33	49
-4649.42	37
-4646.52	64
-4643.62	47
-4640.72	28
-4637.82	42
-4634.92	42
-4632.02	58
-4629.12	47
-4626.23	22
-4623.33	31
-4620.44	45
-4617.54	55
-4614.65	45
-4611.75	49
-4608.86	47
-4605.97	34
-4603.08	35
-4600.19	54
-4597.3	40
-4594.41	39
-4591.52	53
-4588.63	39
-4585.75	45
-4582.86	50
-4579.98	37
-4577.09	42
-4574.21	41
-4571.33	38
-4568.44	37
-4565.56	54
-4562.68	27
-4559.8	34
-4556.92	29
-4554.04	50
-4551.16	53
-4548.29	47
-4545.41	27
-4542.54	40
-4539.66	21
-4536.79	46
-4533.91	33
-4531.04	43
-4528.17	36
-4525.3	32
-4522.43	37
-4519.56	44
-4516.69	53
-4513.82	20
-4510.95	52
-4508.09	44
-4505.22	52
-4502.35	36
-4499.49	34
-4496.63	28
-4493.76	24
-4490.9	42
-4488.04	56
-4485.18	49
-4482.32	22
-4479.46	22
-4476.6	41
-4473.74	26
-4470.88	34
-4468.02	33
-4465.17	45
-4462.31	42
-4459.46	61
-4456.6	55
-4453.75	42
-4450.9	26
-4448.05	43
-4445.2	26
-4442.35	35
-4439.5	31
-4436.65	37
-4433.8	27
-4430.95	47
-4428.11	31
-4425.26	23
-4422.42	46
-4419.57	35
-4416.73	49
-4413.88	27
-4411.04	55
-4408.2	47
-4405.36	43
-4402.52	32
-4399.68	55
-4396.84	31
-4394	45
-4391.17	31
-4388.33	4
-4385.49	43
-4382.66	59
-4379.83	34
-4376.99	35
-4374.16	36
-4371.33	23
-4368.49	39
-4365.66	41
-4362.83	39
-4360	38
-4357.18	35
-4354.35	45
-4351.52	42
-4348.69	51
-4345.87	37
-4343.04	43
-4340.22	36
-4337.39	43
-4334.57	23
-4331.75	42
-4328.93	31
-4326.11	20
-4323.29	49
-4320.47	43
-4317.65	29
-4314.83	59
-4312.01	28
-4309.2	38
-4306.38	39
-4303.57	46
-4300.75	47
-4297.94	38
-4295.13	29
-4292.31	41
-4289.5	23
-4286.69	47
-4283.88	27
-4281.07	38
-4278.26	36
-4275.45	45
-4272.65	47
-4269.84	33
-4267.03	27
-4264.23	28
-4261.42	44
-4258.62	31
-4255.82	42
-4253.02	37
-4250.21	24
-4247.41	52
-4244.61	43
-4241.81	29
-4239.01	46
-4236.22	30
-4233.42	36
-4230.62	33
-4227.83	26
-4225.03	53
-4222.24	33
-4219.44	22
-4216.65	48
-4213.86	33
-4211.06	42
-4208.27	46
-4205.48	41
-4202.69	40
-4199.9	22
-4197.12	43
-4194.33	49
-4191.54	30
-4188.75	28
-4185.97	33
-4183.18	41
-4180.4	30
-4177.62	45
-4174.83	50
-4172.05	30
-4169.27	52
-4166.49	23
-4163.71	46
-4160.93	7
-4158.15	47
-4155.37	62
-4152.6	47
-4149.82	43
-4147.04	41
-4144.27	31
-4141.5	29
-4138.72	43
-4135.95	49
-4133.18	50
-4130.4	35
-4127.63	24
-4124.86	47
-4122.09	44
-4119.32	37
-4116.56	39
-4113.79	52
-4111.02	35
-4108.26	26
-4105.49	42
-4102.73	51
-4099.96	32
-4097.2	35
-4094.44	43
-4091.67	35
-4088.91	31
-4086.15	12
-4083.39	47
-4080.63	49
-4077.88	49
-4075.12	37
-4072.36	16
-4069.6	23
-4066.85	22
-4064.09	46
-4061.34	56
-4058.58	50
-4055.83	43
-4053.08	55
-4050.33	53
-4047.58	46
-4044.83	57
-4042.08	43
-4039.33	37
-4036.58	30
-4033.83	63
-4031.09	32
-4028.34	35
-4025.59	44
-4022.85	31
-4020.11	21
-4017.36	34
-4014.62	37
-4011.88	42
-4009.14	41
-4006.39	36
-4003.65	33
-4000.92	56
-3998.18	39
-3995.44	42
-3992.7	36
-3989.97	40
-3987.23	22
-3984.49	41
-3981.76	37
-3979.03	48
-3976.29	24
-3973.56	31
-3970.83	42
-3968.1	34
-3965.37	36
-3962.64	16
-3959.91	29
-3957.18	49
-3954.45	29
-3951.72	36
-3949	28
-3946.27	30
-3943.55	40
-3940.82	42
-3938.1	44
-3935.38	32
-3932.65	23
-3929.93	36
-3927.21	43
-3924.49	38
-3921.77	38
-3919.05	37
-3916.33	26
-3913.62	49
-3910.9	33
-3908.18	41
-3905.47	36
-3902.75	25
-3900.04	52
-3897.32	58
-3894.61	46
-3891.9	34
-3889.19	34
-3886.48	28
-3883.77	39
-3881.06	41
-3878.35	37
-3875.64	47
-3872.93	22
-3870.23	39
-3867.52	28
-3864.81	38
-3862.11	37
-3859.41	37
-3856.7	31
-3854	28
-3851.3	31
-3848.59	44
-3845.89	26
-3843.2	23
-3840.5	54
-3837.8	33
-3835.1	24
-3832.4	33
-3829.7	39
-3827.01	57
-3824.31	42
-3821.62	48
-3818.92	46
-3816.23	31
-3813.54	36
-3810.84	33
-3808.15	32
-3805.46	35
-3802.77	33
-3800.08	38
-3797.39	38
-3794.71	38
-3792.02	29
-3789.33	36
-3786.65	29
-3783.96	11
-3781.28	53
-3778.59	36
-3775.91	52
-3773.22	40
-3770.54	29
-3767.86	30
-3765.18	40
-3762.5	44
-3759.82	36
-3757.14	38
-3754.46	31
-3751.78	32
-3749.11	60
-3746.43	48
-3743.76	35
-3741.08	41
-3738.41	42
-3735.73	36
-3733.06	16
-3730.39	33
-3727.72	32
-3725.05	25
-3722.38	50
-3719.71	26
-3717.04	48
-3714.37	18
-3711.7	26
-3709.03	33
-3706.37	50.8835
-3703.7	29.6507
-3701.04	55.9278
-3698.37	21.2957
-3695.71	39.0978
-3693.04	26.7296
-3690.38	43.8225
-3687.72	43.1666
-3685.06	42.7479
-3682.4	11.563
-3679.74	28.0431
-3677.08	33.6553
-3674.42	25.3615
-3671.76	23.8338
-3669.11	28.49
-3666.45	27.7276
-3663.79	50.4725
-3661.14	25.3979
-3658.48	40.8409
-3655.83	27.7636
-3653.18	38.525
-3650.52	31.2103
-3647.87	28.4709
-3645.22	49.3383
-3642.57	49.6761
-3639.92	34.7824
-3637.27	36.6869
-3634.62	32.95
-3631.97	34.6639
-3629.32	31.8182
-3626.68	19.5569
-3624.03	4.46606
-3621.39	40.7936
-3618.74	45.5724
-3616.1	38.5261
-3613.45	32.485
-3610.81	20.6996
-3608.17	37.4506
-3605.53	26.2717
-3602.89	38.3424
-3600.24	34.8658
-3597.61	36.4703
-3594.97	31.1721
-3592.33	23.8212
-3589.69	27.2934
-3587.05	27.2606
-3584.42	17.0828
-3581.78	32.0135
-3579.15	29.9098
-3576.51	38.9313
-3573.88	41.4742
-3571.24	29.7487
-3568.61	24.4403
-3565.98	14.9315
-3563.35	25.6007
-3560.72	23.5196
-3558.09	40.9419
-3555.46	27.5882
-3552.83	23.3711
-3550.2	31.4397
-3547.57	36.7177
-3544.95	31.2627
-3542.32	28.1543
-3539.7	37.899
-3537.07	24.829
-3534.45	27.1159
-3531.82	31.0691
-3529.2	33.6589
-3526.58	33.4925
-3523.95	22.4849
-3521.33	21.212
-3518.71	30.2916
-3516.09	42.9202
-3513.48	36.4681
-3510.86	27.6087
-3508.24	18.9706
-3505.62	20.233
-3503	28.7872
-3500.39	37.8038
-3497.77	23.679
-3495.16	24.6972
-3492.55	25.7817
-3489.93	24.9793
-3487.32	28.6667
-3484.71	24.9538
-3482.1	26.226
-3479.48	17.6427
-3476.87	19.8494
-3474.27	34.6774
-3471.66	35.6153
-3469.05	22.2814
-3466.44	28.767
-3463.83	23.029
-3461.23	15.4598
-3458.62	29.7389
-3456.01	30.4529
-3453.41	9.4933
-3450.81	19.0755
-3448.2	30.7193
-3445.6	32.8322
-3443	11.9581
-3440.4	20.0161
-3437.8	30.535
-3435.99	34
-3433.38	14
-3430.78	32
-3428.17	22
-3425.56	26
-3422.95	33
-3420.35	7
-3417.74	40
-3415.13	47
-3412.53	31
-3409.93	24
-3407.32	35
-3404.72	16
-3402.12	25
-3399.52	35
-3396.92	34
-3394.32	21
-3391.72	20
-3389.12	34
-3386.52	41
-3383.92	35
-3381.33	42
-3378.73	28
-3376.13	37
-3373.54	38
-3370.95	31
-3368.35	27
-3365.76	26
-3363.17	22
-3360.57	25
-3357.98	17
-3355.39	47
-3352.8	39
-3350.21	35
-3347.62	24
-3345.04	38
-3342.45	23
-3339.86	41
-3337.27	31
-3334.69	20
-3332.1	51
-3329.52	23
-3326.94	28
-3324.35	23
-3321.77	30
-3319.19	29
-3316.61	31
-3314.03	28
-3311.45	33
-3308.87	47
-3306.29	38
-3303.71	33
-3301.13	40
-3298.55	26
-3295.98	41
-3293.4	37
-3290.83	44
-3288.25	26
-3285.68	31
-3283.11	42
-3280.53	42
-3277.96	36
-3275.39	41
-3272.82	27
-3270.25	51
-3267.68	31
-3265.11	14
-3262.54	14
-3259.97	35
-3257.41	49
-3254.84	43
-3252.27	27
-3249.71	25
-3247.15	23
-3244.58	28
-3242.02	47
-3239.45	31
-3236.89	26
-3234.33	49
-3231.77	20
-3229.21	49
-3226.65	41
-3224.09	35
-3221.53	48
-3218.97	40
-3216.42	58
-3213.86	48
-3211.3	33
-3208.75	34
-3206.19	34
-3203.64	35
-3201.09	44
-3198.53	34
-3195.98	43
-3193.43	35
-3190.88	35
-3188.33	40
-3185.78	29
-3183.23	35
-3180.68	25
-3178.13	37
-3175.58	48
-3173.04	40
-3170.49	27
-3167.94	36
-3165.4	30
-3162.86	34
-3160.31	42
-3157.77	31
-3155.23	18
-3152.68	19
-3150.14	33
-3147.6	45
-3145.06	37
-3142.52	27
-3139.98	19
-3137.44	36
-3134.91	42
-3132.37	40
-3129.83	29
-3127.3	43
-3124.76	46
-3122.23	27
-3119.69	24
-3117.16	34
-3114.63	33
-3112.09	47
-3109.56	37
-3107.03	50
-3104.5	37
-3101.97	38
-3099.44	43
-3096.91	34
-3094.38	45
-3091.86	28
-3089.33	29
-3086.8	33
-3084.28	25
-3081.75	34
-3079.23	26
-3076.7	36
-3074.18	46
-3071.66	38
-3069.14	25
-3066.61	29
-3064.09	52
-3061.57	27
-3059.05	33
-3056.53	40
-3054.02	48
-3051.5	40
-3048.98	49
-3046.46	36
-3043.95	42
-3041.43	32
-3038.92	48
-3036.4	40
-3033.89	52
-3031.38	35
-3028.86	18
-3026.35	44
-3023.84	44
-3021.33	42
-3018.82	27
-3016.31	23
-3013.8	42
-3011.29	44
-3008.78	41
-3006.28	45
-3003.77	27
-3001.27	27
-2998.76	48
-2996.26	58
-2993.75	50
-2991.25	43
-2988.74	25
-2986.24	42
-2983.74	35
-2981.24	37
-2978.74	39
-2976.24	28
-2973.74	29
-2971.24	35
-2968.74	28
-2966.24	23
-2963.75	48
-2961.25	52
-2958.75	51
-2956.26	40
-2953.77	45
-2951.27	48
-2948.78	24
-2946.28	37
-2943.79	34
-2941.3	42
-2938.81	62
-2936.32	36
-2933.83	56
-2931.34	15
-2928.85	35
-2926.36	31
-2923.87	34
-2921.39	36
-2918.9	19
-2916.41	39
-2913.93	31
-2911.44	33
-2908.96	36
-2906.48	27
-2903.99	51
-2901.51	43
-2899.03	26
-2896.55	48
-2894.07	35
-2891.59	47
-2889.11	45
-2886.63	57
-2884.15	28
-2881.67	29
-2879.2	41
-2876.72	26
-2874.25	40
-2871.77	28
-2869.29	46
-2866.82	48
-2864.35	39
-2861.87	34
-2859.4	52
-2856.93	37
-2854.46	24
-2851.99	47
-2849.52	57
-2847.05	28
-2844.58	54
-2842.11	46.5
-2839.64	39
-2837.18	30
-2834.71	38
-2832.24	45
-2829.78	52
-2827.31	39
-2824.85	19
-2822.39	41
-2819.92	34
-2817.46	46
-2815	35
-2812.54	31
-2810.08	60
-2807.61	35
-2805.16	59
-2802.7	45
-2800.24	33
-2797.78	28
-2795.32	43
-2792.87	31
-2790.41	34
-2787.95	46
-2785.5	32
-2783.05	23
-2780.59	49
-2778.14	53
-2775.68	41
-2773.23	46
-2770.78	25
-2768.33	18
-2765.88	34
-2763.43	30
-2760.98	29
-2758.53	26
-2756.08	33
-2753.64	51
-2751.19	63
-2748.74	30
-2746.3	41
-2743.85	48
-2741.41	45
-2738.96	45
-2736.52	21
-2734.08	38
-2731.64	60
-2729.19	30
-2726.75	48
-2724.31	46
-2721.87	49
-2719.43	24
-2716.99	23
-2714.55	48
-2712.12	43
-2709.68	44
-2707.24	36
-2704.81	27
-2702.37	36
-2699.94	45
-2697.5	54
-2695.07	48
-2692.64	41
-2690.2	32
-2687.77	40
-2685.34	63
-2682.91	50
-2680.48	48
-2678.05	54
-2675.62	24
-2673.19	41
-2670.76	45
-2668.33	52
-2665.91	43
-2663.48	30
-2661.06	50
-2658.63	16
-2656.21	36
-2653.78	35
-2651.36	47
-2648.94	35
-2646.51	38
-2644.09	34
-2641.67	43
-2639.25	43
-2636.83	33
-2634.41	39
-2631.99	45
-2629.57	45
-2627.15	59
-2624.74	38
-2622.32	41
-2619.9	38
-2617.49	24
-2615.07	39
-2612.66	37
-2610.24	48
-2607.83	49
-2605.42	40
-2603.01	37
-2600.59	46
-2598.18	44
-2595.77	44
-2593.36	38
-2590.95	30
-2588.54	43
-2586.14	38
-2583.73	44
-2581.32	55
-2578.92	49
-2576.51	39
-2574.1	31
-2571.7	28
-2569.29	55
-2566.89	46
-2564.49	41
-2562.08	33
-2559.68	28
-2557.28	31
-2554.88	53
-2552.48	46
-2550.08	50
-2547.68	20
-2545.28	35
-2542.88	34
-2540.49	47
-2538.09	53
-2535.69	44
-2533.29	47
-2530.9	37
-2528.51	39
-2526.11	44
-2523.72	52
-2521.32	51
-2518.93	50
-2516.54	35
-2514.15	30
-2511.76	58
-2509.37	37
-2506.98	45
-2504.59	53
-2502.2	27
-2499.81	37
-2497.42	58
-2495.04	38
-2492.65	26
-2490.26	35
-2487.88	36
-2485.49	37
-2483.11	45
-2480.72	51
-2478.34	39
-2475.96	36
-2473.58	56
-2471.2	34
-2468.81	39
-2466.43	33
-2464.05	40
-2461.67	42
-2459.29	27
-2456.92	37
-2454.54	36
-2452.16	56
-2449.79	41
-2447.41	27
-2445.03	48
-2442.66	38
-2440.28	36
-2437.91	46
-2435.54	45
-2433.17	40
-2430.79	45
-2428.42	40
-2426.05	53
-2423.68	46
-2421.31	56
-2418.94	54
-2416.57	52
-2414.2	30
-2411.84	53
-2409.47	42
-2407.1	45
-2404.74	18
-2402.37	45
-2400	32
-2397.64	43
-2395.28	72
-2392.91	47
-2390.55	44
-2388.19	48
-2385.83	53
-2383.46	36
-2381.1	51
-2378.74	36
-2376.38	58
-2374.02	26
-2371.67	44
-2369.31	51
-2366.95	64
-2364.59	33
-2362.24	29
-2359.88	32
-2357.53	29
-2355.17	48
-2352.82	48
-2350.46	44
-2348.11	54
-2345.76	46
-2343.41	30
-2341.06	52
-2338.7	36
-2336.35	35
-2334	45
-2331.66	35
-2329.31	32
-2326.96	46
-2324.61	21
-2322.26	26
-2319.92	47
-2317.57	54
-2315.23	85
-2312.88	54
-2310.54	37
-2308.19	47
-2305.85	55
-2303.51	50
-2301.16	35
-2298.82	22
-2296.48	33
-2294.14	41
-2291.8	41
-2289.46	37
-2287.12	41
-2284.78	54
-2282.44	50
-2280.11	40
-2277.77	36
-2275.43	28
-2273.1	25
-2270.76	41
-2268.43	54
-2266.09	52
-2263.76	32
-2261.43	38
-2259.1	44
-2256.76	49
-2254.43	26
-2252.1	52
-2249.77	35
-2247.44	38
-2245.11	40
-2242.78	53
-2240.45	56
-2238.13	43
-2235.8	39
-2233.47	40
-2231.15	40
-2228.82	42
-2226.5	37
-2224.17	49
-2221.85	22
-2219.52	34
-2217.2	49
-2214.88	34
-2212.56	30
-2210.23	35
-2207.91	15
-2205.59	42
-2203.27	59
-2200.95	47
-2198.64	33
-2196.32	31
-2194	39
-2191.68	25
-2189.37	41
-2187.05	32
-2184.74	45
-2182.42	55
-2180.11	32
-2177.79	50
-2175.48	46
-2173.17	54
-2170.85	35
-2168.54	44
-2166.23	35
-2163.92	35
-2161.61	47
-2159.3	37
-2156.99	30
-2154.68	15
-2152.38	35
-2150.07	43
-2147.76	52
-2145.45	39
-2143.15	43
-2140.84	47
-2138.54	37
-2136.23	28
-2133.93	59
-2131.63	41
-2129.32	47
-2127.02	44
-2124.72	42
-2122.42	37
-2120.12	38
-2117.82	41
-2115.52	58
-2113.22	71
-2110.92	32
-2108.62	49
-2106.32	34
-2104.03	47
-2101.73	45
-2099.43	38
-2097.14	28
-2094.84	35
-2092.55	51
-2090.26	44
-2087.96	45
-2085.67	32
-2083.38	35
-2081.09	35
-2078.79	44
-2076.5	48
-2074.21	40
-2071.92	25
-2069.63	33
-2067.35	44
-2065.06	28
-2062.77	50
-2060.48	30
-2058.2	48
-2055.91	18
-2053.63	32
-2051.34	35
-2049.06	31
-2046.77	36
-2044.49	45
-2042.21	18
-2039.92	47
-2037.64	37
-2035.36	28
-2033.08	28
-2030.8	41
-2028.52	31
-2026.24	48
-2023.96	56
-2021.68	50
-2019.4	38
-2017.13	39
-2014.85	30
-2012.58	40
-2010.3	41
-2008.02	27
-2005.75	39
-2003.48	29
-2001.2	24
-1998.93	34
-1996.66	23
-1994.38	41
-1992.11	54
-1989.84	32
-1987.57	19
-1985.3	45
-1983.03	28
-1980.76	47
-1978.49	32
-1976.23	27
-1973.96	46
-1971.69	10
-1969.43	49
-1967.16	40
-1964.89	47
-1962.63	25
-1960.36	25
-1958.1	34
-1955.84	52
-1953.58	27
-1951.31	24
-1949.05	26
-1946.79	49
-1944.53	42
-1942.27	27
-1940.01	44
-1937.75	57
-1935.49	28
-1933.23	27
-1930.98	51
-1928.72	42
-1926.46	36
-1924.21	42
-1921.95	37
-1919.7	25
-1917.44	45
-1915.19	42
-1912.93	43
-1910.68	42
-1908.43	14
-1906.18	30
-1903.92	29
-1901.67	37
-1899.42	45
-1897.17	33
-1894.92	45
-1892.68	54
-1890.43	46
-1888.18	36
-1885.93	28
-1883.68	24
-1881.44	53
-1879.19	37
-1876.95	60
-1874.7	42
-1872.46	36
-1870.21	26
-1867.97	44
-1865.73	32
-1863.48	45
-1861.24	28
-1859	35
-1856.76	50
-1854.52	36
-1852.28	48
-1850.04	36
-1847.8	35
-1845.56	43
-1843.33	40
-1841.09	44
-1838.85	46
-1836.62	33
-1834.38	49
-1832.15	42
-1829.91	38
-1827.68	39
-1825.44	20
-1823.21	22
-1820.98	57
-1818.74	29
-1816.51	51
-1814.28	40
-1812.05	35
-1809.82	44
-1807.59	40
-1805.36	39
-1803.13	48
-1800.9	21
-1798.68	32
-1796.45	24
-1794.22	43
-1792	44
-1789.77	42
-1787.54	42
-1785.32	22
-1783.1	19
-1780.87	36
-1778.65	45
-1776.43	53
-1774.2	15
-1771.98	21
-1769.76	14
-1767.54	26
-1765.32	46
-1763.1	37
-1760.88	48
-1758.66	39
-1756.44	23
-1754.23	55
-1752.01	22
-1749.79	28
-1747.58	51
-1745.36	33
-1743.15	27
-1740.93	41
-1738.72	34
-1736.5	33
-1734.29	50
-1732.08	57
-1729.86	24
-1727.65	21
-1725.44	32
-1723.23	43
-1721.02	40
-1718.81	50
-1716.6	28
-1714.39	36
-1712.18	17
-1709.98	34
-1707.77	33
-1705.56	36
-1703.36	38
-1701.15	20
-1698.95	39
-1696.74	48
-1694.54	16
-1692.33	25
-1690.13	16
-1687.93	25
-1685.72	44
-1683.52	52
-1681.32	38
-1679.12	48
-1676.92	22
-1674.72	36
-1672.52	54
-1670.32	33
-1668.12	40
-1665.93	19
-1663.73	32
-1661.53	33
-1659.33	42
-1657.14	34
-1654.94	47
-1652.75	34
-1650.55	48
-1648.36	33
-1646.17	35
-1643.97	41
-1641.78	27
-1639.59	26
-1637.4	30
-1635.21	35
-1633.02	48
-1630.83	43
-1628.64	37
-1626.45	41
-1624.26	29
-1622.07	68
-1619.88	15
-1617.7	42
-1615.51	26
-1613.32	22
-1611.14	34
-1608.95	37
-1606.77	33
-1604.58	47
-1602.4	45
-1600.22	25
-1598.03	46
-1595.85	26
-1593.67	41
-1591.49	26
-1589.31	40
-1587.13	47
-1584.95	37
-1582.77	22
-1580.59	49
-1578.41	42
-1576.23	33
-1574.06	46
-1571.88	21
-1569.7	24
-1567.53	29
-1565.35	34
-1563.18	51
-1561	36
-1558.83	8
-1556.66	38
-1554.48	47
-1552.31	55
-1550.14	46
-1547.97	40
-1545.8	7
-1543.63	43
-1541.46	21
-1539.29	53
-1537.12	32
-1534.95	45
-1532.78	49
-1530.61	40
-1528.44	36
-1526.28	28
-1524.11	32
-1521.95	30
-1519.78	36
-1517.62	36
-1515.45	36
-1513.29	18
-1511.12	33
-1508.96	46
-1506.8	48
-1504.64	28
-1502.48	35
-1500.32	28
-1498.16	15
-1496	38
-1493.84	38
-1491.68	33
-1489.52	32.005
-1487.36	26.9139
-1485.2	23.0216
-1483.05	19.5591
-1480.89	52.6887
-1478.73	40.4455
-1476.58	30.0945
-1474.42	25.3941
-1472.27	37.2726
-1470.11	41.3003
-1467.96	51.7747
-1465.81	27.7636
-1463.65	28.652
-1461.5	24.1886
-1459.35	30.3472
-1457.2	43.4054
-1455.05	32.5816
-1452.9	32.6666
-1450.75	28.9249
-1448.6	37.978
-1446.45	34.7709
-1444.3	24.3559
-1442.15	28.3311
-1440	38.5414
-1437.86	27.5393
-1435.71	47.1959
-1433.57	29.2664
-1431.42	21.0391
-1429.27	31.3308
-1427.13	30.9515
-1424.99	34.3741
-1422.84	39.0983
-1420.7	37.6571
-1418.56	36.5766
-1416.41	33.0866
-1414.27	30.6923
-1412.13	39.7908
-1409.99	28.8691
-1407.85	42.0186
-1405.71	23.7992
-1403.57	26.8919
-1401.43	35.1842
-1399.29	17.9308
-1397.15	26.5126
-1395.02	29.1004
-1392.88	24.6333
-1390.74	24.7778
-1388.61	35.1692
-1386.47	38.4134
-1384.34	35.7274
-1382.2	32.9359
-1380.07	38.7001
-1377.93	27.3442
-1375.8	24.5856
-1373.67	24.6688
-1371.53	24
-1369.4	26.7998
-1367.27	21.0961
-1365.14	34.7813
-1363.01	36.3636
-1360.88	34.3042
-1358.75	17.9275
-1356.62	18.0703
-1354.49	33.3568
-1352.36	25.5477
-1350.24	33.8549
-1348.11	29.1067
-1345.98	25.2175
-1343.86	15.8146
-1341.73	25.7775
-1339.61	31.1566
-1337.48	31.3104
-1335.36	29.4688
-1333.23	29.7272
-1331.11	31.3481
-1328.99	29.1481
-1326.86	33.4899
-1324.74	25.4459
-1322.62	15.869
-1320.5	19.6965
-1318.38	18.2175
-1316.26	14.7949
-1314.14	24.2872
-1312.02	17.9306
-1309.9	23.2813
-1307.78	14.4478
-1305.67	16.6666
-1303.55	21.0936
-1301.43	28.3594
-1299.31	35.9615
-1297.2	23.3207
-1295.08	18.8786
-1292.97	24.564
-1290.85	18.2076
-1288.74	26.1083
-1286.63	23.637
-1284.51	25.2295
-1282.4	39.081
-1280.29	36.2245
-1278.18	34.3899
-1276.06	25.9339
-1273.95	15.9755
-1273.28	13
-1271.16	18
-1269.04	34
-1266.93	31
-1264.81	15
-1262.69	28
-1260.58	13
-1258.46	27
-1256.35	33
-1254.23	31
-1252.12	22
-1250	22
-1247.89	25
-1245.77	22
-1243.66	35
-1241.55	29
-1239.44	15
-1237.33	28
-1235.22	61
-1233.11	51
-1231	38
-1228.89	37
-1226.78	22
-1224.67	18
-1222.56	31
-1220.45	41
-1218.35	22
-1216.24	17
-1214.13	25
-1212.03	35
-1209.92	38
-1207.82	41
-1205.71	14
-1203.61	24
-1201.5	21
-1199.4	31
-1197.3	30
-1195.2	15
-1193.1	14
-1190.99	40
-1188.89	31
-1186.79	31
-1184.69	41
-1182.59	43
-1180.5	18
-1178.4	23
-1176.3	33
-1174.2	48
-1172.1	23
-1170.01	25
-1167.91	31
-1165.81	26
-1163.72	40
-1161.63	23
-1159.53	34
-1157.44	29
-1155.34	43
-1153.25	46
-1151.16	25
-1149.07	25
-1146.97	30
-1144.88	29
-1142.79	27
-1140.7	30
-1138.61	34
-1136.52	19
-1134.43	34
-1132.35	21
-1130.26	33
-1128.17	33
-1126.08	31
-1124	31
-1121.91	16
-1119.82	38
-1117.74	22
-1115.65	35
-1113.57	43
-1111.49	42
-1109.4	47
-1107.32	39
-1105.24	39
-1103.15	33
-1101.07	19
-1098.99	31
-1096.91	41
-1094.83	31
-1092.75	20
-1090.67	23
-1088.59	35
-1086.51	36
-1084.44	41
-1082.36	36
-1080.28	37
-1078.2	21
-1076.13	14
-1074.05	22
-1071.98	42
-1069.9	24
-1067.83	18
-1065.75	47
-1063.68	47
-1061.61	55
-1059.53	34
-1057.46	29
-1055.39	23
-1053.32	47
-1051.25	27
-1049.18	35
-1047.11	24
-1045.04	21
-1042.97	39
-1040.9	31
-1038.83	17
-1036.76	36
-1034.7	42
-1032.63	19
-1030.56	37
-1028.5	32
-1026.43	36
-1024.37	41
-1022.3	35
-1020.24	42
-1018.17	56
-1016.11	34
-1014.05	50
-1011.99	49
-1009.92	27
-1007.86	42
-1005.8	49
-1003.74	31
-1001.68	44
-999.62	41
-997.561	43
-995.503	44
-993.444	31
-991.386	28
-989.329	42
-987.272	29
-985.216	34
-983.159	45
-981.104	44
-979.048	27
-976.994	28
-974.939	29
-972.885	42
-970.832	18
-968.779	51
-966.726	26
-964.674	26
-962.622	59
-960.57	35
-958.519	35
-956.469	45
-954.419	31
-952.37	35
-950.321	39
-948.272	41
-946.223	24
-944.175	25
-942.129	25
-940.082	57
-938.035	32
-935.989	50
-933.944	22
-931.899	30
-929.854	22
-927.81	38
-925.766	49
-923.722	53
-921.68	15
-919.637	47
-917.594	47
-915.554	34
-913.512	46
-911.472	41
-909.431	39
-907.392	27
-905.352	29
-903.312	37
-901.274	32
-899.236	25
-897.199	39
-895.162	38
-893.125	42
-891.089	40
-889.052	12
-887.017	33
-884.981	43
-882.947	27
-880.914	32
-878.879	44
-876.846	34
-874.814	49
-872.78	33
-870.749	30
-868.718	58
-866.686	49
-864.655	30
-862.625	34
-860.596	31
-858.566	41
-856.537	40
-854.509	19
-852.481	61
-850.453	41
-848.426	28
-846.398	52
-844.372	49
-842.347	28
-840.321	56
-838.296	24
-836.272	42
-834.248	36
-832.224	30
-830.201	54
-828.178	46
-826.156	39
-824.134	44
-822.112	27
-820.091	7
-818.07	51
-816.05	29
-814.03	24
-812.01	33
-809.991	43
-807.973	47
-805.956	50
-803.938	44
-801.92	50
-799.903	31
-797.887	39
-795.87	51
-793.856	46
-791.841	37
-789.826	39
-787.811	31
-785.798	23
-783.784	49
-781.771	50
-779.76	45
-777.747	42
-775.735	47
-773.725	32
-771.713	41
-769.703	32
-767.693	53
-765.683	37
-763.675	36
-761.666	36
-759.657	56
-757.65	46
-755.642	42
-753.636	32
-751.629	50
-749.623	30
-747.617	45
-745.612	27
-743.608	44
-741.604	53
-739.599	45
-737.595	24
-735.593	41
-733.591	36
-731.589	38
-729.585	22
-727.584	36
-725.584	48
-723.583	38
-721.584	31
-719.584	31
-717.586	50
-715.585	42
-713.587	29
-711.589	37
-709.592	35
-707.595	55
-705.598	59
-703.602	34
-701.607	46
-699.611	49
-697.616	35
-695.622	41
-693.628	27
-691.634	31
-689.639	46
-687.646	37
-685.654	48
-683.662	47
-681.67	29
-679.679	31
-677.688	40
-675.698	40
-673.71	43
-671.721	26
-669.732	29
-667.743	28
-665.755	34
-663.767	49
-661.779	29
-659.792	58
-657.805	38
-655.819	29
-653.833	46
-651.848	60
-649.863	41
-647.878	51
-645.896	24
-643.912	29
-641.929	48
-639.946	50
-637.963	63
-635.981	68
-634.001	32
-632.02	34
-630.039	35
-628.058	53
-626.078	38
-624.098	28
-622.121	51
-620.142	31
-618.164	46
-616.186	55
-614.21	40
-612.233	27
-610.256	39
-608.279	33
-606.305	35
-604.329	46
-602.354	39
-600.379	47
-598.407	48
-596.433	45
-594.459	37
-592.488	39
-590.515	29
-588.542	50
-586.573	36
-584.601	26
-582.629	55
-580.661	48
-578.69	41
-576.72	38
-574.753	45
-572.783	39
-570.817	36
-568.848	34
-566.88	39
-564.914	42
-562.947	51
-560.982	22
-559.016	41
-557.052	43
-555.086	49
-553.123	33
-551.158	25
-549.194	36
-547.232	31
-545.268	36
-543.307	36
-541.344	40
-539.384	30
-537.422	59
-535.462	36
-533.503	38
-531.542	46
-529.584	57
-527.624	41
-525.666	36
-523.707	51
-521.75	41
-519.791	66
-517.836	22
-515.88	24
-513.923	43
-511.968	48
-510.014	43
-508.057	49
-506.104	42
-504.148	33
-502.196	46
-500.243	35
-498.289	44
-496.338	25
-494.386	40
-492.433	51
-490.483	35
-488.533	46
-486.584	38
-484.632	40
-482.683	49
-480.735	33
-478.785	31
-476.837	45
-474.89	26
-472.943	46
-470.994	50
-469.048	41
-467.103	44
-465.157	37
-463.213	41
-461.266	45
-459.322	40
-457.378	58
-455.435	66
-453.492	20
-451.549	36
-449.605	44
-447.663	25
-445.722	33
-443.781	46
-441.841	44
-439.9	32
-437.961	56
-436.021	52
-434.08	43
-432.141	36
-430.203	30
-428.266	44
-426.328	40
-424.391	37
-422.454	32
-420.518	35
-418.582	26
-416.647	38
-414.712	44
-412.777	56
-410.843	43
-408.909	29
-406.975	45
-405.042	38
-403.11	42
-401.177	25
-399.245	34
-397.314	62
-395.383	49
-393.452	31
-391.521	40
-389.591	35
-387.662	33
-385.735	40
-383.806	43
-381.878	20
-379.95	43
-378.022	40
-376.095	44
-374.168	41
-372.241	64
-370.317	41
-368.392	38
-366.466	30
-364.541	34
-362.617	38
-360.692	36
-358.771	27
-356.847	47
-354.924	43
-353.002	39
-351.08	30
-349.16	49
-347.238	29
-345.317	17
-343.397	55
-341.479	39
-339.559	50
-337.639	28
-335.722	32
-333.803	43
-331.885	57
-329.967	47
-328.051	38
-326.134	36
-324.217	9
-322.303	40
-320.387	31
-318.471	53
-316.558	50
-314.643	34
-312.731	36
-310.817	47
-308.903	30
-306.992	53
-305.079	41
-303.168	44
-301.256	37
-299.344	53
-297.435	52
-295.524	40
-293.615	32
-291.705	22
-289.797	46
-287.888	40
-285.981	46
-284.072	46
-282.166	29
-280.258	45
-278.352	44
-276.445	31
-274.54	37
-272.634	26
-270.73	50
-268.824	38
-266.921	39
-265.016	34
-263.113	29
-261.211	37
-259.307	47
-257.406	35
-255.503	47
-253.603	38
-251.702	26
-249.8	33
-247.901	37
-246.002	31
-244.101	19
-242.203	39
-240.305	54
-238.405	48
-236.508	25
-234.612	53
-232.713	39
-230.817	21
-228.922	34
-227.024	36
-225.129	66
-223.235	35
-221.341	32
-219.445	33
-217.552	34
-215.659	49
-213.766	61
-211.872	42
-209.98	14
-208.088	49
-206.197	52
-204.307	30
-202.414	45
-200.524	41
-198.635	34
-196.746	40
-194.857	41
-192.968	48
-191.08	28
-189.19	23
-187.303	44
-185.416	48
-183.53	40
-181.644	50
-179.758	31
-177.872	28
-175.987	30
-174.103	62
-172.218	43
-170.334	39
-168.451	36
-166.568	35
-164.683	41
-162.8	47
-160.918	31
-159.037	42
-157.155	31
-155.274	34
-153.396	47
-151.516	33
-149.636	35
-147.756	41
-145.877	31
-143.999	31
-142.12	48
-140.242	29
-138.365	48
-136.488	35
-134.611	11
-132.734	34
-130.858	44
-128.983	50
-127.109	29
-125.235	27
-123.36	33
-121.486	44
-119.612	19
-117.738	36
-115.867	39
-113.995	22
-112.122	42
-110.25	37
-108.379	42
-106.51	45
-104.639	45
-102.768	39
-100.898	62
-99.0305	37
-97.1611	36
-95.2921	44
-93.4234	37
-91.5573	29
-89.6894	24
-87.8218	38
-85.9546	40
-84.09	48
-82.2236	32
-80.3575	42
-78.4939	43
-76.6286	42
-74.7636	28
-72.9012	18
-71.037	29
-69.1753	25
-67.3118	31
-65.4487	36
-63.5881	27
-61.7257	38
-59.8658	52
-58.0042	43
-56.1429	16
-54.2841	29
-52.4236	35
-50.5655	38
-48.7057	39
-46.8484	28
-44.9893	54
-43.1328	31
-41.2744	57
-39.4186	49
-37.561	40
-35.7059	13
-33.849	37
-31.9947	30
-30.1385	40
-28.2849	42
-26.4295	46
-24.5766	42
-22.724	45
-20.8697	46
-19.0179	47
-17.1643	47
-15.3132	17
-13.4625	30
-11.61	47
-9.76005	37
-7.90827	53
-6.05902	52
-4.21014	51
-2.35946	51
-0.511303	162
1.33649	1168
3.18608	2492
5.03314	1275
6.87985	251
8.72834	77
10.5743	54
12.4199	36
14.2652	47
16.1122	45
17.9568	44
19.8009	43
21.6447	50
23.4903	41
25.3334	24
27.1761	30
29.0184	39
30.8604	19
32.7042	40
34.5455	68
36.3864	25
38.2269	37
40.0671	49
41.9069	36
43.7485	32
45.5876	26
47.4264	52
49.2647	42
51.1028	50
52.9404	32
54.7777	41
56.6146	56
58.4512	63
60.2874	63
62.1233	72
63.9588	74
65.7961	68
67.6308	63
69.4652	53
71.2993	72
73.133	65
74.9663	68
76.7993	73
78.6319	54
80.4642	62
82.2961	78
84.1276	70
85.9567	60
87.7875	83
89.618	69
91.4481	75
93.2778	71
95.1072	68
96.9362	65
98.7649	64
100.593	53
102.421	99
104.249	74
106.074	68
107.901	72
109.727	44
111.553	87
113.379	57
115.205	86
117.028	78
118.852	88
120.677	73
122.501	64
124.325	71
126.146	77
127.969	62
129.791	80
131.614	68
133.433	63
135.255	42
137.076	57
138.895	48
140.715	74
142.535	65
144.355	77
146.172	54
147.991	68
149.81	53
151.626	68
153.444	50
155.262	37
157.077	70
158.894	62
160.709	44
162.525	65
164.341	72
166.154	67
167.969	77
169.782	60
171.596	70
173.41	54
175.222	53
177.035	62
178.846	64
180.659	79
182.469	59
184.281	74
186.091	75
187.902	66
189.711	59
191.521	61
193.329	65
195.139	67
196.947	65
198.754	59
200.563	58
202.369	68
204.177	53
205.983	56
207.79	63
209.595	47
211.4	58
213.206	56
215.01	54
216.813	55
218.619	53
220.421	57
222.224	58
224.028	53
225.83	67
227.631	66
229.435	70
231.235	73
233.036	80
234.838	71
236.638	63
238.437	65
240.236	50
242.037	54
243.835	33
245.633	45
247.43	76
249.228	73
251.027	81
252.823	44
254.619	54
256.415	70
258.211	66
260.008	72
261.803	50
263.597	67
265.391	61
267.185	63
268.979	72
270.772	33
272.564	73
274.357	46
276.151	57
277.943	50
279.734	62
281.525	42
283.316	55
285.106	60
286.896	53
288.685	51
290.475	75
292.264	55
294.052	52
295.84	56
297.628	89
299.416	81
301.203	63
302.99	66
304.776	58
306.562	74
308.348	72
310.134	55
311.917	49
313.701	85
315.486	67
317.27	64
319.054	63
320.837	60
322.62	46
324.403	64.8739
326.183	55.8636
327.965	62.647
329.747	55.5771
331.528	60.4901
333.309	70.667
335.09	78.6996
336.868	61.687
338.648	76.7944
340.427	60.1375
342.207	72.8795
343.983	64.8768
345.762	72.2293
347.54	53.2056
349.318	66.2039
351.094	44.3827
352.871	64.1855
354.648	68.5737
356.422	57.9393
358.198	58.9204
359.974	51.145
361.75	32.7908
363.523	60.4399
365.297	60.7176
367.072	54.5853
368.844	55.3713
370.618	52.8657
372.389	53.0941
374.162	49.8382
375.935	66.4325
377.705	60.6994
379.477	62.9275
381.247	51.359
383.018	50.7989
384.79	56.5872
386.558	56.5315
388.329	43.8376
390.096	47.9587
391.866	62.0918
393.633	56.7258
395.402	57.1132
397.169	55.2241
398.937	58.2298
400.703	34.2996
402.471	44.8942
404.236	60.8529
406.003	47.3341
407.768	60.9844
409.534	59.5229
411.298	53.738
413.061	57.8953
414.827	62.6714
416.59	49.6033
418.354	52.1402
420.116	40.4207
421.878	57.719
423.642	51.1701
425.403	49.5876
427.164	43.5915
428.926	54.2326
430.687	49.5461
432.449	51.9241
434.208	54.5467
435.967	58.7741
437.726	54.1292
439.487	52.6835
441.245	58.8894
443.002	63.2673
444.762	51.4312
446.519	65.2722
448.276	57.6491
450.032	44.8241
451.791	50.3612
453.546	44.3646
455.302	48.3841
457.057	47.1735
458.812	55.394
460.568	63.9994
462.322	57.3097
464.076	46.3056
465.829	70.467
467.583	48.549
469.335	53.309
471.09	47.5818
472.842	69.5502
474.594	59.0916
476.345	62.4635
478.096	65.6172
479.847	68.0266
481.597	64.2643
483.347	53.5194
485.097	70.9977
486.847	58.0266
488.596	49.4136
490.346	79.7355
492.095	62.8345
493.843	59.6428
495.591	53.6003
497.338	48.6888
499.085	69.8056
500.832	57.5295
502.438	42
504.192	67
505.944	49
507.697	31
509.451	55
511.201	81
512.954	69
514.704	54
516.456	47
518.208	55
519.957	66
521.708	58
523.456	71
525.207	53
526.954	51
528.704	45
530.453	61
532.2	63
533.949	58
535.695	55
537.443	60
539.188	78
540.935	63
542.68	59
544.427	53
546.171	62
547.917	67
549.66	79
551.406	69
553.148	58
554.891	65
556.635	53
558.377	59
560.12	86
561.862	63
563.605	60
565.345	38
567.085	61
568.827	63
570.567	63
572.308	60
574.047	45
575.785	44
577.525	67
579.263	75
581.001	76
582.74	52
584.477	50
586.213	35
587.952	57
589.688	72
591.423	58
593.16	73
594.895	63
596.63	86
598.364	56
600.1	65
601.833	72
603.567	47
605.299	65
607.034	52
608.766	74
610.498	62
612.23	65
613.963	60
615.694	76
617.424	69
619.155	71
620.885	56
622.616	66
624.345	68
626.074	90
627.803	73
629.531	58
631.259	55
632.987	60
634.716	63
636.443	70
638.17	77
639.896	57
641.622	64
643.348	59
645.073	43
646.798	74
648.523	52
650.249	46
651.973	69
653.697	69
655.42	51
657.143	60
658.866	59
660.588	64
662.31	60
664.032	45
665.753	68
667.474	77
669.195	46
670.915	70
672.635	74
674.355	54
676.075	74
677.794	81
679.512	69
681.231	61
682.949	57
684.665	73
686.382	64
688.099	46
689.816	64
691.533	70
693.249	66
694.965	58
696.68	65
698.395	60
700.11	71
701.823	57
703.537	55
705.251	54
706.964	48
708.678	73
710.391	72
712.101	47
713.813	67
715.525	52
717.237	56
718.948	68
720.657	71
722.368	67
724.078	50
725.788	48
727.498	66
729.205	69
730.914	67
732.623	65
734.329	68
736.037	65
737.745	66
739.453	63
741.158	88
742.864	62
744.571	58
746.275	77
747.981	49
749.686	76
751.389	53
753.094	51
754.799	48
756.501	88
758.205	60
759.908	76
761.609	69
763.312	36
765.013	54
766.715	56
768.417	80
770.117	52
771.818	70
773.517	69
775.218	52
776.916	88
778.616	62
780.316	63
782.013	50
783.712	78
785.409	60
787.107	69
788.803	71
790.501	77
792.197	63
793.894	58
795.589	80
797.285	75
798.979	54
800.673	87
802.369	69
804.062	62
805.757	75
807.449	57
809.144	69
810.836	82
812.527	71
814.22	65
815.911	72
817.604	80
819.294	57
820.984	67
822.676	56
824.366	76
826.055	62
827.745	46
829.434	61
831.122	62
832.812	70
834.499	63
836.186	71
837.875	72
839.562	73
841.248	75
842.934	63
844.622	71
846.307	56
847.992	86
849.676	65
851.363	71
853.047	45
854.73	76
856.414	71
858.099	68
859.782	67
861.464	46
863.146	54
864.828	85
866.511	54
868.193	79
869.873	63
871.554	73
873.234	54
874.914	65
876.594	77
878.275	71
879.954	72
881.633	65
883.311	52
884.989	62
886.667	65
888.344	60
890.021	72
891.698	74
893.374	71
895.05	90
896.726	64
898.402	70
900.077	81
901.752	57
903.428	63
905.103	54
906.776	45
908.45	76
910.121	66
911.794	65
913.467	71
915.14	74
916.812	74
918.483	75
920.155	52
921.826	65
923.497	51
925.167	75
926.837	61
928.507	72
930.177	68
931.846	93
933.513	53
935.182	58
936.85	76
938.518	62
940.186	70
941.853	76
943.52	71
945.185	56
946.851	75
948.517	63
950.183	88
951.849	67
953.512	80
955.177	59
956.841	53
958.506	76
960.17	79
961.831	76
963.495	75
965.158	64
966.82	76
968.481	91
970.143	58
971.805	61
973.464	66
975.125	60
976.786	83
978.445	51
980.105	94
981.765	69
983.423	44
985.082	79
986.741	63
988.398	79
990.056	88
991.714	60
993.37	73
995.028	71
996.685	67
998.34	74
999.996	68
1001.65	72
1003.31	75
1004.96	79
1006.62	57
1008.27	62
1009.92	70
1011.58	89
1013.23	73
1014.88	66
1016.53	93
1018.19	81
1019.84	64
1021.49	70
1023.14	69
1024.79	60
1026.44	76
1028.09	72
1029.74	93
1031.39	80
1033.04	68
1034.69	96
1036.34	84
1037.99	48
1039.64	70
1041.28	72
1042.93	82
1044.58	70
1046.22	58
1047.87	75
1049.52	88
1051.16	67
1052.81	75
1054.45	87
1056.1	69
1057.74	80
1059.39	83
1061.03	91
1062.67	53
1064.32	62
1065.96	66
1067.6	79
1069.24	71
1070.89	74
1072.53	51
1074.17	51
1075.81	89
1077.45	71
1079.09	57
1080.73	63
1082.37	65
1084.01	74
1085.65	81
1087.29	78
1088.93	87
1090.57	76
1092.2	61
1093.84	56
1095.48	91
1097.12	81
1098.75	62
1100.39	66
1102.02	78
1103.66	69
1105.29	66
1106.93	87
1108.56	91
1110.2	59
1111.83	64
1113.47	63
1115.1	69
1116.73	53
1118.37	89
1120	72
1121.63	73
1123.26	56
1124.89	78
1126.52	70
1128.15	68
1129.79	56
1131.42	76
1133.05	91
1134.67	93
1136.3	74
1137.93	60
1139.56	72
1141.19	71
1142.82	74
1144.45	77
1146.07	78
1147.7	64
1149.33	83
1150.95	49
1152.58	70
1154.21	89
1155.83	66
1157.46	67
1159.08	70
1160.7	69
1162.33	84
1163.95	75
1165.58	77
1167.2	89
1168.82	64
1170.45	82
1172.07	69
1173.69	72
1175.31	90
1176.93	58
1178.55	69
1180.18	50
1181.8	66
1183.41	73
1185.04	69
1186.66	84
1188.27	81
1189.89	61
1191.51	84
1193.13	86
1194.75	84
1196.37	92
1197.98	60
1199.6	62
1201.22	55
1202.83	78
1204.45	92
1206.06	80
1207.68	63
1209.3	87
1210.91	83
1212.52	72
1214.14	62
1215.75	63
1217.37	75
1218.98	67
1220.59	64
1222.21	73
1223.82	71
1225.43	75
1227.04	87
1228.65	76
1230.26	82
1231.87	75
1233.48	53
1235.1	81
1236.7	76
1238.32	65
1239.92	77
1241.53	76
1243.14	58
1244.75	56
1246.36	68
1247.96	84
1249.57	78
1251.18	63
1252.79	68
1254.39	86
1256	64
1257.61	61
1259.21	63
1260.81	56
1262.42	85
1264.02	68
1265.63	66
1267.23	63
1268.84	66
1270.44	84
1272.04	56
1273.65	87
1275.25	87
1276.85	67
1278.45	44
1280.05	70
1281.65	71
1283.26	89
1284.86	73
1286.46	68
1288.06	75
1289.66	59
1291.25	60
1292.86	78
1294.45	46
1296.05	55
1297.65	59
1299.25	64
1300.85	69
1302.44	61
1304.04	65
1305.64	69
1307.23	72
1308.83	86
1310.42	72
1312.02	52
1313.62	56
1315.21	78
1316.8	67
1318.4	78
1319.99	68
1321.59	44
1323.18	49
1324.77	73
1326.36	83
1327.96	70
1329.55	66
1331.14	96
1332.73	62
1334.32	61
1335.91	89
1337.5	53
1339.09	90
1340.68	67
1342.27	66
1343.86	60
1345.45	42
1347.04	59
1348.63	69
1350.22	57
1351.8	52
1353.39	65
1354.98	61
1356.57	60
1358.15	36
1359.74	70
1361.33	80
1362.91	68
1364.49	80
1366.08	72
1367.67	71
1369.25	72
1370.83	58
1372.42	68
1374	44
1375.58	69
1377.17	64
1378.75	65
1380.33	74
1381.91	70
1383.5	62
1385.08	92
1386.66	76
1388.24	71
1389.82	55
1391.4	59
1392.98	70
1394.56	72
1396.14	95
1397.72	79
1399.3	81
1400.87	59
1402.45	72
1404.03	75
1405.61	77
1407.18	76
1408.76	51
1410.34	56
1411.91	83
1413.49	70
1415.07	68
1416.64	85
1418.22	72
1419.79	61
1421.36	69
1422.94	66
1424.51	88
1426.09	64
1427.66	62
1429.23	80
1430.81	59
1432.38	62
1433.95	66
1435.52	75
1437.09	80
1438.66	85
1440.23	53
1441.8	67
1443.38	55
1444.95	74
1446.52	68
1448.08	78
1449.65	67
1451.22	61
1452.79	69
1454.36	62
1455.93	63
1457.49	61
1459.06	74
1460.63	54
1462.19	59
1463.76	63
1465.33	64
1466.89	47
1468.46	73
1470.02	59
1471.59	89
1473.15	60
1474.72	73
1476.28	40
1477.84	57
1479.41	72
1480.97	68
1482.53	74
1484.1	70
1485.66	58
1487.22	64
1488.78	54
1490.34	61
1491.9	79
1493.47	63
1495.03	66
1496.59	85
1498.15	78
1499.71	65
1501.26	51
1502.82	53
1504.38	76
1505.94	69
1507.5	78
1509.06	61
1510.61	66
1512.17	62
1513.73	74
1515.28	75
1516.84	72
1518.4	61
1519.95	33
1521.51	61
1523.06	79
1524.62	68
1526.17	68
1527.73	82
1529.28	72
1530.83	69
1532.39	86
1533.94	80
1535.49	77
1537.04	60
1538.6	58
1540.15	57
1541.7	56
1543.25	66
1544.8	60
1546.35	67
1547.9	80
1549.45	66
1551	81
1552.55	52
1554.1	33
1555.65	86
1557.2	77
1558.75	58
1560.29	62
1561.84	42
1563.39	79
1564.94	90
1566.48	79
1568.03	67
1569.58	63
1571.12	61
1572.67	73
1574.21	67
1575.76	59
1577.3	71
1578.85	54
1580.39	64
1581.94	69
1583.48	85
1585.02	81
1586.57	55
1588.11	72
1589.65	68
1591.19	82
1592.74	64
1594.28	55
1595.82	68
1597.36	86
1598.9	59
1600.44	58
1601.98	79
1603.52	66
1605.06	57
1606.6	73
1608.14	75
1609.68	65
1611.21	65
1612.75	70
1614.29	64
1615.83	69
1617.37	68
1618.9	74
1620.44	69
1621.98	70
1623.51	86
1625.05	50
1626.58	67
1628.12	68
1629.65	73
1631.19	65
1632.72	59
1634.26	97
1635.79	70
1637.32	66
1638.86	68
1640.39	69
1641.92	78
1643.45	71
1644.99	63
1646.52	54
1648.05	50
1649.58	67
1651.11	69
1652.64	61
1654.17	55
1655.7	69
1657.23	75
1658.76	56
1660.29	78
1661.82	73
1663.35	72
1664.87	65
1666.4	64
1667.93	55
1669.46	80
1670.99	66
1672.51	66
1674.04	64
1675.57	63
1677.09	76
1678.62	61
1680.14	43
1681.67	66
1683.19	59
1684.72	64
1686.24	72
1687.76	83
1689.29	71
1690.81	57
1692.33	88
1693.86	76
1695.38	61
1696.9	55
1698.42	60
1699.94	62
1701.47	64
1702.99	70
1704.51	77
1706.03	62
1707.55	63
1709.07	58
1710.59	69
1712.11	62
1713.63	51
1715.15	81
1716.66	65
1718.18	60
1719.7	53
1721.22	67
1722.73	64
1724.25	70
1725.77	76
1727.29	76
1728.8	71
1730.32	64
1731.83	59
1733.35	64
1734.86	48
1736.38	57
1737.89	80
1739.41	73
1740.92	70
1742.43	64
1743.95	68
1745.46	62
1746.97	54
1748.49	75
1750	68
1751.51	48
1753.02	71
1754.53	45
1756.04	67
1757.56	76
1759.06	56
1760.58	55
1762.09	78
1763.59	51
1765.1	56
1766.61	56
1768.12	59
1769.63	81
1771.14	59
1772.65	62
1774.16	64
1775.66	63
1777.17	66
1778.68	67
1780.18	57
1781.69	36
1783.19	61
1784.7	69
1786.21	63
1787.71	54
1789.22	64
1790.72	52
1792.22	66
1793.73	83
1795.23	49
1796.74	72
1798.24	84
1799.74	69
1801.24	83
1802.75	70
1804.25	56
1805.75	66
1807.25	66
1808.75	59
1810.26	59
1811.76	52
1813.25	65
1814.76	65
1816.26	65
1817.75	63
1819.25	64
1820.75	60
1822.25	70
1823.75	80
1825.25	59
1826.75	64
1828.24	54
1829.74	65
1831.24	68
1832.73	83
1834.23	63.9158
1835.73	64.4791
1837.22	66.2291
1838.72	64.9836
1840.21	58.3031
1841.71	60.295
1843.2	76.2785
1844.7	57.6439
1846.19	71.7223
1847.69	63.4741
1849.18	57.2443
1850.67	78.8214
1852.17	62.73
1853.66	46.4883
1855.15	61.7648
1856.64	43.2579
1858.13	59.243
1859.63	58.0657
1861.12	57.3193
1862.61	56.8867
1864.1	66.2107
1865.59	45.7208
1867.08	63.4428
1868.57	46.7901
1870.06	43.2753
1871.55	63.5154
1873.04	63.9836
1874.53	66.2039
1876.02	51.9458
1877.51	46.5218
1878.99	57.4022
1880.48	59.6668
1881.97	64.3137
1883.46	68.3703
1884.94	57.9274
1886.43	57.2979
1887.92	52.9831
1889.4	46.5314
1890.89	55.8297
1892.37	61.2403
1893.86	69.2081
1895.34	50.3432
1896.83	63.3436
1898.31	48.8565
1899.8	73.0392
1901.28	46.7831
1902.76	56.2123
1904.25	54.8416
1905.73	64.0042
1907.21	58.228
1908.7	48.423
1910.18	62.4394
1911.66	61.1522
1913.14	68.8632
1914.62	56.3976
1916.1	57.5187
1917.59	64.1462
1919.07	49.7452
1920.55	63.8475
1922.03	55.2853
1923.51	51.413
1924.99	46.3461
1926.46	63.1679
1927.94	64.6317
1929.42	55.6928
1930.9	65.3776
1932.38	53.711
1933.86	59.0652
1935.33	58.4693
1936.81	55.5511
1938.29	55.7028
1939.77	64.8616
1941.24	57.2076
1942.72	53.4455
1944.19	48.0975
1945.67	56.3373
1947.15	59.8354
1948.62	53.5067
1950.09	49.7945
1951.57	48.9057
1953.04	59.335
1954.52	66.6673
1955.99	65.6387
1957.47	57.4783
1958.94	56.8797
1960.41	53.3061
1961.88	60.6382
1963.36	53.851
1964.83	65.2712
1966.3	64.7885
1967.77	55.4643
1969.24	61.7805
1970.71	55.7083
1972.18	45.2435
1973.66	48.0626
1975.13	57.1914
1976.59	55.3113
1978.06	38.3091
1979.53	41.5528
1981	59.1034
1982.47	48.7048
1983.19	37
1984.66	66
1986.14	47
1987.61	54
1989.09	78
1990.56	56
1992.03	63
1993.51	45
1994.98	39
1996.46	59
1997.93	56
1999.4	59
2000.87	54
2002.34	57
2003.81	59
2005.29	70
2006.76	45
2008.23	47
2009.7	52
2011.17	31
2012.64	69
2014.11	70
2015.58	57
2017.05	72
2018.52	65
2019.98	68
2021.45	59
2022.92	52
2024.39	70
2025.86	56
2027.32	52
2028.79	55
2030.26	66
2031.72	59
2033.19	54
2034.66	66
2036.12	79
2037.59	55
2039.05	59
2040.52	83
2041.98	53
2043.44	49
2044.91	61
2046.37	61
2047.84	65
2049.3	74
2050.76	60
2052.23	70
2053.69	52
2055.15	54
2056.61	69
2058.07	80
2059.53	47
2061	54
2062.46	57
2063.92	64
2065.38	50
2066.84	55
2068.3	63
2069.76	70
2071.21	62
2072.67	79
2074.13	49
2075.59	57
2077.05	69
2078.51	63
2079.96	51
2081.42	48
2082.88	74
2084.34	44
2085.79	77
2087.25	77
2088.7	64
2090.16	71
2091.61	62
2093.07	72
2094.53	82
2095.98	72
2097.43	59
2098.89	57
2100.34	56
2101.8	55
2103.25	78
2104.7	71
2106.16	76
2107.61	48
2109.06	73
2110.51	73
2111.96	69
2113.42	46
2114.87	58
2116.32	68
2117.77	62
2119.22	72
2120.67	67
2122.12	57
2123.57	68
2125.02	59
2126.47	74
2127.92	73
2129.36	56
2130.81	60
2132.26	63
2133.71	67
2135.15	60
2136.6	56
2138.05	68
2139.5	73
2140.94	77
2142.39	66
2143.83	66
2145.28	64
2146.73	48
2148.17	38
2149.61	59
2151.06	57
2152.5	64
2153.95	72
2155.39	55
2156.84	63
2158.28	64
2159.72	78
2161.16	72
2162.61	57
2164.05	65
2165.49	72
2166.93	59
2168.38	72
2169.82	84
2171.26	58
2172.7	74
2174.14	65
2175.58	76
2177.02	70
2178.46	53
2179.9	75
2181.34	56
2182.77	46
2184.21	65
2185.65	56
2187.09	41
2188.53	80
2189.96	59
2191.4	78
2192.84	84
2194.27	66
2195.71	88
2197.15	51
2198.58	53
2200.02	66
2201.46	67
2202.89	70
2204.32	69
2205.76	70
2207.19	73
2208.63	87
2210.06	51
2211.5	64
2212.93	89
2214.36	72
2215.8	65
2217.23	39
2218.66	68
2220.09	58
2221.52	64
2222.96	76
2224.39	59
2225.82	58
2227.25	77
2228.68	64
2230.11	84
2231.54	73
2232.97	67
2234.4	60
2235.83	80
2237.26	82
2238.68	80
2240.11	61
2241.54	54
2242.97	58
2244.4	73
2245.82	84
2247.25	62
2248.68	65
2250.1	63
2251.53	60
2252.96	44
2254.38	55
2255.81	50
2257.23	65
2258.66	46
2260.08	72
2261.51	81
2262.93	47
2264.35	72
2265.78	67
2267.2	66
2268.63	70
2270.05	63
2271.47	70
2272.89	79
2274.32	69
2275.74	63
2277.16	69
2278.58	51
2280	55
2281.42	64
2282.84	49
2284.26	62
2285.68	67
2287.1	65
2288.52	58
2289.94	54
2291.36	65
2292.78	83
2294.2	70
2295.62	63
2297.04	57
2298.45	66
2299.87	77
2301.29	59
2302.71	75
2304.12	54
2305.54	65
2306.96	62
2308.37	85
2309.79	65
2311.2	55
2312.62	74
2314.03	69
2315.45	62
2316.86	48
2318.28	75
2319.69	59
2321.1	58
2322.52	67
2323.93	69
2325.34	71
2326.76	49
2328.17	65
2329.58	79
2330.99	69
2332.41	49
2333.82	66
2335.23	60
2336.64	73
2338.05	58
2339.46	56
2340.87	59
2342.28	62
2343.69	72
2345.1	67
2346.51	58
2347.92	73
2349.32	69
2350.73	50
2352.14	57
2353.55	79
2354.96	58
2356.36	66
2357.77	45
2359.18	80
2360.58	79
2361.99	63
2363.4	59
2364.8	66
2366.21	38
2367.61	55
2369.02	71
2370.42	67
2371.83	69
2373.23	71
2374.64	87
2376.04	67
2377.44	75
2378.85	86
2380.25	73
2381.65	47
2383.05	63
2384.46	89
2385.86	83
2387.26	56
2388.66	65
2390.06	81
2391.47	90
2392.87	57
2394.27	64
2395.67	54
2397.07	50
2398.47	75
2399.87	86
2401.26	86
2402.66	81
2404.06	75
2405.46	71
2406.86	85
2408.26	75
2409.66	70
2411.05	77
2412.45	71
2413.85	66
2415.24	71
2416.64	67
2418.04	64
2419.43	75
2420.83	77
2422.22	73
2423.62	107
2425.01	74
2426.41	67
2427.8	72
2429.2	84
2430.59	67
2431.99	75
2433.38	61
2434.77	66
2436.16	86
2437.56	55
2438.95	75
2440.34	74
2441.73	51
2443.13	75
2444.52	55
2445.91	81
2447.3	71
2448.69	69
2450.08	91
2451.47	73
2452.86	54
2454.25	75
2455.64	48
2457.03	45
2458.42	60
2459.81	73
2461.2	71
2462.58	72
2463.97	62
2465.36	70
2466.75	62
2468.13	73
2469.52	74
2470.91	55
2472.29	71
2473.68	83
2475.07	78
2476.45	85
2477.84	71
2479.22	73
2480.61	65
2481.99	73
2483.38	80
2484.76	79
2486.15	62
2487.53	56
2488.91	64
2490.3	66
2491.68	61
2493.06	59
2494.44	64
2495.83	66
2497.21	53
2498.59	68
2499.97	55
2501.35	70
2502.73	57
2504.11	58
2505.5	70
2506.88	69
2508.26	67
2509.64	68
2511.01	43
2512.4	65
2513.77	74
2515.15	57
2516.53	76
2517.91	47
2519.29	84
2520.67	59
2522.04	62
2523.42	64
2524.8	85
2526.17	60
2527.55	81
2528.93	71
2530.3	46
2531.68	68
2533.06	66
2534.43	58
2535.8	83
2537.18	75
2538.56	70
2539.93	65
2541.3	65
2542.68	73
2544.05	77
2545.42	65
2546.8	62
2548.17	62
2549.54	62
2550.91	72
2552.29	70
2553.66	55
2555.03	53
2556.4	61
2557.77	66
2559.14	53
2560.51	53
2561.89	62
2563.26	62
2564.63	67
2566	60
2567.37	70
2568.73	79
2570.1	57
2571.47	73
2572.84	76
2574.21	75
2575.58	79
2576.94	64
2578.31	72
2579.68	84
2581.05	65
2582.41	75
2583.78	82
2585.15	70
2586.51	72
2587.88	62
2589.24	67
2590.61	67
2591.97	67
2593.34	52
2594.7	77
2596.07	69
2597.43	71
2598.8	79
2600.16	46
2601.52	80
2602.89	72
2604.25	65
2605.61	69
2606.97	71
2608.34	72
2609.7	52
2611.06	70
2612.42	80
2613.78	49
2615.14	64
2616.5	68
2617.86	55
2619.22	70
2620.58	68
2621.95	58
2623.3	52
2624.66	65
2626.02	77
2627.38	92
2628.74	53
2630.1	52
2631.46	88
2632.81	60
2634.17	76
2635.53	66
2636.89	60
2638.24	66
2639.6	70
2640.96	70
2642.31	79
2643.67	70
2645.02	61
2646.38	59
2647.73	69
2649.09	77
2650.44	51
2651.8	74
2653.15	53
2654.51	66
2655.86	72
2657.21	71
2658.57	63
2659.92	54
2661.27	83
2662.63	74
2663.98	67
2665.33	65
2666.68	59
2668.03	73
2669.38	75
2670.73	61
2672.09	82
2673.44	71
2674.79	72
2676.14	59
2677.49	72
2678.84	79
2680.18	47
2681.53	76
2682.88	67
2684.23	86
2685.58	85
2686.93	73
2688.28	58
2689.63	69
2690.97	79
2692.32	58
2693.67	74
2695.01	49
2696.36	82
2697.71	81
2699.05	69
2700.4	73
2701.74	60
2703.09	71
2704.43	66
2705.78	74
2707.12	72
2708.47	68
2709.81	51
2711.16	59
2712.5	79
2713.84	66
2715.19	62
2716.53	61
2717.87	59
2719.21	79
2720.56	89
2721.9	51
2723.24	84
2724.58	53
2725.92	47
2727.26	60
2728.6	63
2729.94	72
2731.28	54
2732.63	65
2733.96	60
2735.3	65
2736.64	84
2737.98	73
2739.32	90
2740.66	36
2742	72
2743.34	62
2744.68	86
2746.01	77
2747.35	70
2748.69	54
2750.03	79
2751.36	63
2752.7	60
2754.04	75
2755.37	67
2756.71	71
2758.04	65
2759.38	64
2760.71	49
2762.05	89
2763.38	67
2764.72	80
2766.05	66
2767.38	90
2768.72	80
2770.05	75
2771.39	74
2772.72	83
2774.05	69
2775.38	70
2776.72	71
2778.05	55
2779.38	77
2780.71	74
2782.04	69
2783.37	67
2784.7	67
2786.04	84
2787.37	65
2788.7	68
2790.03	65
2791.36	79
2792.68	72
2794.01	78
2795.34	72
2796.67	62
2798	67
2799.33	62
2800.66	99
2801.99	60
2803.31	73
2804.64	63
2805.97	75
2807.29	81
2808.62	84
2809.95	74
2811.27	101
2812.6	61
2813.93	50
2815.25	74
2816.58	65
2817.9	80
2819.23	74
2820.55	61
2821.88	83
2823.2	76
2824.52	64
2825.85	89
2827.17	54
2828.49	53
2829.82	74
2831.14	68
2832.46	84
2833.78	71
2835.11	48
2836.43	67
2837.75	64
2839.07	62
2840.39	63
2841.71	70
2843.03	63
2844.35	92
2845.67	71
2846.99	73
2848.31	55
2849.63	51
2850.95	68
2852.27	65
2853.59	86
2854.91	77
2856.23	81
2857.54	50
2858.86	72
2860.18	73
2861.5	86
2862.81	62
2864.13	67
2865.45	80
2866.76	32
2868.08	69
2869.4	75
2870.71	65
2872.03	62
2873.34	64
2874.66	62
2875.97	81
2877.29	72
2878.6	67
2879.92	74
2881.23	77
2882.54	78
2883.86	82
2885.17	67
2886.48	95
2887.8	66
2889.11	91
2890.42	43
2891.73	65
2893.04	61
2894.36	61
2895.67	77
2896.98	73
2898.29	52
2899.6	90
2900.91	68
2902.22	80
2903.53	80
2904.84	72
2906.15	51
2907.46	70
2908.77	76
2910.08	66
2911.39	58
2912.69	63
2914	89
2915.31	62
2916.62	79
2917.93	63
2919.23	79
2920.54	72
2921.85	57
2923.15	69
2924.46	75
2925.77	71
2927.07	78
2928.38	88
2929.68	58
2930.99	59
2932.29	77
2933.6	63
2934.9	56
2936.21	65
2937.51	95
2938.81	58
2940.12	79
2941.42	52
2942.72	80
2944.03	55
2945.33	67
2946.63	77
2947.93	74
2949.24	72
2950.54	45
2951.84	77
2953.14	72
2954.44	81
2955.74	56
2957.04	72
2958.34	62
2959.64	78
2960.94	78
2962.24	66
2963.54	68
2964.84	75
2966.14	95
2967.44	73
2968.74	73
2970.04	76
2971.33	69
2972.63	55
2973.93	84
2975.23	70
2976.53	62
2977.82	92
2979.12	63
2980.42	68
2981.71	63
2983.01	67
2984.3	74
2985.6	59
2986.89	56
2988.19	61
2989.48	57
2990.78	79
2992.07	85
2993.37	86
2994.66	58
2995.96	66
2997.25	73
2998.54	68
2999.84	59
3001.13	65
3002.42	59
3003.71	64
3005.01	86
3006.3	63
3007.59	62
3008.88	89
3010.17	72
3011.46	79
3012.75	65
3014.05	59
3015.34	72
3016.63	92
3017.92	65
3019.21	68
3020.5	63
3021.78	88
3023.07	86
3024.36	72
3025.65	76
3026.94	57
3028.23	66
3029.52	79
3030.8	48
3032.09	72
3033.38	64
3034.67	55
3035.95	73
3037.24	68
3038.52	84
3039.81	78
3041.1	79
3042.38	72
3043.67	76
3044.95	62
3046.24	73
3047.52	59
3048.81	68
3050.09	78
3051.38	69
3052.66	88
3053.94	63
3055.23	60
3056.51	77
3057.79	76
3059.08	70
3060.36	77
3061.64	56
3062.92	64
3064.21	70
3065.49	67
3066.77	76
3068.05	68
3069.33	64
3070.61	71
3071.89	73
3073.17	86
3074.45	78
3075.73	64
3077.01	65
3078.29	56
3079.57	69
3080.85	75
3082.13	66
3083.41	62
3084.69	82
3085.96	72
3087.24	81
3088.52	71
3089.8	63
3091.08	81
3092.35	76
3093.63	96
3094.9	71
3096.18	73
3097.46	72
3098.73	80
3100.01	86
3101.28	77
3102.56	70
3103.83	66
3105.11	88
3106.38	73
3107.66	82
3108.93	73
3110.21	77
3111.48	92
3112.75	81.9032
3114.03	72.9421
3115.3	67.8307
3116.57	73.0244
3117.85	67.1356
3119.12	47.7316
3120.39	63.705
3121.66	97.2696
3122.93	68.4039
3124.21	69.4132
3125.48	66.8406
3126.75	69.1385
3128.02	84.1043
3129.29	74.3381
3130.56	93.6113
3131.83	53.5058
3133.1	60.9968
3134.37	79.935
3135.64	70.329
3136.91	67.9381
3138.18	69.4246
3139.45	77.8587
3140.72	78.9499
3141.98	77.8322
3143.25	73.4579
3144.52	66.1737
3145.79	60.8707
3147.05	60.0757
3148.32	62.6582
3149.59	76.1566
3150.86	77.4072
3152.12	80.5205
3153.39	74.9555
3154.66	81.2553
3155.92	90.93
3157.19	78.9059
3158.45	92.4343
3159.72	71.2244
3160.98	66.5464
3162.25	79.2674
3163.51	63
3164.78	65.5443
3166.04	71.6329
3167.31	71.3401
3168.57	73.2066
3169.83	79.8843
3171.1	68.1121
3172.36	62.8285
3173.62	66.1309
3174.89	60.9667
3176.15	70.6942
3177.41	66.9328
3178.67	68.2749
3179.93	82.1145
3181.2	68.4532
3182.46	77.8809
3183.72	80.7499
3184.98	69.0445
3186.24	74.5189
3187.5	51.4815
3188.76	69.7404
3190.02	74.6893
3191.28	62.2069
3192.54	69.5716
3193.8	83.0302
3195.06	76.5733
3196.32	70.32
3197.58	74.5201
3198.84	71.245
3200.09	66.1526
3201.35	67.0152
3202.61	73.8926
3203.87	84.7718
3205.13	72.8537
3206.38	67.423
3207.64	81.6155
3208.9	69.9043
3210.15	75.664
3211.41	57.9789
3212.67	64.4096
3213.92	71.5949
3215.18	65.5763
3216.43	61.4118
3217.69	78.4338
3218.94	72.9864
3220.2	67.8017
3221.45	72.4313
3222.71	65.6946
3223.96	63.8391
3225.22	68.4157
3226.47	101.299
3227.72	77.4438
3228.98	44.253
3230.23	77.5806
3231.48	75.6644
3232.74	56.1695
3233.99	63.7845
3235.24	74.8193
3236.49	79.9709
3237.74	96.4339
3237.78	97
3239.03	91
3240.29	79
3241.55	57
3242.81	62
3244.06	68
3245.32	81
3246.58	65
3247.83	72
3249.09	79
3250.34	80
3251.6	82
3252.86	84
3254.11	88
3255.37	75
3256.62	50
3257.87	77
3259.13	74
3260.38	94
3261.64	81
3262.89	83
3264.14	52
3265.4	61
3266.65	67
3267.9	84
3269.16	75
3270.41	74
3271.66	96
3272.91	91
3274.16	92
3275.41	83
3276.67	77
3277.92	74
3279.17	85
3280.42	88
3281.67	83
3282.92	70
3284.17	93
3285.42	90
3286.67	78
3287.92	95
3289.17	75
3290.41	58
3291.66	89
3292.91	91
3294.16	99
3295.41	103
3296.66	93
3297.9	98
3299.15	79
3300.4	91
3301.65	89
3302.89	72
3304.14	73
3305.39	81
3306.63	73
3307.88	94
3309.12	82
3310.37	76
3311.61	102
3312.86	102
3314.1	71
3315.35	97
3316.59	82
3317.84	63
3319.08	81
3320.32	79
3321.57	94
3322.81	97
3324.05	89
3325.3	94
3326.54	75
3327.78	89
3329.02	104
3330.27	92
3331.51	61
3332.75	87
3333.99	90
3335.23	76
3336.47	84
3337.72	90
3338.96	103
3340.2	79
3341.44	96
3342.68	112
3343.92	83
3345.16	87
3346.4	103
3347.64	94
3348.87	78
3350.11	103
3351.35	101
3352.59	63
3353.83	109
3355.07	91
3356.3	97
3357.54	100
3358.78	71
3360.02	92
3361.25	101
3362.49	78
3363.73	52
3364.96	99
3366.2	80
3367.43	108
3368.67	105
3369.9	112
3371.14	91
3372.37	108
3373.61	104
3374.84	106
3376.08	58
3377.31	79
3378.55	96
3379.78	118
3381.01	81
3382.25	105
3383.48	69
3384.71	82
3385.95	83
3387.18	102
3388.41	98
3389.64	82
3390.87	103
3392.11	101
3393.34	101
3394.57	107
3395.8	101
3397.03	99
3398.26	88
3399.49	78
3400.72	83
3401.95	106
3403.18	97
3404.41	96
3405.64	97
3406.87	103
3408.1	85
3409.33	98
3410.56	84
3411.78	96
3413.01	73
3414.24	96
3415.47	87
3416.69	110
3417.92	90
3419.15	92
3420.38	112
3421.6	95
3422.83	103
3424.06	117
3425.28	96
3426.51	112
3427.73	111
3428.96	109
3430.18	104
3431.41	100
3432.63	96
3433.86	93
3435.08	106
3436.31	96
3437.53	100
3438.75	106
3439.98	116
3441.2	107
3442.42	124
3443.65	116
3444.87	113
3446.09	104
3447.31	113
3448.54	98
3449.76	96
3450.98	98
3452.2	104
3453.42	124
3454.64	113
3455.86	114
3457.09	103
3458.31	120
3459.53	106
3460.75	94
3461.97	121
3463.19	95
3464.41	114
3465.63	111
3466.84	99
3468.06	128
3469.28	121
3470.5	107
3471.72	105
3472.94	91
3474.15	102
3475.37	120
3476.59	91
3477.81	104
3479.02	89
3480.24	127
3481.46	108
3482.67	105
3483.89	124
3485.1	102
3486.32	87
3487.54	126
3488.75	118
3489.97	122
3491.18	111
3492.4	113
3493.61	107
3494.82	113
3496.04	121
3497.25	119
3498.47	122
3499.68	105
3500.89	130
3502.11	102
3503.32	119
3504.53	105
3505.74	118
3506.96	127
3508.17	135
3509.38	131
3510.59	136
3511.8	125
3513.01	121
3514.23	125
3515.44	115
3516.65	134
3517.86	106
3519.07	128
3520.28	110
3521.49	117
3522.7	115
3523.91	103
3525.12	128
3526.33	119
3527.53	134
3528.74	127
3529.95	119.5
3531.16	112
3532.37	135
3533.57	119
3534.78	121
3535.99	110
3537.2	144
3538.4	93
3539.61	153
3540.82	138
3542.02	145
3543.23	120
3544.44	116
3545.64	108
3546.85	127
3548.05	112
3549.26	116
3550.46	122
3551.67	142
3552.87	139
3554.08	130
3555.28	132
3556.48	133
3557.69	109
3558.89	139
3560.1	141
3561.3	130
3562.5	134
3563.7	136
3564.91	127
3566.11	132
3567.31	137
3568.51	123
3569.71	126
3570.92	129
3572.12	126
3573.32	120
3574.52	131
3575.72	127
3576.92	138
3578.12	125
3579.32	112
3580.52	139
3581.72	117
3582.92	149
3584.12	124
3585.32	120
3586.52	131
3587.72	120
3588.92	130
3590.11	138
3591.31	118
3592.51	125
3593.71	118
3594.9	119
3596.1	137
3597.3	131
3598.5	138
3599.69	153
3600.89	125
3602.09	146
3603.28	137
3604.48	145
3605.67	148
3606.87	118
3608.06	139
3609.26	138
3610.45	124
3611.65	130
3612.84	137
3614.04	147
3615.23	141
3616.43	126
3617.62	133
3618.81	140
3620.01	139
3621.2	142
3622.39	135
3623.58	162
3624.78	134
3625.97	143
3627.16	133
3628.35	123
3629.55	147
3630.74	151
3631.93	133
3633.12	168
3634.31	153
3635.5	149
3636.69	161
3637.88	134
3639.07	156
3640.26	144
3641.45	128
3642.64	140
3643.83	177
3645.02	146
3646.21	138
3647.4	156
3648.58	156
3649.77	142
3650.96	119
3652.15	159
3653.34	128
3654.53	130
3655.71	159
3656.9	161
3658.09	137
3659.27	140
3660.46	153
3661.65	147
3662.83	118
3664.02	156
3665.2	134
3666.39	134
3667.58	165
3668.76	147
3669.94	126
3671.13	165
3672.31	145
3673.5	122
3674.68	157
3675.87	151
3677.05	152
3678.23	172
3679.42	157
3680.6	162
3681.78	131
3682.97	126
3684.15	152
3685.33	160
3686.51	127
3687.7	165
3688.88	157
3690.06	162
3691.24	154
3692.42	163
3693.6	166
3694.78	166
3695.96	135
3697.14	159
3698.33	157
3699.5	171
3700.69	151
3701.86	141
3703.04	165
3704.22	170
3705.4	153
3706.58	137
3707.76	168
3708.94	160
3710.12	173
3711.29	148
3712.47	170
3713.65	142
3714.83	142
3716	158
3717.18	156
3718.36	189
3719.54	155
3720.71	151
3721.89	139
3723.06	162
3724.24	172
3725.42	151
3726.59	147
3727.77	159
3728.94	181
3730.12	174
3731.29	187
3732.47	163
3733.64	157
3734.82	142
3735.99	147
3737.16	171
3738.34	181
3739.51	168
3740.68	161
3741.86	187
3743.03	177
3744.2	140
3745.37	162
3746.55	164
3747.72	157
3748.89	178
3750.06	184
3751.23	179
3752.4	170
3753.58	196
3754.75	169
3755.92	158
3757.09	163
3758.26	185
3759.43	188
3760.6	182
3761.77	195
3762.94	181
3764.11	192
3765.28	192
3766.44	177
3767.61	165
3768.78	182
3769.95	174
3771.12	178
3772.29	170
3773.45	170
3774.62	195
3775.79	179
3776.96	197
3778.12	187
3779.29	187
3780.46	181
3781.62	187
3782.79	192
3783.95	171
3785.12	177
3786.29	178
3787.45	197
3788.62	202
3789.78	173
3790.95	192
3792.11	183
3793.28	182
3794.44	193
3795.6	168
3796.77	160
3797.93	171
3799.1	195
3800.26	202
3801.42	198
3802.58	180
3803.75	211
3804.91	187
3806.07	191
3807.23	187
3808.4	208
3809.56	189
3810.72	205
3811.88	181
3813.04	213
3814.2	200
3815.36	188
3816.52	194
3817.69	182
3818.84	168
3820.01	194
3821.17	188
3822.32	181
3823.48	205
3824.64	208
3825.8	197
3826.96	202
3828.12	200
3829.28	206
3830.44	170
3831.6	180
3832.75	187
3833.91	212
3835.07	181
3836.23	201
3837.38	218
3838.54	183
3839.7	198
3840.85	206
3842.01	216
3843.17	201
3844.32	203
3845.48	199
3846.63	165
3847.79	206
3848.94	208
3850.1	211
3851.25	243
3852.41	240
3853.56	199
3854.72	228
3855.87	199
3857.03	219
3858.18	214
3859.33	205
3860.49	214
3861.64	201
3862.79	225
3863.95	217
3865.1	224
3866.25	191
3867.4	192
3868.55	196
3869.71	218
3870.86	216
3872.01	251
3873.16	198
3874.31	196
3875.46	209
3876.61	230
3877.76	227
3878.91	239
3880.06	200
3881.21	212
3882.36	227
3883.51	221
3884.66	233
3885.81	230
3886.96	204
3888.11	223
3889.26	208
3890.41	210
3891.55	225
3892.7	210
3893.85	235
3895	218
3896.15	231
3897.29	208
3898.44	211
3899.59	231
3900.73	217
3901.88	235
3903.03	240
3904.17	233
3905.32	225
3906.47	236
3907.61	235
3908.76	218
3909.9	242
3911.05	230
3912.19	234
3913.34	209
3914.48	245
3915.62	209
3916.77	233
3917.91	229
3919.06	226
3920.2	220
3921.34	210
3922.49	228
3923.63	234
3924.77	215
3925.91	242
3927.06	223
3928.2	232
3929.34	219
3930.48	225
3931.62	251
3932.77	233
3933.91	228
3935.05	257
3936.19	230
3937.33	243
3938.47	248
3939.61	260
3940.75	244
3941.89	247
3943.03	259
3944.17	268
3945.31	278
3946.45	236
3947.59	265
3948.73	241
3949.86	242
3951	281
3952.14	274
3953.28	260
3954.42	238
3955.56	261
3956.69	260
3957.83	269
3958.97	258
3960.1	273
3961.24	268
3962.38	248
3963.51	274
3964.65	249
3965.79	272
3966.92	264
3968.06	276
3969.19	247
3970.33	258
3971.46	276
3972.6	262
3973.73	264
3974.87	269
3976	287
3977.14	272
3978.27	281
3979.4	272
3980.54	268
3981.67	279
3982.8	248
3983.94	268
3985.07	270
3986.2	266
3987.34	277
3988.47	280
3989.6	258
3990.73	279
3991.86	281
3993	270
3994.13	304
3995.26	261
3996.39	323
3997.52	274
3998.65	305
3999.78	262
4000.91	274
4002.04	299
4003.17	279
4004.3	272
4005.43	271
4006.56	289
4007.69	299
4008.82	263
4009.95	298
4011.07	281
4012.2	290
4013.33	289
4014.46	319
4015.59	293
4016.72	326
4017.84	307
4018.97	276
4020.1	311
4021.22	302
4022.35	305
4023.48	311
4024.6	286
4025.73	315
4026.86	305
4027.98	322
4029.11	305
4030.23	299
4031.36	313
4032.48	328
4033.61	331
4034.73	324
4035.86	309
4036.98	314
4038.11	316
4039.23	317
4040.35	324
4041.48	348
4042.6	331
4043.73	318
4044.85	346
4045.97	334
4047.09	326
4048.22	339
4049.34	339
4050.46	357
4051.58	325
4052.7	323
4053.83	333
4054.95	345
4056.07	344
4057.19	346
4058.31	367
4059.43	362
4060.55	358
4061.67	374
4062.79	355
4063.91	359
4065.03	393
4066.15	363
4067.27	365
4068.39	377
4069.51	369
4070.63	382
4071.75	367
4072.86	394
4073.98	386
4075.1	400
4076.22	405
4077.34	407
4078.45	375
4079.57	367
4080.69	376
4081.81	384
4082.92	393
4084.04	409
4085.16	391
4086.27	386
4087.39	402
4088.51	422
4089.62	396
4090.74	391
4091.85	389
4092.97	403
4094.08	401
4095.2	396
4096.31	369
4097.43	400
4098.54	383
4099.65	428
4100.77	400
4101.88	398
4103	396
4104.11	409
4105.22	400
4106.34	432
4107.45	461
4108.56	378
4109.67	416
4110.79	408
4111.9	440
4113.01	402
4114.12	421
4115.23	430
4116.34	420
4117.46	428
4118.57	413
4119.68	438
4120.79	421
4121.9	454
4123.01	444
4124.12	438
4125.23	439
4126.34	434
4127.45	419
4128.56	398
4129.67	445
4130.78	435
4131.89	451
4132.99	429
4134.1	411
4135.21	454
4136.32	457
4137.43	473
4138.54	398
4139.64	425
4140.75	417
4141.86	450
4142.96	416
4144.07	433
4145.18	430
4146.29	432
4147.39	457
4148.5	468
4149.6	418
4150.71	445
4151.82	478
4152.92	450
4154.03	452
4155.13	495
4156.24	462
4157.34	431
4158.44	459
4159.55	458
4160.65	455
4161.76	453
4162.86	475
4163.97	463
4165.07	479
4166.17	459
4167.27	458
4168.38	459
4169.48	471
4170.58	443
4171.69	451
4172.79	481
4173.89	501
4174.99	495
4176.09	473
4177.2	487
4178.3	470
4179.4	502
4180.5	479
4181.6	476
4182.7	483
4183.8	471
4184.9	495
4186	493
4187.1	494
4188.2	511
4189.3	497
4190.4	495
4191.5	466
4192.6	523
4193.7	475
4194.8	498
4195.89	491
4196.99	489
4198.09	501
4199.19	483
4200.29	515
4201.38	525
4202.48	498
4203.58	484
4204.68	495
4205.77	489
4206.87	462.181
4207.97	490.922
4209.06	500.515
4210.16	493.01
4211.25	497.534
4212.35	518.143
4213.45	511.295
4214.54	499.33
4215.64	522.579
4216.73	516.476
4217.83	498.228
4218.92	538.418
4220.02	551.273
4221.11	496.328
4222.2	514.908
4223.3	542.136
4224.39	531.386
4225.49	528.347
4226.58	504.787
4227.67	539.783
4228.77	534.6
4229.86	525.545
4230.95	520.15
4232.05	531.287
4233.14	510.153
4234.23	530.416
4235.32	529.236
4236.41	500.343
4237.51	513.761
4238.6	534.099
4239.69	523.424
4240.78	507.273
4241.87	525.598
4242.96	530.421
4244.05	524.742
4245.14	517.821
4246.23	515.751
4247.32	523.686
4248.41	544.909
4249.5	499.789
4250.59	517.127
4251.68	491.272
4252.77	519.947
4253.86	508.244
4254.95	508.612
4256.04	519.785
4257.13	545.167
4258.22	517.693
4259.3	519.779
4260.39	521.383
4261.48	528.138
4262.57	521.036
4263.66	516.878
4264.74	540.116
4265.83	508.686
4266.92	493.365
4268	512.684
4269.09	502.875
4270.18	518.497
4271.26	507.147
4272.35	509.207
4273.44	529.069
4274.52	532.584
4275.61	530.699
4276.69	535.691
4277.78	520.713
4278.86	514.648
4279.95	521.676
4281.03	505.052
4282.12	512.486
4283.2	534.866
4284.28	529.034
4285.37	526.636
4286.45	535.222
4287.54	510.246
4288.62	522.646
4289.7	508.285
4290.79	511.611
4291.87	524.077
4292.95	502.434
4294.04	523.215
4295.12	519.847
4296.2	513.464
4297.28	525.638
4298.36	515.051
4299.45	494.112
4300.53	505.705
4301.61	533.834
4302.69	530.97
4303.77	527.117
4304.85	503.371
4305.93	528.587
4307.01	528.957
4308.09	511.935
4309.17	527.141
4310.25	539.169
4311.33	531.971
4312.41	542.976
4313.49	535.188
4314.57	548.552
4314.9	557
4315.98	514
4317.07	541
4318.15	525
4319.23	564
4320.32	530
4321.4	533
4322.49	530
4323.57	572
4324.65	546
4325.74	529
4326.82	558
4327.9	591
4328.98	526
4330.07	515
4331.15	536
4332.23	551
4333.31	491
4334.39	523
4335.48	527
4336.56	570
4337.64	559
4338.72	573
4339.8	555
4340.88	539
4341.96	547
4343.04	549
4344.12	556
4345.2	539
4346.28	577
4347.36	553
4348.44	556
4349.52	588
4350.6	557
4351.68	562
4352.75	532
4353.83	582
4354.91	560
4355.99	586
4357.07	559
4358.15	552
4359.22	611
4360.3	538
4361.38	567
4362.46	581
4363.53	554
4364.61	559
4365.69	549
4366.76	557
4367.84	572
4368.91	563
4369.99	579
4371.07	562
4372.14	572
4373.22	586
4374.29	587
4375.37	597
4376.44	559
4377.52	560
4378.59	577
4379.67	565
4380.74	546
4381.82	571
4382.89	558
4383.96	582
4385.04	584
4386.11	553
4387.18	563
4388.26	591
4389.33	543
4390.4	572
4391.47	564
4392.55	553
4393.62	581
4394.69	545
4395.76	564
4396.83	614
4397.91	570
4398.98	586
4400.05	570
4401.12	572
4402.19	595
4403.26	577
4404.33	537
4405.4	589
4406.47	580
4407.54	599
4408.61	572
4409.68	564
4410.75	566
4411.82	572
4412.89	581
4413.96	624
4415.03	600
4416.1	593
4417.16	558
4418.23	542
4419.3	610
4420.37	584
4421.44	604
4422.5	553
4423.57	583
4424.64	569
4425.71	582
4426.77	584
4427.84	578
4428.91	557
4429.97	550
4431.04	597
4432.11	594
4433.17	599
4434.24	590
4435.3	591
4436.37	594
4437.43	585
4438.5	611
4439.56	595
4440.63	581
4441.69	605
4442.76	572
4443.82	613
4444.89	557
4445.95	604
4447.01	588
4448.08	590
4449.14	588
4450.2	588
4451.27	608
4452.33	568
4453.39	625
4454.46	604
4455.52	592
4456.58	606
4457.64	648
4458.7	618
4459.77	626
4460.83	600
4461.89	647
4462.95	642
4464.01	639
4465.07	653
4466.13	656
4467.19	643
4468.25	671
4469.31	647
4470.37	670
4471.43	644
4472.49	691
4473.55	719
4474.61	713
4475.67	731
4476.73	738
4477.79	751
4478.85	787
4479.91	804
4480.97	767
4482.02	809
4483.08	863
4484.14	895
4485.2	914
4486.25	963
4487.31	996
4488.37	1017
4489.43	1041
4490.48	1059
4491.54	1073
4492.6	1076
4493.65	1054
4494.71	1080
4495.77	1023
4496.82	1058
4497.88	1050
4498.93	1079
4499.99	1018
4501.04	1025
4502.1	1075
4503.15	1089
4504.21	1099
4505.26	1101
4506.32	1120
4507.37	1159
4508.43	1168
4509.48	1147
4510.53	1196
4511.59	1180
4512.64	1125
4513.69	1140
4514.75	1107
4515.8	1050
4516.85	1086
4517.9	1054
4518.96	1056
4520.01	1043
4521.06	1009
4522.11	1015
4523.16	971
4524.22	928
4525.27	935
4526.32	940
4527.37	957
4528.42	949
4529.47	906
4530.52	931
4531.57	918
4532.62	844
4533.67	872
4534.72	883
4535.77	901
4536.82	871
4537.87	884
4538.92	856
4539.97	841
4541.02	866
4542.07	889
4543.12	858
4544.17	844
4545.21	860
4546.26	859
4547.31	850
4548.36	847
4549.4	860
4550.45	830
4551.5	857
4552.55	853
4553.59	817
4554.64	828
4555.69	813
4556.73	832
4557.78	778
4558.83	790
4559.87	816
4560.92	824
4561.96	802
4563.01	821
4564.05	829
4565.1	858
4566.14	824
4567.19	823
4568.23	822
4569.28	866
4570.32	841
4571.37	864
4572.41	812
4573.46	799
4574.5	853
4575.54	890
4576.59	876
4577.63	890
4578.67	907
4579.71	906
4580.76	917
4581.8	900
4582.84	923
4583.88	941
4584.93	959
4585.97	986
4587.01	970
4588.05	1003
4589.09	1010
4590.13	1023
4591.17	1007
4592.22	1093
4593.26	1039
4594.3	1125
4595.34	1113
4596.38	1137
4597.42	1134
4598.46	1141
4599.5	1180
4600.54	1200
4601.58	1242
4602.62	1233
4603.65	1288
4604.69	1252
4605.73	1242
4606.77	1215
4607.81	1248
4608.85	1250
4609.89	1224
4610.92	1191
4611.96	1175
4613	1182
4614.04	1179
4615.07	1192
4616.11	1159
4617.15	1105
4618.19	1167
4619.22	1153
4620.26	1140
4621.29	1111
4622.33	1134
4623.37	1081
4624.4	1080
4625.44	1054
4626.47	1055
4627.51	1009
4628.54	1060
4629.58	1004
4630.61	1027
4631.65	1023
4632.68	1000
4633.72	988
4634.75	982
4635.79	977
4636.82	951
4637.85	1012
4638.89	954
4639.92	1013
4640.95	952
4641.99	985
4643.02	958
4644.05	967
4645.09	1004
4646.12	1006
4647.15	960
4648.18	971
4649.21	985
4650.25	954
4651.28	969
4652.31	936
4653.34	973
4654.37	1000
4655.4	947
4656.43	1012
4657.46	962
4658.5	962
4659.53	988
4660.56	1009
4661.59	988
4662.62	957
4663.65	955
4664.67	956
4665.7	1008
4666.73	952
4667.76	1010
4668.79	967
4669.82	964
4670.85	976
4671.88	976
4672.9	981
4673.93	985
4674.96	954
4675.99	1008
4677.02	970
4678.04	976
4679.07	1014
4680.1	985
4681.13	970
4682.15	991
4683.18	1016
4684.21	1001
4685.23	966
4686.26	993
4687.28	995
4688.31	1038
4689.34	1020
4690.36	1001
4691.39	976
4692.41	987
4693.44	1013
4694.46	1004
4695.49	974
4696.51	1010
4697.54	1045
4698.56	1002
4699.58	1016
4700.61	1017
4701.63	1037
4702.66	1024
4703.68	1001
4704.7	1030
4705.73	1010
4706.75	1028
4707.77	1010
4708.79	1026
4709.82	1037
4710.84	1047
4711.86	1022
4712.88	1089
4713.9	1041
4714.93	1016
4715.95	1063
4716.97	1007
4717.99	1014
4719.01	1024
4720.03	1046
4721.05	1023
4722.07	1049
4723.09	1071
4724.12	1012
4725.13	1055
4726.16	1067
4727.17	1040
4728.19	1057
4729.21	1062
4730.23	1011
4731.25	1047
4732.27	1066
4733.29	1066
4734.31	1115
4735.33	1039
4736.35	1089
4737.36	1081
4738.38	1089
4739.4	1097
4740.42	1057
4741.43	1080
4742.45	1046
4743.47	1010
4744.49	1054
4745.5	1038
4746.52	1092
4747.54	1081
4748.55	1083
4749.57	1111
4750.59	1041
4751.6	1098
4752.62	1132
4753.63	1085
4754.65	1095
4755.66	1082
4756.68	1043
4757.7	1110
4758.71	1072
4759.73	1081
4760.74	1121
4761.75	1131
4762.77	1135
4763.78	1126
4764.8	1064
4765.81	1084
4766.82	1125
4767.84	1087
4768.85	1109
4769.86	1124
4770.88	1094
4771.89	1144
4772.9	1087
4773.91	1130
4774.93	1128
4775.94	1111
4776.95	1126
4777.96	1113
4778.97	1125
4779.99	1126
4781	1105
4782.01	1129
4783.02	1168
4784.03	1144
4785.04	1153
4786.05	1136
4787.06	1100
4788.07	1132
4789.08	1148
4790.09	1072
4791.1	1130
4792.11	1126
4793.12	1130
4794.13	1122
4795.14	1112
4796.15	1127
4797.16	1127
4798.17	1083
4799.18	1119
4800.19	1146
4801.19	1109
4802.2	1119
4803.21	1103
4804.22	1143
4805.23	1109
4806.23	1158
4807.24	1139
4808.25	1131
4809.25	1115
4810.26	1158
4811.27	1139
4812.27	1111
4813.28	1133
4814.29	1149
4815.29	1165
4816.3	1079
4817.31	1133
4818.31	1134
4819.32	1150
4820.32	1144
4821.33	1159
4822.33	1122
4823.34	1165
4824.34	1167
4825.35	1122
4826.35	1161
4827.36	1157
4828.36	1162
4829.36	1147
4830.37	1089
4831.37	1114
4832.37	1142
4833.38	1135
4834.38	1143
4835.38	1164
4836.39	1133
4837.39	1121
4838.39	1157
4839.39	1151
4840.4	1172
4841.4	1146
4842.4	1138
4843.4	1134
4844.4	1159
4845.4	1154
4846.41	1163
4847.41	1195
4848.41	1143
4849.41	1193
4850.41	1171
4851.41	1157
4852.41	1183
4853.41	1147
4854.41	1254
4855.41	1201
4856.41	1190
4857.41	1229
4858.41	1185
4859.41	1205
4860.41	1214
4861.41	1225
4862.41	1230
4863.4	1240
4864.4	1226
4865.4	1285
4866.4	1262
4867.4	1251
4868.4	1246
4869.39	1263
4870.39	1258
4871.39	1281
4872.39	1275
4873.38	1277
4874.38	1301
4875.38	1319
4876.37	1228
4877.37	1293
4878.37	1298
4879.36	1300
4880.36	1291
4881.35	1272
4882.35	1340
4883.35	1359
4884.34	1312
4885.34	1325
4886.33	1348
4887.33	1364
4888.32	1325
4889.32	1334
4890.31	1328
4891.31	1378
4892.3	1418
4893.29	1368
4894.29	1363
4895.28	1384
4896.27	1367
4897.27	1371
4898.26	1366
4899.25	1375
4900.25	1422
4901.24	1379
4902.23	1381
4903.23	1437
4904.22	1427
4905.21	1383
4906.2	1467
4907.19	1378
4908.19	1376
4909.18	1431
4910.17	1391
4911.16	1397
4912.15	1411
4913.14	1412
4914.13	1463
4915.12	1419
4916.11	1402
4917.11	1465
4918.09	1384
4919.08	1431
4920.08	1433
4921.06	1471
4922.05	1430
4923.04	1386
4924.03	1457
4925.02	1480
4926.01	1439
4927	1473
4927.99	1481
4928.98	1474
4929.97	1432
4930.95	1463
4931.94	1430
4932.93	1498
4933.92	1451
4934.91	1480
4935.89	1429
4936.88	1475
4937.87	1433
4938.85	1485
4939.84	1444
4940.83	1442
4941.81	1511
4942.8	1504
4943.79	1426
4944.77	1476
4945.76	1453
4946.75	1473
4947.73	1478
4948.72	1459
4949.7	1506
4950.69	1498
4951.67	1462
4952.66	1485
4953.64	1455
4954.63	1469
4955.61	1499
4956.6	1433
4957.58	1484
4958.56	1487
4959.55	1426
4960.53	1459
4961.52	1472
4962.5	1504
4963.48	1541
4964.46	1443
4965.45	1483
4966.43	1472
4967.41	1426
4968.4	1448
4969.38	1489
4970.36	1481
4971.34	1444
4972.32	1483
4973.31	1502
4974.29	1476
4975.27	1506
4976.25	1460
4977.23	1449
4978.21	1485
4979.19	1510
4980.17	1455
4981.15	1444
4982.13	1464
4983.12	1448
4984.1	1521
4985.08	1489
4986.05	1532
4987.03	1428
4988.01	1458
4988.99	1434
4989.97	1520
4990.95	1478
4991.93	1560
4992.91	1563
4993.89	1497
4994.87	1460
4995.84	1563
4996.82	1526
4997.8	1525
4998.78	1558
4999.76	1508
5000.73	1557
5001.71	1557
5002.69	1622
5003.67	1557
5004.64	1496
5005.62	1510
5006.6	1518
5007.57	1579
5008.55	1518
5009.52	1616
5010.5	1545
5011.48	1575
5012.45	1591
5013.43	1617
5014.4	1608
5015.38	1588
5016.35	1579
5017.33	1647
5018.3	1616
5019.28	1574
5020.25	1582
5021.23	1673
5022.2	1663
5023.18	1656
5024.15	1657
5025.12	1615
5026.1	1626
5027.07	1623
5028.04	1692
5029.02	1652
5029.99	1675
5030.96	1745
5031.94	1709
5032.91	1634
5033.88	1672
5034.85	1727
5035.83	1684
5036.8	1660
5037.77	1673
5038.74	1696
5039.71	1707
5040.68	1726
5041.66	1746
5042.63	1750
5043.6	1718
5044.57	1721
5045.54	1699
5046.51	1747
5047.48	1645
5048.45	1681
5049.42	1716
5050.39	1765
5051.36	1703
5052.33	1726
5053.3	1694
5054.27	1774
5055.24	1670
5056.21	1717
5057.17	1721
5058.14	1687
5059.11	1677
5060.08	1799
5061.05	1756
5062.02	1696
5062.99	1649
5063.95	1714
5064.92	1703
5065.89	1688
5066.86	1774
5067.82	1666
5068.79	1683
5069.76	1689
5070.72	1688
5071.69	1723
5072.66	1621
5073.62	1625
5074.59	1680
5075.56	1674
5076.52	1651
5077.49	1656
5078.45	1676
5079.42	1662
5080.38	1639
5081.35	1621
5082.31	1652
5083.28	1634
5084.24	1601
5085.21	1645
5086.17	1640
5087.14	1586
5088.1	1599
5089.07	1642
5090.03	1616
5090.99	1608
5091.96	1613
5092.92	1587
5093.88	1599
5094.85	1566
5095.81	1596
5096.77	1552
5097.73	1617
5098.7	1603
5099.66	1585
5100.62	1586
5101.58	1604
5102.55	1618
5103.51	1577
5104.47	1634
5105.43	1539
5106.39	1590
5107.35	1609
5108.32	1508
5109.28	1565
5110.24	1597
5111.2	1597
5112.16	1568
5113.12	1576
5114.08	1576
5115.04	1560
5116	1564
5116.96	1632
5117.92	1652
5118.88	1604
5119.84	1596
5120.8	1598
5121.75	1572
5122.71	1612
5123.67	1596
5124.63	1560
5125.59	1581
5126.55	1594
5127.51	1612
5128.46	1568
5129.42	1576
5130.38	1624
5131.34	1591
5132.3	1550
5133.25	1666
5134.21	1626
5135.17	1550
5136.12	1595
5137.08	1591
5138.04	1551
5138.99	1611
5139.95	1619
5140.91	1575
5141.86	1681
5142.82	1575
5143.77	1615
5144.73	1597
5145.68	1591
5146.64	1678
5147.59	1541
5148.55	1623
5149.5	1618
5150.46	1649
5151.41	1599
5152.37	1640
5153.32	1601
5154.28	1577.31
5155.23	1594.51
5156.18	1575.5
5157.14	1605.69
5158.09	1567.36
5159.04	1568.09
5160	1614.82
5160.95	1584.8
5161.9	1569.39
5162.86	1593.03
5163.81	1588.44
5164.76	1586.25
5165.71	1621.56
5166.67	1583.67
5167.62	1587.8
5168.57	1582.53
5169.52	1580.74
5170.47	1623.61
5171.42	1581.17
5172.38	1570.47
5173.33	1621.36
5174.28	1632.67
5175.23	1585.75
5176.18	1576.73
5177.13	1605.17
5178.08	1574.63
5179.03	1594.39
5179.98	1600.78
5180.93	1579.77
5181.88	1590.64
5182.83	1585.53
5183.78	1609.4
5184.73	1614.49
5185.68	1590.15
5186.63	1578.29
5187.58	1584.4
5188.53	1599.45
5189.48	1533.67
5190.42	1581.05
5191.37	1553.04
5192.32	1561.21
5193.27	1583.21
5194.22	1587.79
5195.17	1593.59
5196.11	1569.69
5197.06	1618.89
5198.01	1611.62
5198.96	1624.04
5199.9	1609.53
5200.85	1612.87
5201.8	1555.98
5202.74	1616.69
5203.69	1622.05
5204.64	1594.71
5205.58	1605.43
5206.53	1578.34
5207.47	1584.39
5208.42	1585.75
5209.37	1584.19
5210.31	1615.32
5211.26	1601.94
5212.2	1595.17
5213.15	1602.36
5214.09	1611.34
5215.04	1611.46
5215.98	1619.34
5216.93	1631.52
5217.87	1629.48
5218.81	1627.81
5219.76	1622.22
5220.7	1638.29
5221.65	1635.09
5222.59	1615.85
5223.53	1626.31
5224.48	1642.08
5225.42	1666.31
5226.36	1653.63
5227.31	1674.77
5228.25	1636.99
5229.19	1605.42
5230.14	1651.97
5231.08	1645.86
5232.02	1665.93
5232.96	1654.34
5233.9	1666.56
5234.85	1685.75
5235.79	1691.02
5236.73	1650.88
5237.67	1611.81
5238.61	1664.54
5239.55	1656.59
5240.49	1641.14
5241.44	1689.8
5242.38	1679.82
5243.32	1707.03
5244.26	1730.81
5245.2	1684.7
5246.14	1665.57
5247.08	1677.43
5248.02	1683.03
5248.75	1634
5249.69	1673
5250.64	1695
5251.58	1710
5252.53	1711
5253.47	1703
5254.41	1656
5255.36	1737
5256.3	1733
5257.24	1761
5258.19	1727
5259.13	1656
5260.07	1736
5261.02	1686
5261.96	1714
5262.9	1715
5263.85	1766
5264.79	1714
5265.73	1741
5266.67	1721
5267.61	1735
5268.56	1715
5269.5	1703
5270.44	1770
5271.38	1758
5272.32	1743
5273.26	1785
5274.2	1803
5275.14	1785
5276.08	1789
5277.03	1777
5277.97	1762
5278.91	1749
5279.85	1766
5280.79	1762
5281.73	1766
5282.67	1745
5283.6	1740
5284.54	1851
5285.48	1755
5286.42	1793
5287.36	1804
5288.3	1850
5289.24	1761
5290.18	1789
5291.12	1822
5292.05	1802
5292.99	1819
5293.93	1792
5294.87	1790
5295.81	1809
5296.74	1771
5297.68	1797
5298.62	1864
5299.56	1835
5300.49	1836
5301.43	1839
5302.37	1796
5303.3	1848
5304.24	1825
5305.18	1798
5306.11	1877
5307.05	1826
5307.98	1828
5308.92	1850
5309.85	1771
5310.79	1802
5311.73	1819
5312.66	1884
5313.6	1885
5314.53	1793
5315.47	1855
5316.4	1885
5317.34	1844
5318.27	1884
5319.2	1882
5320.14	1815
5321.07	1798
5322.01	1908
5322.94	1864
5323.87	1875
5324.81	1865
5325.74	1845
5326.67	1870
5327.61	1828
5328.54	1869
5329.47	1888
5330.4	1870
5331.34	1957
5332.27	1878
5333.2	1860
5334.13	1824
5335.06	1893
5336	1912
5336.93	1883
5337.86	1882
5338.79	1912
5339.72	1960
5340.65	1924
5341.58	1913
5342.52	1897
5343.45	1904
5344.38	1890
5345.31	1826
5346.24	1866
5347.17	1862
5348.1	1902
5349.03	1919
5349.96	1893
5350.89	1913
5351.82	1899
5352.74	1893
5353.67	1921
5354.6	1910
5355.53	1904
5356.46	1911
5357.39	1868
5358.32	1884
5359.25	1883
5360.17	1896
5361.1	1925
5362.03	1882
5362.96	1966
5363.89	1955
5364.81	1932
5365.74	1928
5366.67	1889
5367.6	1863
5368.52	1951
5369.45	1950
5370.38	1952
5371.3	1872
5372.23	1943
5373.15	1947
5374.08	1987
5375.01	1926
5375.93	1914
5376.86	1945
5377.78	1953
5378.71	1927
5379.63	1975
5380.56	1903
5381.48	1906
5382.41	1930
5383.33	1989
5384.26	2017
5385.18	1921
5386.11	1953
5387.03	1913
5387.96	2016
5388.88	1972
5389.8	1984
5390.73	1972
5391.65	1992
5392.57	1978
5393.5	1980
5394.42	2004
5395.34	1958
5396.27	2002
5397.19	1969
5398.11	2000
5399.03	1938
5399.95	2045
5400.88	2029
5401.8	1998
5402.72	2002
5403.64	2045
5404.56	2024
5405.49	2036
5406.41	1959
5407.33	2047
5408.25	2022
5409.17	1998
5410.09	2022
5411.01	1987
5411.93	1987
5412.85	2037
5413.77	2011
5414.69	2071
5415.61	1995
5416.53	2065
5417.45	1970
5418.37	2005
5419.29	2015
5420.21	2055
5421.13	2034
5422.05	2011
5422.97	2040
5423.89	2079
5424.8	2073
5425.72	1981
5426.64	2013
5427.56	2104
5428.48	2081
5429.4	2086
5430.31	2094
5431.23	2046
5432.15	2070
5433.07	2104
5433.98	2083
5434.9	2023
5435.82	2125
5436.73	1989
5437.65	2094
5438.57	2077
5439.48	2045
5440.4	2098
5441.32	2068
5442.23	2051
5443.15	2092
5444.06	2142
5444.98	2121
5445.89	2074
5446.81	2005
5447.72	2042
5448.64	2103
5449.55	2076
5450.47	2157
5451.38	2104
5452.3	2111
5453.21	2121
5454.13	2074
5455.04	2178
5455.96	2110
5456.87	2085
5457.78	2098
5458.7	2159
5459.61	2091
5460.52	2143
5461.44	2134
5462.35	2077
5463.26	2145
5464.17	2129
5465.09	2109
5466	2065
5466.91	2136
5467.82	2156
5468.74	2131
5469.65	2106
5470.56	2160
5471.47	2136
5472.38	2092
5473.3	2079
5474.21	2133
5475.12	2134
5476.03	2112
5476.94	2096
5477.85	2115
5478.76	2150
5479.67	2105
5480.58	2162
5481.49	2106
5482.4	2141
5483.31	2085
5484.22	2148
5485.13	2119
5486.04	2075
5486.95	2138
5487.86	2162
5488.77	2124
5489.68	2125
5490.59	2183
5491.5	2161
5492.4	2169
5493.31	2148
5494.22	2158
5495.13	2157
5496.04	2056
5496.94	2150
5497.85	2154
5498.76	2161
5499.67	2182
5500.58	2114
5501.48	2179
5502.39	2183
5503.3	2172
5504.2	2165
5505.11	2165
5506.02	2197
5506.92	2173
5507.83	2150
5508.74	2176
5509.64	2160
5510.55	2206
5511.45	2158
5512.36	2211
5513.27	2200
5514.17	2196
5515.08	2223
5515.98	2151
5516.89	2107
5517.79	2244
5518.69	2230
5519.6	2223
5520.5	2159
5521.41	2189
5522.31	2170
5523.22	2233
5524.12	2201
5525.02	2237
5525.93	2262
5526.83	2183
5527.74	2108
5528.64	2182
5529.54	2270
5530.44	2191
5531.35	2197
5532.25	2196
5533.15	2185
5534.06	2153
5534.96	2171
5535.86	2164
5536.76	2172
5537.66	2140
5538.57	2290
5539.47	2191
5540.37	2192
5541.27	2196
5542.17	2150
5543.07	2177
5543.97	2199
5544.87	2252
5545.78	2180
5546.68	2201
5547.58	2198
5548.48	2179
5549.38	2206
5550.28	2212
5551.18	2200
5552.08	2241
5552.98	2225
5553.88	2215
5554.78	2260
5555.67	2178
5556.57	2246
5557.47	2268
5558.37	2185
5559.27	2224
5560.17	2283
5561.07	2185
5561.97	2190
5562.86	2230
5563.76	2252
5564.66	2229
5565.56	2178
5566.46	2189
5567.35	2201
5568.25	2292
5569.15	2188
5570.04	2229
5570.94	2312
5571.84	2172
5572.74	2234
5573.63	2256
5574.53	2154
5575.43	2160
5576.32	2186
5577.22	2275
5578.11	2320
5579.01	2249
5579.91	2204
5580.8	2287
5581.7	2233
5582.59	2254
5583.49	2270
5584.38	2272
5585.28	2207
5586.17	2294
5587.07	2255
5587.96	2357
5588.86	2258
5589.75	2211
5590.64	2259
5591.54	2259
5592.43	2296
5593.33	2263
5594.22	2313
5595.11	2245
5596.01	2221
5596.9	2290
5597.79	2279
5598.69	2276
5599.58	2236
5600.47	2248
5601.36	2267
5602.26	2313
5603.15	2290
5604.04	2318
5604.93	2294
5605.82	2259
5606.72	2272
5607.61	2305
5608.5	2375
5609.39	2279
5610.28	2249
5611.17	2226
5612.06	2280
5612.96	2315
5613.85	2293
5614.74	2258
5615.63	2345
5616.52	2256
5617.41	2313
5618.3	2294
5619.19	2241
5620.08	2248
5620.97	2268
5621.86	2318
5622.75	2297
5623.64	2302
5624.52	2292
5625.41	2210
5626.3	2337
5627.19	2296
5628.08	2255
5628.97	2304
5629.86	2235
5630.75	2226
5631.63	2320
5632.52	2297
5633.41	2280
5634.3	2301
5635.18	2345
5636.07	2318
5636.96	2344
5637.85	2288
5638.73	2346
5639.62	2274
5640.51	2309
5641.39	2280
5642.28	2286
5643.17	2273
5644.05	2273
5644.94	2324
5645.83	2280
5646.71	2343
5647.6	2306
5648.48	2338
5649.37	2336
5650.25	2270
5651.14	2303
5652.03	2365
5652.91	2321
5653.79	2278
5654.68	2283
5655.56	2345
5656.45	2286
5657.33	2298
5658.22	2347
5659.1	2301
5659.99	2286
5660.87	2369
5661.75	2347
5662.64	2295
5663.52	2362
5664.4	2241
5665.29	2382
5666.17	2301
5667.05	2317
5667.94	2329
5668.82	2312
5669.7	2283
5670.58	2334
5671.47	2354
5672.35	2336
5673.23	2294
5674.11	2337
5674.99	2355
5675.88	2323
5676.76	2326
5677.64	2301
5678.52	2312
5679.4	2347
5680.28	2329
5681.16	2313
5682.04	2282
5682.92	2376
5683.81	2345
5684.69	2302
5685.57	2288
5686.45	2295
5687.33	2372
5688.21	2314
5689.09	2361
5689.97	2356
5690.84	2393
5691.72	2336
5692.6	2315
5693.48	2368
5694.36	2356
5695.24	2238
5696.12	2396
5697	2285
5697.88	2308
5698.75	2378
5699.63	2371
5700.51	2306
5701.39	2314
5702.27	2294
5703.14	2391
5704.02	2339
5704.9	2407
5705.78	2377
5706.65	2413
5707.53	2357
5708.41	2409
5709.28	2295
5710.16	2400
5711.04	2370
5711.91	2276
5712.79	2378
5713.67	2363
5714.54	2382
5715.42	2355
5716.3	2354
5717.17	2353
5718.05	2453
5718.92	2429
5719.8	2401
5720.67	2379
5721.55	2322
5722.42	2418
5723.3	2374
5724.17	2370
5725.05	2437
5725.92	2389
5726.79	2413
5727.67	2351
5728.54	2413
5729.42	2450
5730.29	2440
5731.16	2400
5732.04	2433
5732.91	2434
5733.78	2429
5734.66	2390
5735.53	2438
5736.4	2396
5737.28	2405
5738.15	2504
5739.02	2475
5739.89	2513
5740.77	2416
5741.64	2396
5742.51	2510
5743.38	2431
5744.25	2436
5745.13	2444
5746	2444
5746.87	2385
5747.74	2471
5748.61	2492
5749.48	2400
5750.35	2494
5751.22	2468
5752.09	2457
5752.96	2494
5753.83	2448
5754.7	2427
5755.57	2458
5756.44	2472
5757.31	2437
5758.18	2512
5759.05	2491
5759.92	2479
5760.79	2460
5761.66	2516
5762.53	2500
5763.4	2475
5764.27	2489
5765.14	2476
5766.01	2522
5766.87	2484
5767.74	2471
5768.61	2466
5769.48	2478
5770.35	2555
5771.21	2486
5772.08	2455
5772.95	2495
5773.82	2501
5774.68	2511
5775.55	2499
5776.42	2461
5777.28	2477
5778.15	2536
5779.02	2513
5779.89	2491
5780.75	2572
5781.62	2492
5782.48	2460
5783.35	2462
5784.22	2455
5785.08	2438
5785.95	2550
5786.81	2496
5787.68	2463
5788.54	2497
5789.41	2495
5790.27	2507
5791.14	2514
5792	2459
5792.87	2464
5793.73	2503
5794.6	2503
5795.46	2507
5796.33	2497
5797.19	2516
5798.05	2495
5798.92	2513
5799.78	2463
5800.65	2466
5801.51	2476
5802.37	2513
5803.23	2488
5804.1	2561
5804.96	2603
5805.82	2504
5806.69	2546
5807.55	2496
5808.41	2512
5809.27	2519
5810.14	2540
5811	2467
5811.86	2480
5812.72	2522
5813.58	2523
5814.44	2520
5815.31	2561
5816.17	2528
5817.03	2583
5817.89	2483
5818.75	2508
5819.61	2478
5820.47	2470
5821.33	2505
5822.19	2565
5823.05	2462
5823.91	2509
5824.77	2495
5825.63	2536
5826.49	2472
5827.35	2491
5828.21	2570
5829.07	2519
5829.93	2544
5830.79	2480
5831.65	2473
5832.51	2459
5833.37	2539
5834.23	2500
5835.08	2492
5835.94	2452
5836.8	2445
5837.66	2539
5838.52	2474
5839.38	2522
5840.23	2478
5841.09	2516
5841.95	2491
5842.81	2487
5843.66	2537
5844.52	2485
5845.38	2494
5846.23	2531
5847.09	2521
5847.95	2492
5848.8	2528
5849.66	2453
5850.52	2485
5851.37	2540
5852.23	2516
5853.09	2506
5853.94	2480
5854.8	2524
5855.65	2474
5856.51	2500
5857.36	2497
5858.22	2572
5859.07	2514
5859.93	2477
5860.78	2490
5861.64	2550
5862.49	2474
5863.35	2513
5864.2	2458
5865.06	2521
5865.91	2435
5866.76	2549
5867.62	2508
5868.47	2503
5869.33	2450
5870.18	2483
5871.03	2570
5871.89	2480
5872.74	2539
5873.59	2543
5874.44	2483
5875.3	2563
5876.15	2522
5877	2561
5877.85	2605
5878.71	2499
5879.56	2493
5880.41	2515
5881.26	2516
5882.11	2516
5882.97	2495
5883.82	2536
5884.67	2529
5885.52	2576
5886.37	2542
5887.22	2495
5888.07	2548
5888.92	2540
5889.78	2550
5890.63	2533
5891.48	2543
5892.33	2574
5893.18	2472
5894.03	2587
5894.88	2534
5895.73	2529
5896.58	2585
5897.43	2574
5898.28	2551
5899.12	2685
5899.97	2576
5900.82	2546
5901.67	2519
5902.52	2579
5903.37	2550
5904.22	2568
5905.07	2645
5905.92	2573
5906.76	2587
5907.61	2605
5908.46	2602
5909.31	2562
5910.15	2592
5911	2627
5911.85	2630
5912.7	2671
5913.54	2583
5914.39	2570
5915.24	2569
5916.08	2639
5916.93	2633
5917.78	2575
5918.62	2541
5919.47	2670
5920.32	2553
5921.16	2624
5922.01	2635
5922.86	2636
5923.7	2657
5924.55	2616
5925.39	2684
5926.24	2655
5927.08	2664
5927.93	2630
5928.77	2582
5929.62	2626
5930.46	2663
5931.31	2680
5932.15	2583
5933	2567
5933.84	2561
5934.69	2611
5935.53	2740
5936.37	2661
5937.22	2609
5938.06	2628
5938.9	2649
5939.75	2634
5940.59	2658
5941.44	2662
5942.28	2610
5943.12	2652
5943.96	2675
5944.81	2621
5945.65	2599
5946.49	2669
5947.33	2606
5948.18	2569
5949.02	2606
5949.86	2665
5950.7	2626
5951.54	2635
5952.39	2654
5953.23	2679
5954.07	2724
5954.91	2635
5955.75	2685
5956.59	2667
5957.43	2711
5958.27	2660
5959.11	2637
5959.96	2628
5960.8	2663
5961.64	2721
5962.48	2746
5963.32	2700
5964.16	2648
5965	2613
5965.84	2656
5966.67	2645
5967.52	2672
5968.35	2704
5969.19	2660
5970.03	2614
5970.87	2672
5971.71	2610
5972.55	2648
5973.39	2686
5974.23	2697
5975.06	2640
5975.9	2667
5976.74	2682
5977.58	2669
5978.42	2636
5979.25	2668
5980.09	2647
5980.93	2661
5981.77	2608
5982.6	2673.34
5983.44	2634.87
5984.28	2539.15
5985.12	2596.7
5985.95	2654.69
5986.79	2591.31
5987.63	2641.07
5988.46	2652.34
5989.3	2532.82
5990.14	2666.78
5990.97	2615
5991.81	2649.56
5992.64	2617.15
5993.48	2633.62
5994.31	2647.8
5995.15	2558.3
5995.99	2617.57
5996.82	2606.34
5997.66	2601.02
5998.49	2628.09
5999.33	2639.66
6000.16	2641
6001	2578.02
6001.83	2597.22
6002.66	2622.23
6003.5	2607.69
6004.33	2589.16
6005.17	2630.88
6006	2599.89
6006.84	2603.92
6007.67	2619.27
6008.5	2582.41
6009.34	2635.65
6010.17	2554.44
6011	2638.37
6011.84	2559.9
6012.67	2595.37
6013.5	2617.5
6014.33	2619.06
6015.17	2567.34
6016	2565.4
6016.83	2600.05
6017.66	2600.74
6018.5	2604.36
6019.33	2593.82
6020.16	2596.88
6020.99	2610.46
6021.82	2581.65
6022.66	2550.73
6023.49	2620.8
6024.32	2578.88
6025.15	2570.6
6025.98	2568.96
6026.81	2570.95
6027.64	2549.55
6028.47	2614.97
6029.3	2592.11
6030.13	2629.11
6030.96	2561.42
6031.8	2557.02
6032.63	2540.04
6033.46	2534.45
6034.29	2571.55
6035.12	2599.38
6035.94	2583.66
6036.77	2566.75
6037.6	2557.31
6038.43	2598.76
6039.26	2573.23
6040.09	2560.41
6040.92	2594.01
6041.75	2592.57
6042.58	2583.06
6043.41	2577.22
6044.24	2587.1
6045.06	2601.69
6045.89	2609.06
6046.72	2595.76
6047.55	2581.23
6048.38	2589.26
6049.2	2585.54
6050.03	2578.37
6050.86	2526.38
6051.69	2552.22
6052.51	2606.86
6053.34	2638.76
6054.17	2589.64
6055	2544.88
6055.82	2581.33
6056.65	2588.89
6057.48	2586.54
6058.3	2590.77
6059.13	2655.03
6059.95	2633.41
6060.78	2579.31
6061.61	2589.52
6062.43	2629.31
6063.26	2558.86
6064.08	2644.44
6064.91	2599.3
6065.62	2559
6066.45	2605
6067.28	2606
6068.11	2628
6068.94	2587
6069.77	2545
6070.6	2584
6071.42	2617
6072.25	2574
6073.08	2561
6073.91	2636
6074.74	2630
6075.57	2644
6076.4	2623
6077.23	2576
6078.05	2614
6078.88	2629
6079.71	2614
6080.54	2639
6081.37	2682
6082.19	2617
6083.02	2570
6083.85	2685
6084.68	2635
6085.5	2639
6086.33	2644
6087.16	2721
6087.98	2648
6088.81	2667
6089.64	2665
6090.46	2720
6091.29	2666
6092.12	2642
6092.94	2655
6093.77	2638
6094.6	2640
6095.42	2681
6096.25	2729
6097.07	2661
6097.9	2581
6098.72	2558
6099.55	2664
6100.38	2604
6101.2	2626
6102.02	2680
6102.85	2665
6103.67	2670
6104.5	2654
6105.32	2649
6106.15	2664
6106.97	2652
6107.8	2663
6108.62	2663
6109.44	2638
6110.27	2660
6111.09	2696
6111.92	2623
6112.74	2705
6113.56	2657
6114.38	2672
6115.21	2666
6116.03	2663
6116.85	2712
6117.68	2666
6118.5	2654
6119.32	2707
6120.14	2675
6120.97	2642
6121.79	2683
6122.61	2641
6123.43	2667
6124.25	2681
6125.08	2761
6125.9	2725
6126.72	2752
6127.54	2597
6128.36	2632
6129.18	2712
6130	2654
6130.82	2630
6131.65	2682
6132.47	2628
6133.29	2632
6134.11	2673
6134.93	2643
6135.75	2583
6136.57	2762
6137.39	2656
6138.21	2622
6139.03	2655
6139.85	2627
6140.67	2653
6141.49	2694
6142.3	2673
6143.12	2639
6143.94	2661
6144.76	2694
6145.58	2579
6146.4	2646
6147.22	2655
6148.04	2684
6148.85	2645
6149.67	2589
6150.49	2685
6151.31	2617
6152.13	2656
6152.94	2668
6153.76	2644
6154.58	2600
6155.4	2640
6156.21	2678
6157.03	2666
6157.85	2608
6158.67	2564
6159.48	2522
6160.3	2641
6161.12	2561
6161.93	2588
6162.75	2616
6163.57	2587
6164.38	2608
6165.2	2610
6166.01	2660
6166.83	2660
6167.64	2605
6168.46	2638
6169.28	2659
6170.09	2614
6170.91	2606
6171.72	2586
6172.54	2643
6173.35	2667
6174.17	2601
6174.98	2633
6175.8	2599
6176.61	2577
6177.42	2599
6178.24	2606
6179.05	2598
6179.87	2641
6180.68	2578
6181.49	2637
6182.31	2647
6183.12	2581
6183.94	2696
6184.75	2583
6185.56	2596
6186.37	2641
6187.19	2644
6188	2632
6188.81	2595
6189.63	2578
6190.44	2594
6191.25	2590
6192.06	2648
6192.88	2577
6193.69	2515
6194.5	2555
6195.31	2589
6196.12	2534
6196.93	2516
6197.75	2657
6198.56	2675
6199.37	2588
6200.18	2661
6200.99	2628
6201.8	2606
6202.61	2599
6203.42	2638
6204.23	2610
6205.04	2616
6205.85	2579
6206.67	2593
6207.48	2573
6208.28	2609
6209.09	2562
6209.9	2613
6210.72	2564
6211.52	2606
6212.33	2532
6213.14	2575
6213.95	2542
6214.76	2648
6215.57	2563
6216.38	2654
6217.19	2603
6218	2659
6218.81	2668
6219.61	2637
6220.42	2609
6221.23	2553
6222.04	2603
6222.85	2564
6223.65	2646
6224.46	2588
6225.27	2622
6226.08	2597
6226.88	2660
6227.69	2631
6228.5	2662
6229.31	2579
6230.11	2658
6230.92	2608
6231.73	2631
6232.53	2567
6233.34	2523
6234.15	2607
6234.95	2592
6235.76	2575
6236.56	2621
6237.37	2645
6238.18	2601
6238.98	2574
6239.79	2609
6240.59	2598
6241.4	2608
6242.2	2592
6243.01	2593
6243.81	2632
6244.62	2611
6245.42	2626
6246.23	2668
6247.03	2584
6247.84	2662
6248.64	2597
6249.45	2547
6250.25	2594
6251.06	2572
6251.86	2627
6252.66	2624
6253.47	2571
6254.27	2581
6255.07	2630
6255.88	2601
6256.68	2612
6257.48	2639
6258.29	2588
6259.09	2595
6259.89	2602
6260.69	2696
6261.5	2615
6262.3	2572
6263.1	2560
6263.91	2591
6264.71	2632
6265.51	2567
6266.31	2622
6267.11	2552
6267.92	2619
6268.72	2590
6269.52	2555
6270.32	2569
6271.12	2600
6271.92	2585
6272.72	2617
6273.52	2629
6274.32	2618
6275.13	2554
6275.93	2626
6276.73	2586
6277.53	2606
6278.33	2655
6279.13	2629
6279.93	2625
6280.73	2659
6281.53	2655
6282.33	2571
6283.13	2576
6283.93	2602
6284.72	2591
6285.52	2615
6286.32	2583
6287.12	2580
6287.92	2657
6288.72	2593
6289.52	2629
6290.32	2643
6291.12	2570
6291.91	2640
6292.71	2648
6293.51	2624
6294.31	2643
6295.11	2479
6295.9	2602
6296.7	2560
6297.5	2548
6298.3	2555
6299.09	2597
6299.89	2605
6300.69	2564
6301.49	2566
6302.28	2583
6303.08	2616
6303.88	2626
6304.67	2540
6305.47	2641
6306.27	2573
6307.06	2570
6307.86	2517
6308.65	2632
6309.45	2582
6310.25	2600
6311.04	2573
6311.84	2612
6312.63	2588
6313.43	2541
6314.22	2624
6315.02	2592
6315.81	2546
6316.61	2542
6317.4	2502
6318.2	2540
6318.99	2588
6319.79	2525
6320.58	2607
6321.38	2567
6322.17	2612
6322.96	2514
6323.76	2604
6324.55	2537
6325.35	2547
6326.14	2522
6326.93	2603
6327.73	2546
6328.52	2566
6329.31	2541
6330.11	2559
6330.9	2535
6331.69	2627
6332.48	2543
6333.28	2600
6334.07	2481
6334.86	2505
6335.65	2481
6336.45	2553
6337.24	2572
6338.03	2532
6338.82	2484
6339.61	2570
6340.4	2526
6341.2	2548
6341.99	2554
6342.78	2442
6343.57	2509
6344.36	2561
6345.15	2482
6345.94	2515
6346.73	2621
6347.52	2502
6348.32	2526
6349.11	2509
6349.9	2535
6350.69	2548
6351.48	2501
6352.27	2513
6353.06	2566
6353.85	2503
6354.64	2458
6355.43	2538
6356.21	2514
6357	2521
6357.79	2501
6358.58	2495
6359.37	2487
6360.16	2511
6360.95	2514
6361.74	2556
6362.53	2499
6363.31	2429
6364.1	2495
6364.89	2459
6365.68	2450
6366.47	2535
6367.26	2542
6368.04	2489
6368.83	2507
6369.62	2529
6370.41	2557
6371.19	2589
6371.98	2500
6372.77	2499
6373.55	2470
6374.34	2472
6375.13	2472
6375.92	2550
6376.7	2525
6377.49	2493
6378.28	2494
6379.06	2500
6379.85	2523
6380.63	2408
6381.42	2500
6382.21	2455
6382.99	2520
6383.78	2519
6384.56	2490
6385.35	2528
6386.13	2495
6386.92	2500
6387.7	2527
6388.49	2529
6389.27	2446
6390.06	2473
6390.84	2440
6391.63	2475
6392.41	2472
6393.2	2495
6393.98	2478
6394.76	2470
6395.55	2455
6396.33	2506
6397.12	2473
6397.9	2525
6398.68	2495
6399.47	2499
6400.25	2435
6401.03	2520
6401.82	2590
6402.6	2463
6403.38	2511
6404.16	2433
6404.95	2464
6405.73	2501
6406.51	2509
6407.29	2417
6408.08	2486
6408.86	2490
6409.64	2594
6410.42	2516
6411.21	2458
6411.99	2453
6412.77	2499
6413.55	2471
6414.33	2516
6415.11	2493
6415.89	2442
6416.67	2501
6417.46	2509
6418.24	2540
6419.02	2498
6419.8	2435
6420.58	2452
6421.36	2432
6422.14	2480
6422.92	2489
6423.7	2523
6424.48	2506
6425.26	2476
6426.04	2532
6426.82	2492
6427.6	2517
6428.38	2459
6429.16	2448
6429.94	2512
6430.72	2502
6431.49	2382
6432.27	2489
6433.05	2458
6433.83	2490
6434.61	2507
6435.39	2477
6436.17	2468
6436.94	2445
6437.72	2383
6438.5	2457
6439.28	2456
6440.06	2526
6440.83	2452
6441.61	2489
6442.39	2486
6443.17	2452
6443.94	2473
6444.72	2466
6445.5	2508
6446.28	2559
6447.05	2466
6447.83	2458
6448.61	2513
6449.38	2534
6450.16	2467
6450.94	2367
6451.71	2493
6452.49	2460
6453.26	2489
6454.04	2461
6454.82	2377
6455.59	2506
6456.37	2450
6457.14	2530
6457.92	2474
6458.69	2466
6459.47	2451
6460.24	2475
6461.02	2475
6461.79	2439
6462.57	2455
6463.34	2505
6464.12	2435
6464.89	2489
6465.67	2445
6466.44	2419
6467.21	2406
6467.99	2433
6468.76	2500
6469.54	2488
6470.31	2449
6471.08	2415
6471.86	2394
6472.63	2464
6473.4	2452
6474.18	2452
6474.95	2407
6475.72	2407
6476.5	2370
6477.27	2418
6478.04	2398
6478.81	2471
6479.59	2383
6480.36	2373
6481.13	2407
6481.9	2473
6482.67	2395
6483.45	2355
6484.22	2356
6484.99	2467
6485.76	2340
6486.53	2377
6487.3	2415
6488.07	2432
6488.85	2445
6489.62	2414
6490.39	2364
6491.16	2377
6491.93	2368
6492.7	2376
6493.47	2345
6494.24	2394
6495.01	2410
6495.78	2434
6496.55	2366
6497.32	2344
6498.09	2403
6498.86	2413
6499.63	2333
6500.4	2379
6501.17	2358
6501.94	2299
6502.71	2388
6503.48	2310
6504.25	2359
6505.01	2267
6505.78	2323
6506.55	2370
6507.32	2391
6508.09	2363
6508.86	2345
6509.63	2335
6510.39	2335
6511.16	2377
6511.93	2321
6512.7	2384
6513.47	2295
6514.23	2321
6515	2298
6515.77	2312
6516.54	2370
6517.3	2271
6518.07	2348
6518.84	2321
6519.6	2292
6520.37	2343
6521.14	2379
6521.9	2300
6522.67	2302
6523.44	2326
6524.2	2299
6524.97	2343
6525.74	2356
6526.5	2383
6527.27	2339
6528.03	2339
6528.8	2245
6529.56	2276
6530.33	2333
6531.1	2355
6531.86	2305
6532.63	2308
6533.39	2328
6534.16	2282
6534.92	2279
6535.68	2268
6536.45	2264
6537.21	2312
6537.98	2353
6538.74	2235
6539.51	2254
6540.27	2338
6541.04	2260
6541.8	2314
6542.56	2273
6543.33	2311
6544.09	2251
6544.85	2300
6545.62	2269
6546.38	2288
6547.14	2253
6547.91	2317
6548.67	2338
6549.43	2234
6550.19	2292
6550.96	2292
6551.72	2256
6552.48	2303
6553.24	2289
6554.01	2264
6554.77	2294
6555.53	2268
6556.29	2285
6557.05	2212
6557.81	2248
6558.58	2279
6559.34	2300
6560.1	2224
6560.86	2230
6561.62	2262
6562.38	2281
6563.14	2200
6563.9	2238
6564.67	2319
6565.43	2313
6566.19	2268
6566.95	2278
6567.71	2217
6568.47	2221
6569.23	2248
6569.99	2258
6570.75	2315
6571.51	2226
6572.27	2214
6573.03	2238
6573.79	2225
6574.55	2211
6575.3	2173
6576.06	2239
6576.82	2187
6577.58	2238
6578.34	2197
6579.1	2206
6579.86	2221
6580.62	2247
6581.37	2245
6582.13	2250
6582.89	2253
6583.65	2210
6584.41	2159
6585.17	2194
6585.92	2221
6586.68	2216
6587.44	2237
6588.2	2161
6588.95	2207
6589.71	2222
6590.47	2160
6591.22	2246
6591.98	2240
6592.74	2201
6593.5	2175
6594.25	2196
6595.01	2249
6595.77	2242
6596.52	2220
6597.28	2229
6598.03	2232
6598.79	2240
6599.55	2197
6600.3	2200
6601.06	2198
6601.81	2188
6602.57	2128
6603.32	2208
6604.08	2236
6604.84	2259
6605.59	2132
6606.35	2184
6607.1	2246
6607.85	2246
6608.61	2181
6609.36	2142
6610.12	2246
6610.87	2191
6611.63	2171
6612.38	2166
6613.14	2119
6613.89	2183
6614.64	2165
6615.4	2183
6616.15	2147
6616.9	2167
6617.66	2137
6618.41	2158
6619.16	2191
6619.92	2201
6620.67	2223
6621.42	2124
6622.18	2159
6622.93	2187
6623.68	2194
6624.43	2205
6625.19	2226
6625.94	2207
6626.69	2155
6627.44	2189
6628.2	2186
6628.95	2171
6629.7	2195
6630.45	2203
6631.2	2196
6631.95	2103
6632.71	2159
6633.46	2149
6634.21	2145
6634.96	2102
6635.71	2111
6636.46	2151
6637.21	2150
6637.96	2124
6638.71	2165
6639.46	2123
6640.21	2145
6640.96	2205
6641.71	2118
6642.46	2122
6643.22	2121
6643.96	2216
6644.71	2134
6645.46	2095
6646.21	2129
6646.96	2146
6647.71	2164
6648.46	2135
6649.21	2135
6649.96	2094
6650.71	2157
6651.46	2138
6652.21	2121
6652.96	2141
6653.7	2235
6654.45	2116
6655.2	2157
6655.95	2122
6656.7	2166
6657.44	2143
6658.19	2086
6658.94	2104
6659.69	2155
6660.44	2153
6661.18	2151
6661.93	2153
6662.68	2086
6663.43	2095
6664.17	2124
6664.92	2181
6665.67	2218
6666.41	2185
6667.16	2125
6667.91	2170
6668.65	2092
6669.4	2095
6670.15	2166
6670.89	2146
6671.64	2135
6672.38	2178
6673.13	2161
6673.88	2205
6674.62	2099
6675.37	2145
6676.11	2179
6676.86	2172
6677.6	2132
6678.35	2153
6679.09	2140
6679.84	2123
6680.58	2142
6681.33	2148
6682.07	2118
6682.82	2166
6683.56	2191
6684.31	2267
6685.05	2142
6685.8	2121
6686.54	2195
6687.28	2233
6688.03	2159
6688.77	2227
6689.52	2164
6690.26	2165
6691	2246
6691.75	2215
6692.49	2173
6693.23	2196
6693.98	2198
6694.72	2141
6695.46	2191
6696.2	2176
6696.95	2204
6697.69	2227
6698.43	2186
6699.17	2215
6699.92	2148
6700.66	2182
6701.4	2223
6702.14	2225
6702.88	2155
6703.63	2200
6704.37	2237
6705.11	2195
6705.85	2222
6706.59	2157
6707.33	2214
6708.07	2228
6708.82	2239
6709.56	2229
6710.3	2202.35
6711.04	2222.62
6711.78	2246.62
6712.52	2208.01
6713.26	2178.13
6714	2155.71
6714.74	2187.92
6715.48	2223.16
6716.22	2187.57
6716.96	2239.43
6717.7	2198.8
6718.44	2253.72
6719.18	2212.55
6719.92	2205.82
6720.66	2203.54
6721.4	2234.72
6722.14	2181.29
6722.88	2241.35
6723.62	2209.41
6724.35	2204.47
6725.09	2226.71
6725.83	2204.5
6726.57	2222.95
6727.31	2181.32
6728.05	2208.9
6728.79	2179.44
6729.52	2235.97
6730.26	2206.52
6731	2255.64
6731.74	2231.14
6732.48	2178.41
6733.21	2221.45
6733.95	2210.41
6734.69	2177.68
6735.43	2194.32
6736.16	2174.35
6736.9	2160.74
6737.64	2173.91
6738.38	2185.35
6739.11	2174.14
6739.85	2187.01
6740.59	2153.54
6741.32	2206.27
6742.06	2188.78
6742.8	2170.68
6743.53	2195.06
6744.27	2192.03
6745	2174.52
6745.74	2157.96
6746.48	2138.56
6747.21	2201.94
6747.95	2148.61
6748.68	2142.68
6749.42	2154.87
6750.15	2149.05
6750.89	2159.26
6751.63	2153.63
6752.36	2129.38
6753.1	2116.14
6753.83	2096.76
6754.56	2094.62
6755.3	2119.91
6756.03	2113.27
6756.77	2121.09
6757.5	2100.23
6758.24	2136.04
6758.97	2102.15
6759.71	2121.76
6760.44	2099.5
6761.17	2104.9
6761.91	2133.9
6762.64	2143.01
6763.38	2108.67
6764.11	2118.64
6764.84	2113.95
6765.58	2109.33
6766.31	2117.46
6767.04	2107.96
6767.78	2131.27
6768.51	2131.79
6769.24	2089.33
6769.97	2146.44
6770.71	2137.92
6771.44	2081.19
6772.17	2119.41
6772.9	2109.41
6773.64	2082.44
6774.37	2100.73
6775.1	2115.31
6775.83	2131.23
6776.56	2117.08
6777.3	2112.3
6778.03	2097.22
6778.76	2051.47
6779.49	2100.92
6780.22	2114.17
6780.95	2084.85
6781.68	2056.98
6782.42	2115.02
6783.15	2016.57
6783.88	2067.17
6784.61	2055.55
6785.34	2073.94
6786.01	2086
6786.75	2080
6787.48	2065
6788.22	2062
6788.95	2074
6789.69	2065
6790.42	2096
6791.15	2044
6791.89	2071
6792.62	2013
6793.36	2068
6794.09	2122
6794.82	2080
6795.56	2077
6796.29	2048
6797.02	2090
6797.76	2049
6798.49	2104
6799.22	2156
6799.96	2138
6800.69	2163
6801.42	2166
6802.15	2190
6802.89	2194
6803.62	2255
6804.35	2271
6805.08	2221
6805.82	2259
6806.55	2325
6807.28	2257
6808.01	2353
6808.74	2342
6809.48	2315
6810.21	2326
6810.94	2366
6811.67	2422
6812.4	2437
6813.13	2437
6813.87	2463
6814.6	2455
6815.33	2465
6816.06	2504
6816.79	2528
6817.52	2449
6818.25	2591
6818.98	2642
6819.71	2626
6820.44	2562
6821.17	2576
6821.9	2639
6822.63	2713
6823.36	2627
6824.09	2717
6824.82	2648
6825.55	2709
6826.28	2764
6827.01	2719
6827.74	2766
6828.47	2820
6829.2	2756
6829.93	2762
6830.65	2725
6831.38	2831
6832.11	2748
6832.84	2828
6833.57	2835
6834.3	2864
6835.03	2841
6835.75	2832
6836.48	2806
6837.21	2861
6837.94	2826
6838.67	2828
6839.39	2768
6840.12	2841
6840.85	2746
6841.58	2797
6842.3	2738
6843.03	2732
6843.76	2736
6844.49	2735
6845.21	2708
6845.94	2683
6846.67	2774
6847.39	2756
6848.12	2761
6848.85	2666
6849.57	2699
6850.3	2687
6851.02	2774
6851.75	2668
6852.48	2581
6853.2	2627
6853.93	2613
6854.65	2657
6855.38	2706
6856.1	2620
6856.83	2569
6857.56	2550
6858.28	2524
6859.01	2533
6859.73	2534
6860.46	2518
6861.18	2491
6861.91	2392
6862.63	2434
6863.35	2451
6864.08	2465
6864.8	2471
6865.53	2508
6866.25	2469
6866.98	2459
6867.7	2388
6868.42	2409
6869.15	2442
6869.87	2418
6870.59	2447
6871.32	2410
6872.04	2438
6872.77	2435
6873.49	2403
6874.21	2343
6874.93	2379
6875.66	2347
6876.38	2353
6877.1	2401
6877.83	2357
6878.55	2339
6879.27	2283
6879.99	2378
6880.72	2274
6881.44	2360
6882.16	2387
6882.88	2323
6883.6	2443
6884.33	2315
6885.05	2378
6885.77	2309
6886.49	2325
6887.21	2383
6887.93	2343
6888.65	2375
6889.37	2358
6890.1	2370
6890.82	2427
6891.54	2351
6892.26	2341
6892.98	2345
6893.7	2341
6894.42	2325
6895.14	2433
6895.86	2336
6896.58	2326
6897.3	2316
6898.02	2366
6898.74	2322
6899.46	2340
6900.18	2347
6900.9	2326
6901.62	2373
6902.34	2341
6903.06	2318
6903.78	2277
6904.5	2245
6905.21	2306
6905.93	2286
6906.65	2275
6907.37	2262
6908.09	2264
6908.81	2237
6909.53	2213
6910.25	2235
6910.96	2215
6911.68	2242
6912.4	2156
6913.12	2186
6913.84	2153
6914.55	2179
6915.27	2163
6915.99	2110
6916.71	2135
6917.42	2146
6918.14	2141
6918.86	2171
6919.57	2151
6920.29	2147
6921.01	2119
6921.73	2104
6922.44	2125
6923.16	2131
6923.88	2085
6924.59	2065
6925.31	2156
6926.03	2112
6926.74	2109
6927.46	2136
6928.17	2124
6928.89	2070
6929.6	2084
6930.32	2044
6931.04	2114
6931.75	2056
6932.47	2055
6933.18	2066
6933.9	2032
6934.61	2047
6935.33	2018
6936.04	2101
6936.76	2043
6937.47	2052
6938.19	2073
6938.9	2039
6939.62	2046
6940.33	2007
6941.04	2080
6941.76	2070
6942.47	2043
6943.19	2023
6943.9	2031
6944.61	2028
6945.33	2087
6946.04	2043
6946.75	2003
6947.47	2019
6948.18	2024
6948.89	2071
6949.61	2031
6950.32	1987
6951.03	2039
6951.75	2026
6952.46	2055
6953.17	1997
6953.88	2007
6954.6	2043
6955.31	2076
6956.02	2109
6956.73	2084
6957.45	2171
6958.16	2091
6958.87	2036
6959.58	2046
6960.29	2044
6961.01	2023
6961.72	2099
6962.43	2044
6963.14	2099
6963.85	2120
6964.56	2063
6965.27	2143
6965.98	2096
6966.69	2087
6967.41	2102
6968.12	2071
6968.83	2121
6969.54	2082
6970.25	2055
6970.96	2103
6971.67	2157
6972.38	2144
6973.09	2121
6973.8	2085
6974.51	2115
6975.22	2154
6975.93	2116
6976.64	2172
6977.35	2154
6978.06	2151
6978.77	2163
6979.47	2180
6980.18	2176
6980.89	2159
6981.6	2191
6982.31	2187
6983.02	2210
6983.73	2208
6984.44	2221
6985.14	2247
6985.85	2195
6986.56	2213
6987.27	2188
6987.98	2268
6988.69	2281
6989.39	2215
6990.1	2276
6990.81	2280
6991.52	2242
6992.22	2280
6992.93	2263
6993.64	2280
6994.35	2280
6995.05	2193
6995.76	2276
6996.47	2383
6997.17	2352
6997.88	2348
6998.59	2226
6999.29	2376
7000	2313
7000.71	2458
7001.41	2324
7002.12	2439
7002.83	2400
7003.53	2424
7004.24	2507
7004.94	2432
7005.65	2483
7006.35	2462
7007.06	2526
7007.77	2567
7008.47	2568
7009.18	2605
7009.88	2639
7010.59	2645
7011.29	2667
7012	2692
7012.7	2662
7013.41	2755
7014.11	2766
7014.81	2767
7015.52	2978
7016.22	2879
7016.93	2899
7017.63	2933
7018.34	2977
7019.04	2991
7019.74	3095
7020.45	3015
7021.15	3132
7021.85	3114
7022.56	3133
7023.26	3151
7023.96	3229
7024.67	3200
7025.37	3251
7026.07	3282
7026.78	3317
7027.48	3364
7028.18	3384
7028.89	3435
7029.59	3373
7030.29	3434
7030.99	3434
7031.7	3430
7032.4	3391
7033.1	3464
7033.8	3473
7034.5	3547
7035.21	3481
7035.91	3457
7036.61	3512
7037.31	3430
7038.01	3553
7038.71	3548
7039.41	3460
7040.12	3482
7040.82	3467
7041.52	3552
7042.22	3522
7042.92	3500
7043.62	3421
7044.32	3485
7045.02	3490
7045.72	3509
7046.42	3554
7047.12	3428
7047.82	3346
7048.52	3441
7049.22	3436
7049.92	3383
7050.62	3350
7051.32	3459
7052.02	3396
7052.72	3376
7053.42	3323
7054.12	3283
7054.82	3321
7055.52	3288
7056.22	3224
7056.92	3331
7057.62	3255
7058.31	3196
7059.01	3122
7059.71	3232
7060.41	3169
7061.11	3087
7061.81	3112
7062.51	3073
7063.2	3064
7063.9	3000
7064.6	3007
7065.3	3046
7066	2980
7066.69	2980
7067.39	2992
7068.09	2933
7068.79	2983
7069.48	2852
7070.18	2882
7070.88	2848
7071.57	2800
7072.27	2793
7072.97	2824
7073.67	2755
7074.36	2782
7075.06	2784
7075.76	2678
7076.45	2694
7077.15	2623
7077.84	2643
7078.54	2648
7079.24	2607
7079.93	2573
7080.63	2665
7081.32	2583
7082.02	2504
7082.71	2553
7083.41	2478
7084.11	2504
7084.8	2475
7085.5	2460
7086.19	2464
7086.89	2403
7087.58	2392
7088.28	2355
7088.97	2388
7089.67	2376
7090.36	2355
7091.06	2314
7091.75	2331
7092.44	2308
7093.14	2318
7093.83	2289
7094.53	2259
7095.22	2285
7095.91	2266
7096.61	2259
7097.3	2202
7098	2151
7098.69	2202
7099.38	2195
7100.08	2189
7100.77	2101
7101.46	2131
7102.15	2119
7102.85	2091
7103.54	2120
7104.23	2060
7104.93	2119
7105.62	2103
7106.31	2085
7107	2116
7107.7	2080
7108.39	2047
7109.08	2069
7109.77	2084
7110.46	2016
7111.16	2000
7111.85	1995
7112.54	1996
7113.23	1950
7113.92	1934
7114.61	2010
7115.31	2025
7116	1952
7116.69	1991
7117.38	1929
7118.07	1925
7118.76	1964
7119.45	1956
7120.14	1919
7120.83	1916
7121.52	2014
7122.21	1936
7122.9	1892
7123.59	1869
7124.28	1886
7124.97	1883
7125.66	1808
7126.35	1898
7127.04	1916
7127.73	1859
7128.42	1881
7129.11	1862
7129.8	1881
7130.49	1904
7131.18	1845
7131.87	1894
7132.56	1799
7133.25	1890
7133.94	1864
7134.63	1818
7135.31	1821
7136	1791
7136.69	1817
7137.38	1832
7138.07	1791
7138.76	1820
7139.45	1761
7140.13	1800
7140.82	1798
7141.51	1807
7142.2	1816
7142.88	1820
7143.57	1780
7144.26	1797
7144.95	1805
7145.63	1766
7146.32	1748
7147.01	1720
7147.7	1744
7148.38	1736
7149.07	1749
7149.76	1758
7150.44	1704
7151.13	1716
7151.82	1720
7152.5	1758
7153.19	1759
7153.88	1730
7154.56	1714
7155.25	1704
7155.93	1717
7156.62	1741
7157.31	1711
7157.99	1765
7158.68	1664
7159.36	1714
7160.05	1682
7160.73	1681
7161.42	1706
7162.1	1702
7162.79	1689
7163.47	1687
7164.16	1698
7164.84	1697
7165.53	1667
7166.21	1694
7166.9	1677
7167.58	1645
7168.27	1668
7168.95	1681
7169.64	1695
7170.32	1676
7171	1688
7171.69	1644
7172.37	1664
7173.06	1647
7173.74	1690
7174.42	1642
7175.11	1684
7175.79	1702
7176.47	1627
7177.16	1651
7177.84	1695
7178.52	1674
7179.21	1623
7179.89	1643
7180.57	1615
7181.25	1627
7181.94	1627
7182.62	1657
7183.3	1601
7183.98	1635
7184.67	1617
7185.35	1611
7186.03	1610
7186.71	1656
7187.39	1807
7188.08	1664
7188.76	1645
7189.44	1613
7190.12	1580
7190.8	1631
7191.48	1614
7192.17	1580
7192.85	1566
7193.53	1618
7194.21	1575
7194.89	1603
7195.57	1634
7196.25	1631
7196.93	1579
7197.61	1605
7198.29	1525
7198.97	1591
7199.65	1547
7200.33	1617
7201.01	1578
7201.69	1582
7202.37	1563
7203.05	1589
7203.73	1618
7204.41	1569
7205.09	1559
7205.77	1617
7206.45	1576
7207.13	1543
7207.81	1570
7208.49	1563
7209.17	1616
7209.85	1590
7210.53	1623
7211.21	1595
7211.88	1551
7212.56	1588
7213.24	1537
7213.92	1547
7214.6	1589
7215.28	1607
7215.95	1586
7216.63	1550
7217.31	1569
7217.99	1556
7218.67	1539
7219.34	1553
7220.02	1537
7220.7	1524
7221.38	1538
7222.05	1503
7222.73	1544
7223.41	1504
7224.09	1508
7224.76	1563
7225.44	1547
7226.12	1524
7226.79	1550
7227.47	1500
7228.15	1525
7228.82	1563
7229.5	1478
7230.18	1493
7230.85	1542
7231.53	1448
7232.2	1561
7232.88	1473
7233.56	1490
7234.23	1491
7234.91	1498
7235.58	1472
7236.26	1488
7236.93	1513
7237.61	1503
7238.29	1493
7238.96	1516
7239.64	1508
7240.31	1508
7240.99	1511
7241.66	1562
7242.34	1480
7243.01	1486
7243.68	1486
7244.36	1441
7245.03	1487
7245.71	1494
7246.38	1521
7247.06	1435
7247.73	1460
7248.4	1461
7249.08	1497
7249.75	1412
7250.43	1505
7251.1	1480
7251.77	1484
7252.45	1516
7253.12	1522
7253.79	1490
7254.47	1480
7255.14	1562
7255.81	1480
7256.48	1517
7257.16	1447
7257.83	1482
7258.5	1515
7259.18	1450
7259.85	1486
7260.52	1503
7261.19	1523
7261.86	1503
7262.54	1509
7263.21	1543
7263.88	1461
7264.55	1491
7265.22	1563
7265.9	1534
7266.57	1503
7267.24	1538
7267.91	1573
7268.58	1561
7269.25	1551
7269.92	1551
7270.6	1597
7271.27	1634
7271.94	1614
7272.61	1589
7273.28	1621
7273.95	1570
7274.62	1671
7275.29	1671
7275.96	1702
7276.63	1694
7277.3	1673
7277.97	1731
7278.64	1769
7279.31	1833
7279.98	1847
7280.65	1880
7281.32	1851
7281.99	1914
7282.66	2020
7283.33	1993
7284	2066
7284.67	2053
7285.34	2183
7286.01	2274
7286.68	2382
7287.34	2427
7288.01	2504
7288.68	2659
7289.35	2825
7290.02	2981
7290.69	3143
7291.36	3370
7292.02	3629
7292.69	3986
7293.36	4376
7294.03	4879
7294.7	5355
7295.37	6010
7296.03	6881
7296.7	7894
7297.37	9299
7298.04	10857
7298.7	12935
7299.37	15434
7300.04	18565
7300.71	21335
7301.37	23972
7302.04	25275
7302.71	25717
7303.37	24734
7304.04	22281
7304.71	19822
7305.37	17247
7306.04	14784
7306.71	12555
7307.37	10782
7308.04	9221
7308.7	8085
7309.37	7166
7310.04	6481
7310.7	5825
7311.37	5302
7312.03	4790
7312.7	4515
7313.36	4178
7314.03	3874
7314.7	3647
7315.36	3383
7316.03	3173
7316.69	3013
7317.36	2893
7318.02	2805
7318.69	2637
7319.35	2492
7320.02	2466
7320.68	2418
7321.35	2298
7322.01	2278
7322.67	2230
7323.34	2141
7324	2087
7324.67	2003
7325.33	1971
7325.99	2003
7326.66	1944
7327.32	1913
7327.99	1839
7328.65	1883
7329.31	1799
7329.98	1742
7330.64	1724
7331.3	1737
7331.97	1645
7332.63	1675
7333.29	1727
7333.95	1654
7334.62	1600
7335.28	1652
7335.94	1633
7336.6	1547
7337.27	1583
7337.93	1636
7338.59	1562
7339.25	1470
7339.92	1565
7340.58	1531
7341.24	1516
7341.9	1553
7342.56	1523
7343.23	1440
7343.89	1465
7344.55	1458
7345.21	1468
7345.87	1457
7346.53	1412
7347.19	1472
7347.85	1421
7348.52	1420
7349.18	1424
7349.84	1408
7350.5	1388
7351.16	1400
7351.82	1372
7352.48	1382
7353.14	1414
7353.8	1390
7354.46	1382
7355.12	1362
7355.78	1361
7356.44	1407
7357.1	1382.83
7357.76	1354.21
7358.42	1345.41
7359.08	1327.84
7359.74	1320.64
7360.4	1354.63
7361.06	1358.72
7361.72	1342.15
7362.38	1320.04
7363.04	1294.89
7363.69	1290.11
7364.35	1263.88
7365.01	1311.07
7365.67	1341.94
7366.33	1363.76
7366.99	1288.67
7367.65	1309.2
7368.31	1290.66
7368.96	1279.63
7369.62	1281.14
7370.28	1311.13
7370.94	1348.15
7371.6	1296.74
7372.25	1284.33
7372.91	1267.96
7373.57	1273.31
7374.23	1303.22
7374.89	1273.28
7375.54	1300.43
7376.2	1294.97
7376.86	1316.14
7377.51	1271.39
7378.17	1264.43
7378.83	1245.44
7379.49	1248.5
7380.14	1241.15
7380.8	1235.26
7381.46	1257.46
7382.11	1240.14
7382.77	1215.75
7383.43	1251.36
7384.08	1246.08
7384.74	1250.67
7385.4	1270.46
7386.05	1226.11
7386.71	1192.54
7387.36	1223.09
7388.02	1206.44
7388.68	1212.43
7389.33	1195.25
7389.99	1215.37
7390.64	1187.75
7391.3	1217.34
7391.95	1200.71
7392.61	1233.65
7393.26	1188.87
7393.92	1191.42
7394.57	1188.52
7395.23	1195.77
7395.88	1171.05
7396.54	1206.65
7397.19	1197.97
7397.85	1172.69
7398.5	1197.69
7399.16	1171
7399.81	1179.99
7400.47	1189.46
7401.12	1179.75
7401.77	1186.4
7402.43	1153.96
7403.08	1206.2
7403.74	1162.2
7404.39	1176.56
7405.04	1177.91
7405.7	1185.31
7406.35	1155.07
7407	1156.41
7407.66	1144.6
7408.31	1168.11
7408.96	1130.24
7409.62	1136.79
7410.27	1170.58
7410.92	1104.21
7411.58	1128.72
7412.23	1106.83
7412.88	1131.85
7413.53	1145.73
7414.19	1157.16
7414.84	1147.14
7415.49	1127.97
7416.14	1158.06
7416.8	1163.69
7417.45	1142.51
7418.1	1123.13
7418.75	1124.63
7419.4	1122.57
7420.06	1135.47
7420.71	1179.13
7421.36	1139.97
7422.01	1110.55
7422.66	1157.5
7423.31	1134.97
7423.39	1131
7424.04	1138
7424.7	1127
7425.35	1155
7426.01	1142
7426.66	1119
7427.32	1145
7427.97	1157
7428.63	1137
7429.28	1177
7429.94	1095
7430.59	1148
7431.25	1148
7431.9	1134
7432.55	1140
7433.21	1125
7433.86	1170
7434.52	1162
7435.17	1137
7435.82	1212
7436.48	1222
7437.13	1195
7437.78	1131
7438.44	1154
7439.09	1160
7439.74	1167
7440.4	1183
7441.05	1183
7441.7	1133
7442.36	1212
7443.01	1173
7443.66	1187
7444.31	1181
7444.97	1162
7445.62	1194
7446.27	1170
7446.92	1203
7447.58	1194
7448.23	1215
7448.88	1161
7449.53	1207
7450.18	1209
7450.84	1151
7451.49	1161
7452.14	1228
7452.79	1215
7453.44	1208
7454.09	1227
7454.74	1174
7455.4	1244
7456.05	1233
7456.7	1244
7457.35	1261
7458	1285
7458.65	1202
7459.3	1208
7459.95	1254
7460.6	1268
7461.25	1218
7461.9	1187
7462.55	1302
7463.21	1253
7463.85	1266
7464.5	1265
7465.15	1249
7465.8	1241
7466.45	1290
7467.1	1295
7467.75	1282
7468.4	1292
7469.05	1302
7469.7	1343
7470.35	1401
7471	1321
7471.65	1310
7472.3	1327
7472.95	1345
7473.6	1338
7474.25	1376
7474.9	1337
7475.54	1349
7476.19	1366
7476.84	1365
7477.49	1396
7478.14	1446
7478.79	1412
7479.44	1459
7480.08	1396
7480.73	1380
7481.38	1409
7482.03	1496
7482.67	1393
7483.32	1482
7483.97	1438
7484.62	1458
7485.26	1452
7485.91	1546
7486.56	1505
7487.21	1551
7487.85	1499
7488.5	1552
7489.15	1563
7489.79	1580
7490.44	1589
7491.09	1563
7491.73	1610
7492.38	1623
7493.03	1622
7493.67	1640
7494.32	1725
7494.97	1763
7495.61	1713
7496.26	1723
7496.91	1714
7497.55	1740
7498.2	1765
7498.84	1752
7499.49	1833
7500.13	1871
7500.78	1908
7501.43	1912
7502.07	1898
7502.72	1850
7503.36	1883
7504.01	1904
7504.65	1874
7505.3	1935
7505.94	1965
7506.59	1941
7507.23	1966
7507.88	1973
7508.52	1949
7509.16	2034
7509.81	2058
7510.45	2073
7511.1	2050
7511.74	2078
7512.38	2093
7513.03	2169
7513.67	2130
7514.32	2169
7514.96	2211
7515.6	2174
7516.25	2254
7516.89	2285
7517.53	2268
7518.18	2257
7518.82	2283
7519.46	2387
7520.11	2330
7520.75	2384
7521.39	2314
7522.04	2471
7522.68	2479
7523.32	2499
7523.96	2492
7524.61	2487
7525.25	2547
7525.89	2591
7526.53	2695
7527.18	2728
7527.82	2743
7528.46	2735
7529.1	2773
7529.74	2843
7530.39	2776
7531.03	2833
7531.67	2877
7532.31	2968
7532.95	2921
7533.59	2984
7534.24	3012
7534.88	3044
7535.52	3098
7536.16	3054
7536.8	3072
7537.44	3166
7538.08	3196
7538.72	3199
7539.36	3287
7540	3300
7540.64	3359
7541.28	3360
7541.92	3439
7542.56	3507
7543.2	3526
7543.84	3571
7544.48	3568
7545.12	3583
7545.76	3653
7546.4	3715
7547.04	3779
7547.68	3818
7548.32	3823
7548.96	3842
7549.6	4021
7550.24	3941
7550.88	3987
7551.52	4035
7552.16	4177
7552.8	4140
7553.44	4162
7554.08	4227
7554.71	4211
7555.35	4272
7555.99	4232
7556.63	4295
7557.27	4369
7557.91	4455
7558.54	4484
7559.18	4542
7559.82	4477
7560.46	4580
7561.1	4643
7561.73	4640
7562.37	4631
7563.01	4718
7563.65	4784
7564.28	4693
7564.92	4778
7565.56	4921
7566.2	4855
7566.83	4816
7567.47	4918
7568.11	4813
7568.75	4880
7569.38	4929
7570.02	4952
7570.66	4991
7571.29	4930
7571.93	4872
7572.57	4888
7573.2	4948
7573.84	4969
7574.47	4971
7575.11	4954.5
7575.75	4938
7576.38	5008
7577.02	5038
7577.65	4971
7578.29	4865
7578.93	4871
7579.56	4790
7580.2	4817
7580.83	4773
7581.47	4680
7582.1	4661
7582.74	4539
7583.37	4604
7584.01	4638
7584.64	4436
7585.28	4348
7585.91	4255
7586.55	4256
7587.18	4173
7587.82	4110
7588.45	4032
7589.09	4061
7589.72	3904
7590.35	3944
7590.99	3787
7591.62	3654
7592.26	3650
7592.89	3554
7593.52	3554
7594.16	3439
7594.79	3373
7595.42	3309
7596.06	3187
7596.69	3129
7597.33	3115
7597.96	3024
7598.59	2952
7599.23	2851
7599.86	2886
7600.49	2803
7601.12	2790
7601.76	2686
7602.39	2659
7603.02	2647
7603.65	2673
7604.29	2607
7604.92	2565
7605.55	2489
7606.18	2445
7606.82	2438
7607.45	2375
7608.08	2410
7608.71	2352
7609.34	2268
7609.98	2235
7610.61	2227
7611.24	2225
7611.87	2240
7612.5	2218
7613.13	2207
7613.77	2137
7614.4	2168
7615.03	2146
7615.66	2119
7616.29	2075
7616.92	2102
7617.55	2020
7618.18	2095
7618.81	2065
7619.44	1995
7620.07	1945
7620.7	1912
7621.33	1949
7621.96	1976
7622.59	1953
7623.23	1912
7623.86	1922
7624.48	1900
7625.11	1938
7625.74	1904
7626.37	1850
7627	1785
7627.63	1806
7628.26	1857
7628.89	1778
7629.52	1837
7630.15	1752
7630.78	1719
7631.41	1780
7632.04	1743
7632.67	1796
7633.3	1772
7633.93	1669
7634.55	1694
7635.18	1721
7635.81	1702
7636.44	1650
7637.07	1730
7637.7	1681
7638.32	1698
7638.95	1645
7639.58	1661
7640.21	1633
7640.84	1632
7641.46	1593
7642.09	1648
7642.72	1636
7643.35	1672
7643.97	1586
7644.6	1570
7645.23	1558
7645.86	1576
7646.48	1588
7647.11	1563
7647.74	1533
7648.36	1569
7648.99	1482
7649.62	1572
7650.24	1527
7650.87	1512
7651.5	1508
7652.13	1511
7652.75	1520
7653.38	1507
7654	1512
7654.63	1462
7655.26	1503
7655.88	1514
7656.51	1507
7657.13	1534
7657.76	1501
7658.39	1473
7659.01	1481
7659.64	1505
7660.26	1493
7660.89	1466
7661.51	1526
7662.14	1454
7662.76	1490
7663.39	1486
7664.01	1477
7664.64	1449
7665.26	1447
7665.89	1507
7666.51	1471
7667.14	1488
7667.76	1516
7668.39	1549
7669.01	1515
7669.64	1557
7670.26	1574
7670.88	1522
7671.51	1552
7672.13	1621
7672.76	1648
7673.38	1595
7674	1583
7674.63	1644
7675.25	1652
7675.87	1692
7676.5	1671
7677.12	1687
7677.74	1716
7678.37	1672
7678.99	1674
7679.61	1681
7680.24	1693
7680.86	1664
7681.48	1704
7682.1	1713
7682.73	1744
7683.35	1770
7683.97	1732
7684.59	1786
7685.22	1798
7685.84	1792
7686.46	1797
7687.08	1804
7687.71	1837
7688.33	1883
7688.95	1880
7689.57	1908
7690.19	1916
7690.81	1896
7691.44	1899
7692.06	2016
7692.68	1982
7693.3	1994
7693.92	2026
7694.54	2101
7695.16	2134
7695.78	2135
7696.41	2159
7697.03	2081
7697.65	2210
7698.27	2245
7698.89	2231
7699.51	2235
7700.13	2304
7700.75	2321
7701.37	2342
7701.99	2385
7702.61	2359
7703.23	2434
7703.85	2400
7704.47	2427
7705.09	2548
7705.71	2451
7706.33	2469
7706.95	2502
7707.57	2485
7708.19	2504
7708.81	2483
7709.43	2530
7710.05	2573
7710.67	2516
7711.29	2506
7711.9	2505
7712.52	2513
7713.14	2538
7713.76	2614
7714.38	2501
7715	2538
7715.62	2486
7716.24	2557
7716.85	2515
7717.47	2542
7718.09	2603
7718.71	2445
7719.33	2528
7719.94	2593
7720.56	2521
7721.18	2553
7721.8	2546
7722.42	2506
7723.03	2560
7723.65	2642
7724.27	2592
7724.89	2543
7725.5	2567
7726.12	2554
7726.74	2503
7727.35	2496
7727.97	2539
7728.59	2519
7729.21	2623
7729.82	2575
7730.44	2546
7731.06	2571
7731.67	2613
7732.29	2577
7732.91	2633
7733.52	2649
7734.14	2595
7734.75	2582
7735.37	2612
7735.99	2616
7736.6	2654
7737.22	2703
7737.83	2609
7738.45	2652
7739.06	2638
7739.68	2645
7740.3	2643
7740.91	2692
7741.53	2750
7742.14	2811
7742.76	2764
7743.37	2847
7743.99	2730
7744.6	2831
7745.22	2733
7745.83	2892
7746.45	2845
7747.06	2923
7747.68	2929
7748.29	2840
7748.9	2998
7749.52	3068
7750.13	3067
7750.75	3132
7751.36	3170
7751.98	3129
7752.59	3238
7753.2	3223
7753.82	3312
7754.43	3357
7755.04	3372
7755.66	3343
7756.27	3347
7756.88	3466
7757.5	3558
7758.11	3552
7758.72	3541
7759.34	3557
7759.95	3553
7760.56	3577
7761.18	3642
7761.79	3750
7762.4	3698
7763.01	3702
7763.63	3692
7764.24	3805
7764.85	3849
7765.46	3809
7766.08	3921
7766.69	3914
7767.3	3910
7767.91	3940
7768.53	4080
7769.14	4000
7769.75	3941
7770.36	4017
7770.97	4094
7771.58	4028
7772.2	4164
7772.81	4152
7773.42	4270
7774.03	4219
7774.64	4136
7775.25	4268
7775.86	4248
7776.47	4171
7777.08	4225
7777.7	4248
7778.31	4308
7778.92	4302
7779.53	4439
7780.14	4372
7780.75	4372
7781.36	4326
7781.97	4317
7782.58	4361
7783.19	4278
7783.8	4330
7784.41	4301
7785.02	4294
7785.63	4358
7786.24	4309
7786.85	4173
7787.46	4224
7788.07	4179
7788.68	4165
7789.29	4028
7789.9	4044
7790.51	3934
7791.11	3883
7791.72	3828
7792.33	3788
7792.94	3668
7793.55	3583
7794.16	3529
7794.77	3378
7795.38	3322
7795.98	3238
7796.59	3179
7797.2	3060
7797.81	3059
7798.42	2935
7799.03	2815
7799.63	2719
7800.24	2720
7800.85	2601
7801.46	2545
7802.07	2455
7802.67	2299
7803.28	2296
7803.89	2260
7804.5	2120
7805.1	2047
7805.71	2013
7806.32	1912
7806.93	1876
7807.53	1822
7808.14	1725
7808.75	1666
7809.35	1696
7809.96	1602
7810.57	1597
7811.17	1566
7811.78	1583
7812.39	1476
7812.99	1451
7813.6	1436
7814.21	1413
7814.81	1357
7815.42	1380
7816.02	1377
7816.63	1346
7817.24	1388
7817.84	1416
7818.45	1348
7819.05	1370
7819.66	1323
7820.27	1344
7820.87	1384
7821.48	1386
7822.08	1389
7822.69	1361
7823.29	1340
7823.9	1324
7824.5	1369
7825.11	1346
7825.71	1382
7826.32	1322
7826.92	1364
7827.53	1334
7828.13	1317
7828.74	1319
7829.34	1287
7829.94	1360
7830.55	1255
7831.15	1206
7831.76	1345
7832.36	1325
7832.96	1300
7833.57	1307
7834.17	1297
7834.78	1286
7835.38	1266
7835.98	1242
7836.59	1237
7837.19	1246
7837.79	1231
7838.4	1209
7839	1241
7839.6	1216
7840.21	1229
7840.81	1199
7841.41	1244
7842.01	1148
7842.62	1142
7843.22	1110
7843.82	1151
7844.43	1114
7845.03	1114
7845.63	1125
7846.23	1093
7846.83	1045
7847.44	1087
7848.04	1097
7848.64	1030
7849.24	1092
7849.85	1076
7850.45	1063
7851.05	1042
7851.65	1047
7852.25	1044
7852.85	1044
7853.45	1067
7854.06	993
7854.66	995
7855.26	986
7855.86	1002
7856.46	969
7857.06	1008
7857.66	979
7858.26	963
7858.86	977
7859.46	968
7860.06	964
7860.67	993
7861.27	971
7861.87	1008
7862.47	992
7863.07	914
7863.67	1018
7864.27	981
7864.87	976
7865.47	992
7866.07	957
7866.67	963
7867.27	982
7867.87	952
7868.47	994
7869.07	976
7869.66	953
7870.26	977
7870.86	950
7871.46	957
7872.06	958
7872.66	944
7873.26	952
7873.86	987
7874.46	972
7875.06	979
7875.66	958
7876.25	938
7876.85	973
7877.45	962
7878.05	985
7878.65	981
7879.25	951
7879.84	956
7880.44	961
7881.04	938
7881.64	942
7882.24	929
7882.83	962
7883.43	972
7884.03	969
7884.63	959
7885.22	952
7885.82	957
7886.42	958
7887.02	966
7887.61	935
7888.21	988
7888.81	990
7889.4	953
7890	933
7890.6	971
7891.19	912
7891.79	899
7892.39	934
7892.98	994
7893.58	911
7894.18	934
7894.77	905
7895.37	911
7895.97	939
7896.56	977
7897.16	923
7897.75	922
7898.35	907
7898.95	907
7899.54	898
7900.14	905
7900.73	937
7901.33	877
7901.92	903
7902.52	865
7903.11	874
7903.71	902
7904.31	906
7904.9	925
7905.5	902
7906.09	961
7906.68	903
7907.28	891
7907.87	892
7908.47	863
7909.06	846
7909.66	887
7910.25	879
7910.85	866
7911.44	809
7912.04	839
7912.63	875
7913.22	841
7913.82	801
7914.41	840
7915	805
7915.6	871
7916.19	848
7916.79	846
7917.38	856
7917.97	824
7918.57	835
7919.16	844
7919.75	849
7920.35	790
7920.94	822
7921.53	859
7922.13	842
7922.72	832
7923.31	803
7923.9	823
7924.5	769
7925.09	803
7925.68	778
7926.27	803
7926.87	801
7927.46	808
7928.05	787
7928.64	801
7929.23	815
7929.83	764
7930.42	796
7931.01	807
7931.6	822
7932.19	767
7932.79	782
7933.38	802
7933.97	777
7934.56	765.009
7935.15	817.876
7935.74	784.116
7936.33	765.973
7936.93	761.449
7937.52	777.034
7938.11	759.24
7938.7	762.08
7939.29	759.72
7939.88	719.01
7940.47	761.689
7941.06	741.931
7941.65	750.801
7942.24	726.042
7942.83	748.649
7943.42	730.441
7944.01	742.53
7944.6	724.271
7945.19	746.388
7945.78	728.808
7946.37	723.793
7946.96	723.633
7947.55	733.157
7948.14	699.402
7948.73	749.06
7949.32	715.682
7949.91	715.874
7950.5	714.39
7951.09	704.312
7951.68	709.221
7952.27	716.178
7952.86	714.885
7953.45	710.07
7954.04	709.458
7954.62	699.236
7955.21	674.017
7955.8	676.205
7956.39	665.367
7956.98	654.231
7957.57	677.081
7958.16	681.846
7958.75	669.109
7959.33	667.151
7959.92	660.712
7960.51	673.93
7961.1	648.466
7961.69	644.388
7962.27	669.418
7962.86	651.227
7963.45	620.309
7964.04	633.124
7964.63	650.071
7965.21	635.526
7965.8	620.012
7966.39	617.735
7966.98	640.028
7967.56	636.51
7968.15	619.705
7968.74	618.736
7969.32	593.504
7969.91	602.789
7970.5	607.935
7971.09	601.34
7971.67	631.857
7972.26	607.363
7972.85	583.661
7973.43	591.402
7974.02	596.669
7974.61	594.315
7975.19	578.614
7975.78	566.118
7976.36	583.367
7976.95	561.422
7977.54	596.504
7978.12	586.279
7978.71	585.402
7979.29	599.51
7979.88	540.49
7980.47	560.435
7981.05	582.2
7981.64	577.259
7982.22	558.848
7982.81	573.725
7983.39	557.113
7983.98	568.178
7984.56	561.721
7985.15	557.152
7985.74	565.199
7986.32	569.736
7986.91	550.572
7987.49	572.461
7988.07	555.319
7988.66	540.034
7989.24	517.911
7989.83	542.353
7990.41	567.036
7991	521.381
7991.58	513.627
7992.17	540.39
7992.75	537.679
7993.33	539.481
7993.92	526.233
7994	524
7994.59	513
7995.18	527
7995.77	518
7996.35	490
7996.94	510
7997.53	508
7998.11	531
7998.7	511
7999.29	541
7999.88	511
8000.46	498
8001.05	531
8001.64	501
8002.22	502
8002.81	515
8003.4	509
8003.98	539
8004.57	468
8005.16	493
8005.74	507
8006.33	528
8006.92	493
8007.5	522
8008.09	480
8008.67	505
8009.26	496
8009.85	506
8010.43	453
8011.02	502
8011.6	490
8012.19	486
8012.77	475
8013.36	478
8013.95	461
8014.53	469
8015.12	467
8015.7	471
8016.29	455
8016.87	470
8017.46	428
8018.04	455
8018.63	463
8019.21	423
8019.8	455
8020.38	450
8020.97	415
8021.55	419
8022.13	425
8022.72	433
8023.3	415
8023.89	421
8024.47	427
8025.06	424
8025.64	418
8026.22	435
8026.81	396
8027.39	397
8027.97	414
8028.56	417
8029.14	413
8029.73	450
8030.31	404
8030.89	391
8031.48	418
8032.06	380
8032.64	367
8033.22	358
8033.81	403
8034.39	399
8034.97	400
8035.56	393
8036.14	415
8036.72	383
8037.3	369
8037.89	388
8038.47	404
8039.05	403
8039.63	359
8040.22	376
8040.8	390
8041.38	374
8041.96	359
8042.54	363
8043.13	358
8043.71	353
8044.29	351
8044.87	367
8045.45	355
8046.03	331
8046.62	372
8047.2	359
8047.78	353
8048.36	361
8048.94	351
8049.52	352
8050.1	343
8050.68	336
8051.27	368
8051.85	353
8052.43	344
8053.01	347
8053.59	350
8054.17	366
8054.75	364
8055.33	342
8055.91	323
8056.49	333
8057.07	355
8057.65	366
8058.23	353
8058.81	371
8059.39	336
8059.97	347
8060.55	381
8061.13	314
8061.71	335
8062.29	354
8062.87	337
8063.45	360
8064.03	327
8064.61	325
8065.19	351
8065.76	336
8066.34	336
8066.92	357
8067.5	316
8068.08	319
8068.66	318
8069.24	346
8069.82	310
8070.4	310
8070.97	343
8071.55	327
8072.13	337
8072.71	341
8073.29	353
8073.87	325
8074.44	303
8075.02	328
8075.6	352
8076.18	324
8076.76	310
8077.33	323
8077.91	324
8078.49	328
8079.07	330
8079.64	325
8080.22	331
8080.8	308
8081.38	312
8081.95	313
8082.53	314
8083.11	327
8083.68	298
8084.26	322
8084.84	272
8085.42	325
8085.99	309
8086.57	307
8087.14	313
8087.72	314
8088.3	290
8088.87	316
8089.45	301
8090.03	292
8090.6	307
8091.18	305
8091.75	286
8092.33	314
8092.91	312
8093.48	313
8094.06	282
8094.63	329
8095.21	269
8095.79	304
8096.36	324
8096.94	279
8097.51	292
8098.09	272
8098.66	280
8099.24	288
8099.81	275
8100.39	304
8100.96	294
8101.54	278
8102.11	288
8102.69	305
8103.26	256
8103.84	291
8104.41	301
8104.98	294
8105.56	278
8106.13	300
8106.71	287
8107.28	314
8107.85	287
8108.43	313
8109	286
8109.58	277
8110.15	267
8110.73	283
8111.3	256
8111.87	267
8112.45	296
8113.02	295
8113.59	289
8114.17	298
8114.74	307
8115.31	280
8115.89	261
8116.46	288
8117.03	279
8117.6	293
8118.18	270
8118.75	294
8119.32	274
8119.9	291
8120.47	304
8121.04	245
8121.61	275
8122.19	289
8122.76	281
8123.33	294
8123.9	282
8124.47	271
8125.05	260
8125.62	280
8126.19	285
8126.76	265
8127.33	291
8127.9	290
8128.48	236
8129.05	268
8129.62	272
8130.19	270.5
8130.76	269
8131.33	278
8131.9	296
8132.48	278
8133.05	329
8133.62	288
8134.19	263
8134.76	274
8135.33	271
8135.9	290
8136.47	284
8137.04	281
8137.61	285
8138.18	281
8138.75	277
8139.32	270
8139.89	268
8140.46	276
8141.03	266
8141.6	268
8142.17	257
8142.74	300
8143.31	302
8143.88	301
8144.45	264
8145.02	276
8145.59	276
8146.16	279
8146.73	302
8147.3	312
8147.87	260
8148.44	286
8149.01	297
8149.58	301
8150.15	304
8150.72	270
8151.29	283
8151.85	296
8152.42	302
8152.99	310
8153.56	303
8154.13	283
8154.7	298
8155.27	293
8155.83	281
8156.4	295
8156.97	287
8157.54	273
8158.11	294
8158.67	300
8159.24	297
8159.81	279
8160.38	288
8160.95	275
8161.51	318
8162.08	294
8162.65	281
8163.22	284
8163.78	313
8164.35	299
8164.92	307
8165.48	282
8166.05	316
8166.62	286
8167.19	283
8167.75	301
8168.32	293
8168.89	290
8169.45	305
8170.02	295
8170.59	314
8171.15	296
8171.72	299
8172.29	306
8172.85	303
8173.42	325
8173.98	290
8174.55	325
8175.12	313
8175.68	309
8176.25	324
8176.81	309
8177.38	296
8177.94	284
8178.51	292
8179.08	302
8179.64	306
8180.21	298
8180.77	288
8181.34	258
8181.9	283
8182.47	277
8183.03	267
8183.6	306
8184.16	287
8184.73	267
8185.29	316
8185.86	301
8186.42	315
8186.99	289
8187.55	307
8188.12	304
8188.68	278
8189.25	287
8189.81	310
8190.37	263
8190.94	270
8191.5	269
8192.07	301
8192.63	289
8193.19	277
8193.76	255
8194.32	278
8194.88	274
8195.45	294
8196.01	278
8196.58	297
8197.14	287
8197.7	285
8198.26	313
8198.83	295
8199.39	302
8199.95	257
8200.52	292
8201.08	288
8201.64	303
8202.21	301
8202.77	294
8203.33	294
8203.89	304
8204.46	297
8205.02	292
8205.58	291
8206.14	265
8206.71	316
8207.27	300
8207.83	294
8208.39	307
8208.95	264
8209.52	298
8210.08	312
8210.64	291
8211.2	311
8211.76	284
8212.32	295
8212.89	292
8213.45	289
8214.01	281
8214.57	262
8215.13	245
8215.69	286
8216.25	274
8216.81	288
8217.38	281
8217.94	288
8218.5	271
8219.06	283
8219.62	308
8220.18	296
8220.74	292
8221.3	267
8221.86	275
8222.42	288
8222.98	296
8223.54	302
8224.1	291
8224.66	311
8225.22	296
8225.78	290
8226.34	317
8226.9	285
8227.46	279
8228.02	304
8228.58	287
8229.14	286
8229.7	264
8230.26	301
8230.82	288
8231.38	297
8231.94	303
8232.5	308
8233.06	292
8233.61	280
8234.17	324
8234.73	275
8235.29	272
8235.85	298
8236.41	300
8236.97	280
8237.53	309
8238.08	302
8238.64	281
8239.2	270
8239.76	282
8240.32	270
8240.88	317
8241.43	302
8241.99	279
8242.55	293
8243.11	293
8243.67	322
8244.22	305
8244.78	299
8245.34	294
8245.9	304
8246.45	287
8247.01	288
8247.57	311
8248.13	261
8248.68	280
8249.24	287
8249.8	292
8250.35	309
8250.91	274
8251.47	276
8252.02	275
8252.58	288
8253.14	280
8253.69	315
8254.25	270
8254.81	291
8255.36	252
8255.92	290
8256.48	295
8257.03	293
8257.59	259
8258.15	262
8258.7	263
8259.26	293
8259.81	268
8260.37	281
8260.92	275
8261.48	271
8262.04	262
8262.59	262
8263.15	262
8263.7	267
8264.26	241
8264.81	245
8265.37	291
8265.92	267
8266.48	253
8267.03	252
8267.59	256
8268.14	259
8268.7	239
8269.25	250
8269.81	238
8270.36	262
8270.92	265
8271.47	225
8272.03	261
8272.58	249
8273.13	209
8273.69	248
8274.24	264
8274.8	246
8275.35	214
8275.91	254
8276.46	232
8277.01	256
8277.57	235
8278.12	245
8278.67	243
8279.23	224
8279.78	212
8280.33	253
8280.89	228
8281.44	221
8282	250
8282.55	234
8283.1	220
8283.65	228
8284.21	196
8284.76	227
8285.31	231
8285.87	226
8286.42	218
8286.97	228
8287.52	237
8288.08	205
8288.63	225
8289.18	213
8289.73	206
8290.29	214
8290.84	200
8291.39	200
8291.94	214
8292.49	213
8293.05	179
8293.6	214
8294.15	224
8294.7	205
8295.25	190
8295.8	193
8296.36	221
8296.91	204
8297.46	172
8298.01	181
8298.56	222
8299.11	180
8299.67	192
8300.22	220
8300.77	198
8301.32	191
8301.87	184
8302.42	200
8302.97	198
8303.52	193
8304.07	195
8304.62	182
8305.17	188
8305.72	207
8306.27	174
8306.82	205
8307.37	211
8307.92	190
8308.47	195
8309.02	185
8309.57	158
8310.12	191
8310.67	205
8311.22	175
8311.77	170
8312.32	181
8312.87	173
8313.42	200
8313.97	199
8314.52	201
8315.07	178
8315.62	194
8316.17	184
8316.72	179
8317.27	190
8317.82	171
8318.36	155
8318.91	178
8319.46	219
8320.01	199
8320.56	169
8321.11	177
8321.66	195
8322.21	171
8322.75	187
8323.3	198
8323.85	178
8324.4	139
8324.95	165
8325.5	169
8326.04	185
8326.59	207
8327.14	185
8327.69	170
8328.23	162
8328.78	182
8329.33	187
8329.88	160
8330.42	167
8330.97	179
8331.52	179
8332.07	155
8332.61	164
8333.16	149
8333.71	163
8334.26	169
8334.8	157
8335.35	182
8335.9	154
8336.44	167
8336.99	168
8337.54	160
8338.08	141
8338.63	169
8339.18	155
8339.72	184
8340.27	158
8340.82	180
8341.36	154
8341.91	177
8342.45	150
8343	159
8343.54	160
8344.09	159
8344.64	140
8345.18	153
8345.73	167
8346.27	162
8346.82	151
8347.37	194
8347.91	144
8348.46	173
8349	165
8349.55	177
8350.09	149
8350.64	142
8351.18	148
8351.73	154
8352.27	172
8352.82	188
8353.36	153
8353.91	164
8354.45	153
8355	138
8355.54	174
8356.08	142
8356.63	152
8357.17	150
8357.72	163
8358.26	153
8358.81	157
8359.35	134
8359.89	161
8360.44	145
8360.98	148
8361.52	138
8362.07	155
8362.61	124
8363.16	138
8363.7	136
8364.24	161
8364.79	147
8365.33	152
8365.87	139
8366.42	142
8366.96	152
8367.5	153
8368.05	152
8368.59	157
8369.13	147
8369.67	134
8370.22	146
8370.76	140
8371.3	146
8371.84	159
8372.39	151
8372.93	161
8373.47	148
8374.02	165
8374.56	143
8375.1	115
8375.64	128
8376.18	134
8376.73	134
8377.27	139
8377.81	129
8378.35	122
8378.89	163
8379.43	157
8379.98	153
8380.52	130
8381.06	109
8381.6	121
8382.14	132
8382.68	108
8383.23	131
8383.77	130
8384.31	132
8384.85	144
8385.39	144
8385.93	145
8386.47	145
8387.01	108
8387.55	126
8388.09	138
8388.63	114
8389.17	128
8389.71	132
8390.25	131
8390.8	139
8391.34	143
8391.88	156
8392.42	150
8392.96	99
8393.5	119
8394.04	133
8394.58	118
8395.12	145
8395.66	153
8396.2	127
8396.74	112
8397.27	137
8397.81	142
8398.35	102
8398.89	131
8399.43	128
8399.97	116
8400.51	105
8401.05	117
8401.59	121
8402.13	142
8402.67	128
8403.21	128
8403.75	124
8404.28	114
8404.82	103
8405.36	128
8405.9	140
8406.44	126
8406.98	113
8407.51	119
8408.05	106
8408.59	150
8409.13	135
8409.67	118
8410.21	125
8410.74	113
8411.28	121
8411.82	121
8412.36	125
8412.89	126
8413.43	114
8413.97	112
8414.51	130
8415.04	126
8415.58	141
8416.12	133
8416.66	104
8417.19	135
8417.73	101
8418.27	130
8418.81	126
8419.34	128
8419.88	123
8420.42	132
8420.95	119
8421.49	115
8422.03	124
8422.56	133
8423.1	136
8423.64	123
8424.17	127
8424.71	116
8425.25	116
8425.78	122
8426.32	115
8426.85	103
8427.39	118
8427.92	104
8428.46	93
8429	105
8429.53	115
8430.07	137
8430.6	110
8431.14	106
8431.67	118
8432.21	125
8432.75	96
8433.28	111
8433.82	103
8434.35	125
8434.89	120
8435.42	88
8435.96	129
8436.49	107
8437.03	100
8437.56	110
8438.1	108
8438.63	96
8439.17	119
8439.7	112
8440.23	117
8440.77	108
8441.3	116
8441.84	127
8442.37	116
8442.91	86
8443.44	116
8443.97	104
8444.51	113
8445.04	122
8445.58	97
8446.11	106
8446.64	104
8447.18	104
8447.71	107
8448.25	104
8448.78	87
8449.31	92
8449.84	136
8450.38	111
8450.91	110
8451.45	99
8451.98	82
8452.51	104
8453.04	106.757
8453.58	112.529
8454.11	110.847
8454.64	105.191
8455.17	107.992
8455.71	95.0175
8456.24	99.7525
8456.77	104.274
8457.31	86.2437
8457.84	132.256
8458.37	86.4761
8458.9	102.2
8459.44	90.9937
8459.97	97.7282
8460.5	91.4258
8461.03	89.5017
8461.56	82.2551
8462.09	94.904
8462.63	102.665
8463.16	91.1627
8463.69	122.765
8464.22	103.215
8464.75	104.7
8465.29	104.012
8465.82	115.861
8466.35	90.8699
8466.88	88.3935
8467.41	92.5286
8467.94	102.659
8468.47	106
8469	94.3188
8469.54	88.7544
8470.07	100.449
8470.6	91.531
8471.13	88.7779
8471.66	83.7342
8472.19	87.0924
8472.72	90.5107
8473.25	99.1506
8473.78	97.3052
8474.31	103.766
8474.84	87.0799
8475.37	84.172
8475.9	86.4921
8476.43	108.242
8476.96	93.0935
8477.49	86.5656
8478.02	79.2064
8478.55	86.0417
8479.08	101.603
8479.61	101.406
8480.14	83.5875
8480.67	89.5225
8481.2	76.7937
8481.73	92.2993
8482.26	91.2763
8482.79	84.3757
8483.32	82.0501
8483.85	79.5806
8484.38	79.05
8484.91	85.3744
8485.44	108.173
8485.97	96.6577
8486.5	88.3539
8487.02	89.4542
8487.55	84.8314
8488.08	81.8882
8488.61	95.7839
8489.14	94.1311
8489.67	94.1643
8490.2	97.6113
8490.73	101.529
8491.25	97.9802
8491.78	86.8747
8492.31	80.7476
8492.84	78.2961
8493.37	95.5207
8493.9	72.7217
8494.42	87.5954
8494.95	73.5397
8495.48	69.4909
8496.01	87.6351
8496.54	88.4382
8497.06	77.5163
8497.59	80.2799
8498.12	62.0322
8498.65	96.7804
8499.17	92.9073
8499.7	90.6113
8500.23	91.7524
8500.76	74.8685
8501.28	83.3536
8501.81	82.5107
8502.34	92.6161
8502.87	96.8601
8503.39	76.9265
8503.92	68.5197
8504.45	82.8756
8504.97	81.4754
8505.5	81.5437
8506.03	63.5276
8506.55	50.819
8507.08	43.0284
8507.14	42
8507.67	88
8508.2	80
8508.73	74
8509.26	80
8509.79	63
8510.32	78
8510.85	84
8511.38	87
8511.91	80
8512.44	71
8512.97	57
8513.5	80
8514.03	69
8514.56	94
8515.09	75
8515.62	74
8516.14	80
8516.67	84
8517.2	77
8517.73	91
8518.26	79
8518.79	52
8519.32	78
8519.85	98
8520.38	91
8520.9	63
8521.43	84
8521.96	83
8522.49	83
8523.02	83
8523.54	97
8524.07	72
8524.6	73
8525.13	83
8525.66	81
8526.19	80
8526.71	72
8527.24	84
8527.77	81
8528.3	76
8528.82	88
8529.35	68
8529.88	72
8530.41	74
8530.93	90
8531.46	102
8531.99	84
8532.52	82
8533.04	105
8533.57	67
8534.1	71
8534.62	92
8535.15	77
8535.68	92
8536.2	73
8536.73	77
8537.26	98
8537.78	78
8538.31	80
8538.84	98
8539.36	62
8539.89	75
8540.42	103
8540.94	62
8541.47	75
8542	93
8542.52	89
8543.05	77
8543.57	89
8544.1	95
8544.62	104
8545.15	60
8545.68	78
8546.2	82
8546.73	93
8547.25	92
8547.78	82
8548.3	67
8548.83	77
8549.35	72
8549.88	86
8550.4	71
8550.93	75
8551.45	84
8551.98	78
8552.5	83
8553.03	79
8553.55	73
8554.08	84
8554.6	81
8555.13	95
8555.65	81
8556.18	62
8556.7	66
8557.22	94
8557.75	85
8558.27	86
8558.8	73
8559.32	83
8559.85	93
8560.37	70
8560.89	101
8561.42	82
8561.94	57
8562.46	84
8562.99	85
8563.51	90
8564.04	83
8564.56	72
8565.08	84
8565.61	104
8566.13	69
8566.65	113
8567.18	66
8567.7	60
8568.22	78
8568.75	80
8569.27	84
8569.79	91
8570.31	52
8570.84	65
8571.36	76
8571.88	60
8572.4	89
8572.93	76
8573.45	64
8573.97	74
8574.49	64
8575.02	84
8575.54	80
8576.06	78
8576.58	81
8577.1	84
8577.63	86
8578.15	82
8578.67	73
8579.19	66
8579.71	84
8580.24	61
8580.76	79
8581.28	82
8581.8	75
8582.32	86
8582.84	68
8583.36	83
8583.89	99
8584.41	75
8584.93	71
8585.45	76
8585.97	83
8586.49	83
8587.01	81
8587.53	81
8588.05	82
8588.57	79
8589.09	87
8589.62	96
8590.14	70
8590.66	67
8591.18	81
8591.7	79
8592.22	66
8592.74	73
8593.26	85
8593.78	70
8594.3	73
8594.82	83
8595.34	70
8595.86	80
8596.38	75
8596.9	88
8597.42	71
8597.94	87
8598.46	70
8598.98	81
8599.5	78
8600.01	81
8600.53	77
8601.05	61
8601.57	90
8602.09	79
8602.61	74
8603.13	82
8603.65	90
8604.17	51
8604.69	65
8605.21	59
8605.72	67
8606.24	65
8606.76	71
8607.28	70
8607.8	67
8608.32	61
8608.83	72
8609.35	71
8609.87	65
8610.39	61
8610.91	70
8611.43	84
8611.94	75
8612.46	60
8612.98	76
8613.5	57
8614.02	92
8614.53	99
8615.05	78
8615.57	74
8616.09	52
8616.6	50
8617.12	75
8617.64	91
8618.16	63
8618.67	58
8619.19	57
8619.71	85
8620.22	89
8620.74	75
8621.26	83
8621.78	50
8622.29	90
8622.81	70
8623.33	49
8623.84	73
8624.36	59
8624.88	61
8625.39	75
8625.91	64
8626.42	72
8626.94	77
8627.46	88
8627.97	75
8628.49	70
8629.01	68
8629.52	46
8630.04	45.5
8630.55	45
8631.07	77
8631.58	84
8632.1	85
8632.62	69
8633.13	72
8633.65	70
8634.16	78
8634.68	72
8635.19	76
8635.71	74
8636.22	79
8636.74	65
8637.25	72
8637.77	82
8638.28	81
8638.8	55
8639.31	72
8639.83	76
8640.34	63
8640.86	86
8641.37	75
8641.89	62
8642.4	76
8642.92	89
8643.43	75
8643.95	47
8644.46	63
8644.97	64
8645.49	68
8646	79
8646.52	77
8647.03	43
8647.54	64
8648.06	66
8648.57	65
8649.09	78
8649.6	43
8650.11	52
8650.63	73
8651.14	66
8651.65	71
8652.17	77
8652.68	76
8653.19	66
8653.71	89
8654.22	89
8654.73	78
8655.25	76
8655.76	89
8656.27	88
8656.79	64
8657.3	83
8657.81	66
8658.32	52
8658.84	68
8659.35	60
8659.86	77
8660.37	77
8660.89	66
8661.4	66
8661.91	68
8662.42	66
8662.93	72
8663.45	63
8663.96	57
8664.47	86
8664.98	75
8665.5	62
8666.01	59
8666.52	50
8667.03	75
8667.54	73
8668.05	63
8668.56	77
8669.08	61
8669.59	75
8670.1	56
8670.61	73
8671.12	70
8671.63	62
8672.14	65
8672.66	64
8673.17	78
8673.68	75
8674.19	61
8674.7	72
8675.21	56
8675.72	53
8676.23	59
8676.74	92
8677.25	66
8677.76	70
8678.27	62
8678.78	49
8679.29	82
8679.8	53
8680.31	59
8680.82	59
8681.33	58
8681.84	55
8682.35	50
8682.86	37
8683.37	83
8683.88	61
8684.39	75
8684.9	81
8685.41	50
8685.92	73
8686.43	64
8686.94	75
8687.45	72
8687.96	55
8688.47	60
8688.98	74
8689.49	53
8690	56
8690.5	87
8691.01	80
8691.52	61
8692.03	42
8692.54	56
8693.05	83
8693.56	70
8694.07	64
8694.58	67
8695.08	64
8695.59	61
8696.1	77
8696.61	68
8697.12	65
8697.62	58
8698.13	70
8698.64	62
8699.15	60
8699.66	64
8700.16	53
8700.67	65
8701.18	75
8701.69	74
8702.2	66
8702.7	70
8703.21	62
8703.72	75
8704.23	65
8704.73	63
8705.24	67
8705.75	55
8706.25	53
8706.76	78
8707.27	65
8707.78	67
8708.28	75
8708.79	36
8709.3	69
8709.8	52
8710.31	85
8710.82	77
8711.32	60
8711.83	42
8712.34	76
8712.84	52
8713.35	72
8713.86	54
8714.36	63
8714.87	54
8715.38	52
8715.88	62
8716.39	55
8716.89	53
8717.4	73
8717.9	54
8718.41	53
8718.92	53
8719.42	50
8719.93	66
8720.43	69
8720.94	72
8721.44	74
8721.95	55
8722.46	47
8722.96	60
8723.46	54
8723.97	63
8724.48	77
8724.98	69
8725.49	68
8725.99	65
8726.5	49
8727	78
8727.5	66
8728.01	58
8728.51	80
8729.02	54
8729.52	43
8730.03	55
8730.53	47
8731.04	56
8731.54	55
8732.04	45
8732.55	83
8733.05	45
8733.56	56
8734.06	65
8734.57	66
8735.07	59
8735.57	70
8736.08	68
8736.58	80
8737.08	59
8737.59	67
8738.09	69
8738.59	52
8739.1	44
8739.6	65
8740.11	71
8740.61	70
8741.11	68
8741.62	74
8742.12	48
8742.62	59
8743.12	85
8743.63	64
8744.13	45
8744.63	58
8745.14	61
8745.64	40
8746.14	60
8746.64	40
8747.15	37
8747.65	44
8748.15	66
8748.65	80
8749.16	46
8749.66	68
8750.16	28
8750.66	59
8751.16	56
8751.67	57
8752.17	58
8752.67	58
8753.17	49
8753.67	52
8754.18	52
8754.68	59
8755.18	61
8755.68	36
8756.18	50
8756.68	50
8757.18	73
8757.69	62
8758.19	78
8758.69	51
8759.19	73
8759.69	62
8760.19	69
8760.69	69
8761.19	59
8761.69	54
8762.2	55
8762.7	54
8763.2	34
8763.7	45
8764.2	63
8764.7	69
8765.2	61
8765.7	45
8766.2	58
8766.7	67
8767.2	58
8767.7	56
8768.2	58
8768.7	43
8769.2	63
8769.7	33
8770.2	52
8770.7	51
8771.2	53
8771.7	47
8772.2	46
8772.7	72
8773.2	57
8773.7	62
8774.2	75
8774.7	61
8775.2	54
8775.7	60
8776.19	55
8776.69	57
8777.19	52
8777.69	53
8778.19	68
8778.69	61
8779.19	58
8779.69	50
8780.19	40
8780.68	56
8781.18	68
8781.68	55
8782.18	63
8782.68	44
8783.18	50
8783.67	38
8784.17	61
8784.67	59
8785.17	56
8785.67	39
8786.17	51
8786.66	48
8787.16	37
8787.66	36
8788.16	47
8788.66	33
8789.15	54
8789.65	62
8790.15	48
8790.65	37
8791.14	42
8791.64	53
8792.14	49
8792.64	52
8793.13	56
8793.63	51
8794.13	54
8794.63	50
8795.12	42
8795.62	42
8796.12	53
8796.61	49
8797.11	75
8797.61	39
8798.1	61
8798.6	60
8799.1	44
8799.59	63
8800.09	41
8800.59	50
8801.08	62
8801.58	44
8802.07	43
8802.57	50
8803.07	51
8803.56	61
8804.06	58
8804.56	41
8805.05	49
8805.55	33
8806.04	58
8806.54	67
8807.03	44
8807.53	28
8808.03	58
8808.52	45
8809.02	43
8809.51	40
8810.01	56
8810.5	57
8811	50
8811.49	45
8811.99	42
8812.48	42
8812.98	46
8813.47	55
8813.97	40
8814.46	61
8814.96	47
8815.45	57
8815.95	55
8816.44	48
8816.94	40
8817.43	45
8817.92	66
8818.42	53
8818.91	70
8819.41	50
8819.9	60
8820.4	45
8820.89	34
8821.38	49
8821.88	45
8822.37	50
8822.87	44
8823.36	47
8823.85	68
8824.35	58
8824.84	65
8825.33	56
8825.83	47
8826.32	42
8826.82	49
8827.31	60
8827.8	58
8828.29	53
8828.79	49
8829.28	66
8829.78	40
8830.27	59
8830.76	58
8831.25	48
8831.75	35
8832.24	46
8832.73	59
8833.22	79
8833.72	62
8834.21	37
8834.7	57
8835.2	33
8835.69	53
8836.18	47
8836.67	46
8837.17	28
8837.66	50
8838.15	44
8838.64	43
8839.13	51
8839.63	42
8840.12	39
8840.61	58
8841.1	33
8841.59	43
8842.08	51
8842.58	27
8843.07	51
8843.56	40
8844.05	47
8844.54	43
8845.03	45
8845.52	45
8846.02	60
8846.51	63
8847	33
8847.49	72
8847.98	22
8848.47	62
8848.96	49
8849.45	48
8849.94	42
8850.43	49
8850.92	35
8851.42	34
8851.91	44
8852.4	51
8852.89	58
8853.38	25
8853.87	47
8854.36	32
8854.85	19
8855.34	59
8855.83	26
8856.32	49
8856.81	44
8857.3	53
8857.79	51
8858.28	55
8858.77	34
8859.26	32
8859.75	54
8860.24	57
8860.73	47
8861.22	31
8861.71	48
8862.2	67
8862.69	50
8863.17	47
8863.66	43
8864.15	42
8864.64	43
8865.13	41
8865.62	69
8866.11	55
8866.6	33
8867.09	49
8867.58	52
8868.06	44
8868.55	33
8869.04	56
8869.53	60
8870.02	48
8870.51	46
8871	72
8871.48	48
8871.97	50
8872.46	38
8872.95	47
8873.44	58
8873.93	44
8874.41	43
8874.9	63
8875.39	63
8875.88	33
8876.37	52
8876.85	39
8877.34	23
8877.83	59
8878.32	40
8878.8	62
8879.29	31
8879.78	47
8880.27	71
8880.75	62
8881.24	53
8881.73	55
8882.21	47
8882.7	35
8883.19	45
8883.68	44
8884.16	35
8884.65	53
8885.14	47
8885.62	46
8886.11	36
8886.6	25
8887.08	68
8887.57	55
8888.06	49
8888.54	44
8889.03	40
8889.51	42
8890	47
8890.49	52
8890.97	54
8891.46	58
8891.95	49
8892.43	39
8892.92	34
8893.4	29
8893.89	53
8894.38	52
8894.86	67
8895.35	43
8895.83	48
8896.32	26
8896.8	54
8897.29	45
8897.77	65
8898.26	44
8898.75	35
8899.23	43
8899.71	48
8900.2	32
8900.68	40
8901.17	51
8901.66	27
8902.14	38
8902.63	42
8903.11	54
8903.59	51
8904.08	39
8904.56	37
8905.05	37
8905.53	41
8906.02	37
8906.5	23
8906.99	50
8907.47	34
8907.96	38
8908.44	44
8908.92	49
8909.41	33
8909.89	49
8910.38	43
8910.86	40
8911.34	48
8911.83	52
8912.31	48
8912.79	53
8913.28	38
8913.76	50
8914.24	54
8914.73	38
8915.21	52
8915.69	61
8916.18	45
8916.66	39
8917.14	57
8917.63	40
8918.11	40
8918.59	26
8919.08	61
8919.56	32
8920.04	52
8920.53	34
8921.01	73
8921.49	54
8921.97	49.9223
8922.46	12.1134
8922.94	42.5424
8923.42	45.8561
8923.9	48.3816
8924.39	47.8914
8924.87	31.3072
8925.35	56.0897
8925.83	61.3194
8926.31	48.6654
8926.8	31.7979
8927.28	42.9987
8927.76	39.8915
8928.24	39.0306
8928.72	62.3689
8929.21	38.1109
8929.69	42.6062
8930.17	42.2797
8930.65	32.0576
8931.13	61.9214
8931.61	42.0569
8932.1	41.502
8932.58	35.1044
8933.06	14.2178
8933.54	42.4088
8934.02	39.2415
8934.5	49.0484
8934.98	41.0944
8935.46	32.7409
8935.95	31.6352
8936.43	47.8671
8936.91	48.119
8937.39	50.3853
8937.87	29.3443
8938.35	35.8662
8938.83	42.229
8939.31	47.1167
8939.79	38.2407
8940.27	37.6159
8940.75	26.9677
8941.23	39.1239
8941.71	44.7319
8942.2	26.2252
8942.67	52.2166
8943.16	42.5182
8943.64	21.0213
8944.12	37.3832
8944.6	32.9824
8945.08	37.1918
8945.56	47.9155
8946.04	37.0902
8946.52	35.4046
8947	30.123
8947.47	37.4695
8947.96	41.2727
8948.43	37.3847
8948.91	29.1635
8949.39	38.5944
8949.87	33.725
8950.35	43.2246
8950.83	43.9645
8951.31	34.7
8951.79	30.8511
8952.27	30.631
8952.75	33.7389
8953.23	51.1974
8953.71	37.3425
8954.19	27.0178
8954.67	26.1623
8955.14	42.4437
8955.62	51.7627
8956.1	42.1713
8956.58	26.0678
8957.06	23.2001
8957.54	30.6971
8958.02	29.9632
8958.49	31.602
8958.97	34.4234
8959.45	30.0736
8959.93	31.2995
8960.41	32.4749
8960.89	30.9358
8961.36	30.5243
8961.84	21.6251
8962.32	39.4345
8962.8	31.7477
8963.28	35.011
8963.75	34.9611
8964.23	37.093
8964.71	37.7564
8965.19	18.2152
8965.67	30.2308
8966.14	39.3252
8966.62	42.1122
8967.1	19.9615
8967.58	17.8135
8968.05	18.5924
8968.53	-3.70388
8969.01	17.9307
8969.49	52.124
8969.96	46.0449
8970.44	41.1387
8970.92	23.7353
8970.93	23
8971.41	44
8971.89	60
8972.37	23
8972.85	18
8973.33	13
8973.81	36
8974.29	36
8974.77	47
8975.25	27
8975.73	42
8976.21	24
8976.69	38
8977.17	43
8977.65	37
8978.13	27
8978.61	26
8979.09	19
8979.57	51
8980.05	28
8980.53	7
8981.01	23
8981.49	33
8981.97	45
8982.45	30
8982.93	27
8983.41	29
8983.88	34
8984.36	52
8984.84	25
8985.32	25
8985.8	40
8986.28	33
8986.76	36
8987.24	42
8987.71	42
8988.19	46
8988.67	30
8989.15	34
8989.63	33
8990.11	27
8990.58	41
8991.06	51
8991.54	27
8992.02	42
8992.5	45
8992.97	54
8993.45	45
8993.93	35
8994.41	31
8994.89	52
8995.36	43
8995.84	52
8996.32	55
8996.8	35
8997.27	38
8997.75	29
8998.23	44
8998.71	29
8999.18	39
8999.66	47
9000.14	40
9000.61	46
9001.09	48
9001.57	33
9002.05	39
9002.52	48
9003	21
9003.48	34
9003.95	44
9004.43	41
9004.91	70
9005.38	42
9005.86	43
9006.34	40
9006.81	48
9007.29	55
9007.76	29
9008.24	41
9008.72	52
9009.19	56
9009.67	25
9010.15	48
9010.62	22
9011.1	42
9011.57	44
9012.05	22
9012.53	38
9013	31
9013.48	31
9013.95	38
9014.43	23
9014.9	51
9015.38	43
9015.85	37
9016.33	41
9016.81	49
9017.28	37
9017.76	35
9018.23	26
9018.71	38
9019.18	44
9019.66	46
9020.13	39
9020.61	39
9021.08	33
9021.56	40
9022.03	31
9022.5	43
9022.98	47
9023.45	48
9023.93	58
9024.4	55
9024.88	31
9025.35	51
9025.83	54
9026.3	41
9026.77	45
9027.25	29
9027.72	31
9028.2	41
9028.67	36
9029.15	44
9029.62	40
9030.09	31
9030.57	50
9031.04	44
9031.51	52
9031.99	56
9032.46	31
9032.93	25
9033.41	36
9033.88	44
9034.36	54
9034.83	51
9035.3	36
9035.77	50
9036.25	58
9036.72	57
9037.19	33
9037.67	32
9038.14	41
9038.61	39
9039.09	34
9039.56	36
9040.03	22
9040.5	40
9040.98	49
9041.45	47
9041.92	64
9042.39	49
9042.87	28
9043.34	42
9043.81	31
9044.28	32
9044.76	52
9045.23	28
9045.7	47
9046.17	63
9046.64	42
9047.12	70
9047.59	44
9048.06	25
9048.53	31
9049	45
9049.48	61
9049.95	62
9050.42	30
9050.89	49
9051.36	30
9051.83	42
9052.31	31
9052.78	47
9053.25	20
9053.72	49
9054.19	33
9054.66	47
9055.13	49
9055.6	40
9056.07	60
9056.54	44
9057.02	29
9057.49	22
9057.96	48
9058.43	56
9058.9	38
9059.37	54
9059.84	35
9060.31	38
9060.78	44
9061.25	43
9061.72	51
9062.19	31
9062.66	29
9063.13	42
9063.6	45
9064.07	45
9064.54	61
9065.01	40
9065.48	35
9065.95	30
9066.42	16
9066.89	42
9067.36	46
9067.83	25
9068.3	35
9068.77	42
9069.24	39
9069.71	37
9070.18	52
9070.65	35
9071.12	41
9071.59	11
9072.06	46
9072.53	44
9073	45
9073.46	46
9073.93	37
9074.4	39
9074.87	48
9075.34	46
9075.81	37
9076.28	36
9076.75	27
9077.21	50
9077.68	51
9078.15	34
9078.62	26
9079.09	59
9079.56	53
9080.03	53
9080.49	37
9080.96	55
9081.43	35
9081.9	16
9082.37	25
9082.83	34
9083.3	57
9083.77	51
9084.24	42
9084.71	37
9085.17	49
9085.64	40
9086.11	65
9086.58	31
9087.04	30
9087.51	56
9087.98	48
9088.45	38
9088.91	63
9089.38	43
9089.85	32
9090.32	56
9090.78	49
9091.25	45
9091.72	29
9092.18	22
9092.65	42
9093.12	30
9093.58	46
9094.05	54
9094.52	55
9094.98	55
9095.45	41
9095.92	41
9096.38	39
9096.85	41
9097.32	37
9097.78	50
9098.25	44
9098.72	59
9099.18	48
9099.65	52
9100.11	45
9100.58	48
9101.05	57
9101.51	38
9101.98	38
9102.44	28
9102.91	52
9103.38	48
9103.84	63
9104.31	35
9104.77	42
9105.24	54
9105.7	48
9106.17	49
9106.63	55
9107.1	51
9107.57	43
9108.03	30
9108.5	38
9108.96	33
9109.43	37
9109.89	51
9110.36	49
9110.82	35
9111.29	46
9111.75	48
9112.22	41
9112.68	42
9113.14	37
9113.61	49
9114.07	40
9114.54	48
9115	29
9115.47	34
9115.93	44
9116.4	36
9116.86	38
9117.32	44
9117.79	37
9118.25	42
9118.72	42
9119.18	61
9119.64	44
9120.11	30
9120.57	39
9121.04	41
9121.5	34
9121.96	34
9122.43	49
9122.89	43
9123.35	54
9123.82	39
9124.28	69
9124.75	34
9125.21	39
9125.67	41
9126.13	59
9126.6	34
9127.06	55
9127.52	35
9127.99	42
9128.45	39
9128.91	41
9129.38	43
9129.84	41
9130.3	31
9130.76	37
9131.23	54
9131.69	39
9132.15	42
9132.61	51
9133.08	42
9133.54	51
9134	17
9134.46	33
9134.93	43
9135.39	31
9135.85	47
9136.31	42
9136.78	42
9137.24	45
9137.7	43
9138.16	11
9138.62	63
9139.08	45
9139.55	34
9140.01	37
9140.47	37
9140.93	49
9141.39	56
9141.85	35
9142.32	36
9142.78	34
9143.24	34
9143.7	58
9144.16	57
9144.62	40
9145.08	43
9145.55	9
9146.01	49
9146.47	42
9146.93	34
9147.39	57
9147.85	38
9148.31	42
9148.77	49
9149.23	25
9149.69	54
9150.15	45
9150.61	15
9151.07	44
9151.54	34
9152	65
9152.46	34
9152.92	53
9153.38	26
9153.84	45
9154.3	64
9154.76	69
9155.22	38
9155.68	27
9156.14	50
9156.6	50
9157.06	52
9157.52	51
9157.98	47
9158.44	35
9158.9	43
9159.36	56
9159.81	47
9160.27	43
9160.73	33
9161.19	41
9161.65	40
9162.11	41
9162.57	25
9163.03	16
9163.49	48
9163.95	44
9164.41	34
9164.87	60
9165.33	36
9165.78	56
9166.24	40
9166.7	59
9167.16	60
9167.62	26
9168.08	38
9168.54	44
9168.99	39
9169.45	52
9169.91	35
9170.37	47
9170.83	30
9171.29	41
9171.74	48
9172.2	47
9172.66	39
9173.12	23
9173.58	50
9174.04	34
9174.49	29
9174.95	47
9175.41	47
9175.87	53
9176.32	51
9176.78	36
9177.24	47
9177.7	53
9178.16	18
9178.61	47
9179.07	42
9179.53	25
9179.98	32
9180.44	39
9180.9	49
9181.36	33
9181.81	52
9182.27	50
9182.73	49
9183.18	48
9183.64	50
9184.1	38
9184.55	41
9185.01	46
9185.47	58
9185.92	31
9186.38	47
9186.84	68
9187.29	33
9187.75	25
9188.21	33
9188.66	31
9189.12	32
9189.58	44
9190.03	40
9190.49	34
9190.95	51
9191.4	54
9191.86	40
9192.31	44
9192.77	47
9193.22	39
9193.68	39
9194.14	32
9194.59	22
9195.05	27
9195.5	23
9195.96	33
9196.42	54
9196.87	37
9197.33	45
9197.78	57
9198.24	42
9198.69	45
9199.15	38
9199.6	50
9200.06	20
9200.51	33
9200.97	36
9201.42	49
9201.88	29
9202.33	32
9202.79	46
9203.24	44
9203.7	48
9204.15	48
9204.6	46
9205.06	47
9205.51	60
9205.97	44
9206.42	38
9206.88	45
9207.33	43
9207.79	48
9208.24	40
9208.69	39
9209.15	44
9209.6	47
9210.06	38
9210.51	52
9210.96	45
9211.42	42
9211.87	23
9212.33	39
9212.78	64
9213.23	38
9213.69	35
9214.14	21
9214.59	41
9215.05	52
9215.5	23
9215.96	25
9216.41	30
9216.86	42
9217.31	44
9217.77	25
9218.22	46
9218.67	47
9219.13	19
9219.58	60
9220.03	34
9220.49	35
9220.94	41
9221.39	59
9221.84	40
9222.3	53
9222.75	41
9223.2	38
9223.65	47
9224.11	34
9224.56	48
9225.01	28
9225.46	25
9225.92	43
9226.37	37
9226.82	26
9227.27	42
9227.72	40
9228.18	47
9228.63	40
9229.08	37
9229.53	41
9229.98	50
9230.44	31
9230.89	58
9231.34	38
9231.79	24
9232.24	39
9232.7	21
9233.15	37
9233.6	53
9234.05	52
9234.5	65
9234.95	24
9235.4	20
9235.85	36
9236.31	34
9236.76	52
9237.21	38
9237.66	34
9238.11	26
9238.56	33
9239.01	50
9239.46	49
9239.91	53
9240.36	17
9240.81	40
9241.26	51
9241.71	48
9242.17	46
9242.62	44
9243.07	38
9243.52	41
9243.97	62
9244.42	51
9244.87	46
9245.32	31
9245.77	34
9246.22	61
9246.67	39
9247.12	33
9247.57	39
9248.02	41
9248.47	36
9248.92	51
9249.37	52
9249.82	27
9250.27	36
9250.72	54
9251.17	45
9251.62	34
9252.06	41
9252.51	20
9252.96	33
9253.41	56
9253.86	17
9254.31	46
9254.76	32
9255.21	46
9255.66	30
9256.11	60
9256.56	43
9257	28
9257.45	33
9257.9	17
9258.35	22
9258.8	47
9259.25	42
9259.7	44
9260.14	44
9260.59	45
9261.04	29
9261.49	41
9261.94	40
9262.39	30
9262.83	36
9263.28	22
9263.73	30
9264.18	20
9264.63	51
9265.08	48
9265.52	35
9265.97	43
9266.42	38
9266.87	33
9267.32	18
9267.76	29
9268.21	37
9268.66	33
9269.11	56
9269.55	33
9270	32
9270.45	28
9270.9	50
9271.34	30
9271.79	46
9272.24	20
9272.68	46
9273.13	53
9273.58	39
9274.03	55
9274.47	22
9274.92	9
9275.37	44
9275.81	47
9276.26	45
9276.71	25
9277.15	30
9277.6	40
9278.05	39
9278.49	28
9278.94	46
9279.39	15
9279.83	26
9280.28	39
9280.72	28
9281.17	33
9281.62	37
9282.06	25
9282.51	35
9282.96	32
9283.4	44
9283.85	22
9284.29	36
9284.74	25
9285.19	24
9285.63	34
9286.08	31
9286.52	30
9286.97	22
9287.41	42
9287.86	29
9288.3	37
9288.75	33
9289.2	35
9289.64	45
9290.09	22
9290.53	36
9290.98	40
9291.42	33
9291.87	18
9292.31	45
9292.76	50
9293.2	54
9293.65	46
9294.09	27
9294.54	42
9294.98	33
9295.42	37
9295.87	25
9296.31	17
9296.76	27
9297.2	26
9297.65	36
9298.09	28
9298.54	32
9298.98	13
9299.42	39
9299.87	32
9300.31	44
9300.76	26
9301.2	32
9301.65	49
9302.09	14
9302.53	40
9302.98	47
9303.42	20
9303.87	30
9304.31	27
9304.75	52
9305.2	41
9305.64	44
9306.08	35
9306.53	45
9306.97	52
9307.41	46
9307.86	56
9308.3	41
9308.74	26
9309.19	40
9309.63	47
9310.07	38
9310.51	42
9310.96	11
9311.4	50
9311.84	31
9312.29	35
9312.73	49
9313.17	33
9313.61	21
9314.06	35
9314.5	31
9314.94	48
9315.38	40
9315.83	40
9316.27	31
9316.71	11
9317.15	30
9317.6	34
9318.04	42
9318.48	31
9318.92	47
9319.37	37
9319.81	39
9320.25	37
9320.69	51
9321.13	39
9321.58	54
9322.02	51
9322.46	32
9322.9	41
9323.34	25
9323.78	21
9324.22	25
9324.67	50
9325.11	36
9325.55	16
9325.99	44
9326.43	60
9326.87	41
9327.31	38
9327.76	30
9328.2	34
9328.64	38
9329.08	44
9329.52	35
9329.96	21
9330.4	41
9330.84	27
9331.28	52
9331.72	31
9332.16	40
9332.6	32
9333.05	21
9333.49	54
9333.93	39
9334.37	48
9334.81	34
9335.25	30
9335.69	21
9336.13	23
9336.57	30
9337.01	41
9337.45	25
9337.89	24
9338.33	35
9338.77	25
9339.21	34
9339.65	40
9340.09	34
9340.53	31
9340.97	42
9341.41	45
9341.85	32
9342.29	19
9342.73	9
9343.17	29
9343.6	20
9344.04	30
9344.48	35
9344.92	42
9345.36	34
9345.8	26
9346.24	43
9346.68	63
9347.12	45
9347.56	45
9348	37
9348.44	35
9348.88	48.86
9349.31	31.9178
9349.75	16.4709
9350.19	30.3218
9350.63	36.9488
9351.07	35.8672
9351.51	42.6382
9351.95	33.3445
9352.38	26.9826
9352.82	32.966
9353.26	26.4842
9353.7	26.1043
9354.14	27.9698
9354.58	21.4763
9355.01	47.9114
9355.45	33.2002
9355.89	32.0151
9356.33	42.1517
9356.77	37.2305
9357.2	33.0315
9357.64	32.5561
9358.08	33.345
9358.52	36.7776
9358.96	36.5315
9359.39	31.9276
9359.83	41.138
9360.27	35.6476
9360.71	24.7858
9361.14	28.134
9361.58	26.0396
9362.02	29.6344
9362.46	38.1724
9362.89	38.3927
9363.33	36.5724
9363.77	28.782
9364.2	18.0812
9364.64	39.5448
9365.08	24.8211
9365.51	27.0285
9365.95	39.5428
9366.39	27.7213
9366.83	29.9322
9367.26	26.7145
9367.7	39.7164
9368.14	33.4617
9368.57	20.7693
9369.01	22.4742
9369.45	28.0277
9369.88	29.8836
9370.32	34.3899
9370.76	30.5342
9371.19	20.5446
9371.63	34.1655
9372.06	38.4689
9372.5	33.2512
9372.94	33.1942
9373.37	19.4538
9373.81	27.0385
9374.25	30.447
9374.68	26.2828
9375.12	20.7665
9375.55	19.19
9375.99	30.3082
9376.43	38.2727
9376.86	42.7862
9377.3	27.1993
9377.73	24.7259
9378.17	20.2684
9378.6	26.6207
9379.04	24.1
9379.48	21.7763
9379.91	36.4311
9380.35	25.9
9380.78	24.5303
9381.22	38.6377
9381.65	34.199
9382.09	40.5486
9382.52	43.9123
9382.96	12.1314
9383.39	27.5377
9383.83	31.228
9384.26	32.1641
9384.7	27.5158
9385.13	34.5395
9385.57	21.6918
9386	26.721
9386.44	26.025
9386.87	26.7091
9387.31	37.115
9387.74	32.0897
9388.18	59.6768
9388.61	203.981
9389.04	311.244
9389.48	170.411
9389.91	61.9797
9390.35	26.4361
9390.78	32.228
9391.22	17.7615
9391.65	37.2468
9392.08	23.3632
9392.12	22
9392.56	28
9392.99	42
9393.43	12
9393.87	23
9394.31	27
9394.74	26
9395.18	25
9395.62	30
9396.05	17
9396.49	33
9396.93	19
9397.36	36
9397.8	35
9398.24	28
9398.67	28
9399.11	37
9399.54	24
9399.98	23
9400.42	24
9400.85	26
9401.29	36
9401.73	40
9402.16	27
9402.6	38
9403.04	37
9403.47	36
9403.91	22
9404.34	9
9404.78	33
9405.22	22
9405.65	32
9406.09	39
9406.52	18
9406.96	30
9407.39	53
9407.83	40
9408.27	39
9408.7	29
9409.14	19
9409.57	36
9410.01	34
9410.44	33
9410.88	32
9411.31	27
9411.75	30
9412.18	41
9412.62	18
9413.05	52
9413.49	31
9413.92	43
9414.36	50
9414.79	15
9415.23	42
9415.66	57
9416.1	27
9416.53	29
9416.97	25
9417.4	45
9417.84	50
9418.27	43
9418.71	24
9419.14	28
9419.57	36
9420.01	41
9420.44	35
9420.88	42
9421.31	32
9421.75	38
9422.18	18
9422.61	29
9423.05	33
9423.48	26
9423.92	49
9424.35	27
9424.78	46
9425.22	36
9425.65	31
9426.08	40
9426.52	15
9426.95	41
9427.38	40
9427.82	25
9428.25	34
9428.68	45
9429.12	36
9429.55	42
9429.99	28
9430.42	33
9430.85	26
9431.28	38
9431.72	35
9432.15	26
9432.58	20
9433.02	39
9433.45	31
9433.88	37
9434.31	59
9434.75	50
9435.18	51
9435.61	53
9436.05	44
9436.48	33
9436.91	47
9437.34	37
9437.77	24
9438.21	46
9438.64	46
9439.07	39
9439.5	30
9439.94	22
9440.37	35
9440.8	41
9441.23	25
9441.66	39
9442.1	33
9442.53	47
9442.96	42
9443.39	38
9443.82	39
9444.25	38
9444.69	45
9445.12	29
9445.55	25
9445.98	33
9446.41	49
9446.85	34
9447.28	42
9447.71	50
9448.14	44
9448.57	40
9449	35
9449.43	39
9449.86	35
9450.29	32
9450.73	40
9451.16	27
9451.59	51
9452.02	21
9452.45	38
9452.88	48
9453.31	43
9453.74	35
9454.17	24
9454.6	41
9455.03	40
9455.46	47
9455.89	23
9456.33	36
9456.76	24
9457.19	32
9457.62	21
9458.05	49
9458.48	46
9458.91	24
9459.34	44
9459.77	44
9460.2	48
9460.63	55
9461.06	36
9461.49	38
9461.92	38
9462.35	40
9462.78	37
9463.21	42
9463.64	31
9464.07	49
9464.5	48
9464.92	20
9465.35	33
9465.78	43
9466.21	44
9466.64	40
9467.07	38
9467.5	38
9467.93	33
9468.36	26
9468.79	26
9469.22	29
9469.65	43
9470.08	36
9470.5	43
9470.93	41
9471.36	34
9471.79	55
9472.22	56
9472.65	43
9473.08	20
9473.51	39
9473.93	33
9474.36	64
9474.79	47
9475.22	36
9475.65	43
9476.08	42
9476.5	42
9476.93	33
9477.36	26
9477.79	31
9478.22	31
9478.64	35
9479.07	46
9479.5	53
9479.93	37
9480.36	45
9480.78	49
9481.21	31
9481.64	42
9482.07	42
9482.5	44
9482.92	44
9483.35	37
9483.78	39
9484.21	51
9484.63	42
9485.06	40
9485.49	42
9485.91	33
9486.34	41
9486.77	19
9487.2	50
9487.62	53
9488.05	46
9488.48	34
9488.91	61
9489.33	17
9489.76	52
9490.19	43
9490.61	49
9491.04	24
9491.46	48
9491.89	44
9492.32	37
9492.75	40
9493.17	48
9493.6	24
9494.02	20
9494.45	48
9494.88	48
9495.3	48
9495.73	50
9496.16	30
9496.58	48
9497.01	31
9497.43	42
9497.86	59
9498.29	31
9498.71	40
9499.14	29
9499.56	49
9499.99	51
9500.42	31
9500.84	32
9501.27	38
9501.69	38
9502.12	47
9502.54	43
9502.97	54
9503.39	35
9503.82	35
9504.25	37
9504.67	59
9505.1	33
9505.52	35
9505.95	43
9506.37	42
9506.8	51
9507.22	40
9507.65	43
9508.07	29
9508.5	37
9508.92	37
9509.35	48
9509.77	49
9510.2	38
9510.62	34
9511.04	38
9511.47	52
9511.89	38
9512.32	27
9512.74	43
9513.17	31
9513.59	52
9514.02	51
9514.44	41
9514.86	21
9515.29	39
9515.71	44
9516.14	67
9516.56	52
9516.98	42
9517.41	29
9517.83	34
9518.26	53
9518.68	42
9519.1	39
9519.53	52
9519.95	41
9520.38	48
9520.8	45
9521.22	39
9521.65	42
9522.07	24
9522.49	38
9522.92	52
9523.34	47
9523.76	33
9524.19	50
9524.61	27
9525.03	34
9525.45	45
9525.88	48
9526.3	41
9526.72	41
9527.15	45
9527.57	36
9527.99	40
9528.42	42
9528.84	34
9529.26	56
9529.68	32
9530.11	26
9530.53	49
9530.95	45
9531.37	50
9531.79	38
9532.22	41
9532.64	36
9533.06	36
9533.49	33
9533.91	43
9534.33	40
9534.75	36
9535.17	24
9535.6	44
9536.02	35
9536.44	30
9536.86	34
9537.28	58
9537.71	44
9538.13	25
9538.55	39
9538.97	41
9539.39	43
9539.81	38
9540.24	42
9540.66	47
9541.08	56
9541.5	43
9541.92	57
9542.34	29
9542.76	-5
9543.18	44
9543.61	47
9544.03	42
9544.45	40
9544.87	43
9545.29	44
9545.71	45
9546.13	41
9546.55	62
9546.97	33
9547.39	40
9547.81	50
9548.23	38
9548.66	21
9549.08	34
9549.5	24
9549.92	39
9550.34	29
9550.76	34
9551.18	53
9551.6	38
9552.02	39
9552.44	38
9552.86	29
9553.28	54
9553.7	39
9554.12	39
9554.54	45
9554.96	38
9555.38	49
9555.8	37
9556.22	27
9556.64	42
9557.06	51
9557.48	60
9557.9	38
9558.32	39
9558.74	41
9559.16	45
9559.58	60
9560	53
9560.42	41
9560.83	40
9561.25	30
9561.67	44
9562.09	48
9562.51	50
9562.93	58
9563.35	41
9563.77	36
9564.19	34
9564.61	41
9565.03	47
9565.44	46
9565.86	40
9566.28	29
9566.7	52
9567.12	27
9567.54	31
9567.96	54
9568.38	36
9568.79	48
9569.21	39
9569.63	47
9570.05	51
9570.47	48
9570.89	54
9571.3	55
9571.72	39
9572.14	37
9572.56	6
9572.98	41
9573.39	39
9573.81	35
9574.23	44
9574.65	51
9575.07	38
9575.48	37
9575.9	41
9576.32	32
9576.74	25
9577.15	25
9577.57	44
9577.99	56
9578.41	46
9578.82	24
9579.24	36
9579.66	48
9580.08	46
9580.49	51
9580.91	40
9581.33	36
9581.74	38
9582.16	45
9582.58	49
9583	50
9583.41	46
9583.83	43
9584.25	30
9584.66	50
9585.08	37
9585.5	41
9585.91	47
9586.33	23
9586.75	43
9587.16	50
9587.58	40
9588	55
9588.41	51
9588.83	37
9589.25	57
9589.66	60
9590.08	35
9590.49	69
9590.91	18
9591.33	38
9591.74	50
9592.16	19
9592.58	40
9592.99	45
9593.41	47
9593.82	43
9594.24	37
9594.65	60
9595.07	26
9595.49	33
9595.9	37
9596.32	50
9596.73	28
9597.15	27
9597.56	38
9597.98	42
9598.39	33
9598.81	48
9599.22	53
9599.64	47
9600.05	29
9600.47	66
9600.88	44
9601.3	38
9601.72	25
9602.13	44
9602.54	31
9602.96	64
9603.38	43
9603.79	36
9604.2	26
9604.62	43
9605.03	54
9605.45	47
9605.86	30
9606.28	37
9606.69	35
9607.11	37
9607.52	57
9607.93	37
9608.35	44
9608.76	29
9609.18	50
9609.59	36
9610.01	32
9610.42	40
9610.83	44
9611.25	43
9611.66	42
9612.08	46
9612.49	48
9612.9	44
9613.32	29
9613.73	11
9614.14	53
9614.56	38
9614.97	66
9615.39	56
9615.8	47
9616.21	36
9616.63	35
9617.04	57
9617.45	50
9617.87	43
9618.28	56
9618.69	39
9619.11	26
9619.52	49
9619.93	31
9620.35	20
9620.76	49
9621.17	29
9621.58	28
9622	29
9622.41	32
9622.82	44
9623.24	46
9623.65	40
9624.06	38
9624.47	34
9624.89	34
9625.3	45
9625.71	52
9626.12	57
9626.54	41
9626.95	35
9627.36	38
9627.77	46
9628.18	34
9628.6	46
9629.01	35
9629.42	17
9629.83	47
9630.25	33
9630.66	43
9631.07	31
9631.48	42
9631.89	47
9632.3	40
9632.72	35
9633.13	45
9633.54	39
9633.95	37
9634.36	16
9634.77	37
9635.19	28
9635.6	31
9636.01	32
9636.42	36
9636.83	52
9637.24	34
9637.65	39
9638.07	30
9638.48	24
9638.89	42
9639.3	37
9639.71	33
9640.12	39
9640.53	40
9640.94	35
9641.35	52
9641.76	34
9642.17	37
9642.58	32
9643	9
9643.41	42
9643.82	41
9644.23	30
9644.64	36
9645.05	26
9645.46	23
9645.87	32
9646.28	41
9646.69	40
9647.1	33
9647.51	33
9647.92	58
9648.33	36
9648.74	54
9649.15	26
9649.56	30
9649.97	49
9650.38	52
9650.79	49
9651.2	33
9651.61	31
9652.02	24
9652.43	44
9652.84	42
9653.25	28
9653.66	33
9654.07	40
9654.48	30
9654.89	55
9655.29	32
9655.71	44
9656.11	38
9656.52	43
9656.93	29
9657.34	42
9657.75	48
9658.16	15
9658.57	29
9658.98	44
9659.39	53
9659.79	48
9660.2	43
9660.61	44
9661.02	38
9661.43	42
9661.84	18
9662.25	27
9662.66	46
9663.06	33
9663.47	33
9663.88	37
9664.29	35
9664.7	37
9665.11	42
9665.52	28
9665.92	54
9666.33	31
9666.74	32
9667.15	45
9667.55	48
9667.96	39
9668.37	37
9668.78	38
9669.19	16
9669.59	34
9670	45
9670.41	38
9670.82	33
9671.23	42
9671.63	27
9672.04	32
9672.45	45
9672.86	40
9673.26	49
9673.67	27
9674.08	28
9674.49	40
9674.89	40
9675.3	30
9675.71	51
9676.12	20
9676.52	16
9676.93	32
9677.34	35
9677.74	45
9678.15	44
9678.56	44
9678.96	40
9679.37	45
9679.78	56
9680.18	28
9680.59	34
9681	38
9681.4	36
9681.81	40
9682.22	26
9682.62	33
9683.03	35
9683.44	30
9683.84	44
9684.25	33
9684.66	44
9685.06	35
9685.47	29
9685.87	20
9686.28	44
9686.69	50
9687.09	35
9687.5	52
9687.9	50
9688.31	30
9688.72	31
9689.12	27
9689.53	60
9689.93	29
9690.34	35
9690.74	41
9691.15	55
9691.56	34
9691.96	32
9692.37	35
9692.77	34
9693.18	41
9693.58	49
9693.99	32
9694.39	23
9694.8	39
9695.2	48
9695.61	32
9696.01	24
9696.42	31
9696.82	27
9697.23	42
9697.63	32
9698.04	38
9698.44	29
9698.85	37
9699.25	51
9699.66	42
9700.06	45
9700.47	26
9700.87	26
9701.28	31
9701.68	43
9702.08	46
9702.49	29
9702.89	25
9703.3	33
9703.7	29
9704.11	31
9704.51	32
9704.91	44
9705.32	36
9705.72	28
9706.13	53
9706.53	28
9706.93	30
9707.34	28
9707.74	26
9708.15	2
9708.55	28
9708.95	35
9709.36	46
9709.76	19
9710.16	29
9710.57	22
9710.97	51
9711.37	49
9711.78	41
9712.18	44
9712.58	43
9712.99	33
9713.39	42
9713.79	30
9714.2	20
9714.6	39
9715	54
9715.41	27
9715.81	29
9716.21	38
9716.62	41
9717.02	39
9717.42	43
9717.82	34
9718.23	27
9718.63	16
9719.03	25
9719.43	19
9719.84	31
9720.24	19
9720.64	28
9721.04	40
9721.45	61
9721.85	23
9722.25	37
9722.65	38
9723.06	26
9723.46	38
9723.86	35
9724.26	32
9724.67	17
9725.07	35
9725.47	13
9725.87	45
9726.27	42
9726.67	16
9727.08	15
9727.48	24
9727.88	36
9728.28	19
9728.68	36
9729.08	21
9729.49	32
9729.89	44
9730.29	33
9730.69	48
9731.09	38
9731.49	20
9731.89	42
9732.29	32
9732.7	22
9733.1	33
9733.5	36
9733.9	35
9734.3	34
9734.7	39
9735.1	46
9735.5	42
9735.9	37
9736.3	33
9736.71	19
9737.11	31
9737.51	27
9737.91	26.0212
9738.31	28.0947
9738.71	39.0005
9739.11	38.2468
9739.51	33.617
9739.91	35.6923
9740.31	37.0182
9740.71	42.8267
9741.11	42.79
9741.51	30.6328
9741.91	40.6338
9742.31	37.1318
9742.71	52.776
9743.11	27.8099
9743.51	40.285
9743.91	22.9921
9744.31	34.9555
9744.71	35.6061
9745.11	42.0942
9745.51	29.5888
9745.91	16.258
9746.31	38.122
9746.71	29.8207
9747.11	45.7574
9747.51	41.8265
9747.91	39.04
9748.31	33.459
9748.71	41.2381
9749.11	14.333
9749.51	45.7509
9749.91	38.5264
9750.31	33.5433
9750.71	26.4813
9751.11	30.0391
9751.5	15.0742
9751.9	32.1502
9752.3	32.1399
9752.7	32.6396
9753.1	39.7827
9753.5	28.6586
9753.9	28.6385
9754.3	21.4925
9754.7	22.649
9755.1	25.1049
9755.5	38.4921
9755.89	22.2947
9756.29	21.66
9756.69	31.8563
9757.09	32.4718
9757.49	17.6987
9757.89	28.8438
9758.29	30.2881
9758.68	30.0597
9759.08	26.9636
9759.48	33.2931
9759.88	29.4459
9760.28	19.9572
9760.68	22.9339
9761.07	31.7486
9761.47	26.2951
9761.87	25.8856
9762.27	25.79
9762.67	21.3651
9763.06	30.1313
9763.46	27.5071
9763.86	34.7625
9764.26	35.1534
9764.66	34.5829
9765.05	31.5114
9765.45	18.4814
9765.85	15.8281
9766.25	29.2239
9766.64	27.7734
9767.04	22.4633
9767.44	23.0613
9767.84	15.9501
9768.24	10.9594
9768.63	27.4962
9769.03	35.2493
9769.43	24.4371
9769.82	19.8661
9770.22	27.5127
9770.62	30.9037
9771.02	28.3321
9771.41	30.8097
9771.81	30.06
9772.21	24.616
9772.61	26.0972
9773	30.5385
9773.4	25.0609
9773.8	14.701
9774.19	16.1297
9774.59	27.5428
9774.99	25.4427
9775.38	23.4155
9775.78	28.4821
9776.18	36.7274
9776.57	19.5417
9776.97	23.315
9777.37	20.9549
9777.63	17
9778.03	33
9778.43	30
9778.83	21
9779.23	23
9779.63	28
9780.03	36
9780.43	43
9780.83	22
9781.23	23
9781.63	16
9782.02	34
9782.42	37
9782.82	25
9783.22	35
9783.62	28
9784.02	39
9784.42	6
9784.82	18
9785.21	25
9785.61	26
9786.01	31
9786.41	23
9786.81	21
9787.21	18
9787.61	23
9788	29
9788.4	45
9788.8	14
9789.2	15
9789.6	21
9790	16
9790.39	32
9790.79	31
9791.19	21
9791.59	26
9791.99	34
9792.38	22
9792.78	37
9793.18	34
9793.58	33
9793.97	49
9794.37	11
9794.77	38
9795.17	45
9795.57	52
9795.96	30
9796.36	19
9796.76	23
9797.16	44
9797.55	38
9797.95	37
9798.35	27
9798.75	17
9799.14	28
9799.54	49
9799.94	34
9800.33	33
9800.73	18
9801.13	40
9801.53	40
9801.92	23
9802.32	40
9802.72	47
9803.11	46
9803.51	48
9803.91	23
9804.3	28
9804.7	27
9805.1	9
9805.49	20
9805.89	53
9806.29	18
9806.68	33
9807.08	28
9807.48	32
9807.87	30
9808.27	41
9808.66	48
9809.06	18
9809.46	20
9809.85	33
9810.25	18
9810.65	26
9811.04	39
9811.44	24
9811.83	26
9812.23	39
9812.63	39
9813.02	57
9813.42	28
9813.81	13
9814.21	39
9814.6	41
9815	60
9815.39	38
9815.79	26
9816.19	25
9816.58	40
9816.98	34
9817.37	39
9817.77	31
9818.16	6
9818.56	34
9818.95	15
9819.35	25
9819.74	33
9820.14	25
9820.53	43
9820.93	39
9821.32	36
9821.72	60
9822.11	28
9822.51	37
9822.9	45
9823.3	22
9823.69	38
9824.09	38
9824.48	40
9824.88	46
9825.27	33
9825.67	51
9826.06	45
9826.45	20
9826.85	19
9827.24	38
9827.64	27
9828.03	44
9828.43	28
9828.82	41
9829.21	29
9829.61	41
9830	34
9830.4	20
9830.79	32
9831.18	42
9831.58	34
9831.97	37
9832.37	36
9832.76	36
9833.15	37
9833.55	35
9833.94	36
9834.33	36
9834.73	24
9835.12	26
9835.52	27
9835.91	32
9836.3	64
9836.7	48
9837.09	37
9837.48	49
9837.88	14
9838.27	38
9838.66	36
9839.06	58
9839.45	42
9839.84	27
9840.24	25
9840.63	22
9841.02	21
9841.41	45
9841.81	7
9842.2	44
9842.59	43
9842.99	38
9843.38	40
9843.77	33
9844.16	32
9844.56	35
9844.95	41
9845.34	56
9845.73	38
9846.13	34
9846.52	29
9846.91	36
9847.3	42
9847.69	43
9848.09	39
9848.48	20
9848.87	48
9849.26	35
9849.66	53
9850.05	39
9850.44	30
9850.83	34
9851.22	61
9851.62	38
9852.01	39
9852.4	49
9852.79	29
9853.18	48
9853.57	23
9853.96	43
9854.36	62
9854.75	32
9855.14	34
9855.53	37
9855.92	31
9856.31	41
9856.71	44
9857.1	61
9857.49	40
9857.88	43
9858.27	54
9858.66	44
9859.05	26
9859.44	60
9859.83	57
9860.23	39
9860.62	30
9861.01	47
9861.4	52
9861.79	44
9862.18	41
9862.57	41
9862.96	33
9863.35	4
9863.74	50
9864.13	52
9864.52	36
9864.91	32
9865.3	42
9865.7	41
9866.09	58
9866.48	56
9866.87	52
9867.26	59
9867.65	22
9868.04	41
9868.43	38
9868.82	46
9869.21	37
9869.6	45
9869.99	28
9870.38	49
9870.77	49
9871.16	39.5
9871.55	30
9871.94	26
9872.33	32
9872.72	34
9873.11	39
9873.5	33
9873.88	37
9874.27	46
9874.66	57
9875.05	41
9875.44	58
9875.83	42
9876.22	29
9876.61	34
9877	34
9877.39	47
9877.78	35
9878.17	44
9878.56	41
9878.95	31
9879.33	51
9879.72	53
9880.11	64
9880.5	32
9880.89	49
9881.28	31
9881.67	46
9882.06	46
9882.45	48
9882.83	38
9883.22	71
9883.61	39
9884	43
9884.39	16
9884.78	47
9885.17	39
9885.55	43
9885.94	45
9886.33	30
9886.72	37
9887.11	49
9887.5	47
9887.88	40
9888.27	51
9888.66	32
9889.05	48
9889.44	47
9889.82	44
9890.21	49
9890.6	36
9890.99	36
9891.38	43
9891.76	42
9892.15	52
9892.54	26
9892.93	32
9893.31	59
9893.7	43
9894.09	36
9894.48	61
9894.86	26
9895.25	21
9895.64	39
9896.03	38
9896.41	46
9896.8	33
9897.19	36
9897.57	47
9897.96	43
9898.35	31
9898.74	54
9899.12	44
9899.51	31
9899.9	37
9900.28	41
9900.67	51
9901.06	30
9901.44	29
9901.83	44
9902.22	30
9902.6	55
9902.99	49
9903.38	50
9903.76	34
9904.15	37
9904.54	47
9904.92	52
9905.31	33
9905.7	41
9906.08	38
9906.47	29
9906.85	60
9907.24	58
9907.63	36
9908.01	31
9908.4	40
9908.78	46
9909.17	35
9909.56	32
9909.94	47
9910.33	36
9910.71	47
9911.1	61
9911.49	30
9911.87	35
9912.26	42
9912.64	31
9913.03	42
9913.41	49
9913.8	51
9914.18	33
9914.57	37
9914.96	35
9915.34	42
9915.73	51
9916.11	42
9916.5	56
9916.88	53
9917.27	41
9917.65	35
9918.04	31
9918.42	46
9918.81	52
9919.19	48
9919.58	45
9919.96	49
9920.35	51
9920.73	44
9921.12	42
9921.5	50
9921.89	40
9922.27	35
9922.65	24
9923.04	51
9923.42	51
9923.81	36
9924.19	45
9924.58	38
9924.96	37
9925.35	49
9925.73	52
9926.11	52
9926.5	37
9926.88	12
9927.27	32
9927.65	44
9928.03	52
9928.42	42
9928.8	36
9929.19	34
9929.57	64
9929.95	46
9930.34	27
9930.72	34
9931.11	41
9931.49	48
9931.87	67
9932.26	51
9932.64	45
9933.02	42
9933.41	42
9933.79	47
9934.17	33
9934.56	46
9934.94	31
9935.32	23
9935.71	23
9936.09	50
9936.47	35
9936.86	45
9937.24	43
9937.62	25
9938.01	45
9938.39	49
9938.77	54
9939.15	49
9939.54	24
9939.92	32
9940.3	46
9940.69	53
9941.07	34
9941.45	42
9941.83	34
9942.22	57
9942.6	44
9942.98	59
9943.36	47
9943.75	33
9944.13	54
9944.51	46
9944.89	23
9945.28	41
9945.66	42
9946.04	49
9946.42	43
9946.8	45
9947.19	68
9947.57	51
9947.95	34
9948.33	49
9948.71	32
9949.1	30
9949.48	41
9949.86	27
9950.24	32
9950.62	32
9951	49
9951.39	26
9951.77	41
9952.15	30
9952.53	50
9952.91	50
9953.29	45
9953.68	36
9954.06	39
9954.44	33
9954.82	37
9955.2	56
9955.58	54
9955.96	23
9956.34	20
9956.73	46
9957.11	68
9957.49	47
9957.87	39
9958.25	64
9958.63	49
9959.01	30
9959.39	49
9959.77	29
9960.15	26
9960.54	28
9960.92	63
9961.3	36
9961.68	48
9962.06	45
9962.44	50
9962.82	43
9963.2	34
9963.58	48
9963.96	40
9964.34	53
9964.72	35
9965.1	47
9965.48	44
9965.86	52
9966.24	42
9966.62	7
9967	33
9967.38	42
9967.76	54
9968.14	55
9968.52	39
9968.9	54
9969.28	45
9969.66	45
9970.04	35
9970.42	41
9970.8	41
9971.18	52
9971.56	36
9971.94	37
9972.32	32
9972.7	32
9973.08	44
9973.46	44
9973.83	58
9974.21	40
9974.59	42
9974.97	24
9975.35	46
9975.73	27
9976.11	34
9976.49	29
9976.87	38
9977.25	35
9977.63	25
9978.01	33
9978.38	46
9978.76	43
9979.14	23
9979.52	24
9979.9	46
9980.28	23
9980.66	39
9981.04	47
9981.41	50
9981.79	43
9982.17	41
9982.55	27
9982.93	37
9983.31	21
9983.68	45
9984.06	54
9984.44	33
9984.82	48
9985.2	54
9985.58	30
9985.95	31
9986.33	48
9986.71	34
9987.09	41
9987.47	29
9987.84	45
9988.22	38
9988.6	47
9988.98	32
9989.36	38
9989.73	30
9990.11	51
9990.49	53
9990.87	22
9991.24	41
9991.62	27
9992	33
9992.38	40
9992.75	31
9993.13	30
9993.51	27
9993.89	12
9994.26	32
9994.64	53
9995.02	55
9995.39	33
9995.77	18
9996.15	36
9996.53	60
9996.9	45
9997.28	30
9997.66	47
9998.03	42
9998.41	44
9998.79	36
9999.16	39
9999.54	37
9999.92	41
10000.3	40
10000.7	34
10001	63
10001.4	52
10001.8	32
10002.2	24
10002.6	49
10002.9	49
10003.3	56
10003.7	38
10004.1	36
10004.4	48
10004.8	42
10005.2	40
10005.6	49
10005.9	36
10006.3	40
10006.7	45
10007.1	40
10007.4	46
10007.8	38
10008.2	34
10008.6	28
10008.9	36
10009.3	41
10009.7	35
10010.1	29
10010.4	48
10010.8	34
10011.2	34
10011.6	39
10012	36
10012.3	42
10012.7	31
10013.1	35
10013.5	43
10013.8	42
10014.2	45
10014.6	47
10015	39
10015.3	31
10015.7	45
10016.1	48
10016.5	45
10016.8	45
10017.2	37
10017.6	44
10018	36
10018.3	14
10018.7	34
10019.1	46
10019.5	40
10019.8	40
10020.2	41
10020.6	35
10021	47
10021.3	36
10021.7	54
10022.1	26
10022.4	29
10022.8	35
10023.2	34
10023.6	33
10023.9	37
10024.3	44
10024.7	45
10025.1	31
10025.4	42
10025.8	54
10026.2	38
10026.6	44
10026.9	33
10027.3	33
10027.7	49
10028.1	37
10028.4	52
10028.8	80
10029.2	44
10029.6	50
10029.9	62
10030.3	42
10030.7	22
10031	18
10031.4	47
10031.8	35
10032.2	25
10032.5	37
10032.9	35
10033.3	29
10033.7	37
10034	40
10034.4	38
10034.8	25
10035.2	60
10035.5	24
10035.9	50
10036.3	39
10036.6	42
10037	50
10037.4	42
10037.8	25
10038.1	37
10038.5	41
10038.9	35
10039.3	55
10039.6	42
10040	26
10040.4	20
10040.7	49
10041.1	23
10041.5	39
10041.9	39
10042.2	48
10042.6	28
10043	31
10043.4	43
10043.7	49
10044.1	36
10044.5	32
10044.8	17
10045.2	31
10045.6	26
10046	36
10046.3	44
10046.7	40
10047.1	25
10047.4	45
10047.8	48
10048.2	26
10048.6	24
10048.9	24
10049.3	22
10049.7	40
10050	33
10050.4	32
10050.8	48
10051.2	23
10051.5	48
10051.9	50
10052.3	36
10052.6	28
10053	19
10053.4	16
10053.8	33
10054.1	46
10054.5	28
10054.9	25
10055.2	38
10055.6	50
10056	15
10056.4	36
10056.7	38
10057.1	39
10057.5	43
10057.8	19
10058.2	34
10058.6	37
10059	39
10059.3	37
10059.7	39
10060.1	41
10060.4	36
10060.8	31
10061.2	38
10061.5	47
10061.9	42
10062.3	26
10062.7	43
10063	35
10063.4	19
10063.8	25
10064.1	53
10064.5	41
10064.9	31
10065.3	19
10065.6	40
10066	34
10066.4	26
10066.7	33
10067.1	35
10067.5	20
10067.8	49
10068.2	41
10068.6	30
10068.9	15
10069.3	28
10069.7	28
10070.1	18
10070.4	23
10070.8	35
10071.2	50
10071.5	34
10071.9	45
10072.3	49
10072.6	45
10073	29
10073.4	21
10073.8	34
10074.1	38
10074.5	42
10074.9	26
10075.2	14
10075.6	33
10076	39
10076.3	45
10076.7	33
10077.1	21
10077.4	26
10077.8	49
10078.2	42
10078.5	40
10078.9	16
10079.3	35
10079.7	30
10080	37
10080.4	36
10080.8	32
10081.1	19
10081.5	39
10081.9	36
10082.2	36
10082.6	40
10083	15
10083.3	27
10083.7	48
10084.1	18
10084.4	36
10084.8	51
10085.2	37
10085.5	20
10085.9	39
10086.3	44
10086.6	37
10087	38
10087.4	10
10087.8	49
10088.1	14
10088.5	24
10088.9	41
10089.2	29
10089.6	36
10090	39
10090.3	24
10090.7	48
10091.1	28
10091.4	36
10091.8	31
10092.2	22
10092.5	36
10092.9	20
10093.3	32
10093.6	42.9151
10094	46.6705
10094.4	18.4499
10094.7	49.0792
10095.1	36.8204
10095.5	17.7524
10095.8	34.5507
10096.2	19.2132
10096.6	31.435
10096.9	21.9427
10097.3	15.6161
10097.7	37.0318
10098	49.0786
10098.4	29.5546
10098.8	26.4446
10099.1	19.3301
10099.5	26.4038
10099.9	44.4878
10100.2	31.8785
10100.6	33.1273
10101	18.975
10101.3	35.4872
10101.7	30.1927
10102.1	32.9977
10102.4	41.994
10102.8	23.1683
10103.2	19.375
10103.5	14.3656
10103.9	21.8046
10104.3	46.7966
10104.6	43.2031
10105	31.0582
10105.4	23.6604
10105.7	18.6925
10106.1	33.1224
10106.5	39.9105
10106.8	29.2969
10107.2	26.9891
10107.6	29.7629
10107.9	27.887
10108.3	31.7669
10108.7	19.7932
10109	29.6233
10109.4	25.5366
10109.8	25.6846
10110.1	38.1958
10110.5	16.7173
10110.8	29.9056
10111.2	11.9381
10111.6	34.7103
10111.9	30.6335
10112.3	28.177
10112.7	33.6785
10113	28.2816
10113.4	35.6383
10113.8	20.9791
10114.1	23.7347
10114.5	30.5967
10114.9	29.8195
10115.2	30.813
10115.6	32.6971
10116	34.0693
10116.3	32.25
10116.7	35.2826
10117.1	30.5299
10117.4	29.1411
10117.8	31.0167
10118.1	31.0099
10118.5	27.8821
10118.9	26.9375
10119.2	23.3697
10119.6	19.0675
10120	23.225
10120.3	30.9439
10120.7	17.3314
10121.1	19.1909
10121.4	26.9903
10121.8	34.0741
10122.2	35.4893
10122.5	27.7605
10122.9	23.987
10123.2	28.4999
10123.6	34.9981
10124	28.1194
10124.3	21.4381
10124.7	14.7273
10125.1	7.535
10125.4	16.1668
10125.8	27.5926
10126.2	25.2221
10126.5	27.9341
10126.9	21.5702
10127.3	17.6975
10127.6	18.998
10128	22.1156
10128.3	27.0875
10128.7	20.0498
10129.1	7.10119
10129.4	11.3042
10129.8	29.112
10130	33
10130.4	17
10130.7	10
10131.1	37
10131.5	35
10131.8	36
10132.2	32
10132.6	17
10132.9	38
10133.3	31
10133.7	4
10134	32
10134.4	26
10134.8	27
10135.1	23
10135.5	26
10135.9	30
10136.2	33
10136.6	39
10137	23
10137.3	23
10137.7	23
10138.1	22
10138.4	17
10138.8	27
10139.1	23
10139.5	37
10139.9	25
10140.2	34
10140.6	29
10141	29
10141.3	32
10141.7	26
10142.1	21
10142.4	26
10142.8	16
10143.2	32
10143.5	31
10143.9	42
10144.3	33
10144.6	22
10145	34
10145.4	25
10145.7	31
10146.1	38
10146.4	29
10146.8	27
10147.2	38
10147.5	27
10147.9	33
10148.3	42
10148.6	43
10149	31
10149.4	21
10149.7	36
10150.1	43
10150.5	33
10150.8	33
10151.2	50
10151.5	34
10151.9	41
10152.3	26
10152.6	22
10153	43
10153.4	15
10153.7	42
10154.1	39
10154.5	39
10154.8	31
10155.2	43
10155.6	29
10155.9	37
10156.3	39
10156.6	47
10157	37
10157.4	28
10157.7	12
10158.1	43
10158.5	43
10158.8	30
10159.2	18
10159.6	44
10159.9	47
10160.3	31
10160.6	35
10161	41
10161.4	34
10161.7	43
10162.1	51
10162.5	35
10162.8	26
10163.2	15
10163.5	45
10163.9	49
10164.3	31
10164.6	41
10165	35
10165.4	40
10165.7	48
10166.1	-3
10166.4	44
10166.8	33
10167.2	30
10167.5	20
10167.9	38
10168.3	14
10168.6	48
10169	33
10169.3	34
10169.7	55
10170.1	33
10170.4	30
10170.8	34
10171.2	39
10171.5	45
10171.9	52
10172.2	47
10172.6	31
10173	37
10173.3	48
10173.7	46
10174.1	17
10174.4	43
10174.8	26
10175.1	20
10175.5	39
10175.9	32
10176.2	39
10176.6	39
10177	32
10177.3	47
10177.7	52
10178	43
10178.4	51
10178.8	26
10179.1	17
10179.5	36
10179.8	25
10180.2	35
10180.6	49
10180.9	46
10181.3	28
10181.6	50
10182	39
10182.4	48
10182.7	27
10183.1	26
10183.5	39
10183.8	45
10184.2	60
10184.5	39
10184.9	35
10185.3	47
10185.6	36
10186	44
10186.3	31
10186.7	41
10187.1	29
10187.4	24
10187.8	40
10188.1	53
10188.5	46
10188.9	40
10189.2	40
10189.6	28
10189.9	38
10190.3	39
10190.7	38
10191	54
10191.4	44
10191.7	45
10192.1	17
10192.5	51
10192.8	57
10193.2	44
10193.5	28
10193.9	60
10194.3	35
10194.6	66
10195	38
10195.3	28
10195.7	30
10196.1	43
10196.4	37
10196.8	35
10197.1	50
10197.5	33
10197.9	41
10198.2	48
10198.6	21
10198.9	43
10199.3	52
10199.7	40
10200	44
10200.4	40
10200.7	19
10201.1	42
10201.5	44
10201.8	50
10202.2	36
10202.5	45
10202.9	41
10203.3	60
10203.6	35
10204	38
10204.3	22
10204.7	10
10205	46
10205.4	39
10205.8	25
10206.1	33
10206.5	43
10206.8	41
10207.2	47
10207.6	46
10207.9	48
10208.3	43
10208.6	36
10209	33
10209.4	39
10209.7	46
10210.1	45
10210.4	42
10210.8	36
10211.1	51
10211.5	13
10211.9	32
10212.2	33
10212.6	6
10212.9	47
10213.3	38
10213.7	32
10214	44
10214.4	47
10214.7	35
10215.1	45
10215.4	50
10215.8	32.5
10216.2	15
10216.5	25
10216.9	58
10217.2	39
10217.6	33
10217.9	23
10218.3	34
10218.7	45
10219	49
10219.4	60
10219.7	47
10220.1	29
10220.4	32
10220.8	60
10221.2	44
10221.5	41
10221.9	24
10222.2	34
10222.6	36
10222.9	58
10223.3	62
10223.7	54
10224	41
10224.4	28
10224.7	31
10225.1	43
10225.4	55
10225.8	50
10226.2	22
10226.5	35
10226.9	21
10227.2	37
10227.6	49
10227.9	35
10228.3	23
10228.7	52
10229	42
10229.4	54
10229.7	31
10230.1	41
10230.4	42
10230.8	29
10231.1	43
10231.5	61
10231.9	48
10232.2	29
10232.6	42
10232.9	49
10233.3	36
10233.6	38
10234	34
10234.4	31
10234.7	28
10235.1	60
10235.4	53
10235.8	21
10236.1	41
10236.5	50
10236.8	34
10237.2	38
10237.6	12
10237.9	16
10238.3	43
10238.6	33
10239	41
10239.3	52
10239.7	38
10240	53
10240.4	52
10240.8	42
10241.1	42
10241.5	43
10241.8	36
10242.2	48
10242.5	53
10242.9	21
10243.2	37
10243.6	34
10244	46
10244.3	48
10244.7	32
10245	56
10245.4	37
10245.7	13
10246.1	46
10246.4	54
10246.8	34
10247.1	24
10247.5	24
10247.9	39
10248.2	35
10248.6	43
10248.9	44
10249.3	24
10249.6	17
10250	45
10250.3	49
10250.7	58
10251	30
10251.4	36
10251.8	44
10252.1	46
10252.5	45
10252.8	41
10253.2	38
10253.5	14
10253.9	41
10254.2	40
10254.6	52
10254.9	37
10255.3	37
10255.6	46
10256	48
10256.4	28
10256.7	32
10257.1	32
10257.4	41
10257.8	46
10258.1	46
10258.5	28
10258.8	48
10259.2	54
10259.5	37
10259.9	43
10260.2	46
10260.6	54
10260.9	39
10261.3	32
10261.7	51
10262	49
10262.4	33
10262.7	59
10263.1	66
10263.4	29
10263.8	30
10264.1	34
10264.5	45
10264.8	31
10265.2	18
10265.5	45
10265.9	37
10266.2	38
10266.6	45
10267	43
10267.3	38
10267.7	44
10268	51
10268.4	40
10268.7	47
10269.1	29
10269.4	50
10269.8	65
10270.1	54
10270.5	27
10270.8	48
10271.2	39
10271.5	42
10271.9	51
10272.2	51
10272.6	38
10272.9	39
10273.3	47
10273.6	49
10274	35
10274.3	35
10274.7	53
10275.1	35
10275.4	46
10275.8	55
10276.1	53
10276.5	48
10276.8	37
10277.2	49
10277.5	41
10277.9	40
10278.2	42
10278.6	10
10278.9	38
10279.3	46
10279.6	36
10280	31
10280.3	51
10280.7	27
10281	47
10281.4	56
10281.7	43
10282.1	11
10282.4	31
10282.8	39
10283.1	38
10283.5	49
10283.8	45
10284.2	33
10284.5	41
10284.9	31
10285.2	38
10285.6	42
10285.9	36
10286.3	20
10286.6	49
10287	39
10287.3	21
10287.7	42
10288	34
10288.4	40
10288.8	23
10289.1	44
10289.5	19
10289.8	31
10290.2	28
10290.5	43
10290.9	58
10291.2	37
10291.6	41
10291.9	44
10292.3	47
10292.6	41
10293	32
10293.3	32
10293.7	28
10294	33
10294.4	44
10294.7	52
10295.1	34
10295.4	28
10295.8	34
10296.1	38
10296.5	38
10296.8	45
10297.2	44
10297.5	31
10297.9	39
10298.2	43
10298.6	30
10298.9	42
10299.3	41
10299.6	29
10300	41
10300.3	47
10300.6	35
10301	32
10301.3	46
10301.7	26
10302	43
10302.4	31
10302.7	40
10303.1	43
10303.4	41
10303.8	23
10304.1	45
10304.5	60
10304.8	57
10305.2	38
10305.5	37
10305.9	32
10306.2	38
10306.6	42
10306.9	33
10307.3	36
10307.6	48
10308	45
10308.3	49
10308.7	42
10309	50
10309.4	34
10309.7	32
10310.1	38
10310.4	41
10310.8	31
10311.1	41
10311.5	24
10311.8	45
10312.2	46
10312.5	45
10312.9	28
10313.2	30
10313.6	42
10313.9	35
10314.2	40
10314.6	30
10314.9	41
10315.3	41
10315.6	43
10316	26
10316.3	37
10316.7	48
10317	48
10317.4	53
10317.7	47
10318.1	48
10318.4	36
10318.8	12
10319.1	42
10319.5	49
10319.8	40
10320.2	50
10320.5	42
10320.9	23
10321.2	56
10321.5	36
10321.9	41
10322.2	39
10322.6	49
10322.9	22
10323.3	46
10323.6	32
10324	39
10324.3	40
10324.7	45
10325	39
10325.4	48
10325.7	39
10326.1	42
10326.4	16
10326.8	45
10327.1	34
10327.4	39
10327.8	39
10328.1	52
10328.5	40
10328.8	33
10329.2	41
10329.5	53
10329.9	36
10330.2	18
10330.6	48
10330.9	38
10331.3	42
10331.6	26
10332	21
10332.3	30
10332.6	51
10333	51
10333.3	49
10333.7	46
10334	15
10334.4	45
10334.7	71
10335.1	44
10335.4	33
10335.8	45
10336.1	28
10336.5	45
10336.8	70
10337.1	54
10337.5	38
10337.8	32
10338.2	46
10338.5	33
10338.9	43
10339.2	37
10339.6	40
10339.9	27
10340.3	30
10340.6	33
10340.9	40
10341.3	34
10341.6	35
10342	47
10342.3	54
10342.7	48
10343	35
10343.4	45
10343.7	47
10344.1	51
10344.4	48
10344.7	29
10345.1	44
10345.4	57
10345.8	55
10346.1	36
10346.5	32
10346.8	40
10347.2	6
10347.5	31
10347.8	28
10348.2	22
10348.5	52
10348.9	43
10349.2	37
10349.6	56
10349.9	51
10350.3	60
10350.6	43
10350.9	40
10351.3	20
10351.6	35
10352	46
10352.3	49
10352.7	24
10353	26
10353.4	33
10353.7	51
10354	46
10354.4	32
10354.7	29
10355.1	28
10355.4	35
10355.8	51
10356.1	32
10356.5	28
10356.8	32
10357.1	43
10357.5	31
10357.8	38
10358.2	40
10358.5	36
10358.9	35
10359.2	31
10359.5	49
10359.9	34
10360.2	28
10360.6	47
10360.9	39
10361.3	40
10361.6	43
10362	34
10362.3	29
10362.6	45
10363	44
10363.3	41
10363.7	55
10364	48
10364.4	40
10364.7	28
10365	32
10365.4	33
10365.7	44
10366.1	20
10366.4	46
10366.8	20
10367.1	38
10367.4	54
10367.8	40
10368.1	29
10368.5	42
10368.8	43
10369.2	51
10369.5	46
10369.8	30
10370.2	37
10370.5	33
10370.9	39
10371.2	41
10371.5	39
10371.9	30
10372.2	48
10372.6	51
10372.9	50
10373.3	51
10373.6	11
10373.9	24
10374.3	27
10374.6	33
10375	39
10375.3	15
10375.7	24
10376	35
10376.3	48
10376.7	33
10377	27
10377.4	26
10377.7	61
10378	44
10378.4	30
10378.7	19
10379.1	61
10379.4	50
10379.8	54
10380.1	47
10380.4	47
10380.8	32
10381.1	31
10381.5	45
10381.8	27
10382.1	49
10382.5	44
10382.8	35
10383.2	30
10383.5	43
10383.9	20
10384.2	26
10384.5	27
10384.9	41
10385.2	47
10385.6	52
10385.9	39
10386.2	29
10386.6	22
10386.9	19
10387.3	46
10387.6	53
10387.9	50
10388.3	33
10388.6	35
10389	49
10389.3	40
10389.6	33
10390	38
10390.3	15
10390.7	32
10391	36
10391.4	40
10391.7	39
10392	39
10392.4	42
10392.7	46
10393.1	40
10393.4	45
10393.7	41
10394.1	37
10394.4	39
10394.8	40
10395.1	36
10395.4	42
10395.8	48
10396.1	49
10396.5	28
10396.8	26
10397.1	41
10397.5	36
10397.8	28
10398.2	34
10398.5	29
10398.8	28
10399.2	48
10399.5	40
10399.9	29
10400.2	54
10400.5	52
10400.9	48
10401.2	24
10401.5	50
10401.9	29
10402.2	38
10402.6	26
10402.9	42
10403.2	15
10403.6	42
10403.9	33
10404.3	49
10404.6	27
10404.9	35
10405.3	17
10405.6	36
10406	22
10406.3	47
10406.6	33
10407	38
10407.3	38
10407.7	17
10408	39
10408.3	42
10408.7	25
10409	25
10409.3	38
10409.7	41
10410	31
10410.4	40
10410.7	34
10411	19
10411.4	32
10411.7	37
10412.1	38
10412.4	33
10412.7	27
10413.1	48
10413.4	22
10413.7	41
10414.1	42
10414.4	43
10414.8	22
10415.1	39
10415.4	58
10415.8	43
10416.1	27
10416.5	29
10416.8	35
10417.1	35
10417.5	49
10417.8	33
10418.1	36
10418.5	43
10418.8	35
10419.2	32
10419.5	34
10419.8	25.9208
10420.2	32.5224
10420.5	48.0557
10420.8	47.0836
10421.2	47.673
10421.5	28.6859
10421.9	22.3613
10422.2	39.0638
10422.5	26.8928
10422.9	44.1044
10423.2	32.8298
10423.5	40.2874
10423.9	36.4641
10424.2	38.5727
10424.6	31.5848
10424.9	49.9769
10425.2	22.1182
10425.6	29.3988
10425.9	33.4986
10426.2	14.9132
10426.6	40.0785
10426.9	34.215
10427.2	31.2668
10427.6	42.8368
10427.9	34.4175
10428.3	37.1205
10428.6	37.4587
10428.9	38.2865
10429.3	31.6867
10429.6	25.3902
10429.9	47.5886
10430.3	39.842
10430.6	31.8616
10431	31.1838
10431.3	31.6762
10431.6	21.0795
10432	36.9538
10432.3	42.3465
10432.6	22.8642
10433	16.2906
10433.3	29.1589
10433.6	40.404
10434	30.8638
10434.3	24.8354
10434.7	29.3406
10435	31.4668
10435.3	31.917
10435.7	24.9055
10436	38.8227
10436.3	35.5793
10436.7	16.906
10437	25.1062
10437.3	19.4242
10437.7	31.0973
10438	29.5071
10438.3	41.9957
10438.7	35.4901
10439	31.0765
10439.4	31.904
10439.7	22.5529
10440	26.0344
10440.4	29.0947
10440.7	31.8233
10441	17.4457
10441.4	30.7266
10441.7	26.3998
10442	21.6125
10442.4	27.3007
10442.7	31.6881
10443	27.8241
10443.4	25.1506
10443.7	26.2055
10444.1	32.75
10444.4	23.3741
10444.7	27.3764
10445.1	31.698
10445.4	26.3811
10445.7	31.6122
10446.1	34.9252
10446.4	36.5743
10446.7	35.6988
10447.1	28.7435
10447.4	29.9902
10447.7	24.2786
10448.1	5.06436
10448.4	29.2582
10448.7	31.7406
10449.1	29.5794
10449.4	18.4573
10449.7	28.9676
10450.1	32.6206
10450.4	36.1366
10450.8	26.9793
10451.1	28.3244
10451.4	25.9336
10451.8	10.4571
10452.1	27.4209
10452.4	29.1782
10452.8	36.9961
10453.1	22.1683
10453.4	27.8128
10453.5	29
10453.8	18
10454.1	22
10454.5	37
10454.8	30
10455.2	16
10455.5	-3
10455.8	29
10456.2	32
10456.5	41
10456.8	4
10457.2	32
10457.5	34
10457.8	42
10458.2	44
10458.5	36
10458.9	42
10459.2	9
10459.5	27
10459.9	42
10460.2	42
10460.5	35
10460.9	30
10461.2	19
10461.5	41
10461.9	43
10462.2	39
10462.6	33
10462.9	3
10463.2	36
10463.6	7
10463.9	27
10464.2	34
10464.6	43
10464.9	32
10465.2	29
10465.6	35
10465.9	41
10466.3	31
10466.6	14
10466.9	28
10467.3	35
10467.6	32
10467.9	23
10468.3	35
10468.6	46
10468.9	33
10469.3	34
10469.6	39
10469.9	27
10470.3	39
10470.6	48
10471	41
10471.3	47
10471.6	33
10472	23
10472.3	52
10472.6	36
10473	35
10473.3	18
10473.6	17
10474	26
10474.3	42
10474.6	35
10475	21
10475.3	12
10475.6	23
10476	29
10476.3	41
10476.6	38
10477	26
10477.3	25
10477.6	42
10478	40
10478.3	29
10478.7	43
10479	22
10479.3	29
10479.7	44
10480	34
10480.3	43
10480.7	41
10481	22
10481.3	46
10481.7	43
10482	37
10482.3	36
10482.7	37
10483	19
10483.3	23
10483.7	26
10484	46
10484.3	24
10484.7	39
10485	43
10485.3	37
10485.7	27
10486	50
10486.3	29
10486.7	11
10487	40
10487.3	27
10487.7	41
10488	22
10488.3	23
10488.7	38
10489	49
10489.3	44
10489.7	57
10490	33
10490.3	45
10490.7	24
10491	24
10491.3	50
10491.7	28
10492	30
10492.3	18
10492.7	26
10493	59
10493.3	50
10493.7	31
10494	31
10494.3	37
10494.7	37
10495	33
10495.3	33
10495.7	47
10496	24
10496.3	40
10496.7	44
10497	44
10497.3	47
10497.7	30
10498	34
10498.3	30
10498.7	44
10499	35
10499.3	29
10499.7	27
10500	33
10500.3	62
10500.7	39
10501	14
10501.3	11
10501.7	40
10502	25
10502.3	37
10502.7	35
10503	33
10503.3	38
10503.7	46
10504	44
10504.3	31
10504.7	40
10505	33
10505.3	41
10505.7	46
10506	21
10506.3	30
10506.6	32
10507	4
10507.3	61
10507.6	48
10508	31
10508.3	28
10508.6	46
10509	48
10509.3	40
10509.6	53
10510	32
10510.3	39
10510.6	32
10511	26
10511.3	38
10511.6	42
10512	33
10512.3	30
10512.6	25
10512.9	37
10513.3	43
10513.6	52
10513.9	29
10514.3	42
10514.6	36
10514.9	39
10515.3	56
10515.6	42
10515.9	29
10516.3	48
10516.6	27
10516.9	60
10517.3	51
10517.6	32
10517.9	38
10518.2	33
10518.6	22
10518.9	21
10519.2	36
10519.6	31
10519.9	44
10520.2	35
10520.6	42
10520.9	46
10521.2	31
10521.5	46
10521.9	39
10522.2	33
10522.5	53
10522.9	37
10523.2	41
10523.5	35
10523.9	38
10524.2	50
10524.5	52
10524.9	28
10525.2	21
10525.5	37
10525.8	41
10526.2	40
10526.5	34
10526.8	38
10527.2	38
10527.5	40
10527.8	46
10528.2	25
10528.5	15
10528.8	27
10529.1	42
10529.5	45
10529.8	36
10530.1	25
10530.5	23
10530.8	37
10531.1	40
10531.5	52
10531.8	24
10532.1	33
10532.4	37.5
10532.8	42
10533.1	26
10533.4	62
10533.8	36
10534.1	36
10534.4	45
10534.7	53
10535.1	51
10535.4	36
10535.7	40
10536.1	38
10536.4	36
10536.7	49
10537	44
10537.4	16
10537.7	25
10538	58
10538.4	62
10538.7	44
10539	42
10539.3	38
10539.7	55
10540	37
10540.3	40
10540.7	41
10541	25
10541.3	37
10541.6	32
10542	46
10542.3	48
10542.6	42
10543	22
10543.3	46
10543.6	47
10543.9	54
10544.3	45
10544.6	47
10544.9	27
10545.3	33
10545.6	37
10545.9	38
10546.2	35
10546.6	39
10546.9	36
10547.2	32
10547.6	53
10547.9	41
10548.2	47
10548.5	34
10548.9	22
10549.2	32
10549.5	46
10549.9	53
10550.2	55
10550.5	41
10550.8	62
10551.2	55
10551.5	20
10551.8	23
10552.1	34
10552.5	39
10552.8	49
10553.1	46
10553.5	33
10553.8	37
10554.1	41
10554.4	44
10554.8	45
10555.1	22
10555.4	32
10555.7	32
10556.1	40
10556.4	36
10556.7	19
10557.1	52
10557.4	48
10557.7	40
10558	28
10558.4	55
10558.7	50
10559	58
10559.3	50
10559.7	40
10560	25
10560.3	39
10560.7	37
10561	39
10561.3	60
10561.6	34
10562	39
10562.3	48
10562.6	23
10562.9	42
10563.3	49
10563.6	39
10563.9	36
10564.2	43
10564.6	23
10564.9	56
10565.2	39
10565.5	36
10565.9	29
10566.2	41
10566.5	38
10566.9	61
10567.2	56
10567.5	34
10567.8	30
10568.2	21
10568.5	56
10568.8	56
10569.1	59
10569.5	35
10569.8	30
10570.1	42
10570.4	26
10570.8	39
10571.1	53
10571.4	41
10571.7	59
10572.1	51
10572.4	23
10572.7	36
10573	54
10573.4	29
10573.7	41
10574	39
10574.3	42
10574.7	35
10575	48
10575.3	54
10575.6	37
10576	41
10576.3	41
10576.6	40
10576.9	29
10577.3	38
10577.6	14
10577.9	54
10578.2	52
10578.6	44
10578.9	35
10579.2	37
10579.5	29
10579.9	28
10580.2	46
10580.5	29
10580.8	50
10581.2	38
10581.5	48
10581.8	49
10582.1	16
10582.5	23
10582.8	41
10583.1	42
10583.4	60
10583.8	34
10584.1	43
10584.4	40
10584.7	37
10585.1	32
10585.4	33
10585.7	45
10586	38
10586.4	22
10586.7	38
10587	48
10587.3	36
10587.7	47
10588	29
10588.3	35
10588.6	50
10589	36
10589.3	37
10589.6	20
10589.9	31
10590.3	41
10590.6	44
10590.9	28
10591.2	50
10591.5	47
10591.9	36
10592.2	40
10592.5	50
10592.8	35
10593.2	29
10593.5	52
10593.8	44
10594.1	45
10594.5	33
10594.8	50
10595.1	34
10595.4	28
10595.8	22
10596.1	22
10596.4	37
10596.7	65
10597	40
10597.4	51
10597.7	31
10598	36
10598.3	36
10598.7	16
10599	47
10599.3	29
10599.6	38
10600	52
10600.3	42
10600.6	49
10600.9	44
10601.2	35
10601.6	30
10601.9	45
10602.2	40
10602.5	42
10602.9	47
10603.2	47
10603.5	30
10603.8	32
10604.2	41
10604.5	41
10604.8	29
10605.1	43
10605.4	24
10605.8	36
10606.1	40
10606.4	50
10606.7	53
10607.1	16
10607.4	36
10607.7	48
10608	47
10608.3	50
10608.7	44
10609	30
10609.3	52
10609.6	23
10610	37
10610.3	48
10610.6	23
10610.9	36
10611.2	45
10611.6	48
10611.9	46
10612.2	37
10612.5	30
10612.8	42
10613.2	60
10613.5	41
10613.8	46
10614.1	31
10614.5	45
10614.8	22
10615.1	52
10615.4	53
10615.7	55
10616.1	34
10616.4	37
10616.7	40
10617	36
10617.4	39
10617.7	39
10618	34
10618.3	38
10618.6	44
10619	41
10619.3	27
10619.6	49
10619.9	47
10620.2	54
10620.6	44
10620.9	15
10621.2	44
10621.5	43
10621.8	39
10622.2	40
10622.5	27
10622.8	30
10623.1	33
10623.4	51
10623.8	24
10624.1	37
10624.4	37
10624.7	44
10625.1	29
10625.4	34
10625.7	44
10626	36
10626.3	22
10626.7	30
10627	41
10627.3	50
10627.6	46
10627.9	35
10628.3	37
10628.6	44
10628.9	23
10629.2	27
10629.5	27
10629.9	34
10630.2	62
10630.5	27
10630.8	33
10631.1	51
10631.5	17
10631.8	35
10632.1	43
10632.4	32
10632.7	63
10633.1	46
10633.4	23
10633.7	57
10634	34
10634.3	35
10634.7	39
10635	45
10635.3	36
10635.6	45
10635.9	39
10636.3	37
10636.6	44
10636.9	46
10637.2	50
10637.5	31
10637.8	40
10638.2	10
10638.5	37
10638.8	53
10639.1	39
10639.4	42
10639.8	51
10640.1	42
10640.4	36
10640.7	45
10641	27
10641.4	39
10641.7	53
10642	24
10642.3	28
10642.6	53
10643	61
10643.3	50
10643.6	26
10643.9	34
10644.2	52
10644.5	24
10644.9	37
10645.2	23
10645.5	25
10645.8	26
10646.1	42
10646.5	44
10646.8	41
10647.1	46
10647.4	45
10647.7	53
10648.1	42
10648.4	40
10648.7	27
10649	36
10649.3	20
10649.6	47
10650	34
10650.3	29
10650.6	28
10650.9	40
10651.2	49
10651.6	45
10651.9	40
10652.2	44
10652.5	38
10652.8	52
10653.1	50
10653.5	38
10653.8	40
10654.1	43
10654.4	34
10654.7	47
10655	39
10655.4	54
10655.7	45
10656	25
10656.3	51
10656.6	39
10657	33
10657.3	22
10657.6	24
10657.9	33
10658.2	63
10658.5	38
10658.9	47
10659.2	26
10659.5	28
10659.8	35
10660.1	41
10660.4	47
10660.8	47
10661.1	18
10661.4	23
10661.7	52
10662	39
10662.3	47
10662.7	37
10663	25
10663.3	42
10663.6	33
10663.9	35
10664.2	26
10664.6	36
10664.9	35
10665.2	26
10665.5	45
10665.8	41
10666.1	46
10666.5	9
10666.8	27
10667.1	48
10667.4	36
10667.7	39
10668	36
10668.4	39
10668.7	56
10669	54
10669.3	39
10669.6	54
10669.9	33
10670.3	50
10670.6	39
10670.9	29
10671.2	31
10671.5	34
10671.8	31
10672.2	55
10672.5	42
10672.8	41
10673.1	43
10673.4	27
10673.7	53
10674.1	25
10674.4	38
10674.7	47
10675	43
10675.3	36
10675.6	56
10675.9	53
10676.3	43
10676.6	37
10676.9	8
10677.2	58
10677.5	42
10677.8	47
10678.2	34
10678.5	34
10678.8	25
10679.1	23
10679.4	35
10679.7	49
10680	31
10680.4	30
10680.7	23
10681	29
10681.3	46
10681.6	41
10681.9	17
10682.3	41
10682.6	48
10682.9	33
10683.2	32
10683.5	30
10683.8	38
10684.1	46
10684.5	32
10684.8	48
10685.1	39
10685.4	7
10685.7	33
10686	38
10686.3	30
10686.7	31
10687	39
10687.3	42
10687.6	41
10687.9	37
10688.2	31
10688.6	33
10688.9	31
10689.2	44
10689.5	38
10689.8	43
10690.1	34
10690.4	29
10690.8	40
10691.1	25
10691.4	33
10691.7	53
10692	46
10692.3	20
10692.6	54
10693	34
10693.3	34
10693.6	17
10693.9	34
10694.2	35
10694.5	45
10694.8	45
10695.1	42
10695.5	19
10695.8	33
10696.1	40
10696.4	40
10696.7	39
10697	37
10697.3	36
10697.7	24
10698	24
10698.3	31
10698.6	46
10698.9	36
10699.2	34
10699.5	36
10699.9	39
10700.2	45
10700.5	40
10700.8	39
10701.1	22
10701.4	39
10701.7	44
10702	58
10702.4	41
10702.7	27
10703	37
10703.3	32
10703.6	33
10703.9	18
10704.2	39
10704.6	36
10704.9	46
10705.2	44
10705.5	33
10705.8	27
10706.1	26
10706.4	33
10706.7	40
10707.1	28
10707.4	31
10707.7	51
10708	48
10708.3	32
10708.6	36
10708.9	35
10709.2	49
10709.6	24
10709.9	40
10710.2	42
10710.5	41
10710.8	28
10711.1	40
10711.4	38
10711.7	59
10712.1	48
10712.4	34
10712.7	26
10713	25
10713.3	43
10713.6	36
10713.9	41
10714.2	33
10714.5	36
10714.9	23
10715.2	40
10715.5	20
10715.8	32
10716.1	22
10716.4	39
10716.7	40
10717	56
10717.4	66
10717.7	47
10718	-3
10718.3	24
10718.6	40
10718.9	31
10719.2	67
10719.5	26
10719.8	38
10720.2	46
10720.5	29.0198
10720.8	42.7242
10721.1	28.8039
10721.4	30.619
10721.7	10.0915
10722	29.9765
10722.3	41.6387
10722.7	53.5186
10723	25.3294
10723.3	26.1654
10723.6	28.4949
10723.9	28.2286
10724.2	40.7367
10724.5	45.3937
10724.8	10.451
10725.1	25.4765
10725.5	35.0198
10725.8	32.4911
10726.1	35.0063
10726.4	27.9736
10726.7	37.8278
10727	33.5297
10727.3	38.0662
10727.6	45.9974
10727.9	34.4355
10728.2	40.9527
10728.6	43.3351
10728.9	30.0209
10729.2	28.5242
10729.5	39.4449
10729.8	34.9476
10730.1	29.2475
10730.4	28.0604
10730.7	21.1635
10731	43.4516
10731.4	39.0223
10731.7	13.7676
10732	29.5864
10732.3	33.3989
10732.6	29.1376
10732.9	33.5462
10733.2	33.89
10733.5	30.3136
10733.8	32.7721
10734.1	32.7475
10734.5	44.618
10734.8	34.3229
10735.1	32.3515
10735.4	40.8453
10735.7	23.7381
10736	34.8848
10736.3	27.8275
10736.6	21.8193
10736.9	30.7381
10737.2	24.305
10737.6	30.9779
10737.9	36.9653
10738.2	24.9772
10738.5	30.5197
10738.8	27.8479
10739.1	34.8622
10739.4	38.0162
10739.7	17.2901
10740	24.0951
10740.3	32.1337
10740.7	31.4358
10741	42.4006
10741.3	36.088
10741.6	35.1576
10741.9	33.1352
10742.2	32.4781
10742.5	35.6716
10742.8	40.764
10743.1	34.6892
10743.4	21.1419
10743.7	17.5124
10744.1	20.7039
10744.4	26.4739
10744.7	28.8246
10745	24.1272
10745.3	20.4447
10745.6	19.0432
10745.9	20.1541
10746.2	28.7514
10746.5	35.764
10746.8	29.6139
10747.1	31.7105
10747.5	30.3735
10747.8	26.6089
10748.1	35.1116
10748.4	47.755
10748.7	40.796
10749	17.2447
10749.3	10.0866
10749.6	19.1191
10749.9	21.7426
10750.2	27.8165
10750.5	28.536
10750.8	22.3486
10751.2	27.2468
10751.5	21.9326
10751.7	28
10752	36
10752.3	19
10752.6	10
10752.9	23
10753.2	6
10753.5	30
10753.8	37
10754.1	29
10754.5	35
10754.8	31
10755.1	27
10755.4	34
10755.7	24
10756	21
10756.3	29
10756.6	21
10756.9	41
10757.3	20
10757.6	24
10757.9	26
10758.2	20
10758.5	40
10758.8	34
10759.1	46
10759.4	13
10759.7	20
10760	34
10760.4	35
10760.7	21
10761	24
10761.3	26
10761.6	41
10761.9	29
10762.2	38
10762.5	20
10762.8	25
10763.1	32
10763.5	18
10763.8	39
10764.1	30
10764.4	34
10764.7	36
10765	23
10765.3	31
10765.6	35
10765.9	21
10766.2	38
10766.6	25
10766.9	35
10767.2	41
10767.5	30
10767.8	25
10768.1	22
10768.4	31
10768.7	38
10769	31
10769.3	14
10769.6	27
10770	45
10770.3	25
10770.6	29
10770.9	29
10771.2	51
10771.5	36
10771.8	26
10772.1	50
10772.4	44
10772.7	33
10773	30
10773.4	25
10773.7	37
10774	48
10774.3	40
10774.6	37
10774.9	24
10775.2	34
10775.5	64
10775.8	46
10776.1	38
10776.4	30
10776.8	25
10777.1	32
10777.4	49
10777.7	39
10778	29
10778.3	30
10778.6	32
10778.9	34
10779.2	27
10779.5	12
10779.8	55
10780.1	38
10780.5	35
10780.8	41
10781.1	26
10781.4	19
10781.7	23
10782	33
10782.3	38
10782.6	41
10782.9	43
10783.2	41
10783.5	48
10783.8	53
10784.2	36
10784.5	45
10784.8	42
10785.1	20
10785.4	52
10785.7	48
10786	22
10786.3	39
10786.6	26
10786.9	50
10787.2	44
10787.5	45
10787.8	51
10788.2	31
10788.5	25
10788.8	32
10789.1	34
10789.4	37
10789.7	33
10790	16
10790.3	42
10790.6	41
10790.9	38
10791.2	38
10791.5	24
10791.8	27
10792.2	38
10792.5	25
10792.8	41
10793.1	24
10793.4	21
10793.7	47
10794	48
10794.3	40
10794.6	34
10794.9	24
10795.2	35
10795.5	32
10795.8	38
10796.1	19
10796.5	26
10796.8	25
10797.1	68
10797.4	31
10797.7	49
10798	39
10798.3	22
10798.6	46
10798.9	47
10799.2	30
10799.5	49
10799.8	29
10800.1	39
10800.4	45
10800.7	47
10801.1	34
10801.4	34
10801.7	23
10802	48
10802.3	25
10802.6	45
10802.9	47
10803.2	53
10803.5	32
10803.8	40
10804.1	50
10804.4	43
10804.7	56
10805	34
10805.3	52
10805.6	15
10806	43
10806.3	36
10806.6	45
10806.9	50
10807.2	47
10807.5	37
10807.8	58
10808.1	32
10808.4	43
10808.7	33
10809	32
10809.3	49
10809.6	24
10809.9	55
10810.2	46
10810.5	44
10810.8	36
10811.1	36
10811.5	31
10811.8	31
10812.1	40
10812.4	56
10812.7	46
10813	35
10813.3	29
10813.6	50
10813.9	48
10814.2	39
10814.5	35
10814.8	20
10815.1	41
10815.4	48
10815.7	39
10816	45
10816.3	38
10816.6	16
10816.9	32
10817.3	31
10817.6	56
10817.9	25
10818.2	40
10818.5	60
10818.8	47
10819.1	16
10819.4	58
10819.7	40
10820	38
10820.3	43
10820.6	36
10820.9	45
10821.2	38
10821.5	35
10821.8	49
10822.1	52
10822.4	40
10822.7	39
10823	37
10823.3	16
10823.7	34
10824	42
10824.3	36
10824.6	30
10824.9	32
10825.2	35
10825.5	45
10825.8	55
10826.1	41
10826.4	24
10826.7	49
10827	26
10827.3	55
10827.6	24
10827.9	34
10828.2	24
10828.5	27
10828.8	53
10829.1	56
10829.4	29
10829.7	42
10830	47
10830.3	46
10830.6	36
10830.9	48
10831.2	35
10831.6	33
10831.9	47
10832.2	60
10832.5	56
10832.8	33
10833.1	38
10833.4	21
10833.7	32
10834	60
10834.3	30
10834.6	43
10834.9	56
10835.2	32
10835.5	44
10835.8	59
10836.1	45
10836.4	36
10836.7	28
10837	56
10837.3	45
10837.6	44
10837.9	38
10838.2	34
10838.5	20
10838.8	40
10839.1	58
10839.4	45
10839.7	49
10840	26
10840.3	26
10840.6	49
10841	40
10841.3	52
10841.6	43
10841.9	21
10842.2	56
10842.5	44
10842.8	54
10843.1	19
10843.4	36
10843.7	50
10844	42
10844.3	47
10844.6	37
10844.9	24
10845.2	23
10845.5	37
10845.8	51
10846.1	34
10846.4	50
10846.7	51
10847	48
10847.3	39
10847.6	41
10847.9	33
10848.2	13
10848.5	58
10848.8	47
10849.1	40
10849.4	36
10849.7	44
10850	39
10850.3	51
10850.6	34
10850.9	44
10851.2	36
10851.5	17
10851.8	31
10852.1	47
10852.4	52
10852.7	62
10853	52
10853.3	35
10853.6	33
10853.9	46
10854.2	69
10854.5	30
10854.8	-3
10855.1	36
10855.4	41
10855.7	46
10856	61
10856.4	36
10856.7	48
10857	56
10857.3	41
10857.6	56
10857.9	32
10858.2	32
10858.5	48
10858.8	44
10859.1	50
10859.4	34
10859.7	32
10860	44
10860.3	32
10860.6	25
10860.9	49
10861.2	52
10861.5	28
10861.8	38
10862.1	16
10862.4	32
10862.7	42
10863	38
10863.3	45
10863.6	38
10863.9	66
10864.2	51
10864.5	31
10864.8	42
10865.1	47
10865.4	47
10865.7	57
10866	41
10866.3	55
10866.6	41
10866.9	33
10867.2	46
10867.5	38
10867.8	39
10868.1	14
10868.4	44
10868.7	43
10869	47
10869.3	31
10869.6	41
10869.9	34
10870.2	47
10870.5	59
10870.8	49
10871.1	22
10871.4	43
10871.7	47
10872	43
10872.3	44
10872.6	21
10872.9	47
10873.2	43
10873.5	39
10873.8	42
10874.1	32
10874.4	37
10874.7	27
10875	49
10875.3	51
10875.6	46
10875.9	44
10876.2	41
10876.5	18
10876.8	51
10877.1	29
10877.4	32
10877.7	50
10878	43
10878.3	41
10878.6	50
10878.9	40
10879.2	45
10879.5	27
10879.8	36
10880.1	57
10880.4	62
10880.7	52
10881	37
10881.3	42
10881.6	18
10881.9	29
10882.2	58
10882.5	42
10882.8	21
10883.1	39
10883.4	36
10883.6	51
10883.9	41
10884.2	62
10884.5	41
10884.8	46
10885.1	47
10885.4	44
10885.7	27
10886	30
10886.3	47
10886.6	43
10886.9	30
10887.2	39
10887.5	23
10887.8	35
10888.1	37
10888.4	43
10888.7	39
10889	43
10889.3	35
10889.6	42
10889.9	33
10890.2	21
10890.5	41
10890.8	33
10891.1	49
10891.4	48
10891.7	42
10892	54
10892.3	46
10892.6	30
10892.9	40
10893.2	35
10893.5	51
10893.8	19
10894.1	23
10894.4	38
10894.7	41
10895	43
10895.3	35
10895.6	45
10895.9	31
10896.2	46
10896.5	33
10896.8	33
10897.1	36
10897.4	35
10897.7	35
10898	50
10898.3	36
10898.6	56
10898.8	45
10899.1	23
10899.4	41
10899.7	34
10900	38
10900.3	44
10900.6	39
10900.9	26
10901.2	61
10901.5	39
10901.8	42
10902.1	43
10902.4	35
10902.7	34
10903	47
10903.3	37
10903.6	45
10903.9	25
10904.2	37
10904.5	53
10904.8	44
10905.1	28
10905.4	36
10905.7	52
10906	58
10906.3	36
10906.6	46
10906.9	34
10907.2	46
10907.5	55
10907.8	46
10908.1	39
10908.3	47
10908.6	29
10908.9	43
10909.2	55
10909.5	23
10909.8	53
10910.1	44
10910.4	33
10910.7	47
10911	47
10911.3	50
10911.6	42
10911.9	30
10912.2	47
10912.5	41
10912.8	31
10913.1	41
10913.4	39
10913.7	13
10914	22
10914.3	27
10914.6	42
10914.9	43
10915.2	36
10915.5	39
10915.8	35
10916	33
10916.3	57
10916.6	32
10916.9	37
10917.2	65
10917.5	16
10917.8	36
10918.1	34
10918.4	46
10918.7	38
10919	44
10919.3	30
10919.6	33
10919.9	45
10920.2	45
10920.5	40
10920.8	27
10921.1	44
10921.4	22
10921.7	20
10922	46
10922.3	39
10922.5	46
10922.8	45
10923.1	32
10923.4	43
10923.7	47
10924	39
10924.3	38
10924.6	32
10924.9	41
10925.2	41
10925.5	57
10925.8	39
10926.1	36
10926.4	14
10926.7	40
10927	30
10927.3	49
10927.6	50
10927.9	29
10928.1	40
10928.4	37
10928.7	46
10929	49
10929.3	32
10929.6	36
10929.9	30
10930.2	45
10930.5	40
10930.8	42
10931.1	56
10931.4	53
10931.7	24
10932	42
10932.3	45
10932.6	34
10932.9	28
10933.2	36
10933.4	45
10933.7	40
10934	49
10934.3	56
10934.6	46
10934.9	4
10935.2	28
10935.5	34
10935.8	30
10936.1	37
10936.4	52
10936.7	14
10937	47
10937.3	39
10937.6	38
10937.9	34
10938.1	25
10938.4	41
10938.7	31
10939	29
10939.3	57
10939.6	54
10939.9	44
10940.2	39
10940.5	34
10940.8	34
10941.1	49
10941.4	54
10941.7	51
10942	35
10942.3	41
10942.5	50
10942.8	33
10943.1	47
10943.4	29
10943.7	40
10944	35
10944.3	22
10944.6	33
10944.9	56
10945.2	42
10945.5	27
10945.8	39
10946.1	46
10946.4	38
10946.7	21
10946.9	55
10947.2	33
10947.5	21
10947.8	27
10948.1	42
10948.4	41
10948.7	44
10949	26
10949.3	33
10949.6	37
10949.9	20
10950.2	42
10950.5	19
10950.7	16
10951	50
10951.3	40
10951.6	47
10951.9	21
10952.2	44
10952.5	31
10952.8	30
10953.1	29
10953.4	50
10953.7	40
10954	43
10954.3	55
10954.5	32
10954.8	39
10955.1	28
10955.4	39
10955.7	23
10956	34
10956.3	49
10956.6	44
10956.9	37
10957.2	23
10957.5	55
10957.8	36
10958.1	52
10958.3	24
10958.6	39
10958.9	43
10959.2	52
10959.5	58
10959.8	26
10960.1	45
10960.4	25
10960.7	54
10961	35
10961.3	35
10961.6	40
10961.8	28
10962.1	39
10962.4	45
10962.7	45
10963	40
10963.3	36
10963.6	37
10963.9	44
10964.2	30
10964.5	40
10964.8	20
10965	28
10965.3	28
10965.6	43
10965.9	50
10966.2	26
10966.5	26
10966.8	40
10967.1	39
10967.4	37
10967.7	49
10968	45
10968.2	32
10968.5	35
10968.8	34
10969.1	38
10969.4	44
10969.7	42
10970	39
10970.3	31
10970.6	37
10970.9	42
10971.2	31
10971.4	17
10971.7	31
10972	36
10972.3	41
10972.6	41
10972.9	30
10973.2	53
10973.5	30
10973.8	44
10974.1	34
10974.3	41
10974.6	14
10974.9	41
10975.2	32
10975.5	57
10975.8	28
10976.1	51
10976.4	42
10976.7	32
10977	36
10977.3	38
10977.5	55
10977.8	19
10978.1	38
10978.4	32
10978.7	43
10979	25
10979.3	41
10979.6	39
10979.9	28
10980.2	29
10980.4	36
10980.7	24
10981	25
10981.3	40
10981.6	34
10981.9	28
10982.2	38
10982.5	44
10982.8	40
10983	35
10983.3	32
10983.6	39
10983.9	44
10984.2	20
10984.5	39
10984.8	52
10985.1	51
10985.4	52
10985.7	54
10985.9	35
10986.2	42
10986.5	55
10986.8	48
10987.1	39
10987.4	15
10987.7	27
10988	25
10988.3	38
10988.5	37
10988.8	33
10989.1	43
10989.4	46
10989.7	47
10990	48
10990.3	24
10990.6	7
10990.9	27
10991.1	27
10991.4	40
10991.7	36
10992	33
10992.3	31
10992.6	45
10992.9	42
10993.2	48
10993.5	50
10993.7	23
10994	40
10994.3	37
10994.6	30
10994.9	49
10995.2	19
10995.5	30
10995.8	32
10996	25
10996.3	32
10996.6	41
10996.9	35
10997.2	44
10997.5	32
10997.8	35.9265
10998.1	39.7456
10998.4	24.907
10998.6	39.4878
10998.9	29.8801
10999.2	35.0323
10999.5	41.9608
10999.8	42.5206
11000.1	22.4031
11000.4	29.8357
11000.7	23.4837
11000.9	35.3165
11001.2	37.6589
11001.5	40.3271
11001.8	28.9874
11002.1	40.4947
11002.4	30.7844
11002.7	42.8729
11003	34.2857
11003.2	41.8163
11003.5	38.9148
11003.8	29.9995
11004.1	43.218
11004.4	31.9538
11004.7	30.2402
11005	34.8265
11005.3	42.396
11005.5	26.9423
11005.8	39.2294
11006.1	22.6863
11006.4	40.1095
11006.7	33.9842
11007	26.7362
11007.3	33.8188
11007.6	37.934
11007.8	23.9118
11008.1	30.7721
11008.4	20.3214
11008.7	30.4359
11009	29.1922
11009.3	26.1807
11009.6	36.7082
11009.9	32.1361
11010.1	33.0989
11010.4	48.8973
11010.7	33.3831
11011	24.9276
11011.3	32.9705
11011.6	35.7717
11011.9	29.1702
11012.1	27.0721
11012.4	20.9237
11012.7	30.3278
11013	33.1132
11013.3	44.7598
11013.6	38.8585
11013.9	31.8021
11014.2	26.7104
11014.4	34.9575
11014.7	31.5268
11015	35.3806
11015.3	17.7368
11015.6	26.295
11015.9	31.3219
11016.2	38.0868
11016.4	28.2664
11016.7	27.6084
11017	19.6085
11017.3	22.4287
11017.6	41.9733
11017.9	32.3406
11018.2	41.4532
11018.5	27.1769
11018.7	26.0735
11019	22.2996
11019.3	27.543
11019.6	33.6505
11019.9	25.5892
11020.2	27.3142
11020.5	29.1598
11020.7	20.736
11021	25.1847
11021.3	20.4999
11021.6	25.8462
11021.9	21.5466
11022.2	26.5273
11022.5	33.9057
11022.7	29.1158
11023	21.9628
11023.3	17.0223
11023.6	27.5749
11023.9	27.4872
11024.2	18.5493
11024.5	13.5264
11024.7	20.4149
11025	19.7317
11025.3	25.0251
11025.6	28.6152
11025.9	30.7855
11026.2	22.2228
11026.5	8.42294
11026.7	23.5341
11026.8	31
11027.1	24
11027.4	23
11027.7	21
11028	44
11028.3	23
11028.5	32
11028.8	39
11029.1	24
11029.4	28
11029.7	19
11030	24
11030.3	45
11030.6	32
11030.8	30
11031.1	23
11031.4	16
11031.7	18
11032	48
11032.3	41
11032.6	23
11032.9	22
11033.1	35
11033.4	32
11033.7	24
11034	25
11034.3	43
11034.6	7
11034.9	30
11035.2	36
11035.4	32
11035.7	27
11036	31
11036.3	43
11036.6	34
11036.9	32
11037.2	37
11037.5	37
11037.7	39
11038	27
11038.3	8
11038.6	42
11038.9	34
11039.2	37
11039.5	37
11039.7	48
11040	41
11040.3	37
11040.6	24
11040.9	36
11041.2	44
11041.5	36
11041.8	28
11042	26
11042.3	28
11042.6	36
11042.9	30
11043.2	44
11043.5	17
11043.8	20
11044	24
11044.3	41
11044.6	30
11044.9	50
11045.2	26
11045.5	22
11045.8	44
11046	29
11046.3	47
11046.6	27
11046.9	31
11047.2	42
11047.5	34
11047.8	31
11048.1	51
11048.3	33
11048.6	43
11048.9	27
11049.2	39
11049.5	51
11049.8	34
11050.1	29
11050.3	39
11050.6	23
11050.9	37
11051.2	33
11051.5	48
11051.8	39
11052.1	41
11052.3	40
11052.6	42
11052.9	16
11053.2	17
11053.5	26
11053.8	30
11054.1	31
11054.3	42
11054.6	28
11054.9	43
11055.2	39
11055.5	29
11055.8	71
11056	46
11056.3	9
11056.6	35
11056.9	38
11057.2	27
11057.5	29
11057.8	28
11058	37
11058.3	27
11058.6	47
11058.9	46
11059.2	26
11059.5	34
11059.8	43
11060	33
11060.3	33
11060.6	35
11060.9	37
11061.2	43
11061.5	34
11061.7	50
11062	55
11062.3	38
11062.6	23
11062.9	35
11063.2	47
11063.5	29
11063.7	25
11064	53
11064.3	45
11064.6	57
11064.9	28
11065.2	28
11065.4	18
11065.7	38
11066	38
11066.3	48
11066.6	40
11066.9	23
11067.2	39
11067.4	41
11067.7	42
11068	52
11068.3	19
11068.6	43
11068.9	30
11069.1	43
11069.4	38
11069.7	33
11070	21
11070.3	45
11070.6	27
11070.8	31
11071.1	50
11071.4	46
11071.7	20
11072	25
11072.3	17
11072.5	53
11072.8	45
11073.1	30
11073.4	28
11073.7	38
11074	46
11074.3	20
11074.5	45
11074.8	30
11075.1	53
11075.4	43
11075.7	42
11076	40
11076.2	41
11076.5	32
11076.8	33
11077.1	53
11077.4	44
11077.7	46
11077.9	52
11078.2	44
11078.5	48
11078.8	50
11079.1	39
11079.4	44
11079.6	10
11079.9	24
11080.2	55
11080.5	51
11080.8	60
11081.1	43
11081.3	38
11081.6	29
11081.9	35
11082.2	46
11082.5	41
11082.7	25
11083	42
11083.3	35
11083.6	51
11083.9	28
11084.2	34
11084.4	27
11084.7	57
11085	61
11085.3	24
11085.6	27
11085.9	19
11086.1	40
11086.4	48
11086.7	34
11087	43
11087.3	39
11087.6	42
11087.8	50
11088.1	27
11088.4	51
11088.7	35
11089	25
11089.2	39
11089.5	21
11089.8	37
11090.1	37
11090.4	34
11090.7	35
11090.9	54
11091.2	56
11091.5	44
11091.8	21
11092.1	37
11092.3	51
11092.6	40
11092.9	42
11093.2	28
11093.5	36
11093.8	35
11094	39
11094.3	43
11094.6	34
11094.9	50
11095.2	29
11095.4	39
11095.7	41
11096	59
11096.3	45
11096.6	44
11096.9	49
11097.1	48
11097.4	53
11097.7	44
11098	40
11098.3	26
11098.5	40
11098.8	50
11099.1	52
11099.4	24
11099.7	23
11100	38
11100.2	49
11100.5	48
11100.8	54
11101.1	39
11101.4	53
11101.6	34
11101.9	48
11102.2	41
11102.5	37
11102.8	26
11103	33
11103.3	46
11103.6	50
11103.9	46
11104.2	39
11104.4	40
11104.7	35
11105	57
11105.3	53
11105.6	47
11105.9	38
11106.1	37
11106.4	50
11106.7	48
11107	47
11107.3	49
11107.5	46
11107.8	43
11108.1	52
11108.4	47
11108.7	24
11108.9	49
11109.2	31
11109.5	44
11109.8	43
11110.1	40
11110.3	30
11110.6	45
11110.9	38
11111.2	37
11111.5	50
11111.7	39
11112	44
11112.3	43
11112.6	38
11112.9	57
11113.1	37
11113.4	40
11113.7	33
11114	47
11114.3	50
11114.5	42
11114.8	36
11115.1	18
11115.4	31
11115.7	47
11115.9	45
11116.2	48
11116.5	37
11116.8	29
11117.1	49
11117.3	44
11117.6	28
11117.9	46
11118.2	26
11118.5	42
11118.7	50
11119	34
11119.3	33
11119.6	49
11119.9	43
11120.1	41
11120.4	57
11120.7	56
11121	44
11121.3	31
11121.5	54
11121.8	52
11122.1	32
11122.4	28
11122.7	49
11122.9	35
11123.2	26
11123.5	46
11123.8	50
11124	44
11124.3	29
11124.6	49
11124.9	31
11125.2	43
11125.4	44
11125.7	40
11126	50
11126.3	51
11126.6	51
11126.8	44
11127.1	42
11127.4	29
11127.7	57
11128	43
11128.2	60
11128.5	41
11128.8	46
11129.1	24
11129.3	45
11129.6	44
11129.9	42
11130.2	29
11130.5	32
11130.7	44
11131	40
11131.3	45
11131.6	38
11131.9	60
11132.1	42
11132.4	48
11132.7	48
11133	45
11133.2	42
11133.5	33
11133.8	38
11134.1	46
11134.4	58
11134.6	23
11134.9	42
11135.2	39
11135.5	39
11135.7	49
11136	33
11136.3	47
11136.6	51
11136.9	45
11137.1	38
11137.4	62
11137.7	49
11138	35
11138.2	44
11138.5	41
11138.8	31
11139.1	48
11139.4	29
11139.6	38
11139.9	56
11140.2	43
11140.5	60
11140.7	58
11141	27
11141.3	42
11141.6	27
11141.9	40
11142.1	33
11142.4	11
11142.7	61
11143	39
11143.2	50
11143.5	38
11143.8	43
11144.1	42
11144.4	45
11144.6	31
11144.9	35
11145.2	39
11145.5	35
11145.7	42
11146	47
11146.3	49
11146.6	57
11146.8	33
11147.1	31
11147.4	53
11147.7	42
11148	56
11148.2	20
11148.5	19
11148.8	42
11149.1	33
11149.3	58
11149.6	36
11149.9	55
11150.2	31
11150.4	56
11150.7	47
11151	42
11151.3	41
11151.6	35
11151.8	54
11152.1	43
11152.4	49
11152.7	40
11152.9	37
11153.2	33
11153.5	43
11153.8	52
11154	40
11154.3	18
11154.6	34
11154.9	25
11155.1	42
11155.4	58
11155.7	49
11156	33
11156.3	30
11156.5	43
11156.8	39
11157.1	62
11157.4	38
11157.6	39
11157.9	39
11158.2	33
11158.5	53
11158.7	37
11159	45
11159.3	27
11159.6	36
11159.8	42
11160.1	50
11160.4	42
11160.7	33
11160.9	34
11161.2	47
11161.5	39
11161.8	51
11162	56
11162.3	55
11162.6	33
11162.9	17
11163.1	55
11163.4	42
11163.7	31
11164	50
11164.2	56
11164.5	29
11164.8	45
11165.1	27
11165.3	49
11165.6	34
11165.9	40
11166.2	42
11166.5	53
11166.7	44
11167	31
11167.3	26
11167.6	53
11167.8	38
11168.1	32
11168.4	55
11168.7	41
11168.9	38
11169.2	31
11169.5	36
11169.8	9
11170	34
11170.3	45
11170.6	53
11170.9	32
11171.1	32
11171.4	35
11171.7	36
11172	32
11172.2	56
11172.5	40
11172.8	11
11173	42
11173.3	40
11173.6	26
11173.9	34
11174.1	45
11174.4	41
11174.7	32
11175	33
11175.2	35
11175.5	34
11175.8	36
11176.1	42
11176.3	38
11176.6	23
11176.9	53
11177.2	58
11177.4	25
11177.7	35
11178	51
11178.3	52
11178.5	39
11178.8	36
11179.1	45
11179.4	35
11179.6	42
11179.9	23
11180.2	42
11180.5	48
11180.7	49
11181	27
11181.3	57
11181.6	45
11181.8	34
11182.1	38
11182.4	39
11182.6	40
11182.9	28
11183.2	35
11183.5	57
11183.7	41
11184	54
11184.3	42
11184.6	47
11184.8	28
11185.1	46
11185.4	51
11185.7	37
11185.9	21
11186.2	46
11186.5	29
11186.8	61
11187	34
11187.3	46
11187.6	23
11187.8	46
11188.1	52
11188.4	41
11188.7	41
11188.9	29
11189.2	27
11189.5	38
11189.8	46
11190	46
11190.3	44
11190.6	29
11190.8	41
11191.1	43
11191.4	47
11191.7	54
11191.9	32
11192.2	22
11192.5	19
11192.8	43
11193	31
11193.3	40
11193.6	25
11193.8	39
11194.1	41
11194.4	37
11194.7	48
11194.9	34
11195.2	33
11195.5	40
11195.8	24
11196	42
11196.3	29
11196.6	20
11196.8	44
11197.1	44
11197.4	45
11197.7	60
11197.9	40
11198.2	34
11198.5	34
11198.8	28
11199	50
11199.3	44
11199.6	17
11199.8	35
11200.1	30
11200.4	15
11200.7	40
11200.9	40
11201.2	43
11201.5	23
11201.7	29
11202	48
11202.3	54
11202.6	39
11202.8	37
11203.1	22
11203.4	46
11203.7	39
11203.9	23
11204.2	24
11204.5	37
11204.7	43
11205	27
11205.3	45
11205.6	42
11205.8	30
11206.1	33
11206.4	41
11206.6	48
11206.9	33
11207.2	35
11207.5	40
11207.7	46
11208	36
11208.3	38
11208.5	17
11208.8	50
11209.1	55
11209.4	58
11209.6	33
11209.9	30
11210.2	21
11210.4	41
11210.7	55
11211	24
11211.3	35
11211.5	54
11211.8	22
11212.1	35
11212.3	28
11212.6	37
11212.9	51
11213.2	45
11213.4	47
11213.7	40
11214	56
11214.2	41
11214.5	40
11214.8	45
11215	42
11215.3	44
11215.6	40
11215.9	46
11216.1	44
11216.4	43
11216.7	42
11216.9	30
11217.2	41
11217.5	50
11217.8	21
11218	39
11218.3	45
11218.6	52
11218.8	39
11219.1	34
11219.4	37
11219.7	24
11219.9	38
11220.2	33
11220.5	31
11220.7	38
11221	48
11221.3	35
11221.5	50
11221.8	59
11222.1	51
11222.4	44
11222.6	31
11222.9	33
11223.2	33
11223.4	15
11223.7	40
11224	37
11224.2	32
11224.5	22
11224.8	31
11225.1	20
11225.3	46
11225.6	12
11225.9	47
11226.1	43
11226.4	32
11226.7	51
11226.9	50
11227.2	39
11227.5	27
11227.8	36
11228	27
11228.3	49
11228.6	43
11228.8	13
11229.1	42
11229.4	35
11229.6	26
11229.9	35
11230.2	36
11230.4	49
11230.7	33
11231	39
11231.3	31
11231.5	28
11231.8	44
11232.1	34
11232.3	31
11232.6	39
11232.9	30
11233.1	24
11233.4	43
11233.7	25
11233.9	31
11234.2	53
11234.5	52
11234.8	33
11235	20
11235.3	31
11235.6	36
11235.8	42
11236.1	40
11236.4	32
11236.6	29
11236.9	36
11237.2	45
11237.4	54
11237.7	24
11238	22
11238.3	36
11238.5	40
11238.8	31
11239.1	36
11239.3	23
11239.6	40
11239.9	32
11240.1	25
11240.4	42
11240.7	21
11240.9	30
11241.2	28
11241.5	34
11241.7	33
11242	56
11242.3	55
11242.5	52
11242.8	27
11243.1	38
11243.4	28
11243.6	35
11243.9	24
11244.2	45
11244.4	31
11244.7	38
11245	43
11245.2	20
11245.5	52
11245.8	15
11246	41
11246.3	53
11246.6	38
11246.8	28
11247.1	13
11247.4	32
11247.6	32
11247.9	31
11248.2	26
11248.4	38
11248.7	40
11249	30
11249.2	63
11249.5	43
11249.8	29
11250.1	38
11250.3	51
11250.6	49
11250.9	33
11251.1	16
11251.4	21
11251.7	31
11251.9	30
11252.2	50
11252.5	42
11252.7	34
11253	23
11253.3	29
11253.5	7
11253.8	33
11254.1	45
11254.3	17
11254.6	28
11254.9	38.965
11255.1	29.7366
11255.4	27.9365
11255.7	43.6254
11255.9	22.1934
11256.2	34.1932
11256.5	33.0815
11256.7	26.4287
11257	39.1626
11257.3	33.6134
11257.5	25.7021
11257.8	27.59
11258.1	34.602
11258.3	51.358
11258.6	25.117
11258.9	40.7765
11259.1	45.3594
11259.4	23.9922
11259.7	38.0882
11259.9	21.5015
11260.2	32.6011
11260.5	33.4438
11260.7	34.4192
11261	34.2167
11261.3	31.2032
11261.5	49.2943
11261.8	30.7228
11262.1	41.9027
11262.3	17.8867
11262.6	37.5406
11262.9	22.6352
11263.1	12.8879
11263.4	37.0399
11263.7	32.4003
11263.9	29.8977
11264.2	24.501
11264.5	31.9454
11264.7	25.5129
11265	42.9095
11265.3	31.2305
11265.5	29.8463
11265.8	29.1401
11266.1	31.5609
11266.3	39.0693
11266.6	27.2775
11266.9	34.2395
11267.1	30.2088
11267.4	26.2364
11267.7	31.822
11267.9	30.7674
11268.2	26.5498
11268.5	26.5534
11268.7	29.7485
11269	19.0731
11269.3	26.8153
11269.5	33.7647
11269.8	29.5423
11270.1	38.7796
11270.3	23.3086
11270.6	26.6236
11270.9	29.2549
11271.1	24.9109
11271.4	22.5951
11271.7	24.3186
11271.9	32.2327
11272.2	31.5729
11272.5	24.1759
11272.7	28.5548
11273	30.5587
11273.2	13.685
11273.5	21.3517
11273.8	27.8904
11274	23.0696
11274.3	29.353
11274.6	34.22
11274.8	33.4747
11275.1	25.912
11275.4	22.6516
11275.6	36.6584
11275.9	32.3979
11276.2	22.1434
11276.4	25.3467
11276.7	24.4882
11277	24.8982
11277.2	32.3848
11277.5	33.9706
11277.8	31.7062
11278	18.7151
11278.3	13.129
11278.6	29.1194
11278.8	22.827
11279.1	19.6891
11279.3	21.9314
11279.6	24.3282
11279.9	24.0461
11280.1	17.7533
11280.4	23.8923
11280.7	31.768
11280.9	41.2732
11281.2	28.8158
11281.5	33.3976
11281.7	28.8998
11281.9	34
11282.2	30
11282.5	23
11282.7	28
11283	35
11283.3	25
11283.5	23
11283.8	23
11284.1	24
11284.3	21
11284.6	22
11284.9	47
11285.1	37
11285.4	20
11285.7	32
11285.9	27
11286.2	1
11286.5	46
11286.7	34
11287	26
11287.3	15
11287.5	32
11287.8	35
11288.1	21
11288.3	27
11288.6	45
11288.9	34
11289.1	41
11289.4	28
11289.7	19
11289.9	22
11290.2	25
11290.5	30
11290.7	44
11291	27
11291.3	37
11291.5	40
11291.8	33
11292.1	18
11292.3	41
11292.6	30
11292.9	44
11293.1	14
11293.4	45
11293.7	30
11293.9	17
11294.2	32
11294.5	45
11294.7	36
11295	41
11295.3	34
11295.5	34
11295.8	44
11296.1	26
11296.3	34
11296.6	37
11296.9	41
11297.1	60
11297.4	23
11297.6	37
11297.9	32
11298.2	22
11298.4	48
11298.7	37
11299	-4
11299.2	28
11299.5	21
11299.8	28
11300	30
11300.3	28
11300.6	30
11300.8	42
11301.1	32
11301.4	45
11301.6	42
11301.9	19
11302.2	43
11302.4	18
11302.7	36
11303	61
11303.2	21
11303.5	43
11303.8	31
11304	46
11304.3	50
11304.6	54
11304.8	33
11305.1	43
11305.3	23
11305.6	51
11305.9	17
11306.1	18
11306.4	29
11306.7	43
11306.9	43
11307.2	60
11307.5	23
11307.7	24
11308	17
11308.3	35
11308.5	36
11308.8	21
11309.1	36
11309.3	36
11309.6	45
11309.9	20
11310.1	58
11310.4	38
11310.6	28
11310.9	42
11311.2	42
11311.4	37
11311.7	21
11312	22
11312.2	29
11312.5	41
11312.8	50
11313	42
11313.3	27
11313.6	44
11313.8	42
11314.1	39
11314.3	35
11314.6	31
11314.9	32
11315.1	39
11315.4	51
11315.7	51
11315.9	33
11316.2	40
11316.5	43
11316.7	19
11317	51
11317.3	62
11317.5	36
11317.8	19
11318	35
11318.3	19
11318.6	55
11318.8	48
11319.1	33
11319.4	53
11319.6	47
11319.9	47
11320.2	48
11320.4	26
11320.7	24
11320.9	35
11321.2	39
11321.5	56
11321.7	13
11322	32
11322.3	27
11322.5	41
11322.8	48
11323.1	38
11323.3	48
11323.6	35
11323.8	26
11324.1	32
11324.4	27
11324.6	40
11324.9	45
11325.2	49
11325.4	36
11325.7	45
11326	38
11326.2	50
11326.5	20
11326.7	36
11327	34
11327.3	43
11327.5	45
11327.8	52
11328.1	44
11328.3	47
11328.6	31
11328.8	50
11329.1	34
11329.4	28
11329.6	27
11329.9	43
11330.2	43
11330.4	57
11330.7	54
11331	29
11331.2	43
11331.5	47
11331.7	36
11332	41
11332.3	14
11332.5	33
11332.8	39
11333.1	40
11333.3	46
11333.6	41
11333.8	16
11334.1	37
11334.4	32
11334.6	41
11334.9	38
11335.2	12
11335.4	38
11335.7	34
11335.9	48
11336.2	49
11336.5	38
11336.7	45
11337	45
11337.3	50
11337.5	34
11337.8	25
11338	26
11338.3	46
11338.6	49
11338.8	49
11339.1	56
11339.4	41
11339.6	39
11339.9	40
11340.1	26
11340.4	42
11340.7	44
11340.9	47
11341.2	64
11341.4	47
11341.7	35
11342	36
11342.2	51
11342.5	62
11342.8	51
11343	35
11343.3	44
11343.5	47
11343.8	43
11344.1	43
11344.3	43
11344.6	52
11344.8	45
11345.1	31
11345.4	57
11345.6	55
11345.9	40
11346.2	46
11346.4	19
11346.7	58
11346.9	53
11347.2	44
11347.5	51
11347.7	43
11348	23
11348.2	42
11348.5	40
11348.8	51
11349	57
11349.3	27
11349.6	31
11349.8	44
11350.1	51
11350.3	68
11350.6	41
11350.9	47
11351.1	46
11351.4	57
11351.6	56
11351.9	32
11352.2	47
11352.4	77
11352.7	28
11352.9	52
11353.2	50
11353.5	41
11353.7	32
11354	34
11354.3	32
11354.5	47
11354.8	20
11355	32
11355.3	51
11355.6	46
11355.8	59
11356.1	52
11356.3	42
11356.6	31
11356.9	61
11357.1	31
11357.4	24
11357.6	29
11357.9	41
11358.2	34
11358.4	35
11358.7	32
11358.9	12
11359.2	34
11359.5	19
11359.7	55
11360	46
11360.2	44
11360.5	49
11360.8	47
11361	35
11361.3	33
11361.5	52
11361.8	40
11362.1	47
11362.3	43
11362.6	38
11362.8	58
11363.1	40
11363.4	43
11363.6	37
11363.9	29
11364.1	41
11364.4	62
11364.7	37
11364.9	34
11365.2	44
11365.4	52
11365.7	51
11366	44
11366.2	45
11366.5	2
11366.7	32
11367	63
11367.3	40
11367.5	32
11367.8	37
11368	20
11368.3	45
11368.6	34
11368.8	32
11369.1	34
11369.3	12
11369.6	30
11369.9	41
11370.1	32
11370.4	39
11370.6	44
11370.9	29
11371.2	38
11371.4	46
11371.7	55
11371.9	46
11372.2	38
11372.5	31
11372.7	49
11373	29
11373.2	55
11373.5	45
11373.7	51
11374	30
11374.3	28
11374.5	31
11374.8	40
11375	41
11375.3	45
11375.6	48
11375.8	39
11376.1	30
11376.3	22
11376.6	50
11376.9	54
11377.1	33
11377.4	61
11377.6	47
11377.9	39
11378.1	47
11378.4	56
11378.7	28
11378.9	47
11379.2	27
11379.4	37
11379.7	50
11380	54
11380.2	59
11380.5	33
11380.7	22
11381	57
11381.2	43
11381.5	37
11381.8	36
11382	29
11382.3	50
11382.5	51
11382.8	40
11383.1	44
11383.3	42
11383.6	41
11383.8	37
11384.1	44
11384.3	52
11384.6	31
11384.9	44
11385.1	42
11385.4	46
11385.6	42
11385.9	41
11386.2	28
11386.4	31
11386.7	37
11386.9	29
11387.2	60
11387.4	42
11387.7	41
11388	52
11388.2	44
11388.5	46
11388.7	53
11389	18
11389.2	26
11389.5	26
11389.8	45
11390	50
11390.3	25
11390.5	59
11390.8	33
11391.1	58
11391.3	53
11391.6	72
11391.8	37
11392.1	46
11392.3	23
11392.6	50
11392.9	72
11393.1	52
11393.4	27
11393.6	47
11393.9	41
11394.1	36
11394.4	30
11394.7	49
11394.9	23
11395.2	32
11395.4	52
11395.7	55
11395.9	40
11396.2	29
11396.5	56
11396.7	52
11397	49
11397.2	42
11397.5	36
11397.7	44
11398	48
11398.3	44
11398.5	53
11398.8	36
11399	34
11399.3	36
11399.5	34
11399.8	40
11400.1	38
11400.3	35
11400.6	40
11400.8	29
11401.1	62
11401.3	39
11401.6	51
11401.8	18
11402.1	40
11402.4	39
11402.6	35
11402.9	41
11403.1	31
11403.4	34
11403.6	53
11403.9	35
11404.2	42
11404.4	35
11404.7	29
11404.9	34
11405.2	49
11405.4	33
11405.7	45
11406	46
11406.2	19
11406.5	44
11406.7	54
11407	40
11407.2	57
11407.5	39
11407.7	48
11408	59
11408.3	34
11408.5	38
11408.8	43
11409	34
11409.3	39
11409.5	55
11409.8	67
11410	41
11410.3	41
11410.6	31
11410.8	45
11411.1	55
11411.3	44
11411.6	48
11411.8	53
11412.1	38
11412.3	35
11412.6	32
11412.9	46
11413.1	18
11413.4	47
11413.6	41
11413.9	38
11414.1	33
11414.4	43
11414.6	43
11414.9	22
11415.2	51
11415.4	34
11415.7	41
11415.9	37
11416.2	39
11416.4	31
11416.7	33
11416.9	40
11417.2	38
11417.5	45
11417.7	49
11418	32
11418.2	42
11418.5	35
11418.7	26
11419	32
11419.2	60
11419.5	51
11419.8	37
11420	25
11420.3	58
11420.5	40
11420.8	35
11421	38
11421.3	32
11421.5	41
11421.8	46
11422	37
11422.3	71
11422.6	32
11422.8	34
11423.1	47
11423.3	30
11423.6	49
11423.8	48
11424.1	25
11424.3	37
11424.6	29
11424.8	36
11425.1	58
11425.4	42
11425.6	34
11425.9	50
11426.1	50
11426.4	29
11426.6	55
11426.9	39
11427.1	37
11427.4	51
11427.6	54
11427.9	45
11428.2	41
11428.4	20
11428.7	39
11428.9	41
11429.2	56
11429.4	36
11429.7	28
11429.9	55
11430.2	34
11430.4	46
11430.7	40
11431	32
11431.2	21
11431.5	55
11431.7	35
11432	56
11432.2	30
11432.5	42
11432.7	19
11433	43
11433.2	38
11433.5	63
11433.7	33
11434	41
11434.3	25
11434.5	35
11434.8	35
11435	32
11435.3	42
11435.5	56
11435.8	49
11436	45
11436.3	52
11436.5	45
11436.8	28
11437	48
11437.3	40
11437.5	30
11437.8	38
11438.1	58
11438.3	32
11438.6	26
11438.8	51
11439.1	31
11439.3	45
11439.6	20
11439.8	33
11440.1	29
11440.3	29
11440.6	14
11440.8	46
11441.1	40
11441.3	30
11441.6	44
11441.9	55
11442.1	51
11442.4	18
11442.6	35
11442.9	50
11443.1	53
11443.4	29
11443.6	41
11443.9	25
11444.1	47
11444.4	38
11444.6	40
11444.9	12
11445.1	28
11445.4	29
11445.6	31
11445.9	46
11446.2	68
11446.4	40
11446.7	38
11446.9	39
11447.2	33
11447.4	36
11447.7	46
11447.9	61
11448.2	43
11448.4	58
11448.7	40
11448.9	29
11449.2	32
11449.4	27
11449.7	49
11449.9	16
11450.2	46
11450.4	24
11450.7	25
11450.9	42
11451.2	40
11451.5	37
11451.7	46
11452	20
11452.2	35
11452.5	48
11452.7	58
11453	21
11453.2	30
11453.5	43
11453.7	56
11454	51
11454.2	42
11454.5	41
11454.7	5
11455	36
11455.2	19
11455.5	47
11455.7	26
11456	42
11456.2	38
11456.5	19
11456.7	23
11457	55
11457.2	43
11457.5	27
11457.7	33
11458	41
11458.3	53
11458.5	49
11458.8	9
11459	34
11459.3	58
11459.5	46
11459.8	46
11460	46
11460.3	25
11460.5	37
11460.8	41
11461	29
11461.3	53
11461.5	42
11461.8	42
11462	42
11462.3	38
11462.5	66
11462.8	31
11463	31
11463.3	41
11463.5	49
11463.8	45
11464	31
11464.3	51
11464.5	44
11464.8	64
11465	56
11465.3	47
11465.5	39
11465.8	44
11466	56
11466.3	36
11466.5	51
11466.8	51
11467	28
11467.3	44
11467.5	40
11467.8	43
11468	47
11468.3	22
11468.5	30
11468.8	36
11469.1	49
11469.3	45
11469.6	33
11469.8	41
11470.1	38
11470.3	48
11470.6	40
11470.8	56
11471.1	44
11471.3	23
11471.6	28
11471.8	32
11472.1	52
11472.3	36
11472.6	47
11472.8	20
11473.1	28
11473.3	44
11473.6	56
11473.8	49
11474.1	34
11474.3	32
11474.6	40
11474.8	52
11475.1	18
11475.3	67
11475.6	32
11475.8	38
11476.1	26
11476.3	41
11476.6	47
11476.8	36
11477.1	27
11477.3	31
11477.6	52
11477.8	39
11478.1	36
11478.3	27
11478.6	39
11478.8	60
11479.1	39
11479.3	50
11479.6	41
11479.8	23
11480.1	42
11480.3	37
11480.6	37
11480.8	24
11481.1	47
11481.3	47
11481.6	34
11481.8	46
11482.1	38
11482.3	37
11482.6	37
11482.8	39
11483.1	31
11483.3	35
11483.6	16
11483.8	32
11484	59
11484.3	43
11484.5	35
11484.8	50
11485	26
11485.3	47
11485.5	39
11485.8	51
11486	45
11486.3	33
11486.5	49
11486.8	53
11487	37
11487.3	30
11487.5	22
11487.8	40
11488	28
11488.3	38
11488.5	37
11488.8	29
11489	16
11489.3	52
11489.5	51
11489.8	32
11490	52
11490.3	30
11490.5	34
11490.8	47
11491	38
11491.3	38
11491.5	57
11491.8	29
11492	45
11492.3	47
11492.5	43
11492.8	40
11493	36
11493.3	41.966
11493.5	36.7759
11493.8	46.366
11494	41.8197
11494.3	22.4153
11494.5	35.9486
11494.7	48.1225
11495	39.7148
11495.2	25.5034
11495.5	43.8083
11495.7	29.0688
11496	20.289
11496.2	45.8099
11496.5	45.4605
11496.7	33.8822
11497	30.9228
11497.2	31.4623
11497.5	49.2208
11497.7	35.8851
11498	40.6319
11498.2	27.9552
11498.5	35.0342
11498.7	39.8806
11499	28.3923
11499.2	27.5132
11499.5	24.6253
11499.7	42.8437
11500	36.789
11500.2	39.337
11500.5	35.5966
11500.7	30.2424
11501	17.7789
11501.2	38.4697
11501.4	30.3549
11501.7	24.3636
11501.9	30.6228
11502.2	42.1959
11502.4	24.5976
11502.7	41.5072
11502.9	33.8381
11503.2	31.2771
11503.4	48.3437
11503.7	31.4747
11503.9	34.6805
11504.2	39.3307
11504.4	29.0236
11504.7	39.9467
11504.9	43.3359
11505.2	34.8274
11505.4	35.5657
11505.7	40.7718
11505.9	37.5
11506.2	37.4148
11506.4	30.0703
11506.6	25.3605
11506.9	29.8874
11507.1	32.3719
11507.4	29.9098
11507.6	26.5395
11507.9	28.6708
11508.1	45.5842
11508.4	46.6621
11508.6	41.5741
11508.9	36.5691
11509.1	18.701
11509.4	31.7463
11509.6	37.0023
11509.9	24.7997
11510.1	22.3007
11510.4	20.6333
11510.6	20.3642
11510.8	24.5293
11511.1	32.5583
11511.3	43.4301
11511.6	29.7938
11511.8	32.2329
11512.1	41.1831
11512.3	32.8208
11512.6	38.3454
11512.8	20.8353
11513.1	38.4601
11513.3	28.8845
11513.6	42.6387
11513.8	29.6181
11514.1	40.9119
11514.3	33.671
11514.5	27.4819
11514.8	23.004
11515	27.5829
11515.3	31.4268
11515.5	23.5197
11515.8	5.69865
11516	32.9282
11516.3	34.183
11516.5	36
11516.8	40.9456
11517	27.8398
11517.3	30.0055
11517.5	30.4806
11517.8	21.1194
11518	40.3667
11518.2	37.279
11518.5	11.5431
11518.5	5
11518.8	29
11519	19
11519.3	18
11519.5	31
11519.8	30
11520	36
11520.3	37
11520.5	31
11520.8	43
11521	13
11521.3	24
11521.5	22
11521.8	31
11522	37
11522.3	36
11522.5	28
11522.8	33
11523	27
11523.3	38
11523.5	56
11523.8	26
11524	20
11524.3	31
11524.5	15
11524.8	32
11525	33
11525.2	26
11525.5	37
11525.7	49
11526	46
11526.2	48
11526.5	27
11526.7	20
11527	26
11527.2	57
11527.5	46
11527.7	25
11528	36
11528.2	47
11528.5	24
11528.7	45
11529	38
11529.2	46
11529.5	37
11529.7	32
11530	42
11530.2	31
11530.5	25
11530.7	50
11530.9	30
11531.2	39
11531.4	31
11531.7	54
11531.9	33
11532.2	5
11532.4	25
11532.7	41
11532.9	25
11533.2	32
11533.4	50
11533.7	26
11533.9	42
11534.2	66
11534.4	42
11534.7	41
11534.9	39
11535.2	29
11535.4	59
11535.6	33
11535.9	34
11536.1	39
11536.4	46
11536.6	29
11536.9	50
11537.1	39
11537.4	53
11537.6	25
11537.9	32
11538.1	47
11538.4	15
11538.6	42
11538.9	28
11539.1	28
11539.3	49
11539.6	31
11539.8	39
11540.1	28
11540.3	26
11540.6	60
11540.8	57
11541.1	33
11541.3	12
11541.6	39
11541.8	28
11542.1	32
11542.3	26
11542.6	38
11542.8	51
11543	52
11543.3	24
11543.5	37
11543.8	45
11544	41
11544.3	36
11544.5	44
11544.8	56
11545	36
11545.3	32
11545.5	50
11545.8	54
11546	44
11546.3	30
11546.5	44
11546.7	39
11547	33
11547.2	30
11547.5	43
11547.7	50
11548	49
11548.2	36
11548.5	29
11548.7	45
11549	25
11549.2	58
11549.4	38
11549.7	30
11549.9	38
11550.2	30
11550.4	43
11550.7	47
11550.9	41
11551.2	41
11551.4	43
11551.7	51
11551.9	29
11552.2	36
11552.4	24
11552.6	53
11552.9	43
11553.1	32
11553.4	24
11553.6	36
11553.9	44
11554.1	27
11554.4	46
11554.6	36
11554.9	24
11555.1	40
11555.3	51
11555.6	43
11555.8	38
11556.1	42
11556.3	28
11556.6	45
11556.8	39
11557.1	49
11557.3	55
11557.6	24
11557.8	32
11558	43
11558.3	32
11558.5	31
11558.8	46
11559	32
11559.3	35
11559.5	36
11559.8	33
11560	59
11560.2	52
11560.5	25
11560.7	56
11561	56
11561.2	53
11561.5	46
11561.7	44
11562	20
11562.2	58
11562.5	70
11562.7	53
11562.9	28
11563.2	30
11563.4	19
11563.7	43
11563.9	40
11564.2	34
11564.4	55
11564.7	39
11564.9	49
11565.1	58
11565.4	43
11565.6	35
11565.9	43
11566.1	36
11566.4	35
11566.6	51
11566.9	33
11567.1	39
11567.3	50
11567.6	35
11567.8	45
11568.1	30
11568.3	41
11568.6	39
11568.8	45
11569.1	16
11569.3	45
11569.5	22
11569.8	31
11570	52
11570.3	48
11570.5	30
11570.8	39
11571	57
11571.3	62
11571.5	48
11571.7	31
11572	55
11572.2	42
11572.5	31
11572.7	26
11573	65
11573.2	37
11573.4	47
11573.7	57
11573.9	33
11574.2	24
11574.4	38
11574.7	49
11574.9	36
11575.2	24
11575.4	50
11575.6	45
11575.9	42
11576.1	40
11576.4	25.5
11576.6	11
11576.9	52
11577.1	57
11577.3	46
11577.6	57
11577.8	19
11578.1	46
11578.3	52
11578.6	29
11578.8	46
11579	35
11579.3	55
11579.5	48
11579.8	48
11580	51
11580.3	51
11580.5	25
11580.8	44
11581	42
11581.2	49
11581.5	45
11581.7	40
11582	30
11582.2	43
11582.5	36
11582.7	42
11582.9	26
11583.2	37
11583.4	47
11583.7	38
11583.9	33
11584.2	43
11584.4	56
11584.6	45
11584.9	41
11585.1	44
11585.4	31
11585.6	28
11585.9	22
11586.1	52
11586.3	54
11586.6	39
11586.8	58
11587.1	25
11587.3	44
11587.6	45
11587.8	55
11588	55
11588.3	42
11588.5	22
11588.8	50
11589	35
11589.3	39
11589.5	35
11589.7	53
11590	47
11590.2	45
11590.5	43
11590.7	49
11590.9	34
11591.2	33
11591.4	52
11591.7	41
11591.9	58
11592.2	25
11592.4	28
11592.6	56
11592.9	52
11593.1	57
11593.4	52
11593.6	40
11593.9	50
11594.1	50
11594.3	46
11594.6	50
11594.8	30
11595.1	41
11595.3	51
11595.5	41
11595.8	53
11596	49
11596.3	44
11596.5	61
11596.8	54
11597	40
11597.2	52
11597.5	42
11597.7	30
11598	41
11598.2	38
11598.5	50
11598.7	51
11598.9	59
11599.2	44
11599.4	57
11599.7	45
11599.9	59
11600.1	43
11600.4	32
11600.6	38
11600.9	44
11601.1	39
11601.3	33
11601.6	42
11601.8	39
11602.1	36
11602.3	51
11602.6	42
11602.8	43
11603	45
11603.3	42
11603.5	23
11603.8	47
11604	49
11604.2	50
11604.5	45
11604.7	61
11605	49
11605.2	32
11605.5	57
11605.7	38
11605.9	54
11606.2	44
11606.4	32
11606.7	36
11606.9	37
11607.1	51
11607.4	46
11607.6	46
11607.9	58
11608.1	40
11608.3	33
11608.6	35
11608.8	39
11609.1	41
11609.3	36
11609.5	62
11609.8	37
11610	51
11610.3	48
11610.5	34
11610.7	35
11611	28
11611.2	53
11611.5	50
11611.7	53
11612	41
11612.2	34
11612.4	40
11612.7	37
11612.9	60
11613.2	34
11613.4	29
11613.6	28
11613.9	46
11614.1	44
11614.4	51
11614.6	56
11614.8	58
11615.1	47
11615.3	52
11615.6	49
11615.8	44
11616	31
11616.3	19
11616.5	64
11616.8	34
11617	62
11617.2	35
11617.5	63
11617.7	54
11618	39
11618.2	45
11618.4	49
11618.7	47
11618.9	47
11619.2	43
11619.4	58
11619.6	56
11619.9	45
11620.1	53
11620.4	51
11620.6	31
11620.8	36
11621.1	36
11621.3	40
11621.6	61
11621.8	35
11622	54
11622.3	58
11622.5	32
11622.8	34
11623	55
11623.2	55
11623.5	37
11623.7	28
11624	43
11624.2	61
11624.4	53
11624.7	38
11624.9	48
11625.1	57
11625.4	24
11625.6	64
11625.9	37
11626.1	46
11626.3	40
11626.6	12
11626.8	34
11627.1	52
11627.3	45
11627.5	56
11627.8	36
11628	43
11628.3	54
11628.5	32
11628.7	40
11629	48
11629.2	47
11629.5	51
11629.7	42
11629.9	38
11630.2	62
11630.4	27
11630.6	33
11630.9	31
11631.1	47
11631.4	45
11631.6	47
11631.8	42
11632.1	43
11632.3	43
11632.6	38
11632.8	61
11633	43
11633.3	45
11633.5	41
11633.8	31
11634	12
11634.2	65
11634.5	44
11634.7	52
11634.9	37
11635.2	42
11635.4	50
11635.7	30
11635.9	52
11636.1	54
11636.4	35
11636.6	31
11636.9	47
11637.1	50
11637.3	41
11637.6	23
11637.8	51
11638	53
11638.3	39
11638.5	32
11638.8	55
11639	51
11639.2	50
11639.5	31
11639.7	32
11640	39
11640.2	43
11640.4	41
11640.7	57
11640.9	40
11641.1	61
11641.4	51
11641.6	58
11641.9	48
11642.1	30
11642.3	22
11642.6	33
11642.8	43
11643	54
11643.3	35
11643.5	51
11643.8	48
11644	57
11644.2	63
11644.5	49
11644.7	55
11644.9	40
11645.2	46
11645.4	67
11645.7	38
11645.9	49
11646.1	40
11646.4	35
11646.6	53
11646.8	45
11647.1	38
11647.3	50
11647.6	23
11647.8	62
11648	58
11648.3	59
11648.5	49
11648.7	43
11649	45
11649.2	45
11649.5	47
11649.7	66
11649.9	45
11650.2	28
11650.4	48
11650.6	31
11650.9	57
11651.1	24
11651.4	36
11651.6	38
11651.8	55
11652.1	54
11652.3	50
11652.5	48
11652.8	17
11653	51
11653.3	47
11653.5	47
11653.7	40
11654	38
11654.2	61
11654.4	55
11654.7	39
11654.9	44
11655.1	47
11655.4	44
11655.6	49
11655.9	45
11656.1	54
11656.3	43
11656.6	76
11656.8	40
11657	48
11657.3	49
11657.5	51
11657.7	44
11658	36
11658.2	54
11658.5	52
11658.7	37
11658.9	40
11659.2	42
11659.4	37
11659.6	60
11659.9	46
11660.1	50
11660.4	39
11660.6	16
11660.8	54
11661.1	53
11661.3	53
11661.5	13
11661.8	38
11662	41
11662.2	60
11662.5	62
11662.7	44
11662.9	35
11663.2	42
11663.4	50
11663.7	59
11663.9	42
11664.1	37
11664.4	57
11664.6	35
11664.8	51
11665.1	59
11665.3	28
11665.5	36
11665.8	45
11666	59
11666.3	29
11666.5	62
11666.7	44
11667	24
11667.2	43
11667.4	50
11667.7	43
11667.9	34
11668.1	40
11668.4	15
11668.6	37
11668.8	35
11669.1	43
11669.3	52
11669.6	49
11669.8	34
11670	45
11670.3	37
11670.5	48
11670.7	40
11671	45
11671.2	56
11671.4	46
11671.7	32
11671.9	32
11672.1	34
11672.4	54
11672.6	57
11672.8	44
11673.1	42
11673.3	33
11673.6	59
11673.8	60
11674	32
11674.3	39
11674.5	38
11674.7	29
11675	42
11675.2	34
11675.4	43
11675.7	33
11675.9	46
11676.1	39
11676.4	39
11676.6	37
11676.8	30
11677.1	31
11677.3	43
11677.5	45
11677.8	38
11678	49
11678.3	19
11678.5	43
11678.7	52
11679	49
11679.2	66
11679.4	47
11679.7	33
11679.9	38
11680.1	46
11680.4	23
11680.6	21
11680.8	52
11681.1	63
11681.3	59
11681.5	41
11681.8	48
11682	46
11682.2	23
11682.5	37
11682.7	60
11682.9	54
11683.2	53
11683.4	49
11683.6	30
11683.9	38
11684.1	41
11684.4	42
11684.6	36
11684.8	31
11685.1	31
11685.3	42
11685.5	37
11685.8	36
11686	25
11686.2	59
11686.5	33
11686.7	42
11686.9	36
11687.2	46
11687.4	45
11687.6	30
11687.9	49
11688.1	58
11688.3	35
11688.6	62
11688.8	47
11689	40
11689.3	47
11689.5	39
11689.7	41
11690	45
11690.2	46
11690.4	49
11690.7	49
11690.9	40
11691.1	40
11691.4	49
11691.6	34
11691.8	52
11692.1	24
11692.3	28
11692.5	36
11692.8	25
11693	52
11693.2	44
11693.5	38
11693.7	40
11693.9	38
11694.2	48
11694.4	50
11694.6	47
11694.9	54
11695.1	37
11695.3	42
11695.6	35
11695.8	55
11696	69
11696.3	26
11696.5	27
11696.7	45
11697	59
11697.2	54
11697.4	61
11697.7	39
11697.9	42
11698.1	67
11698.4	67
11698.6	68
11698.8	39
11699.1	37
11699.3	45
11699.5	45
11699.8	50
11700	13
11700.2	48
11700.5	50
11700.7	58
11700.9	33
11701.2	60
11701.4	22
11701.6	15
11701.9	35
11702.1	50
11702.3	62
11702.6	47
11702.8	35
11703	39
11703.3	41
11703.5	63
11703.7	57
11704	39
11704.2	29
11704.4	34
11704.7	45
11704.9	40
11705.1	27
11705.4	46
11705.6	47
11705.8	60
11706.1	42
11706.3	29
11706.5	27
11706.7	29
11707	36
11707.2	47
11707.4	30
11707.7	43
11707.9	50
11708.1	34
11708.4	53
11708.6	35
11708.8	41
11709.1	25
11709.3	37
11709.5	48
11709.8	33
11710	46
11710.2	38
11710.5	40
11710.7	36
11710.9	48
11711.2	59
11711.4	65
11711.6	28
11711.9	32
11712.1	38
11712.3	39
11712.5	48
11712.8	56
11713	58
11713.2	27
11713.5	61
11713.7	42
11713.9	48
11714.2	43
11714.4	33
11714.6	50
11714.9	47
11715.1	32
11715.3	44.9548
11715.6	37.98
11715.8	28.7985
11716	28.8301
11716.3	50.9591
11716.5	37.7811
11716.7	38.3185
11717	35.3165
11717.2	42.1082
11717.4	43.0777
11717.6	56.5321
11717.9	40.2677
11718.1	29.5466
11718.3	33.7749
11718.6	40.9581
11718.8	35.3587
11719	60.753
11719.3	46.6551
11719.5	54.9803
11719.7	40.4118
11720	47
11720.2	42.7734
11720.4	37.0854
11720.7	37.0911
11720.9	49.4524
11721.1	30.5049
11721.3	34.9417
11721.6	37.6062
11721.8	39.5091
11722	27.0396
11722.3	37.376
11722.5	49.1058
11722.7	30.031
11723	41.2804
11723.2	29.1508
11723.4	33.6738
11723.7	31.1153
11723.9	28.9914
11724.1	32.6892
11724.3	39.4348
11724.6	44.7035
11724.8	40.463
11725	39.1533
11725.3	42.7196
11725.5	29.3672
11725.7	43.2479
11726	30.9882
11726.2	42.1686
11726.4	38.2862
11726.7	31.7998
11726.9	47.0154
11727.1	39.5
11727.3	39.6994
11727.6	20.3257
11727.8	38.6521
11728	41.9656
11728.3	36.6879
11728.5	27.7758
11728.7	29.739
11729	35.8553
11729.2	34.6348
11729.4	30.6598
11729.7	35.7662
11729.9	33.1951
11730.1	32.0237
11730.3	35.6292
11730.6	38.0322
11730.8	32.8868
11731	38.6323
11731.3	45.6225
11731.5	45.5067
11731.7	37.0697
11732	32.2201
11732.2	38.229
11732.4	35.6241
11732.6	24.7038
11732.9	30.4438
11733.1	38.9427
11733.3	17.3455
11733.6	33.5157
11733.8	37.0507
11734	39.4373
11734.3	35.3391
11734.5	36.0086
11734.7	31.2343
11734.9	33.3346
11735.2	32.1706
11735.4	30.7156
11735.6	38.5063
11735.9	38.6433
11736.1	29.6885
11736.3	32.1749
11736.6	31.6144
11736.8	35.0591
11737	41.0684
11737.2	39.1432
11737.5	31.7783
11737.7	18.178
11737.9	21.9936
11738.2	34.7947
11738.4	32.5426
11738.6	29.1892
11738.8	33.1664
11739	15
11739.2	24
11739.5	33
11739.7	41
11739.9	48
11740.1	23
11740.4	24
11740.6	38
11740.8	22
11741.1	30
11741.3	41
11741.5	26
11741.8	37
11742	25
11742.2	37
11742.5	28
11742.7	45
11742.9	14
11743.2	26
11743.4	42
11743.6	34
11743.9	70
11744.1	31
11744.3	13
11744.5	47
11744.8	49
11745	47
11745.2	29
11745.5	30
11745.7	29
11745.9	46
11746.2	37
11746.4	40
11746.6	47
11746.9	48
11747.1	47
11747.3	32
11747.6	46
11747.8	51
11748	40
11748.2	33
11748.5	44
11748.7	55
11748.9	31
11749.2	42
11749.4	56
11749.6	34
11749.9	53
11750.1	57
11750.3	37
11750.6	48
11750.8	33
11751	44
11751.2	52
11751.5	42
11751.7	22
11751.9	50
11752.2	44
11752.4	48
11752.6	49
11752.9	47
11753.1	43
11753.3	60
11753.6	32
11753.8	52
11754	37
11754.2	45
11754.5	52
11754.7	54
11754.9	44
11755.2	58
11755.4	48
11755.6	58
11755.9	43
11756.1	26
11756.3	71
11756.5	44
11756.8	33
11757	33
11757.2	53
11757.5	57
11757.7	52
11757.9	52
11758.2	40
11758.4	38
11758.6	44
11758.8	44
11759.1	62
11759.3	38
11759.5	35
11759.8	36
11760	58
11760.2	41
11760.5	53
11760.7	49
11760.9	42
11761.2	53
11761.4	70
11761.6	56
11761.8	28
11762.1	33
11762.3	50
11762.5	47
11762.8	50
11763	42
11763.2	42
11763.4	41
11763.7	39
11763.9	39
11764.1	47
11764.4	41
11764.6	56
11764.8	45
11765.1	55
11765.3	45
11765.5	58
11765.7	36
11766	56
11766.2	67
11766.4	60
11766.7	57
11766.9	30
11767.1	40
11767.3	65
11767.6	44
11767.8	36
11768	39
11768.3	42
11768.5	28
11768.7	42
11769	58
11769.2	49
11769.4	57
11769.6	56
11769.9	37
11770.1	49
11770.3	58
11770.6	56
11770.8	44
11771	58
11771.2	50
11771.5	63
11771.7	54
11771.9	18
11772.2	43
11772.4	51
11772.6	45
11772.8	31
11773.1	57
11773.3	41
11773.5	43
11773.8	46
11774	67
11774.2	50
11774.5	44
11774.7	57
11774.9	43
11775.1	31
11775.4	41
11775.6	38
11775.8	42
11776.1	51
11776.3	49
11776.5	48
11776.7	55
11777	55
11777.2	43
11777.4	42
11777.7	44
11777.9	51
11778.1	21
11778.3	35
11778.6	55
11778.8	36
11779	41
11779.3	42
11779.5	73
11779.7	69
11779.9	54
11780.2	72
11780.4	51
11780.6	18
11780.8	50
11781.1	37
11781.3	52
11781.5	37
11781.8	51
11782	65
11782.2	56
11782.4	38
11782.7	52
11782.9	51
11783.1	52
11783.4	52
11783.6	59
11783.8	46
11784	41
11784.3	54
11784.5	50
11784.7	59
11785	55
11785.2	62
11785.4	45
11785.6	27
11785.9	37
11786.1	45
11786.3	25
11786.5	52
11786.8	49
11787	54
11787.2	50
11787.5	58
11787.7	58
11787.9	44
11788.1	37
11788.4	55
11788.6	71
11788.8	61
11789.1	42
11789.3	42
11789.5	31
11789.7	49
11790	66
11790.2	47
11790.4	53
11790.6	59
11790.9	60
11791.1	51
11791.3	69
11791.6	46
11791.8	55
11792	60
11792.2	41
11792.5	56
11792.7	48.5
11792.9	41
11793.1	40
11793.4	54
11793.6	72
11793.8	71
11794.1	54
11794.3	62
11794.5	53
11794.7	44
11795	39
11795.2	51
11795.4	75
11795.6	62
11795.9	32
11796.1	45
11796.3	45
11796.6	29
11796.8	55
11797	38
11797.2	64
11797.5	40
11797.7	52
11797.9	47
11798.1	39
11798.4	58
11798.6	38
11798.8	56
11799	59
11799.3	29
11799.5	53
11799.7	49
11800	46
11800.2	57
11800.4	64
11800.6	62
11800.9	56
11801.1	41
11801.3	48
11801.5	62
11801.8	29
11802	52
11802.2	46
11802.4	36
11802.7	61
11802.9	44
11803.1	52
11803.4	65
11803.6	30
11803.8	60
11804	50
11804.3	28
11804.5	42
11804.7	65
11804.9	60
11805.2	55
11805.4	50
11805.6	43
11805.8	66
11806.1	54
11806.3	53
11806.5	57
11806.7	27
11807	43
11807.2	31
11807.4	54
11807.6	54
11807.9	45
11808.1	59
11808.3	43
11808.6	49
11808.8	67
11809	40
11809.2	57
11809.5	61
11809.7	52
11809.9	51
11810.1	46
11810.4	60
11810.6	44
11810.8	42
11811	51
11811.3	49
11811.5	40
11811.7	26
11811.9	57
11812.2	49
11812.4	58
11812.6	46
11812.8	61
11813.1	58
11813.3	58
11813.5	67
11813.7	51
11814	44
11814.2	55
11814.4	57
11814.6	63
11814.9	37
11815.1	56
11815.3	43
11815.5	60
11815.8	51
11816	44
11816.2	54
11816.4	53
11816.7	54
11816.9	51
11817.1	42
11817.3	31
11817.6	36
11817.8	55
11818	39
11818.3	67
11818.5	65
11818.7	46
11818.9	61
11819.1	47
11819.4	57
11819.6	40
11819.8	57
11820	50
11820.3	67
11820.5	54
11820.7	56
11820.9	56
11821.2	37
11821.4	61
11821.6	53
11821.8	58
11822.1	64
11822.3	42
11822.5	52
11822.7	58
11823	43
11823.2	60
11823.4	53
11823.6	54
11823.9	49
11824.1	41
11824.3	60
11824.5	50
11824.8	61
11825	52
11825.2	52
11825.4	48
11825.7	45
11825.9	48
11826.1	40
11826.3	50
11826.6	58
11826.8	64
11827	34
11827.2	28
11827.5	65
11827.7	29
11827.9	42
11828.1	47
11828.4	60
11828.6	54
11828.8	58
11829	59
11829.3	49
11829.5	52
11829.7	63
11829.9	55
11830.2	41
11830.4	46
11830.6	54
11830.8	63
11831	39
11831.3	68
11831.5	41
11831.7	59
11831.9	55
11832.2	57
11832.4	50
11832.6	52
11832.8	53
11833.1	41
11833.3	46
11833.5	63
11833.7	58
11834	40
11834.2	40
11834.4	69
11834.6	51
11834.9	61
11835.1	50
11835.3	54
11835.5	46
11835.7	57
11836	62
11836.2	69
11836.4	21
11836.6	55
11836.9	52
11837.1	55
11837.3	38
11837.5	44
11837.8	51
11838	40
11838.2	57
11838.4	65
11838.7	56
11838.9	37
11839.1	44
11839.3	40
11839.5	56
11839.8	74
11840	48
11840.2	62
11840.4	48
11840.7	56
11840.9	51
11841.1	52
11841.3	47
11841.6	62
11841.8	50
11842	73
11842.2	46
11842.4	31
11842.7	71
11842.9	45
11843.1	70
11843.3	49
11843.6	43
11843.8	55
11844	50
11844.2	55
11844.5	70
11844.7	57
11844.9	55
11845.1	37
11845.3	69
11845.6	59
11845.8	46
11846	43
11846.2	52
11846.5	50
11846.7	53
11846.9	41
11847.1	35
11847.4	58
11847.6	37
11847.8	64
11848	62
11848.2	41
11848.5	9
11848.7	50
11848.9	60
11849.1	59
11849.4	58
11849.6	36
11849.8	59
11850	40
11850.2	47
11850.5	63
11850.7	52
11850.9	33
11851.1	64
11851.4	55
11851.6	41
11851.8	54
11852	50
11852.2	60
11852.5	35
11852.7	64
11852.9	51
11853.1	79
11853.4	46
11853.6	71
11853.8	46
11854	49
11854.2	59
11854.5	67
11854.7	55
11854.9	53
11855.1	48
11855.4	43
11855.6	47
11855.8	37
11856	48
11856.2	48
11856.5	51
11856.7	65
11856.9	58
11857.1	54
11857.4	62
11857.6	45
11857.8	56
11858	59
11858.2	41
11858.5	47
11858.7	66
11858.9	48
11859.1	43
11859.3	42
11859.6	49
11859.8	53
11860	56
11860.2	63
11860.5	77
11860.7	42
11860.9	48
11861.1	64
11861.3	57
11861.6	50
11861.8	29
11862	42
11862.2	60
11862.4	80
11862.7	53
11862.9	46
11863.1	39
11863.3	64
11863.6	62
11863.8	50
11864	31
11864.2	55
11864.4	46
11864.7	53
11864.9	49
11865.1	49
11865.3	51
11865.5	33
11865.8	40
11866	50
11866.2	68
11866.4	45
11866.7	66
11866.9	56
11867.1	65
11867.3	34
11867.5	60
11867.8	57
11868	68
11868.2	58
11868.4	47
11868.6	54
11868.9	60
11869.1	78
11869.3	47
11869.5	45
11869.7	53
11870	40
11870.2	45
11870.4	35
11870.6	42
11870.8	58
11871.1	70
11871.3	34
11871.5	59
11871.7	47
11871.9	55
11872.2	51
11872.4	59
11872.6	47
11872.8	45
11873.1	69
11873.3	57
11873.5	53
11873.7	33
11873.9	46
11874.2	62
11874.4	58
11874.6	36
11874.8	52
11875	47
11875.3	61
11875.5	65
11875.7	48
11875.9	70
11876.1	51
11876.4	38
11876.6	50
11876.8	54
11877	47
11877.2	55
11877.5	39
11877.7	65
11877.9	49
11878.1	53
11878.3	39
11878.6	43
11878.8	40
11879	56
11879.2	36
11879.4	57
11879.7	65
11879.9	54
11880.1	58
11880.3	42
11880.5	36
11880.8	64
11881	53
11881.2	45
11881.4	51
11881.6	74
11881.9	54
11882.1	50
11882.3	58
11882.5	49
11882.7	65
11883	49
11883.2	45
11883.4	45
11883.6	42
11883.8	52
11884.1	52
11884.3	62
11884.5	46
11884.7	57
11884.9	44
11885.1	60
11885.4	61
11885.6	57
11885.8	56
11886	54
11886.2	44
11886.5	56
11886.7	56
11886.9	70
11887.1	55
11887.3	48
11887.6	60
11887.8	40
11888	47
11888.2	47
11888.4	52
11888.7	54
11888.9	66
11889.1	71
11889.3	45
11889.5	42
11889.8	45
11890	53
11890.2	75
11890.4	42
11890.6	55
11890.8	64
11891.1	66
11891.3	63
11891.5	57
11891.7	41
11891.9	44
11892.2	51
11892.4	81
11892.6	52
11892.8	64
11893	40
11893.3	39
11893.5	58
11893.7	70
11893.9	56
11894.1	44
11894.3	55
11894.6	25
11894.8	59
11895	46
11895.2	44
11895.4	61
11895.7	56
11895.9	75
11896.1	43
11896.3	58
11896.5	56
11896.8	24
11897	57
11897.2	59
11897.4	63
11897.6	52
11897.8	34
11898.1	48
11898.3	49
11898.5	53
11898.7	52
11898.9	61
11899.2	58
11899.4	42
11899.6	60
11899.8	66
11900	62
11900.2	45
11900.5	45
11900.7	68
11900.9	69
11901.1	61
11901.3	56
11901.6	40
11901.8	48
11902	72
11902.2	40
11902.4	42
11902.6	50
11902.9	56
11903.1	54
11903.3	40
11903.5	59
11903.7	51
11904	44
11904.2	69
11904.4	62
11904.6	47
11904.8	51
11905	38
11905.3	56
11905.5	53
11905.7	47
11905.9	39
11906.1	47
11906.3	46
11906.6	54
11906.8	47
11907	51
11907.2	45
11907.4	45
11907.7	51
11907.9	43
11908.1	49
11908.3	56
11908.5	54
11908.7	35
11909	65
11909.2	70
11909.4	52
11909.6	37
11909.8	59
11910	60
11910.3	49
11910.5	66
11910.7	56
11910.9	49
11911.1	42
11911.3	58
11911.6	47
11911.8	66
11912	52
11912.2	49
11912.4	55
11912.7	29
11912.9	43
11913.1	56
11913.3	58
11913.5	53
11913.7	34
11914	67
11914.2	52
11914.4	51
11914.6	46
11914.8	59
11915	51
11915.3	46
11915.5	63
11915.7	35
11915.9	67
11916.1	61
11916.3	49
11916.6	51
11916.8	37
11917	49
11917.2	66
11917.4	62
11917.6	49
11917.9	44
11918.1	52
11918.3	57
11918.5	65
11918.7	58
11918.9	50
11919.2	46
11919.4	54
11919.6	48
11919.8	51
11920	35
11920.2	39
11920.5	43
11920.7	50
11920.9	49
11921.1	69
11921.3	47
11921.5	63
11921.8	35
11922	38
11922.2	44.0304
11922.4	58.8117
11922.6	56.8823
11922.8	56.2685
11923.1	54.7212
11923.3	57.1886
11923.5	48.3523
11923.7	55.4269
11923.9	42.8072
11924.1	53.606
11924.4	47.2087
11924.6	53.0039
11924.8	56.3176
11925	33.8146
11925.2	52.6504
11925.4	38.7236
11925.6	69.6247
11925.9	52.6466
11926.1	55.4286
11926.3	51.4743
11926.5	42.8151
11926.7	51.5464
11926.9	51.0293
11927.2	45.4117
11927.4	42.0549
11927.6	53.4678
11927.8	48.7872
11928	45.5506
11928.2	58.3587
11928.5	50.9759
11928.7	46.1939
11928.9	34.8467
11929.1	49.5021
11929.3	55.9892
11929.5	39.6779
11929.7	39.3449
11930	30.8645
11930.2	47.0569
11930.4	57.2111
11930.6	39.9126
11930.8	41.6936
11931	41.3492
11931.3	24.9357
11931.5	58.3572
11931.7	50.6119
11931.9	45.9827
11932.1	45.9849
11932.3	42.5685
11932.6	44.9947
11932.8	47.0466
11933	51.0858
11933.2	51.0932
11933.4	40.5853
11933.6	35.2094
11933.8	42.4529
11934.1	41.9327
11934.3	44.7798
11934.5	41.7028
11934.7	34.9967
11934.9	32.1861
11935.1	43.063
11935.4	47.7212
11935.6	51.157
11935.8	49.2884
11936	48.9571
11936.2	47.6992
11936.4	42.6154
11936.6	40.9431
11936.9	42.7297
11937.1	39.0919
11937.3	37.7977
11937.5	45.2675
11937.7	52.7281
11937.9	52.2765
11938.1	39.5475
11938.4	46.1923
11938.6	44.6357
11938.8	37.4571
11939	35.3031
11939.2	38.9728
11939.4	28.7452
11939.7	35.4483
11939.9	48.1064
11940.1	46.7682
11940.3	45.6539
11940.5	46.0928
11940.7	47.7408
11940.9	41.3426
11941.2	36.0146
11941.4	47.7231
11941.6	41.8777
11941.8	35.4687
11942	35.0339
11942.2	44.8212
11942.4	37.2153
11942.7	45.4812
11942.9	35.4777
11943.1	28.7329
11943.3	34.5992
11943.5	31.9422
11943.7	47.0653
11943.9	55.6875
11944.2	26.5986
11944.4	16.7902
11944.6	30
11944.8	48
11945	40
11945.2	42
11945.4	39
11945.6	31
11945.9	56
11946.1	52
11946.3	53
11946.5	41
11946.7	39
11946.9	30
11947.2	46
11947.4	42
11947.6	40
11947.8	53
11948	47
11948.2	27
11948.5	55
11948.7	56
11948.9	54
11949.1	57
11949.3	29
11949.5	47
11949.8	48
11950	47
11950.2	40
11950.4	48
11950.6	29
11950.8	48
11951.1	49
11951.3	46
11951.5	32
11951.7	40
11951.9	48
11952.1	46
11952.4	49
11952.6	40
11952.8	54
11953	60
11953.2	41
11953.4	52
11953.6	54
11953.9	41
11954.1	42
11954.3	58
11954.5	58
11954.7	65
11954.9	52
11955.2	47
11955.4	53
11955.6	51
11955.8	58
11956	52
11956.2	59
11956.5	50
11956.7	57
11956.9	33
11957.1	42
11957.3	47
11957.5	47
11957.7	54
11958	42
11958.2	45
11958.4	45
11958.6	39
11958.8	49
11959	67
11959.3	68
11959.5	40
11959.7	41
11959.9	54
11960.1	55
11960.3	64
11960.5	70
11960.8	50
11961	35
11961.2	63
11961.4	62
11961.6	61
11961.8	55
11962	41
11962.3	33
11962.5	63
11962.7	46
11962.9	45
11963.1	52
11963.3	46
11963.6	55
11963.8	53
11964	64
11964.2	54
11964.4	57
11964.6	49
11964.8	52
11965.1	38
11965.3	79
11965.5	46
11965.7	44
11965.9	38
11966.1	47
11966.3	65
11966.6	63
11966.8	36
11967	63
11967.2	55
11967.4	56
11967.6	39
11967.9	44
11968.1	71
11968.3	57
11968.5	34
11968.7	41
11968.9	50
11969.1	23
11969.4	66
11969.6	53
11969.8	56
11970	49
11970.2	49
11970.4	65
11970.6	54
11970.9	54
11971.1	70
11971.3	46
11971.5	56
11971.7	61
11971.9	75
11972.1	75
11972.4	59
11972.6	52
11972.8	60
11973	69
11973.2	65
11973.4	57
11973.6	52
11973.9	34
11974.1	60
11974.3	64
11974.5	72
11974.7	56
11974.9	47
11975.1	54
11975.4	72
11975.6	48
11975.8	60
11976	43
11976.2	41
11976.4	56
11976.6	50
11976.9	48
11977.1	57
11977.3	36
11977.5	60
11977.7	65
11977.9	66
11978.1	62
11978.3	50
11978.6	36
11978.8	62
11979	51
11979.2	57
11979.4	51
11979.6	60
11979.8	45
11980.1	51
11980.3	84
11980.5	53
11980.7	56
11980.9	62
11981.1	51
11981.3	58
11981.6	50
11981.8	50
11982	57
11982.2	63
11982.4	59
11982.6	53
11982.8	53
11983	52
11983.3	25
11983.5	67
11983.7	54
11983.9	74
11984.1	38
11984.3	60
11984.5	59
11984.8	75
11985	47
11985.2	43
11985.4	52
11985.6	41
11985.8	49
11986	45
11986.2	55
11986.5	50
11986.7	68
11986.9	70
11987.1	70
11987.3	55
11987.5	45
11987.7	60
11988	47
11988.2	65
11988.4	69
11988.6	48
11988.8	62
11989	29
11989.2	26
11989.4	66
11989.7	48
11989.9	51
11990.1	68
11990.3	49
11990.5	77
11990.7	62
11990.9	81
11991.1	52
11991.4	34
11991.6	38
11991.8	51
11992	56
11992.2	60
11992.4	45
11992.6	51
11992.8	55
11993.1	50
11993.3	68
11993.5	52
11993.7	31
11993.9	61
11994.1	51
11994.3	62
11994.5	41.5
11994.8	21
11995	62
11995.2	77
11995.4	65
11995.6	75
11995.8	66
11996	55
11996.2	72
11996.5	36
11996.7	57
11996.9	49
11997.1	29
11997.3	48
11997.5	52
11997.7	60
11997.9	56
11998.2	36
11998.4	22
11998.6	58
11998.8	56
11999	66
11999.2	80
11999.4	53
11999.6	63
11999.9	80
12000.1	55
12000.3	54
12000.5	52
12000.7	37
12000.9	60
12001.1	53
12001.3	53
12001.5	46
12001.8	58
12002	54
12002.2	58
12002.4	62
12002.6	51
12002.8	55
12003	33
12003.2	69
12003.5	43
12003.7	71
12003.9	53
12004.1	54
12004.3	46
12004.5	83
12004.7	65
12004.9	54
12005.1	39
12005.4	45
12005.6	53
12005.8	58
12006	51
12006.2	57
12006.4	76
12006.6	76
12006.8	55
12007	63
12007.3	66
12007.5	54
12007.7	60
12007.9	69
12008.1	71
12008.3	61
12008.5	59
12008.7	62
12009	78
12009.2	45
12009.4	60
12009.6	71
12009.8	71
12010	55
12010.2	52
12010.4	62
12010.6	65
12010.9	51
12011.1	69
12011.3	76
12011.5	49
12011.7	64
12011.9	57
12012.1	62
12012.3	64
12012.5	68
12012.8	54
12013	62
12013.2	49
12013.4	54
12013.6	80
12013.8	49
12014	53
12014.2	58
12014.4	65
12014.6	64
12014.9	60
12015.1	86
12015.3	81
12015.5	48
12015.7	40
12015.9	62
12016.1	65
12016.3	42
12016.5	66
12016.8	60
12017	47
12017.2	58
12017.4	55
12017.6	69
12017.8	62
12018	47
12018.2	45
12018.4	51
12018.7	44
12018.9	65
12019.1	59
12019.3	58
12019.5	73
12019.7	56
12019.9	66
12020.1	55
12020.3	49
12020.5	56
12020.8	58
12021	45
12021.2	43
12021.4	46
12021.6	38
12021.8	59
12022	80
12022.2	69
12022.4	55
12022.6	51
12022.9	51
12023.1	66
12023.3	60
12023.5	67
12023.7	63
12023.9	13
12024.1	51
12024.3	56
12024.5	63
12024.7	49
12025	54
12025.2	69
12025.4	78
12025.6	59
12025.8	68
12026	59
12026.2	56
12026.4	71
12026.6	65
12026.8	64
12027.1	63
12027.3	32
12027.5	61
12027.7	54
12027.9	60
12028.1	75
12028.3	58
12028.5	66
12028.7	63
12028.9	52
12029.2	73
12029.4	33
12029.6	33
12029.8	81
12030	56
12030.2	70
12030.4	66
12030.6	58
12030.8	52
12031	64
12031.2	73
12031.5	79
12031.7	55
12031.9	62
12032.1	62
12032.3	54
12032.5	71
12032.7	61
12032.9	11
12033.1	57
12033.3	67
12033.5	53
12033.8	76
12034	41
12034.2	66
12034.4	67
12034.6	78
12034.8	52
12035	56
12035.2	33
12035.4	61
12035.6	49
12035.9	56
12036.1	72
12036.3	60
12036.5	72
12036.7	70
12036.9	46
12037.1	66
12037.3	68
12037.5	70
12037.7	45
12037.9	41
12038.1	61
12038.4	50
12038.6	65
12038.8	56
12039	52
12039.2	68
12039.4	65
12039.6	60
12039.8	44
12040	50
12040.2	38
12040.4	54
12040.7	58
12040.9	58
12041.1	63
12041.3	53
12041.5	69
12041.7	73
12041.9	33
12042.1	47
12042.3	64
12042.5	50
12042.7	56
12042.9	40
12043.2	55
12043.4	46
12043.6	57
12043.8	54
12044	58
12044.2	55
12044.4	55
12044.6	48
12044.8	65
12045	61
12045.2	55
12045.4	59
12045.7	42
12045.9	72
12046.1	60
12046.3	45
12046.5	51
12046.7	65
12046.9	58
12047.1	68
12047.3	60
12047.5	39
12047.7	46
12047.9	57
12048.2	50
12048.4	70
12048.6	67
12048.8	61
12049	50
12049.2	53
12049.4	69
12049.6	61
12049.8	60
12050	57
12050.2	44
12050.4	52
12050.6	80
12050.9	68
12051.1	44
12051.3	46
12051.5	48
12051.7	56
12051.9	54
12052.1	46
12052.3	57
12052.5	50
12052.7	46
12052.9	67
12053.1	69
12053.3	48
12053.6	43
12053.8	61
12054	67
12054.2	56
12054.4	66
12054.6	43
12054.8	66
12055	71
12055.2	58
12055.4	43
12055.6	63
12055.8	53
12056	59
12056.3	59
12056.5	59
12056.7	53
12056.9	54
12057.1	71
12057.3	63
12057.5	61
12057.7	76
12057.9	69
12058.1	43
12058.3	59
12058.5	64
12058.7	76
12058.9	56
12059.2	59
12059.4	73
12059.6	46
12059.8	66
12060	50
12060.2	55
12060.4	56
12060.6	67
12060.8	63
12061	49
12061.2	53
12061.4	46
12061.6	63
12061.8	57
12062.1	64
12062.3	52
12062.5	61
12062.7	57
12062.9	60
12063.1	74
12063.3	60
12063.5	60
12063.7	36
12063.9	74
12064.1	49
12064.3	54
12064.5	60
12064.7	54
12064.9	61
12065.2	70
12065.4	67
12065.6	58
12065.8	37
12066	38
12066.2	61
12066.4	55
12066.6	53
12066.8	60
12067	59
12067.2	50
12067.4	55
12067.6	48
12067.8	66
12068	47
12068.3	53
12068.5	57
12068.7	62
12068.9	61
12069.1	49
12069.3	48
12069.5	48
12069.7	49
12069.9	82
12070.1	72
12070.3	56
12070.5	38
12070.7	44
12070.9	65
12071.1	72
12071.3	46
12071.6	47
12071.8	60
12072	44
12072.2	64
12072.4	67
12072.6	59
12072.8	74
12073	60
12073.2	54
12073.4	59
12073.6	43
12073.8	61
12074	58
12074.2	63
12074.4	57
12074.6	51
12074.8	58
12075.1	75
12075.3	67
12075.5	66
12075.7	73
12075.9	57
12076.1	45
12076.3	39
12076.5	61
12076.7	60
12076.9	64
12077.1	56
12077.3	73
12077.5	68
12077.7	86
12077.9	62
12078.1	44
12078.3	36
12078.5	54
12078.8	63
12079	67
12079.2	54
12079.4	54
12079.6	53
12079.8	63
12080	63
12080.2	53
12080.4	81
12080.6	44
12080.8	49
12081	63
12081.2	74
12081.4	64
12081.6	66
12081.8	70
12082	55
12082.2	49
12082.5	60
12082.7	27
12082.9	29
12083.1	67
12083.3	72
12083.5	64
12083.7	55
12083.9	34
12084.1	53
12084.3	54
12084.5	74
12084.7	71
12084.9	49
12085.1	48
12085.3	43
12085.5	65
12085.7	49
12085.9	58
12086.1	58
12086.3	47
12086.6	52
12086.8	44
12087	61
12087.2	43
12087.4	35
12087.6	64
12087.8	60
12088	58
12088.2	59
12088.4	57
12088.6	42
12088.8	66
12089	51
12089.2	41
12089.4	60
12089.6	45
12089.8	51
12090	59
12090.2	50
12090.4	66
12090.6	56
12090.8	57
12091.1	65
12091.3	49
12091.5	65
12091.7	44
12091.9	44
12092.1	70
12092.3	60
12092.5	66
12092.7	52
12092.9	66
12093.1	59
12093.3	62
12093.5	57
12093.7	52
12093.9	49
12094.1	57
12094.3	57
12094.5	52
12094.7	72
12094.9	66
12095.1	52
12095.3	52
12095.5	44
12095.8	46
12096	47
12096.2	54
12096.4	74
12096.6	60
12096.8	55
12097	49
12097.2	65
12097.4	29
12097.6	62
12097.8	49
12098	72
12098.2	44
12098.4	64
12098.6	55
12098.8	54
12099	54
12099.2	50
12099.4	60
12099.6	51
12099.8	47
12100	53
12100.2	45
12100.4	56
12100.6	41
12100.8	59
12101.1	60
12101.3	66
12101.5	56
12101.7	34
12101.9	57
12102.1	56
12102.3	67
12102.5	62
12102.7	65
12102.9	62
12103.1	52
12103.3	61
12103.5	41
12103.7	54
12103.9	49
12104.1	34
12104.3	54
12104.5	66
12104.7	57
12104.9	44
12105.1	51
12105.3	77
12105.5	55
12105.7	48
12105.9	60
12106.1	65
12106.3	68
12106.5	63
12106.7	54
12107	52
12107.2	46
12107.4	50
12107.6	57
12107.8	39
12108	64
12108.2	45
12108.4	43
12108.6	48
12108.8	59
12109	48
12109.2	56
12109.4	61
12109.6	50
12109.8	55
12110	60
12110.2	60
12110.4	66
12110.6	53
12110.8	51
12111	64
12111.2	72
12111.4	59
12111.6	54
12111.8	51
12112	62
12112.2	62
12112.4	65
12112.6	67
12112.8	51
12113	51
12113.2	57
12113.4	44
12113.6	63
12113.8	41
12114.1	49
12114.3	40
12114.5	50
12114.7	57
12114.9	50
12115.1	38
12115.3	52
12115.5	53
12115.7	78
12115.9	63
12116.1	64.8959
12116.3	71.5009
12116.5	41.9452
12116.7	54.1129
12116.9	52.5588
12117.1	59.7485
12117.3	49.7768
12117.5	36.9501
12117.7	52.2252
12117.9	65.3225
12118.1	52.4807
12118.3	45.1883
12118.5	61.2546
12118.7	51.1083
12118.9	69.6858
12119.1	60.1922
12119.3	35.7603
12119.5	47.3877
12119.7	65.0972
12119.9	54.6258
12120.1	53.1479
12120.3	48.4245
12120.5	48.8781
12120.7	43.0536
12120.9	28.0062
12121.1	52.9881
12121.3	52.8979
12121.5	52.0415
12121.7	52.4695
12121.9	50.8436
12122.1	66.7311
12122.3	51.5332
12122.5	54.033
12122.7	46.6618
12122.9	44.0429
12123.2	54.3079
12123.4	57.2334
12123.6	38.4526
12123.8	50.4409
12124	55.0345
12124.2	41.8893
12124.4	64.6681
12124.6	49.4052
12124.8	62.5537
12125	60.6003
12125.2	48.7113
12125.4	51.2918
12125.6	37.3893
12125.8	36.1289
12126	60.428
12126.2	57.0594
12126.4	45.4269
12126.6	57.5964
12126.8	43.5397
12127	44.1691
12127.2	43.6039
12127.4	44.3736
12127.6	57.1557
12127.8	43.3408
12128	45.7214
12128.2	53.0163
12128.4	50.2349
12128.6	49.6507
12128.8	43.9998
12129	53.9167
12129.2	60.9978
12129.4	59.6283
12129.6	32.5826
12129.8	54.7295
12130	44.4783
12130.2	34.0441
12130.4	44.1323
12130.6	49.8108
12130.8	45.4152
12131	52.9035
12131.2	43.3697
12131.4	41.7447
12131.6	42.3558
12131.8	41.1662
12132	32.0379
12132.2	57.3726
12132.4	49.3053
12132.6	43.9171
12132.8	56.3942
12133	42.5821
12133.2	44.0547
12133.4	37.545
12133.6	57.4208
12133.8	60.6071
12134	51.3842
12134.2	60.0448
12134.4	50.7279
12134.6	34.4742
12134.8	29.9773
12135	38.7178
12135.2	35.4259
12135.4	56.1768
12135.6	37.2894
12135.8	53.1225
12136	47.25
12136.2	46.6178
12136.4	64.8949
12136.6	61
12136.8	46
12137	29
12137.2	51
12137.4	38
12137.6	58
12137.8	41
12138.1	54
12138.3	65
12138.5	55
12138.7	59
12138.9	40
12139.1	33
12139.3	32
12139.5	35
12139.7	57
12139.9	54
12140.1	42
12140.3	38
12140.5	67
12140.7	50
12140.9	55
12141.1	69
12141.3	55
12141.5	43
12141.7	37
12141.9	55
12142.1	32
12142.3	37
12142.5	51
12142.7	44
12142.9	49
12143.1	62
12143.3	42
12143.5	57
12143.7	48
12143.9	52
12144.1	43
12144.3	61
12144.5	46
12144.7	64
12144.9	62
12145.1	55
12145.3	38
12145.5	61
12145.7	62
12145.9	55
12146.1	71
12146.3	51
12146.5	44
12146.8	35
12147	51
12147.2	55
12147.4	43
12147.6	42
12147.8	65
12148	43
12148.2	53
12148.4	61
12148.6	73
12148.8	74
12149	61
12149.2	44
12149.4	60
12149.6	58
12149.8	45
12150	64
12150.2	62
12150.4	42
12150.6	61
12150.8	54
12151	84
12151.2	55
12151.4	39
12151.6	64
12151.8	51
12152	62
12152.2	49
12152.4	47
12152.6	56
12152.8	47
12153	57
12153.2	60
12153.4	47
12153.6	42
12153.8	57
12154	84
12154.2	54
12154.4	75
12154.6	55
12154.8	68
12155	58
12155.2	71
12155.4	81
12155.6	65
12155.8	34
12156	51
12156.2	63
12156.4	50
12156.6	54
12156.8	55
12157	65
12157.2	77
12157.4	61
12157.6	63
12157.8	55
12158	28
12158.2	50
12158.4	64
12158.6	63
12158.8	45
12159	64
12159.2	61
12159.4	66
12159.6	75
12159.8	70
12160	60
12160.2	46
12160.4	49
12160.6	49
12160.8	51
12161	58
12161.3	47
12161.5	40
12161.7	60
12161.9	69
12162.1	69
12162.3	65
12162.5	50
12162.7	38
12162.9	80
12163.1	76
12163.3	60
12163.5	55
12163.7	57
12163.9	68
12164.1	88
12164.3	76
12164.5	45
12164.7	54
12164.9	76
12165.1	50
12165.3	62
12165.5	44
12165.7	53
12165.9	68
12166.1	53
12166.3	61
12166.5	66
12166.7	58
12166.9	48
12167.1	56
12167.3	46
12167.5	57
12167.7	45
12167.9	56
12168.1	30
12168.3	55
12168.5	72
12168.7	66
12168.9	54
12169.1	73
12169.3	47
12169.5	60
12169.7	67
12169.9	47
12170.1	72
12170.3	61
12170.5	66
12170.7	67
12170.9	53
12171.1	44
12171.3	74
12171.5	61
12171.7	67
12171.9	74
12172.1	50
12172.3	53
12172.5	56
12172.7	61
12172.9	59
12173.1	55
12173.3	82
12173.5	70
12173.7	66
12173.9	49
12174.1	49
12174.3	35
12174.5	47
12174.7	85
12174.9	62
12175.1	52
12175.3	67
12175.5	73
12175.7	70
12175.9	71
12176.1	52
12176.3	63
12176.5	56
12176.7	45
12176.9	65
12177.1	56
12177.3	65
12177.5	52
12177.7	64
12177.9	66
12178.1	70
12178.3	40
12178.5	64
12178.7	58
12178.9	57
12179.1	75
12179.3	70
12179.5	64
12179.7	69
12179.9	52
12180.1	65
12180.3	59
12180.5	78
12180.7	78
12180.9	60
12181	54
12181.2	69
12181.4	71
12181.6	71
12181.8	54
12182	67
12182.2	56
12182.4	73
12182.6	75
12182.8	65
12183	71
12183.2	42
12183.4	56
12183.6	67
12183.8	76
12184	85
12184.2	69
12184.4	70
12184.6	69
12184.8	65
12185	76
12185.2	52
12185.4	47
12185.6	52
12185.8	56
12186	62
12186.2	68
12186.4	67
12186.6	56
12186.8	56
12187	79
12187.2	62
12187.4	81
12187.6	54
12187.8	70
12188	63
12188.2	67
12188.4	50
12188.6	73
12188.8	63
12189	63
12189.2	59
12189.4	61
12189.6	62
12189.8	61
12190	59
12190.2	67
12190.4	82
12190.6	63
12190.8	52
12191	61
12191.2	55
12191.4	43
12191.6	53
12191.8	66
12192	70
12192.2	63
12192.4	65
12192.6	78
12192.8	55
12193	45
12193.2	67
12193.4	74
12193.6	73
12193.8	73
12194	58
12194.2	65
12194.4	77
12194.6	70
12194.8	52
12195	51
12195.2	48
12195.3	68
12195.5	51
12195.7	44
12195.9	39
12196.1	62
12196.3	78
12196.5	73
12196.7	72
12196.9	71
12197.1	55
12197.3	59
12197.5	74
12197.7	74
12197.9	71
12198.1	61
12198.3	63
12198.5	51
12198.7	71
12198.9	83
12199.1	86
12199.3	33
12199.5	57
12199.7	59
12199.9	75
12200.1	67
12200.3	76
12200.5	50
12200.7	81
12200.9	61
12201.1	53
12201.3	78
12201.5	45
12201.7	48
12201.9	58
12202.1	62
12202.3	55
12202.5	60
12202.7	66
12202.9	67
12203.1	81
12203.3	39
12203.5	74
12203.7	65
12203.9	57
12204	74
12204.2	53
12204.4	61
12204.6	64
12204.8	66
12205	69
12205.2	54
12205.4	92
12205.6	72
12205.8	47
12206	50
12206.2	79
12206.4	80
12206.6	60
12206.8	61
12207	51
12207.2	47
12207.4	66
12207.6	74
12207.8	70
12208	47
12208.2	61
12208.4	55
12208.6	67
12208.8	63
12209	61
12209.2	64
12209.4	67
12209.6	73
12209.8	77
12210	66
12210.2	42
12210.4	53
12210.6	68
12210.7	72
12210.9	65
12211.1	73
12211.3	88
12211.5	72
12211.7	52
12211.9	74
12212.1	74
12212.3	58
12212.5	56
12212.7	58
12212.9	95
12213.1	81
12213.3	61
12213.5	48
12213.7	67
12213.9	59
12214.1	78
12214.3	58
12214.5	52
12214.7	75
12214.9	61
12215.1	69
12215.3	67
12215.5	66
12215.7	59
12215.9	74
12216.1	54
12216.3	73
12216.4	65
12216.6	69
12216.8	65
12217	71
12217.2	62
12217.4	74
12217.6	64
12217.8	56
12218	49
12218.2	73
12218.4	73
12218.6	78
12218.8	56
12219	70
12219.2	76
12219.4	66
12219.6	87
12219.8	72
12220	49
12220.2	66
12220.4	67
12220.6	65
12220.8	88
12221	80
12221.2	67
12221.4	85
12221.5	48
12221.7	68
12221.9	52
12222.1	61
12222.3	72
12222.5	62
12222.7	74
12222.9	72
12223.1	46
12223.3	52
12223.5	89
12223.7	65
12223.9	82
12224.1	39
12224.3	56
12224.5	62
12224.7	80
12224.9	67
12225.1	85
12225.3	68
12225.5	73
12225.7	74
12225.9	63
12226	80
12226.2	70
12226.4	50
12226.6	75
12226.8	65
12227	72
12227.2	63
12227.4	75
12227.6	81
12227.8	66
12228	88
12228.2	77
12228.4	61
12228.6	46
12228.8	63
12229	76
12229.2	80
12229.4	72
12229.6	71
12229.8	85
12230	84
12230.2	72
12230.3	70
12230.5	75
12230.7	54
12230.9	72
12231.1	72
12231.3	73
12231.5	79
12231.7	53
12231.9	90
12232.1	74
12232.3	68
12232.5	75
12232.7	72
12232.9	81
12233.1	81
12233.3	62
12233.5	89
12233.7	80
12233.9	72
12234.1	82
12234.2	75
12234.4	68
12234.6	72
12234.8	72
12235	61
12235.2	77
12235.4	76
12235.6	76
12235.8	64
12236	62
12236.2	68
12236.4	70
12236.6	66
12236.8	82
12237	77
12237.2	74
12237.4	61
12237.6	89
12237.8	71
12237.9	66
12238.1	53
12238.3	72
12238.5	72
12238.7	79
12238.9	69
12239.1	72
12239.3	106
12239.5	78
12239.7	83
12239.9	82
12240.1	70
12240.3	65
12240.5	67
12240.7	69
12240.9	79
12241.1	73
12241.3	72
12241.4	79
12241.6	48
12241.8	95
12242	82
12242.2	72
12242.4	55
12242.6	76
12242.8	73
12243	77
12243.2	58
12243.4	83
12243.6	90
12243.8	72
12244	76
12244.2	55
12244.4	79
12244.6	41
12244.8	66
12244.9	84
12245.1	81
12245.3	53
12245.5	82
12245.7	83
12245.9	78
12246.1	84
12246.3	58
12246.5	83
12246.7	87
12246.9	81
12247.1	74
12247.3	77
12247.5	81
12247.7	93
12247.9	68
12248	89
12248.2	72
12248.4	50
12248.6	68
12248.8	58
12249	66
12249.2	108
12249.4	67
12249.6	76
12249.8	57
12250	69
12250.2	84
12250.4	89
12250.6	86
12250.8	90
12251	76
12251.1	76
12251.3	66
12251.5	77
12251.7	59
12251.9	64
12252.1	78
12252.3	87
12252.5	58
12252.7	73
12252.9	78
12253.1	65
12253.3	75
12253.5	79
12253.7	82
12253.9	97
12254	62
12254.2	77
12254.4	95
12254.6	67
12254.8	80
12255	113
12255.2	74
12255.4	89
12255.6	75
12255.8	78
12256	64
12256.2	69
12256.4	80
12256.6	79
12256.7	81
12256.9	76
12257.1	54
12257.3	64
12257.5	85
12257.7	50
12257.9	88
12258.1	61
12258.3	54
12258.5	68
12258.7	73
12258.9	66
12259.1	66
12259.3	77
12259.5	90
12259.6	90
12259.8	77
12260	95
12260.2	70
12260.4	61
12260.6	85
12260.8	76
12261	87
12261.2	87
12261.4	54
12261.6	82
12261.8	74
12262	83
12262.1	99
12262.3	71
12262.5	71
12262.7	83
12262.9	71
12263.1	75
12263.3	89
12263.5	75
12263.7	79
12263.9	91
12264.1	91
12264.3	90
12264.5	59
12264.7	87
12264.8	105
12265	97
12265.2	81
12265.4	73
12265.6	101
12265.8	66
12266	50
12266.2	86
12266.4	82
12266.6	86
12266.8	75
12267	67
12267.2	87
12267.3	99
12267.5	89
12267.7	91
12267.9	95
12268.1	77
12268.3	91
12268.5	86
12268.7	83
12268.9	63
12269.1	84
12269.3	85
12269.5	89
12269.6	91
12269.8	99
12270	80
12270.2	68
12270.4	72
12270.6	67
12270.8	79
12271	58
12271.2	78
12271.4	82
12271.6	79
12271.8	49
12272	75
12272.1	91
12272.3	83
12272.5	75
12272.7	82
12272.9	69
12273.1	63
12273.3	85
12273.5	77
12273.7	97
12273.9	76
12274.1	53
12274.3	90
12274.4	76
12274.6	84
12274.8	80
12275	80
12275.2	101
12275.4	98
12275.6	78
12275.8	90
12276	68
12276.2	70
12276.4	95
12276.6	93
12276.7	75
12276.9	82
12277.1	65
12277.3	75
12277.5	76
12277.7	103
12277.9	101
12278.1	78
12278.3	63
12278.5	76
12278.7	99
12278.8	82
12279	93
12279.2	87
12279.4	74
12279.6	93
12279.8	77
12280	84
12280.2	105
12280.4	63
12280.6	90
12280.8	90
12281	98
12281.1	90
12281.3	91
12281.5	71
12281.7	89
12281.9	85
12282.1	77
12282.3	85
12282.5	55
12282.7	62
12282.9	94
12283.1	78
12283.2	82
12283.4	91
12283.6	87
12283.8	99
12284	77
12284.2	101
12284.4	91
12284.6	77
12284.8	61
12285	96
12285.2	78
12285.3	75
12285.5	74
12285.7	70
12285.9	108
12286.1	81
12286.3	85
12286.5	67
12286.7	69
12286.9	64
12287.1	80
12287.3	90
12287.4	83
12287.6	90
12287.8	62
12288	102
12288.2	85
12288.4	105
12288.6	75
12288.8	63
12289	83
12289.2	88
12289.3	68
12289.5	93
12289.7	97
12289.9	99
12290.1	88
12290.3	92
12290.5	92
12290.7	100
12290.9	67
12291.1	82
12291.2	92
12291.4	96
12291.6	80
12291.8	77
12292	67
12292.2	106
12292.4	88
12292.6	80
12292.8	66
12293	69
12293.2	93
12293.3	80
12293.5	88
12293.7	77
12293.9	82
12294.1	84
12294.3	86
12294.5	90
12294.7	100
12294.9	63
12295.1	76
12295.2	81
12295.4	71
12295.6	104
12295.8	69
12296	58
12296.2	100
12296.4	89
12296.6	86
12296.8	80
12296.9	79
12297.1	94
12297.3	86
12297.5	77
12297.7	90
12297.9	75
12298.1	80.9047
12298.3	94.3517
12298.5	87.1687
12298.7	93.7285
12298.8	89.7331
12299	73.2715
12299.2	72.3953
12299.4	83.3899
12299.6	102.421
12299.8	84.2618
12300	73.2491
12300.2	64.6259
12300.4	68.379
12300.6	83.0543
12300.7	98.3623
12300.9	72.348
12301.1	74.2598
12301.3	67.3578
12301.5	82.1858
12301.7	82.4385
12301.9	87.0654
12302.1	75.9728
12302.3	75.1141
12302.4	80.9315
12302.6	84.3991
12302.8	93.5387
12303	63.2465
12303.2	60.5325
12303.4	71.1984
12303.6	86.2343
12303.8	68.6572
12304	86.0582
12304.2	74.1493
12304.3	66.1796
12304.5	83.065
12304.7	77.6739
12304.9	71.6753
12305.1	76.4088
12305.3	78.6477
12305.5	56.454
12305.7	73.7351
12305.9	82.3142
12306	68.2734
12306.2	69.0038
12306.4	66.2811
12306.6	80.7474
12306.8	85.486
12307	75.0916
12307.2	66.2088
12307.4	89.3535
12307.6	70.3659
12307.7	73.2036
12307.9	79.6065
12308.1	73.3341
12308.3	73.005
12308.5	70.7252
12308.7	79.2714
12308.9	78.635
12309.1	74.326
12309.3	75.2887
12309.4	77.4626
12309.6	69.6026
12309.8	67.1464
12310	65.7928
12310.2	49.6712
12310.4	66.8866
12310.6	72.0447
12310.8	87.7158
12311	81.9376
12311.1	71.7798
12311.3	69.0844
12311.5	69.1548
12311.7	60.1603
12311.9	67.486
12312.1	67.0275
12312.3	65.2879
12312.5	63.0425
12312.7	73.3813
12312.8	75.3341
12313	78.3503
12313.2	68.8668
12313.4	65.515
12313.6	67.2004
12313.8	74.0068
12314	73.1972
12314.2	64.5461
12314.3	68.7016
12314.5	66.6491
12314.7	56.7258
12314.9	78.799
12315.1	88.1283
12315.3	72.7881
12315.5	63.0938
12315.7	74.9165
12315.9	74.3652
12316	64.9733
12316.2	57.2208
12316.4	72.0858
12316.6	74.6106
12316.8	85.7266
12316.9	72
12317.1	68
12317.3	72
12317.5	52
12317.7	87
12317.9	80
12318.1	94
12318.3	64
12318.5	66
12318.6	75
12318.8	80
12319	65
12319.2	62
12319.4	79
12319.6	59
12319.8	82
12320	92
12320.2	77
12320.4	69
12320.5	71
12320.7	75
12320.9	76
12321.1	78
12321.3	66
12321.5	77
12321.7	67
12321.9	92
12322.1	71
12322.3	61
12322.4	100
12322.6	77
12322.8	82
12323	59
12323.2	64
12323.4	66
12323.6	56
12323.8	77
12324	79
12324.2	92
12324.3	69
12324.5	80
12324.7	76
12324.9	93
12325.1	70
12325.3	90
12325.5	74
12325.7	58
12325.9	70
12326.1	57
12326.2	101
12326.4	61
12326.6	71
12326.8	69
12327	92
12327.2	84
12327.4	74
12327.6	79
12327.8	68
12327.9	78
12328.1	90
12328.3	87
12328.5	83
12328.7	68
12328.9	63
12329.1	91
12329.3	93
12329.5	61
12329.6	64
12329.8	55
12330	91
12330.2	76
12330.4	72
12330.6	92
12330.8	89
12331	71
12331.2	90
12331.3	80
12331.5	92
12331.7	84
12331.9	55
12332.1	87
12332.3	82
12332.5	64
12332.7	86
12332.9	77
12333.1	79
12333.2	91
12333.4	94
12333.6	109
12333.8	68
12334	69
12334.2	105
12334.4	83
12334.6	80
12334.8	100
12334.9	70
12335.1	80
12335.3	65
12335.5	78
12335.7	96
12335.9	89
12336.1	84
12336.3	92
12336.4	93
12336.6	100
12336.8	98
12337	96
12337.2	96
12337.4	94
12337.6	64
12337.8	93
12338	84
12338.1	80
12338.3	87
12338.5	68
12338.7	102
12338.9	70
12339.1	58
12339.3	75
12339.5	66
12339.7	95
12339.8	87
12340	75
12340.2	73
12340.4	99
12340.6	87
12340.8	91
12341	73
12341.2	94
12341.3	83
12341.5	95
12341.7	79
12341.9	86
12342.1	69
12342.3	99
12342.5	89
12342.7	71
12342.9	81
12343	82
12343.2	89
12343.4	86
12343.6	87
12343.8	98
12344	91
12344.2	78
12344.4	81
12344.5	79
12344.7	79
12344.9	77
12345.1	85
12345.3	86
12345.5	75
12345.7	93
12345.9	106
12346	98
12346.2	93
12346.4	83
12346.6	112
12346.8	77
12347	77
12347.2	72
12347.4	69
12347.6	72
12347.7	86
12347.9	64
12348.1	74
12348.3	102
12348.5	80
12348.7	95
12348.9	86
12349.1	99
12349.2	81
12349.4	78
12349.6	77
12349.8	95
12350	91
12350.2	86
12350.4	99
12350.6	62
12350.7	105
12350.9	95
12351.1	89
12351.3	87
12351.5	71
12351.7	110
12351.9	77
12352.1	94
12352.2	85
12352.4	75
12352.6	91
12352.8	86
12353	87
12353.2	88
12353.4	93
12353.6	91
12353.7	105
12353.9	85
12354.1	106
12354.3	92
12354.5	95
12354.7	90
12354.9	104
12355.1	87
12355.2	92
12355.4	89
12355.6	91
12355.8	68
12356	77
12356.2	94
12356.4	92
12356.5	93
12356.7	74
12356.9	96
12357.1	103
12357.3	104
12357.5	88
12357.7	91
12357.9	106
12358	115
12358.2	102
12358.4	82
12358.6	41
12358.8	103
12359	83
12359.2	83
12359.4	113
12359.5	82
12359.7	87
12359.9	99
12360.1	103
12360.3	74
12360.5	115
12360.7	75
12360.8	87
12361	107
12361.2	105
12361.4	101
12361.6	100
12361.8	99
12362	113
12362.2	84
12362.3	98
12362.5	83
12362.7	77
12362.9	90
12363.1	98
12363.3	105
12363.5	85
12363.6	66
12363.8	103
12364	89
12364.2	86
12364.4	106
12364.6	103
12364.8	63
12365	86
12365.1	107
12365.3	101
12365.5	105
12365.7	87
12365.9	93
12366.1	95
12366.3	68
12366.4	102
12366.6	89
12366.8	114
12367	103
12367.2	78
12367.4	79
12367.6	76
12367.7	79
12367.9	97
12368.1	95
12368.3	103
12368.5	106
12368.7	93
12368.9	86
12369	103
12369.2	99
12369.4	105
12369.6	100
12369.8	87
12370	75
12370.2	89
12370.3	96
12370.5	112
12370.7	81
12370.9	101
12371.1	94
12371.3	80
12371.5	94
12371.7	84
12371.8	98
12372	89
12372.2	92
12372.4	111
12372.6	100
12372.8	97
12373	90
12373.1	102
12373.3	93
12373.5	92
12373.7	76
12373.9	99
12374.1	101
12374.3	90
12374.4	96
12374.6	84
12374.8	83
12375	106
12375.2	81
12375.4	106
12375.6	84
12375.7	81
12375.9	97
12376.1	92
12376.3	83
12376.5	94
12376.7	78
12376.8	82
12377	90
12377.2	113
12377.4	87
12377.6	109
12377.8	113
12378	85
12378.1	82
12378.3	97
12378.5	104
12378.7	90
12378.9	82
12379.1	113
12379.3	102
12379.4	82
12379.6	81
12379.8	99
12380	92
12380.2	99
12380.4	101
12380.6	100
12380.7	93
12380.9	86
12381.1	99
12381.3	100
12381.5	78
12381.7	68
12381.8	87
12382	77
12382.2	96
12382.4	103
12382.6	74
12382.8	91
12383	80
12383.1	102
12383.3	91
12383.5	87
12383.7	103
12383.9	90
12384.1	93
12384.3	109
12384.4	81
12384.6	99
12384.8	105
12385	88
12385.2	88
12385.4	118
12385.5	95
12385.7	100
12385.9	104
12386.1	84
12386.3	79
12386.5	103
12386.7	96
12386.8	104
12387	100
12387.2	75
12387.4	95
12387.6	100
12387.8	86
12387.9	102
12388.1	73
12388.3	117
12388.5	112
12388.7	105
12388.9	107
12389.1	70
12389.2	84
12389.4	84
12389.6	104
12389.8	99
12390	81
12390.2	92
12390.3	84
12390.5	76
12390.7	87
12390.9	80
12391.1	92
12391.3	92
12391.5	84
12391.6	103
12391.8	86
12392	78
12392.2	86
12392.4	88
12392.6	93
12392.7	91
12392.9	101
12393.1	97
12393.3	82
12393.5	84
12393.7	101
12393.8	100
12394	86
12394.2	87
12394.4	92
12394.6	86
12394.8	96
12395	79
12395.1	87
12395.3	88
12395.5	75
12395.7	84
12395.9	85
12396.1	89
12396.2	98
12396.4	101
12396.6	80
12396.8	98
12397	90
12397.2	79
12397.3	94
12397.5	82
12397.7	95
12397.9	89
12398.1	89
12398.3	101
12398.4	91
12398.6	91
12398.8	104
12399	76
12399.2	82
12399.4	99
12399.5	91
12399.7	100
12399.9	86
12400.1	93
12400.3	89
12400.5	91
12400.6	110
12400.8	103
12401	72
12401.2	80
12401.4	83
12401.6	79
12401.7	87
12401.9	80
12402.1	104
12402.3	117
12402.5	121
12402.7	97
12402.8	94
12403	80
12403.2	94
12403.4	92
12403.6	88
12403.8	93
12403.9	102
12404.1	81
12404.3	86
12404.5	94
12404.7	100
12404.9	117
12405	84
12405.2	89
12405.4	87
12405.6	96
12405.8	84
12406	88
12406.1	100
12406.3	77
12406.5	94
12406.7	90
12406.9	100
12407.1	90
12407.2	88
12407.4	81
12407.6	103
12407.8	92
12408	101
12408.2	78
12408.3	80
12408.5	99
12408.7	114
12408.9	80
12409.1	85
12409.3	98
12409.4	93
12409.6	99
12409.8	102
12410	84
12410.2	95
12410.4	82
12410.5	97
12410.7	101
12410.9	82
12411.1	83
12411.3	81
12411.5	74
12411.6	74
12411.8	87
12412	83
12412.2	110
12412.4	83
12412.5	109
12412.7	75
12412.9	83
12413.1	109
12413.3	83
12413.5	94
12413.6	89
12413.8	107
12414	94
12414.2	95
12414.4	95
12414.6	98
12414.7	101
12414.9	95
12415.1	93
12415.3	87
12415.5	91
12415.7	98
12415.8	97
12416	102
12416.2	71
12416.4	87
12416.6	93
12416.7	86
12416.9	91
12417.1	107
12417.3	103
12417.5	102
12417.7	71
12417.8	91
12418	107
12418.2	73
12418.4	99
12418.6	107
12418.7	89
12418.9	95
12419.1	84
12419.3	73
12419.5	107
12419.7	80
12419.8	101
12420	90
12420.2	70
12420.4	85
12420.6	84
12420.8	110
12420.9	91
12421.1	97
12421.3	90
12421.5	86
12421.7	83
12421.8	67
12422	90
12422.2	85
12422.4	83
12422.6	87
12422.8	107
12422.9	87
12423.1	72
12423.3	95
12423.5	95
12423.7	99
12423.8	75
12424	70
12424.2	77
12424.4	95
12424.6	97
12424.8	111
12424.9	85
12425.1	98
12425.3	95
12425.5	78
12425.7	89
12425.8	94
12426	71
12426.2	85
12426.4	103
12426.6	86
12426.7	97
12426.9	91
12427.1	104
12427.3	83
12427.5	95
12427.7	96
12427.8	103
12428	86
12428.2	89
12428.4	87
12428.6	88
12428.7	101
12428.9	89
12429.1	76
12429.3	95
12429.5	84
12429.6	76
12429.8	106
12430	70
12430.2	75
12430.4	70
12430.6	82
12430.7	91
12430.9	79
12431.1	85
12431.3	85
12431.5	87
12431.6	91
12431.8	79
12432	94
12432.2	98
12432.4	95
12432.5	97
12432.7	59
12432.9	89
12433.1	67
12433.3	73
12433.5	94
12433.6	75
12433.8	90
12434	85
12434.2	100
12434.4	95
12434.5	95
12434.7	91
12434.9	78
12435.1	76
12435.3	77
12435.4	95
12435.6	89
12435.8	73
12436	86
12436.2	78
12436.3	95
12436.5	108
12436.7	82
12436.9	93
12437.1	65
12437.2	85
12437.4	92
12437.6	79
12437.8	88
12438	104
12438.2	64
12438.3	78
12438.5	85
12438.7	88
12438.9	90
12439.1	84
12439.2	89
12439.4	102
12439.6	98
12439.8	107
12440	102
12440.1	96
12440.3	89
12440.5	101
12440.7	87
12440.9	93
12441	74
12441.2	80
12441.4	86
12441.6	77
12441.8	82
12441.9	79
12442.1	80
12442.3	93
12442.5	78
12442.7	91
12442.8	91
12443	82
12443.2	82
12443.4	95
12443.6	93
12443.7	93
12443.9	95
12444.1	89
12444.3	101
12444.5	84
12444.6	72
12444.8	95
12445	60
12445.2	96
12445.4	84
12445.5	84
12445.7	65
12445.9	86
12446.1	82
12446.3	92
12446.4	86
12446.6	84
12446.8	89
12447	67
12447.2	106
12447.3	87
12447.5	104
12447.7	88
12447.9	79
12448.1	79
12448.2	95
12448.4	92
12448.6	78
12448.8	77
12449	83
12449.1	99
12449.3	68
12449.5	103
12449.7	82
12449.9	57
12450	69
12450.2	90
12450.4	87
12450.6	89
12450.8	70
12450.9	70
12451.1	101
12451.3	109
12451.5	88
12451.7	69
12451.8	71
12452	88
12452.2	92
12452.4	84
12452.5	86
12452.7	65
12452.9	76
12453.1	98
12453.3	90
12453.4	79
12453.6	82
12453.8	86
12454	89
12454.2	95
12454.3	89
12454.5	79
12454.7	75
12454.9	74
12455.1	95
12455.2	96
12455.4	81
12455.6	75
12455.8	33
12456	87
12456.1	82
12456.3	96
12456.5	77
12456.7	82
12456.9	103
12457	91
12457.2	64
12457.4	80
12457.6	91
12457.7	79
12457.9	105
12458.1	94
12458.3	80
12458.5	85
12458.6	83
12458.8	88
12459	79
12459.2	88
12459.4	80
12459.5	91
12459.7	66
12459.9	49
12460.1	82
12460.3	98
12460.4	81
12460.6	79
12460.8	68
12461	93
12461.1	93
12461.3	104
12461.5	87
12461.7	68
12461.9	90
12462	94
12462.2	92
12462.4	79
12462.6	74
12462.8	95
12462.9	85
12463.1	100
12463.3	79
12463.5	95
12463.6	81
12463.8	90
12464	90
12464.2	95
12464.4	75
12464.5	90
12464.7	85
12464.9	87
12465.1	97
12465.3	99
12465.4	93
12465.6	90
12465.8	85
12466	66
12466.1	87
12466.3	90
12466.5	83
12466.7	84
12466.9	81
12467	89
12467.2	83
12467.4	89
12467.6	86
12467.7	90
12467.9	94
12468.1	81
12468.3	82
12468.5	83
12468.6	81.0277
12468.8	75.2602
12469	87.9334
12469.2	85.021
12469.4	76.7072
12469.5	87.9466
12469.7	77.8879
12469.9	102.008
12470.1	88.333
12470.2	108.058
12470.4	69.6729
12470.6	75.4307
12470.8	107.036
12471	94.2898
12471.1	72.3934
12471.3	74.55
12471.5	84.5605
12471.7	85.3959
12471.8	73.0221
12472	72.4122
12472.2	80.4835
12472.4	74.8817
12472.6	83.8911
12472.7	73.8423
12472.9	93.2709
12473.1	83.2005
12473.3	76.802
12473.4	81.331
12473.6	84.6197
12473.8	67.8967
12474	81.2326
12474.2	78.3463
12474.3	70.6673
12474.5	71.4633
12474.7	96.1238
12474.9	73.9189
12475	76.2688
12475.2	76.859
12475.4	81.3227
12475.6	85.4391
12475.8	74.2912
12475.9	81.5426
12476.1	62.4263
12476.3	55.9634
12476.5	85.4914
12476.6	72.0022
12476.8	64.7144
12477	82.1254
12477.2	85.382
12477.4	78.3097
12477.5	85.9865
12477.7	77.8452
12477.9	84.1527
12478.1	67.4603
12478.2	64.815
12478.4	74.0053
12478.6	84.3943
12478.8	75.5479
12478.9	76.2763
12479.1	75.8324
12479.3	77.5759
12479.5	84.3416
12479.7	77.4769
12479.8	74.3106
12480	70.4976
12480.2	64.0072
12480.4	92.0054
12480.5	100.568
12480.7	88.7674
12480.9	87.5524
12481.1	83.5498
12481.3	89.5645
12481.4	89.9737
12481.6	73.5795
12481.8	71.0637
12482	55.3018
12482.1	66.7149
12482.3	81.2733
12482.5	77.8294
12482.7	82.7542
12482.8	81.3985
12483	61.1978
12483.2	75.0902
12483.4	95.5384
12483.6	88.9966
12483.7	87.6808
12483.9	73.4768
12484.1	67.0529
12484.3	79.6535
12484.4	71.9144
12484.6	86.6629
12484.8	76.0827
12485	79.9989
12485.1	91.2042
12485.3	76.8964
12485.5	85.0026
12485.7	81.7588
12485.9	66.9888
12486	75.0427
12486.2	74.1245
12486.4	67.9714
12486.5	83
12486.7	78
12486.9	71
12487.1	78
12487.2	92
12487.4	93
12487.6	83
12487.8	77
12488	73
12488.1	82
12488.3	66
12488.5	99
12488.7	76
12488.8	70
12489	65
12489.2	79
12489.4	75
12489.6	82
12489.7	65
12489.9	68
12490.1	61
12490.3	83
12490.5	91
12490.6	84
12490.8	84
12491	86
12491.2	85
12491.3	81
12491.5	94
12491.7	74
12491.9	99
12492.1	98
12492.2	76
12492.4	105
12492.6	81
12492.8	99
12492.9	73
12493.1	84
12493.3	86
12493.5	92
12493.7	89
12493.8	60
12494	80
12494.2	81
12494.4	88
12494.5	98
12494.7	84
12494.9	82
12495.1	98
12495.3	98
12495.4	67
12495.6	80
12495.8	93
12496	99
12496.2	93
12496.3	77
12496.5	68
12496.7	76
12496.9	59
12497	86
12497.2	74
12497.4	82
12497.6	74
12497.8	85
12497.9	99
12498.1	79
12498.3	99
12498.5	73
12498.6	86
12498.8	85
12499	87
12499.2	97
12499.4	86
12499.5	77
12499.7	116
12499.9	83
12500.1	82
12500.2	79
12500.4	92
12500.6	66
12500.8	73
12500.9	93
12501.1	93
12501.3	82
12501.5	59
12501.7	92
12501.8	94
12502	90
12502.2	65
12502.4	65
12502.5	74
12502.7	69
12502.9	97
12503.1	96
12503.3	92
12503.4	81
12503.6	90
12503.8	94
12504	96
12504.1	76
12504.3	80
12504.5	59
12504.7	89
12504.9	98
12505	96
12505.2	84
12505.4	93
12505.6	98
12505.7	71
12505.9	106
12506.1	106
12506.3	88
12506.4	87
12506.6	83
12506.8	79
12507	97
12507.2	82
12507.3	91
12507.5	81
12507.7	85
12507.9	74
12508	93
12508.2	81
12508.4	80
12508.6	122
12508.7	97
12508.9	76
12509.1	82
12509.3	84
12509.5	85
12509.6	100
12509.8	108
12510	95
12510.2	112
12510.3	86
12510.5	106
12510.7	80
12510.9	81
12511	74
12511.2	71
12511.4	95
12511.6	92
12511.8	90
12511.9	87
12512.1	87
12512.3	73
12512.5	88
12512.6	79
12512.8	95
12513	79
12513.2	70
12513.3	90
12513.5	105
12513.7	95
12513.9	93
12514	79
12514.2	93
12514.4	98
12514.6	79
12514.8	84
12514.9	83
12515.1	108
12515.3	89
12515.5	89
12515.6	94
12515.8	103
12516	88
12516.2	84
12516.3	84
12516.5	87
12516.7	105
12516.9	108
12517	78
12517.2	94
12517.4	81
12517.6	90
12517.8	84
12517.9	57
12518.1	77
12518.3	80
12518.5	87
12518.6	94
12518.8	86
12519	72
12519.2	74
12519.3	101
12519.5	101
12519.7	109
12519.9	90
12520	93
12520.2	136
12520.4	96
12520.6	86
12520.7	91
12520.9	74
12521.1	92
12521.3	94
12521.5	87
12521.6	97
12521.8	95
12522	92
12522.2	91
12522.3	101
12522.5	96
12522.7	81
12522.9	84
12523	95
12523.2	80
12523.4	98
12523.6	88
12523.7	68
12523.9	83
12524.1	102
12524.3	101
12524.4	84
12524.6	80
12524.8	81
12525	77
12525.1	98
12525.3	90
12525.5	78
12525.7	90
12525.8	64
12526	81
12526.2	85
12526.4	99
12526.5	73
12526.7	66
12526.9	92
12527.1	122
12527.2	93
12527.4	76
12527.6	91
12527.8	82
12528	85
12528.1	94
12528.3	93.5
12528.5	93
12528.7	75
12528.8	102
12529	93
12529.2	84
12529.4	80
12529.5	67
12529.7	69
12529.9	96
12530.1	100
12530.2	76
12530.4	91
12530.6	104
12530.8	108
12530.9	108
12531.1	84
12531.3	67
12531.5	90
12531.6	96
12531.8	74
12532	90
12532.2	89
12532.3	99
12532.5	122
12532.7	69
12532.9	103
12533	80
12533.2	85
12533.4	85
12533.6	86
12533.7	95
12533.9	100
12534.1	86
12534.3	100
12534.4	103
12534.6	87
12534.8	92
12535	99
12535.1	84
12535.3	73
12535.5	79
12535.7	106
12535.8	83
12536	98
12536.2	82
12536.4	103
12536.5	79
12536.7	103
12536.9	85
12537.1	95
12537.2	85
12537.4	85
12537.6	97
12537.8	118
12537.9	75
12538.1	100
12538.3	80
12538.5	94
12538.6	111
12538.8	99
12539	92
12539.1	70
12539.3	87
12539.5	89
12539.7	77
12539.8	82
12540	87
12540.2	99
12540.4	94
12540.5	98
12540.7	81
12540.9	87
12541.1	93
12541.2	75
12541.4	97
12541.6	100
12541.8	97
12541.9	86
12542.1	81
12542.3	82
12542.5	88
12542.6	92
12542.8	93
12543	70
12543.2	95
12543.3	114
12543.5	96
12543.7	70
12543.9	81
12544	109
12544.2	83
12544.4	90
12544.6	89
12544.7	86
12544.9	68
12545.1	93
12545.3	69
12545.4	82
12545.6	85
12545.8	100
12545.9	86
12546.1	100
12546.3	97
12546.5	94
12546.6	76
12546.8	81
12547	80
12547.2	80
12547.3	69
12547.5	86
12547.7	84
12547.9	94
12548	94
12548.2	96
12548.4	79
12548.6	86
12548.7	105
12548.9	83
12549.1	92
12549.3	81
12549.4	87
12549.6	86
12549.8	95
12549.9	98
12550.1	94
12550.3	87
12550.5	95
12550.6	83
12550.8	93
12551	79
12551.2	103
12551.3	101
12551.5	83
12551.7	100
12551.9	95
12552	91
12552.2	78
12552.4	79
12552.6	78
12552.7	99
12552.9	85
12553.1	99
12553.2	107
12553.4	81
12553.6	93
12553.8	86
12553.9	91
12554.1	79
12554.3	62
12554.5	90
12554.6	89
12554.8	79
12555	103
12555.2	87
12555.3	75
12555.5	88
12555.7	93
12555.8	83
12556	77
12556.2	83
12556.4	82
12556.5	86
12556.7	101
12556.9	78
12557.1	91
12557.2	87
12557.4	89
12557.6	74
12557.7	77
12557.9	85
12558.1	107
12558.3	74
12558.4	77
12558.6	78
12558.8	90
12559	85
12559.1	79
12559.3	80
12559.5	73
12559.7	95
12559.8	98
12560	85
12560.2	94
12560.3	96
12560.5	81
12560.7	87
12560.9	78
12561	69
12561.2	100
12561.4	106
12561.6	57
12561.7	83
12561.9	90
12562.1	80
12562.2	107
12562.4	102
12562.6	83
12562.8	111
12562.9	82
12563.1	85
12563.3	103
12563.5	95
12563.6	77
12563.8	87
12564	78
12564.1	93
12564.3	95
12564.5	78
12564.7	97
12564.8	87
12565	84
12565.2	95
12565.4	91
12565.5	72
12565.7	87
12565.9	86
12566	91
12566.2	95
12566.4	104
12566.6	91
12566.7	79
12566.9	93
12567.1	87
12567.2	102
12567.4	87
12567.6	95
12567.8	90
12567.9	91
12568.1	83
12568.3	91
12568.5	95
12568.6	91
12568.8	89
12569	57
12569.1	99
12569.3	95
12569.5	67
12569.7	70
12569.8	92
12570	95
12570.2	101
12570.3	95
12570.5	87
12570.7	94
12570.9	87
12571	90
12571.2	85
12571.4	63
12571.6	67
12571.7	71
12571.9	91
12572.1	78
12572.2	79
12572.4	91
12572.6	89
12572.8	69
12572.9	91
12573.1	97
12573.3	69
12573.4	70
12573.6	72
12573.8	91
12574	84
12574.1	60
12574.3	79
12574.5	100
12574.6	71
12574.8	82
12575	84
12575.2	75
12575.3	90
12575.5	81
12575.7	79
12575.9	86
12576	67
12576.2	87
12576.4	88
12576.5	73
12576.7	79
12576.9	79
12577.1	55
12577.2	90
12577.4	78
12577.6	85
12577.7	61
12577.9	79
12578.1	99
12578.3	91
12578.4	92
12578.6	90
12578.8	75
12578.9	71
12579.1	87
12579.3	78
12579.5	99
12579.6	79
12579.8	85
12580	75
12580.1	105
12580.3	77
12580.5	95
12580.7	84
12580.8	81
12581	82
12581.2	86
12581.3	81
12581.5	84
12581.7	78
12581.9	89
12582	77
12582.2	92
12582.4	90
12582.5	91
12582.7	68
12582.9	62
12583	86
12583.2	91
12583.4	91
12583.6	76
12583.7	83
12583.9	85
12584.1	83
12584.2	95
12584.4	90
12584.6	95
12584.8	90
12584.9	77
12585.1	83
12585.3	77
12585.4	67
12585.6	91
12585.8	78
12586	85
12586.1	80
12586.3	69
12586.5	83
12586.6	75
12586.8	86
12587	84
12587.2	82
12587.3	69
12587.5	79
12587.7	81
12587.8	68
12588	91
12588.2	88
12588.3	91
12588.5	110
12588.7	76
12588.9	87
12589	80
12589.2	93
12589.4	75
12589.5	96
12589.7	65
12589.9	72
12590.1	72
12590.2	81
12590.4	88
12590.6	88
12590.7	84
12590.9	66
12591.1	76
12591.2	84
12591.4	88
12591.6	70
12591.8	75
12591.9	66
12592.1	80
12592.3	90
12592.4	87
12592.6	83
12592.8	81
12593	74
12593.1	95
12593.3	87
12593.5	83
12593.6	88
12593.8	99
12594	71
12594.1	79
12594.3	87
12594.5	94
12594.7	85
12594.8	75
12595	87
12595.2	73
12595.3	77
12595.5	84
12595.7	93
12595.8	85
12596	94
12596.2	94
12596.4	96
12596.5	104
12596.7	74
12596.9	87
12597	97
12597.2	86
12597.4	92
12597.5	51
12597.7	71
12597.9	96
12598.1	63
12598.2	82
12598.4	89
12598.6	59
12598.7	94
12598.9	67
12599.1	81
12599.2	72
12599.4	71
12599.6	71
12599.8	93
12599.9	84
12600.1	78
12600.3	93
12600.4	63
12600.6	84
12600.8	78
12600.9	79
12601.1	88
12601.3	85
12601.5	82
12601.6	87
12601.8	71
12602	82
12602.1	122
12602.3	103
12602.5	95
12602.6	89
12602.8	97
12603	81
12603.1	75
12603.3	77
12603.5	86
12603.7	76
12603.8	90
12604	91
12604.2	72
12604.3	85
12604.5	68
12604.7	99
12604.8	87
12605	52
12605.2	78
12605.4	88
12605.5	73
12605.7	71
12605.9	70
12606	83
12606.2	98
12606.4	72
12606.5	89
12606.7	69
12606.9	25
12607	87
12607.2	88
12607.4	80
12607.6	84
12607.7	42
12607.9	75
12608.1	100
12608.2	64
12608.4	104
12608.6	77
12608.7	55
12608.9	78
12609.1	88
12609.2	90
12609.4	74
12609.6	85
12609.8	65
12609.9	62
12610.1	101
12610.3	81
12610.4	68
12610.6	74
12610.8	65
12610.9	78
12611.1	58
12611.3	80
12611.4	61
12611.6	84
12611.8	79
12611.9	93
12612.1	92
12612.3	66
12612.5	80
12612.6	69
12612.8	62
12613	66
12613.1	63
12613.3	86
12613.5	76
12613.6	75
12613.8	79
12614	91
12614.1	85
12614.3	72
12614.5	67
12614.6	81
12614.8	83
12615	74
12615.2	80
12615.3	81
12615.5	88
12615.7	83
12615.8	75
12616	74
12616.2	62
12616.3	70
12616.5	91
12616.7	73
12616.8	73
12617	75
12617.2	85
12617.3	79
12617.5	74
12617.7	80
12617.8	77
12618	64
12618.2	95
12618.4	83
12618.5	92
12618.7	62
12618.9	82
12619	89
12619.2	65
12619.4	80
12619.5	73
12619.7	73
12619.9	78
12620	82
12620.2	70
12620.4	80
12620.5	68
12620.7	83
12620.9	83
12621	73
12621.2	90
12621.4	62
12621.6	73
12621.7	69
12621.9	96
12622.1	85
12622.2	91
12622.4	94
12622.6	78
12622.7	50
12622.9	80
12623.1	41
12623.2	71
12623.4	83
12623.6	81
12623.7	76
12623.9	88
12624.1	81
12624.2	85
12624.4	54
12624.6	60
12624.7	94
12624.9	94
12625.1	78
12625.2	71
12625.4	64
12625.6	93
12625.8	79
12625.9	65
12626.1	77
12626.3	44
12626.4	74
12626.6	77
12626.8	84
12626.9	70
12627.1	84
12627.3	75
12627.4	80
12627.6	88
12627.8	79
12627.9	94
12628.1	61
12628.3	78
12628.4	68
12628.6	55
12628.8	80.8936
12628.9	77.5893
12629.1	68.6818
12629.3	90.6145
12629.4	74.8814
12629.6	77.2869
12629.8	81.1513
12629.9	61.256
12630.1	60.4385
12630.3	75.9684
12630.4	78.3655
12630.6	67.0758
12630.8	78.4635
12630.9	98.9706
12631.1	73.5515
12631.3	76.3444
12631.4	75.5171
12631.6	77.1716
12631.8	75.5828
12631.9	88.1456
12632.1	69.8204
12632.3	67.938
12632.5	71.2081
12632.6	87.2656
12632.8	88.6253
12633	77.2664
12633.1	72.6243
12633.3	62.4782
12633.5	69.3158
12633.6	67.8783
12633.8	74.9771
12634	93.6842
12634.1	69.5659
12634.3	71.9085
12634.5	67.3018
12634.6	76.7387
12634.8	76.8819
12635	86.625
12635.1	78.0869
12635.3	69.0542
12635.5	62.0902
12635.6	93.2647
12635.8	82.5328
12636	74.4625
12636.1	71.0936
12636.3	71.5412
12636.5	81.632
12636.6	65.3798
12636.8	78.8583
12637	83.4264
12637.1	68.3209
12637.3	76.8023
12637.5	71.3807
12637.6	71.0639
12637.8	77.7867
12638	67.2336
12638.1	68.328
12638.3	73.3489
12638.5	77.6719
12638.6	64.2445
12638.8	57.9794
12639	67.422
12639.1	81.9976
12639.3	78.6044
12639.5	67.2798
12639.6	62.4626
12639.8	71.4025
12640	61.5884
12640.1	64.1173
12640.3	74.9311
12640.5	66.944
12640.6	58.5181
12640.8	76.4643
12641	65.6298
12641.1	59.8274
12641.3	66.0052
12641.5	76.7725
12641.6	72.0612
12641.8	70.4112
12642	68.8045
12642.1	72.7643
12642.3	64.4298
12642.5	60.9853
12642.6	59.2891
12642.8	63.8784
12643	79.3079
12643.1	59.5974
12643.3	70.5766
12643.5	79.8838
12643.6	61.9803
12643.8	50.0296
12644	71.8025
12644.1	72.5335
12644.3	59.5587
12644.5	86.4676
12644.6	62.5261
12644.8	68.1847
12645	70.6518
12645.1	52.5954
12645.3	76.8908
12645.5	79.4024
12645.6	67.3414
12645.8	84
12646	47
12646.1	62
12646.3	68
12646.5	71
12646.6	76
12646.8	71
12647	49
12647.1	42
12647.3	79
12647.5	74
12647.6	87
12647.8	70
12648	57
12648.1	59
12648.3	91
12648.5	77
12648.6	53
12648.8	68
12649	77
12649.1	55
12649.3	74
12649.5	94
12649.6	72
12649.8	38
12650	63
12650.2	67
12650.3	89
12650.5	68
12650.7	73
12650.8	77
12651	67
12651.2	68
12651.3	94
12651.5	78
12651.7	72
12651.8	75
12652	86
12652.2	99
12652.3	65
12652.5	84
12652.7	83
12652.8	57
12653	81
12653.2	72
12653.3	84
12653.5	59
12653.7	70
12653.8	60
12654	72
12654.2	68
12654.3	73
12654.5	71
12654.7	76
12654.8	74
12655	72
12655.2	54
12655.3	91
12655.5	98
12655.7	95
12655.8	88
12656	81
12656.2	85
12656.4	71
12656.5	83
12656.7	70
12656.9	72
12657	90
12657.2	85
12657.4	77
12657.5	55
12657.7	88
12657.9	89
12658	82
12658.2	76
12658.4	91
12658.5	76
12658.7	80
12658.9	73
12659	74
12659.2	73
12659.4	70
12659.5	84
12659.7	76
12659.9	69
12660	64
12660.2	85
12660.4	68
12660.5	80
12660.7	74
12660.9	68
12661	70
12661.2	90
12661.4	86
12661.5	83
12661.7	86
12661.9	83
12662	85
12662.2	81
12662.4	59
12662.5	61
12662.7	73
12662.9	94
12663	84
12663.2	61
12663.4	62
12663.5	60
12663.7	55
12663.9	90
12664	74
12664.2	59
12664.4	68
12664.5	63
12664.7	81
12664.9	87
12665	81
12665.2	74
12665.4	55
12665.5	78
12665.7	77
12665.9	68
12666	87
12666.2	63
12666.4	63
12666.5	102
12666.7	82
12666.9	71
12667	83
12667.2	47
12667.4	85
12667.5	71
12667.7	61
12667.9	63
12668	53
12668.2	58
12668.4	93
12668.5	76
12668.7	77
12668.9	80
12669	59
12669.2	72
12669.4	60
12669.5	84
12669.7	94
12669.9	77
12670	68
12670.2	90
12670.4	98
12670.5	75
12670.7	86
12670.9	66
12671	101
12671.2	47
12671.4	81
12671.5	65
12671.7	73
12671.9	72
12672	65
12672.2	74
12672.4	96
12672.5	82
12672.7	76
12672.8	74
12673	71
12673.2	92
12673.3	73
12673.5	78
12673.7	75
12673.8	91
12674	80
12674.2	72
12674.3	71
12674.5	67
12674.7	73
12674.8	86
12675	88
12675.2	51
12675.3	69
12675.5	78
12675.7	79
12675.8	92
12676	67
12676.2	88
12676.3	81
12676.5	89
12676.7	98
12676.8	95
12677	64
12677.2	66
12677.3	88
12677.5	69
12677.7	77
12677.8	68
12678	59
12678.2	96
12678.3	98
12678.5	78
12678.7	80
12678.8	77
12679	56
12679.1	85
12679.3	95
12679.5	82
12679.6	78
12679.8	72
12680	78
12680.1	85
12680.3	85
12680.5	85
12680.6	74
12680.8	79
12681	68
12681.1	86
12681.3	72
12681.5	63
12681.6	89
12681.8	106
12682	89
12682.1	78
12682.3	79
12682.5	80
12682.6	85
12682.8	74
12683	89
12683.1	61
12683.3	84
12683.4	76
12683.6	95
12683.8	84
12683.9	86
12684.1	64
12684.3	72
12684.4	77
12684.6	82
12684.8	79
12684.9	81.5
12685.1	84
12685.3	80
12685.4	81
12685.6	85
12685.8	96
12685.9	58
12686.1	62
12686.3	76
12686.4	82
12686.6	102
12686.8	87
12686.9	65
12687.1	74
12687.2	69
12687.4	83
12687.6	97
12687.7	84
12687.9	71
12688.1	80
12688.2	77
12688.4	92
12688.6	94
12688.7	81
12688.9	76
12689.1	86
12689.2	74
12689.4	67
12689.6	84
12689.7	72
12689.9	87
12690	91
12690.2	71
12690.4	88
12690.5	100
12690.7	67
12690.9	85
12691	81
12691.2	88
12691.4	58
12691.5	63
12691.7	74
12691.9	90
12692	84
12692.2	93
12692.4	75
12692.5	75
12692.7	87
12692.8	104
12693	92
12693.2	93
12693.3	69
12693.5	71
12693.7	88
12693.8	76
12694	84
12694.2	84
12694.3	67
12694.5	78
12694.7	78
12694.8	84
12695	100
12695.1	69
12695.3	85
12695.5	99
12695.6	84
12695.8	84
12696	62
12696.1	64
12696.3	61
12696.5	80
12696.6	84
12696.8	85
12697	78
12697.1	76
12697.3	110
12697.4	86
12697.6	116
12697.8	87
12697.9	76
12698.1	73
12698.3	89
12698.4	80
12698.6	73
12698.8	76
12698.9	70
12699.1	88
12699.3	70
12699.4	82
12699.6	74
12699.7	75
12699.9	66
12700.1	81
12700.2	95
12700.4	83
12700.6	73
12700.7	79
12700.9	80
12701.1	71
12701.2	91
12701.4	74
12701.5	89
12701.7	98
12701.9	85
12702	95
12702.2	71
12702.4	62
12702.5	81
12702.7	86
12702.9	101
12703	87
12703.2	73
12703.3	62
12703.5	79
12703.7	72
12703.8	83
12704	82
12704.2	79
12704.3	83
12704.5	68
12704.7	73
12704.8	71
12705	85
12705.1	69
12705.3	98
12705.5	72
12705.6	81
12705.8	78
12706	80
12706.1	53
12706.3	90
12706.5	80
12706.6	89
12706.8	68
12706.9	80
12707.1	59
12707.3	90
12707.4	98
12707.6	74
12707.8	80
12707.9	79
12708.1	73
12708.3	73
12708.4	63
12708.6	62
12708.7	83
12708.9	90
12709.1	110
12709.2	107
12709.4	79
12709.6	71
12709.7	79
12709.9	63
12710	99
12710.2	67
12710.4	73
12710.5	91
12710.7	73
12710.9	77
12711	77
12711.2	82
12711.4	65
12711.5	86
12711.7	76
12711.8	86
12712	71
12712.2	72
12712.3	73
12712.5	62
12712.7	63
12712.8	67
12713	58
12713.1	78
12713.3	63
12713.5	79
12713.6	83
12713.8	39
12714	77
12714.1	79
12714.3	93
12714.4	95
12714.6	85
12714.8	84
12714.9	71
12715.1	60
12715.3	93
12715.4	80
12715.6	82
12715.8	91
12715.9	64
12716.1	86
12716.2	92
12716.4	89
12716.6	63
12716.7	70
12716.9	51
12717.1	74
12717.2	74
12717.4	83
12717.5	81
12717.7	55
12717.9	77
12718	77
12718.2	77
12718.4	82
12718.5	59
12718.7	86
12718.8	66
12719	80
12719.2	81
12719.3	77
12719.5	95
12719.7	63
12719.8	76
12720	70
12720.1	74
12720.3	61
12720.5	85
12720.6	82
12720.8	67
12721	91
12721.1	96
12721.3	66
12721.4	101
12721.6	79
12721.8	69
12721.9	84
12722.1	73
12722.2	68
12722.4	71
12722.6	80
12722.7	76
12722.9	80
12723.1	68
12723.2	81
12723.4	74
12723.5	82
12723.7	66
12723.9	66
12724	80
12724.2	71
12724.4	101
12724.5	61
12724.7	65
12724.8	74
12725	69
12725.2	80
12725.3	80
12725.5	82
12725.7	93
12725.8	94
12726	80
12726.1	74
12726.3	67
12726.5	64
12726.6	71
12726.8	74
12726.9	73
12727.1	77
12727.3	68
12727.4	67
12727.6	73
12727.8	54
12727.9	88
12728.1	62
12728.2	65
12728.4	84
12728.6	67
12728.7	66
12728.9	93
12729.1	76
12729.2	66
12729.4	81
12729.5	61
12729.7	84
12729.9	62
12730	47
12730.2	82
12730.3	78
12730.5	78
12730.7	69
12730.8	57
12731	65
12731.2	55
12731.3	73
12731.5	84
12731.6	72
12731.8	52
12732	71
12732.1	82
12732.3	80
12732.4	78
12732.6	72
12732.8	79
12732.9	75
12733.1	70
12733.3	89
12733.4	84
12733.6	77
12733.7	85
12733.9	79
12734.1	78
12734.2	84
12734.4	68
12734.5	68
12734.7	61
12734.9	91
12735	78
12735.2	68
12735.3	78
12735.5	80
12735.7	69
12735.8	91
12736	82
12736.2	73
12736.3	80
12736.5	70
12736.6	77
12736.8	69
12737	96
12737.1	72
12737.3	75
12737.4	76
12737.6	84
12737.8	66
12737.9	68
12738.1	77
12738.2	62
12738.4	64
12738.6	89
12738.7	82
12738.9	70
12739.1	69
12739.2	74
12739.4	110
12739.5	69
12739.7	67
12739.9	68
12740	67
12740.2	75
12740.3	74
12740.5	77
12740.7	86
12740.8	77
12741	79
12741.1	51
12741.3	78
12741.5	63
12741.6	70
12741.8	71
12741.9	67
12742.1	63
12742.3	71
12742.4	77
12742.6	79
12742.8	91
12742.9	87
12743.1	59
12743.2	70
12743.4	57
12743.6	77
12743.7	71
12743.9	77
12744	97
12744.2	74
12744.4	80
12744.5	85
12744.7	66
12744.8	76
12745	59
12745.2	58
12745.3	86
12745.5	87
12745.6	66
12745.8	63
12746	81
12746.1	87
12746.3	79
12746.4	97
12746.6	83
12746.8	66
12746.9	65
12747.1	77
12747.2	86
12747.4	67
12747.6	63
12747.7	58
12747.9	70
12748	87
12748.2	79
12748.4	71
12748.5	45
12748.7	83
12748.8	81
12749	79
12749.2	107
12749.3	86
12749.5	65
12749.6	86
12749.8	75
12750	83
12750.1	95
12750.3	66
12750.4	71
12750.6	73
12750.8	83
12750.9	69
12751.1	77
12751.2	63
12751.4	62
12751.6	83
12751.7	70
12751.9	78
12752	61
12752.2	63
12752.4	73
12752.5	85
12752.7	79
12752.8	60
12753	73
12753.2	98
12753.3	86
12753.5	65
12753.6	74
12753.8	54
12754	75
12754.1	65
12754.3	78
12754.4	81
12754.6	79
12754.8	87
12754.9	60
12755.1	69
12755.2	66
12755.4	75
12755.6	77
12755.7	82
12755.9	88
12756	83
12756.2	79
12756.4	82
12756.5	87
12756.7	82
12756.8	73
12757	71
12757.2	59
12757.3	39
12757.5	89
12757.6	88
12757.8	107
12758	69
12758.1	69
12758.3	70
12758.4	66
12758.6	85
12758.8	82
12758.9	92
12759.1	87
12759.2	67
12759.4	72
12759.6	65
12759.7	70
12759.9	73
12760	83
12760.2	82
12760.3	84
12760.5	47
12760.7	70
12760.8	89
12761	61
12761.1	80
12761.3	103
12761.5	67
12761.6	62
12761.8	66
12761.9	64
12762.1	99
12762.3	67
12762.4	69
12762.6	69
12762.7	82
12762.9	91
12763.1	69
12763.2	58
12763.4	70
12763.5	77
12763.7	87
12763.8	78
12764	55
12764.2	55
12764.3	78
12764.5	81
12764.6	73
12764.8	65
12765	57
12765.1	89
12765.3	58
12765.4	84
12765.6	78
12765.8	70
12765.9	86
12766.1	57
12766.2	70
12766.4	73
12766.6	75
12766.7	75
12766.9	66
12767	43
12767.2	70
12767.3	59
12767.5	69
12767.7	79
12767.8	79
12768	89
12768.1	81
12768.3	80
12768.5	63
12768.6	63
12768.8	84
12768.9	78
12769.1	56
12769.2	71
12769.4	89
12769.6	60
12769.7	79
12769.9	92
12770	65
12770.2	90
12770.4	60
12770.5	87
12770.7	86
12770.8	58
12771	69
12771.2	70
12771.3	51
12771.5	103
12771.6	81
12771.8	44
12771.9	77
12772.1	69
12772.3	75
12772.4	90
12772.6	64
12772.7	68
12772.9	76
12773.1	39
12773.2	87
12773.4	86
12773.5	94
12773.7	74
12773.8	87
12774	105
12774.2	55
12774.3	81
12774.5	73
12774.6	87
12774.8	58
12775	77
12775.1	68
12775.3	84
12775.4	73
12775.6	67
12775.7	76
12775.9	56
12776.1	82
12776.2	76
12776.4	57
12776.5	60
12776.7	64
12776.8	77
12777	74
12777.2	58
12777.3	70
12777.5	84
12777.6	58
12777.8	73
12778	75
12778.1	43
12778.3	72
12778.4	87
12778.6	88
12778.7	77
12778.9	75
12779.1	68
12779.2	71
12779.4	57.9813
12779.5	65.853
12779.7	74.6873
12779.8	65.8871
12780	72.4699
12780.2	78.4386
12780.3	85.5324
12780.5	87.7979
12780.6	68.5792
12780.8	76.7438
12781	68.2462
12781.1	61.4535
12781.3	66.7864
12781.4	70.165
12781.6	67.48
12781.7	87.826
12781.9	61.5233
12782.1	78.5561
12782.2	69.6457
12782.4	69.3063
12782.5	81.9561
12782.7	71.7953
12782.8	74.2486
12783	80.1318
12783.2	70.1016
12783.3	65.514
12783.5	76.6402
12783.6	68.2157
12783.8	81.3796
12783.9	69.7555
12784.1	58.4511
12784.3	53.6206
12784.4	64.8724
12784.6	71.2175
12784.7	70.4943
12784.9	57.6332
12785	69.8416
12785.2	69.5222
12785.4	56.827
12785.5	68.3608
12785.7	52.905
12785.8	67.7367
12786	77.5012
12786.2	72.966
12786.3	73.1408
12786.5	78.5344
12786.6	60.7007
12786.8	68.1273
12786.9	71.1502
12787.1	64.313
12787.3	71.5344
12787.4	61.8412
12787.6	66.8837
12787.7	51.8378
12787.9	52.3429
12788	70.0521
12788.2	74.0725
12788.4	69.022
12788.5	65.5501
12788.7	67.4246
12788.8	67.1632
12789	69.1898
12789.1	56.7331
12789.3	62.9791
12789.5	59.7063
12789.6	58.2539
12789.8	56.5157
12789.9	68.6051
12790.1	74.0257
12790.2	66.3191
12790.4	58.736
12790.5	61.7282
12790.7	71.299
12790.9	73.3588
12791	68.1363
12791.2	75.2351
12791.3	74.4957
12791.5	60.6369
12791.6	73.4337
12791.8	73.3624
12792	66.4369
12792.1	63.6983
12792.3	55.1093
12792.4	65.585
12792.6	74.6283
12792.7	74.4944
12792.9	65.8835
12793.1	66.9047
12793.2	61.8028
12793.4	68.1858
12793.5	65.3908
12793.7	69.1066
12793.8	58.957
12794	60.4795
12794.2	62.8145
12794.3	74.2689
12794.5	78.0396
12794.6	67.9372
12794.8	65.9309
12794.9	71.304
12795.1	74.6602
12795.3	71.1309
12795.4	77.8074
12795.4	78
12795.6	65
12795.7	61
12795.9	59
12796	67
12796.2	73
12796.4	66
12796.5	86
12796.7	67
12796.8	69
12797	84
12797.2	69
12797.3	71
12797.5	63
12797.6	74
12797.8	84
12797.9	84
12798.1	65
12798.3	51
12798.4	63
12798.6	84
12798.7	82
12798.9	74
12799.1	69
12799.2	81
12799.4	74
12799.5	61
12799.7	75
12799.8	98
12800	82
12800.2	69
12800.3	80
12800.5	65
12800.6	73
12800.8	73
12801	68
12801.1	88
12801.3	76
12801.4	76
12801.6	64
12801.7	56
12801.9	64
12802.1	74
12802.2	78
12802.4	78
12802.5	62
12802.7	92
12802.8	79
12803	91
12803.2	97
12803.3	87
12803.5	44
12803.6	89
12803.8	85
12804	72
12804.1	71
12804.3	78
12804.4	102
12804.6	70
12804.7	86
12804.9	75
12805.1	63
12805.2	83
12805.4	87
12805.5	85
12805.7	81
12805.8	89
12806	67
12806.2	105
12806.3	86
12806.5	78
12806.6	94
12806.8	71
12806.9	60
12807.1	79
12807.3	77
12807.4	79
12807.6	73
12807.7	76
12807.9	81
12808	90
12808.2	91
12808.4	90
12808.5	62
12808.7	50
12808.8	75
12809	93
12809.2	105
12809.3	85
12809.5	61
12809.6	87
12809.8	80
12809.9	78
12810.1	64
12810.3	78
12810.4	89
12810.6	86
12810.7	85
12810.9	104
12811	81
12811.2	66
12811.4	73
12811.5	88
12811.7	76
12811.8	68
12812	87
12812.1	90
12812.3	74
12812.5	68
12812.6	96
12812.8	61
12812.9	95
12813.1	81
12813.2	78
12813.4	68
12813.6	96
12813.7	77
12813.9	64
12814	73
12814.2	104
12814.3	98
12814.5	80
12814.7	64
12814.8	82
12815	86
12815.1	69
12815.3	82
12815.4	84
12815.6	77
12815.8	97
12815.9	96
12816.1	89
12816.2	88
12816.4	60
12816.5	86
12816.7	96
12816.8	88
12817	78
12817.2	92
12817.3	79
12817.5	78
12817.6	78
12817.8	81
12817.9	50
12818.1	59
12818.3	67
12818.4	97
12818.6	78
12818.7	75
12818.9	77
12819	95
12819.2	92
12819.4	87
12819.5	99
12819.7	86
12819.8	55
12820	88
12820.1	83
12820.3	51
12820.5	83
12820.6	91
12820.8	72
12820.9	75
12821.1	49
12821.2	81
12821.4	67
12821.5	78
12821.7	69
12821.9	96
12822	70
12822.2	87
12822.3	71
12822.5	78
12822.6	84
12822.8	89
12823	87
12823.1	85
12823.3	59
12823.4	84
12823.6	78
12823.7	63
12823.9	72
12824	71
12824.2	60
12824.4	79
12824.5	65
12824.7	86
12824.8	67
12825	76
12825.1	87
12825.3	80
12825.5	99
12825.6	69
12825.8	76
12825.9	75
12826.1	100
12826.2	93
12826.4	110
12826.5	74
12826.7	77
12826.9	76
12827	80
12827.2	75
12827.3	67
12827.5	58
12827.6	92
12827.8	84
12828	81
12828.1	77
12828.3	51
12828.4	86
12828.6	86
12828.7	72
12828.9	84
12829	85
12829.2	87
12829.4	67
12829.5	82
12829.7	102
12829.8	70
12830	69
12830.1	79
12830.3	93
12830.4	69
12830.6	85
12830.8	76
12830.9	65
12831.1	68
12831.2	64
12831.4	80
12831.5	74
12831.7	72
12831.8	68
12832	60
12832.2	92
12832.3	78
12832.5	64
12832.6	76
12832.8	68
12832.9	72
12833.1	74
12833.2	98
12833.4	76
12833.6	94
12833.7	80
12833.9	71
12834	93
12834.2	74
12834.3	59
12834.5	74
12834.6	71
12834.8	90
12835	69
12835.1	67
12835.3	91
12835.4	81
12835.6	75
12835.7	94
12835.9	75
12836	63
12836.2	70
12836.4	87
12836.5	65
12836.7	77
12836.8	91
12837	95
12837.1	97
12837.3	76
12837.4	64
12837.6	69
12837.8	83
12837.9	84
12838.1	62
12838.2	90
12838.4	100
12838.5	63
12838.7	70
12838.8	71
12839	83
12839.1	94
12839.3	77
12839.5	79
12839.6	83
12839.8	75
12839.9	73
12840.1	72
12840.2	83
12840.4	77
12840.5	79
12840.7	84
12840.9	80
12841	87
12841.2	80
12841.3	67
12841.5	92
12841.6	74
12841.8	59
12841.9	78
12842.1	79
12842.2	76
12842.4	75
12842.6	75
12842.7	73
12842.9	83
12843	78
12843.2	73
12843.3	81
12843.5	72
12843.6	87
12843.8	63
12844	60
12844.1	88
12844.3	78
12844.4	79
12844.6	91
12844.7	80
12844.9	72
12845	85
12845.2	59
12845.3	57
12845.5	62
12845.7	64
12845.8	78
12846	95
12846.1	94
12846.3	107
12846.4	70
12846.6	91
12846.7	97
12846.9	89
12847	101
12847.2	69
12847.4	91
12847.5	88
12847.7	70
12847.8	60
12848	68
12848.1	97
12848.3	72
12848.4	81
12848.6	88
12848.7	66
12848.9	80
12849.1	84
12849.2	80
12849.4	82
12849.5	77
12849.7	90
12849.8	66
12850	70
12850.1	81
12850.3	72
12850.4	97
12850.6	91
12850.8	49
12850.9	86
12851.1	88
12851.2	68
12851.4	63
12851.5	84
12851.7	59
12851.8	94
12852	82
12852.1	53
12852.3	90
12852.4	83
12852.6	93
12852.8	85
12852.9	66
12853.1	81
12853.2	79
12853.4	64
12853.5	84
12853.7	77
12853.8	52
12854	93
12854.1	78
12854.3	72
12854.4	72
12854.6	58
12854.8	78
12854.9	83
12855.1	68
12855.2	78
12855.4	61
12855.5	49
12855.7	83
12855.8	74
12856	79
12856.1	64
12856.3	78
12856.4	71
12856.6	69
12856.8	85
12856.9	66
12857.1	57
12857.2	39
12857.4	58
12857.5	84
12857.7	83
12857.8	86
12858	79
12858.1	61
12858.3	84
12858.4	73
12858.6	91
12858.8	85
12858.9	70
12859.1	78
12859.2	52
12859.4	73
12859.5	84
12859.7	75
12859.8	75
12860	78
12860.1	76
12860.3	74
12860.4	75
12860.6	77
12860.8	71
12860.9	70
12861.1	83
12861.2	71
12861.4	68
12861.5	73
12861.7	77
12861.8	85
12862	93
12862.1	78
12862.3	76
12862.4	70
12862.6	66
12862.7	72
12862.9	57
12863.1	64
12863.2	77
12863.4	85
12863.5	80
12863.7	82
12863.8	82
12864	78
12864.1	66
12864.3	74
12864.4	77
12864.6	63
12864.7	41
12864.9	57
12865	73
12865.2	94
12865.4	75
12865.5	84
12865.7	78
12865.8	80
12866	71
12866.1	75
12866.3	64
12866.4	73
12866.6	82
12866.7	79
12866.9	79
12867	68
12867.2	68
12867.3	77
12867.5	63
12867.6	75
12867.8	88
12868	70
12868.1	52
12868.3	95
12868.4	73
12868.6	72
12868.7	81
12868.9	98
12869	63
12869.2	96
12869.3	80
12869.5	74
12869.6	79
12869.8	61
12869.9	74
12870.1	64
12870.2	65
12870.4	61
12870.5	76
12870.7	69
12870.9	76
12871	80
12871.2	78
12871.3	74
12871.5	52
12871.6	76
12871.8	64
12871.9	87
12872.1	57
12872.2	80
12872.4	76
12872.5	74
12872.7	77
12872.8	90
12873	88
12873.1	58
12873.3	87
12873.5	88
12873.6	79
12873.8	48
12873.9	63
12874.1	63
12874.2	86
12874.4	75
12874.5	56
12874.7	81
12874.8	55
12875	69
12875.1	61
12875.3	88
12875.4	82
12875.6	83
12875.7	84
12875.9	80
12876	82
12876.2	89
12876.3	81
12876.5	68
12876.7	86
12876.8	71
12877	78
12877.1	68
12877.3	76
12877.4	51
12877.6	77
12877.7	83
12877.9	108
12878	84
12878.2	71
12878.3	82
12878.5	79
12878.6	88
12878.8	84
12878.9	57
12879.1	67
12879.2	81
12879.4	66
12879.5	86
12879.7	66
12879.8	97
12880	76
12880.1	85
12880.3	77
12880.5	69
12880.6	52
12880.8	78
12880.9	82
12881.1	72
12881.2	64
12881.4	74
12881.5	79
12881.7	85
12881.8	76
12882	88
12882.1	85
12882.3	61
12882.4	80
12882.6	106
12882.7	92
12882.9	74
12883	84
12883.2	88
12883.3	85
12883.5	80
12883.6	95
12883.8	74
12883.9	54
12884.1	76
12884.2	64
12884.4	79
12884.6	65
12884.7	79
12884.9	64
12885	70
12885.2	93
12885.3	92
12885.5	75
12885.6	66
12885.8	79
12885.9	80
12886.1	78
12886.2	77
12886.4	69
12886.5	75
12886.7	52
12886.8	79
12887	84
12887.1	60
12887.3	73
12887.4	80
12887.6	81
12887.7	66
12887.9	78
12888	88
12888.2	68
12888.3	96
12888.5	93
12888.6	67
12888.8	78
12888.9	76
12889.1	84
12889.2	92
12889.4	83
12889.6	65
12889.7	78
12889.9	70
12890	62
12890.2	89
12890.3	76
12890.5	95
12890.6	85
12890.8	83
12890.9	98
12891.1	100
12891.2	89
12891.4	86
12891.5	73
12891.7	61
12891.8	86
12892	72
12892.1	81
12892.3	58
12892.4	72
12892.6	73
12892.7	104
12892.9	74
12893	73
12893.2	78
12893.3	68
12893.5	64
12893.6	73
12893.8	98
12893.9	71
12894.1	72
12894.2	94
12894.4	74
12894.5	77
12894.7	83
12894.8	86
12895	87
12895.1	59
12895.3	78
12895.4	79
12895.6	95
12895.7	55
12895.9	75
12896	93
12896.2	93
12896.3	55
12896.5	85
12896.7	85
12896.8	82
12897	96
12897.1	77
12897.3	76
12897.4	102
12897.6	95
12897.7	94
12897.9	90
12898	74
12898.2	99
12898.3	113
12898.5	71
12898.6	99
12898.8	95
12898.9	99
12899.1	90
12899.2	79
12899.4	89
12899.5	97
12899.7	75
12899.8	95
12900	95
12900.1	90
12900.3	86
12900.4	75
12900.6	81
12900.7	97
12900.9	77
12901	93
12901.2	91
12901.3	70
12901.5	78
12901.6	80
12901.8	98
12901.9	91
12902.1	89
12902.2	75
12902.4	106
12902.5	111
12902.7	105
12902.8	88
12903	63
12903.1	81
12903.3	113
12903.4	98
12903.6	86
12903.7	99
12903.9	92
12904	112
12904.2	105
12904.3	91
12904.5	109
12904.6	80
12904.8	104
12904.9	108
12905.1	91
12905.2	86
12905.4	106
12905.5	86
12905.7	94
12905.8	93
12906	89
12906.1	109
12906.3	83
12906.4	87
12906.6	94
12906.7	106
12906.9	96
12907	93
12907.2	101
12907.3	105
12907.5	121
12907.6	100
12907.8	94
12907.9	90
12908.1	100
12908.2	106
12908.4	88
12908.5	89
12908.7	77
12908.8	78
12909	83
12909.1	104
12909.3	92
12909.4	80
12909.6	97
12909.7	117
12909.9	96
12910	98
12910.2	112
12910.3	84
12910.5	80
12910.6	82
12910.8	111
12910.9	94
12911.1	112
12911.2	116
12911.4	95
12911.5	95
12911.7	105
12911.8	106
12912	92
12912.1	109
12912.3	93
12912.4	82
12912.6	81
12912.7	72
12912.9	90
12913	106
12913.2	99
12913.3	120
12913.5	82
12913.6	83
12913.8	97
12913.9	109
12914.1	88
12914.2	105
12914.4	89
12914.5	88
12914.7	94
12914.8	100
12915	98
12915.1	110
12915.3	88
12915.4	95
12915.6	88
12915.7	93
12915.9	83
12916	98
12916.2	99
12916.3	80
12916.5	112
12916.6	125
12916.7	83
12916.9	83
12917	74
12917.2	80
12917.3	72
12917.5	99
12917.6	79
12917.8	91
12917.9	104
12918.1	106
12918.2	101
12918.4	87
12918.5	63
12918.7	94
12918.8	93
12919	86
12919.1	87
12919.3	97
12919.4	97
12919.6	100
12919.7	93
12919.9	105
12920	92
12920.2	76
12920.3	96
12920.5	116
12920.6	100
12920.8	102
12920.9	72
12921.1	52
12921.2	107.809
12921.4	89.8047
12921.5	77.1318
12921.7	87.731
12921.8	66.5169
12922	64.7797
12922.1	87.9809
12922.3	85.5675
12922.4	71.0821
12922.6	100.932
12922.7	97.7271
12922.9	91.3974
12923	72.952
12923.2	77.9393
12923.3	86.2192
12923.5	63.9441
12923.6	75.1403
12923.7	80.7427
12923.9	98.0812
12924	88.1826
12924.2	74.4185
12924.3	77.7354
12924.5	88.0674
12924.6	89.6011
12924.8	98.6951
12924.9	86.3475
12925.1	77.251
12925.2	65.8849
12925.4	74.0529
12925.5	95.9683
12925.7	88.8815
12925.8	76.4739
12926	75.2147
12926.1	80.7461
12926.3	74.0048
12926.4	78.5159
12926.6	72.3903
12926.7	74.9826
12926.9	100.674
12927	89.5653
12927.2	83.1269
12927.3	86.5558
12927.5	68.7664
12927.6	73.0764
12927.8	74.1048
12927.9	91.431
12928.1	94.399
12928.2	84.4888
12928.4	89.0189
12928.5	75.2942
12928.6	66.0256
12928.8	64.0261
12928.9	73.6133
12929.1	65.7806
12929.2	78.2017
12929.4	85.029
12929.5	82.146
12929.7	81.1105
12929.8	66.1349
12930	75.6796
12930.1	68.8833
12930.3	63.9725
12930.4	69.1603
12930.6	75.9414
12930.7	75.3934
12930.9	80.8826
12931	78.0621
12931.2	69.0054
12931.3	79.2663
12931.5	77.9275
12931.6	73.8067
12931.8	66.7273
12931.9	65.3236
12932.1	72.4414
12932.2	68.1882
12932.4	68.8175
12932.5	64.8333
12932.7	70.9599
12932.8	72.8654
12932.9	68.6283
12933.1	70.8692
12933.2	80.1569
12933.4	70.4835
12933.5	64.7578
12933.7	63.6428
12933.8	74.5181
12934	73.6057
12934.1	69.9882
12934.3	69.4329
12934.4	74.5865
12934.6	61.004
12934.7	78.1809
12934.9	84.053
12935	73.3415
12935.2	66.5605
12935.3	52.9494
12935.5	57.2342
12935.6	71.1146
12935.8	81.884
12935.9	72.7383
12936.1	67.3376
12936.2	66.7973
12936.3	75.4254
12936.5	57.6049
12936.6	51
12936.8	57
12936.9	55
12937.1	64
12937.2	79
12937.4	71
12937.5	42
12937.7	71
12937.8	58
12938	71
12938.1	91
12938.3	73
12938.4	67
12938.6	53
12938.7	67
12938.9	73
12939	72
12939.2	53
12939.3	50
12939.5	57
12939.6	60
12939.8	62
12939.9	70
12940.1	67
12940.2	82
12940.4	60
12940.5	73
12940.7	79
12940.8	57
12941	43
12941.1	66
12941.3	82
12941.4	71
12941.6	76
12941.7	63
12941.9	69
12942	77
12942.2	61
12942.3	66
12942.5	41
12942.6	76
12942.8	78
12942.9	86
12943.1	75
12943.2	52
12943.3	52
12943.5	63
12943.6	85
12943.8	61
12943.9	86
12944.1	78
12944.2	89
12944.4	94
12944.5	64
12944.7	43
12944.8	65
12945	66
12945.1	85
12945.3	66
12945.4	57
12945.6	88
12945.7	55
12945.9	62
12946	87
12946.2	80
12946.3	68
12946.5	85
12946.6	61
12946.8	67
12946.9	70
12947.1	78
12947.2	86
12947.4	68
12947.5	55
12947.7	67
12947.8	65
12948	61
12948.1	56
12948.3	53
12948.4	69
12948.6	80
12948.7	76
12948.9	74
12949	78
12949.2	52
12949.3	72
12949.4	72
12949.6	61
12949.7	77
12949.9	58
12950	76
12950.2	96
12950.3	72
12950.5	74
12950.6	65
12950.8	58
12950.9	82
12951.1	94
12951.2	85
12951.4	68
12951.5	75
12951.7	75
12951.8	59
12952	54
12952.1	72
12952.3	61
12952.4	71
12952.6	69
12952.7	81
12952.9	66
12953	38
12953.2	77
12953.3	70
12953.5	62
12953.6	69
12953.8	77
12953.9	62
12954	53
12954.2	67
12954.3	76
12954.5	76
12954.6	65
12954.8	54
12954.9	53
12955.1	56
12955.2	66
12955.4	80
12955.5	73
12955.7	74
12955.8	82
12956	79
12956.1	82
12956.3	76
12956.4	67
12956.6	83
12956.7	71
12956.9	83
12957	92
12957.2	75
12957.3	75
12957.5	77
12957.6	73
12957.8	54
12957.9	65
12958	57
12958.2	74
12958.3	74
12958.5	55
12958.6	62
12958.8	62
12958.9	71
12959.1	85
12959.2	65
12959.4	87
12959.5	61
12959.7	63
12959.8	78
12960	64
12960.1	83
12960.3	64
12960.4	83
12960.6	67
12960.7	70
12960.9	73
12961	70
12961.1	59
12961.3	75
12961.4	67
12961.6	60
12961.7	65
12961.9	63
12962	67
12962.2	87
12962.3	80
12962.5	76
12962.6	63
12962.8	71
12962.9	65
12963.1	70
12963.2	74
12963.4	55
12963.5	81
12963.7	52
12963.8	83
12964	57
12964.1	73
12964.2	54
12964.4	58
12964.5	77
12964.7	62
12964.8	72
12965	61
12965.1	55
12965.3	72
12965.4	45
12965.6	56
12965.7	76
12965.9	83
12966	80
12966.2	58
12966.3	78
12966.5	86
12966.6	81
12966.8	76
12966.9	77
12967	79
12967.2	71
12967.3	70
12967.5	74
12967.6	68
12967.8	55
12967.9	87
12968.1	69
12968.2	71
12968.4	66
12968.5	59
12968.7	51
12968.8	60
12969	71
12969.1	85
12969.3	55
12969.4	65
12969.5	62
12969.7	61
12969.8	80
12970	81
12970.1	60
12970.3	73
12970.4	60
12970.6	56
12970.7	78
12970.9	68
12971	54
12971.2	62
12971.3	70
12971.5	87
12971.6	66
12971.8	61
12971.9	67
12972	69
12972.2	71
12972.3	69
12972.5	76
12972.6	65
12972.8	84
12972.9	77
12973.1	70
12973.2	72
12973.4	62
12973.5	82
12973.7	74
12973.8	79
12974	64
12974.1	59
12974.2	65
12974.4	75
12974.5	69
12974.7	66
12974.8	63
12975	56
12975.1	75
12975.3	68
12975.4	69
12975.6	65
12975.7	62
12975.9	61
12976	74
12976.2	90
12976.3	84
12976.4	75
12976.6	48
12976.7	71
12976.9	65
12977	70
12977.2	73
12977.3	66
12977.5	77
12977.6	64
12977.8	77
12977.9	84
12978.1	67
12978.2	70
12978.4	70
12978.5	60
12978.6	70
12978.8	77
12978.9	69
12979.1	67
12979.2	48
12979.4	83
12979.5	86
12979.7	74
12979.8	49
12980	72
12980.1	53
12980.3	61
12980.4	73
12980.5	64
12980.7	56
12980.8	66
12981	68
12981.1	86
12981.3	72
12981.4	56
12981.6	73
12981.7	76
12981.9	91
12982	80
12982.2	74
12982.3	58
12982.4	82
12982.6	65
12982.7	82
12982.9	77
12983	61
12983.2	49
12983.3	76
12983.5	63
12983.6	54
12983.8	82
12983.9	74
12984.1	60
12984.2	79
12984.3	73
12984.5	73
12984.6	75
12984.8	72
12984.9	79
12985.1	68
12985.2	50
12985.4	61
12985.5	82
12985.7	65
12985.8	84
12985.9	75
12986.1	68
12986.2	83
12986.4	60
12986.5	62
12986.7	85
12986.8	60
12987	89
12987.1	74
12987.3	49
12987.4	54
12987.6	64
12987.7	78
12987.8	79
12988	74
12988.1	77
12988.3	80
12988.4	69
12988.6	69
12988.7	65
12988.9	52
12989	70
12989.2	86
12989.3	78
12989.4	72
12989.6	76
12989.7	69
12989.9	73
12990	87
12990.2	52
12990.3	64
12990.5	74
12990.6	68
12990.8	69
12990.9	72
12991	70
12991.2	73
12991.3	76
12991.5	76
12991.6	56
12991.8	59
12991.9	82
12992.1	74
12992.2	60
12992.4	76
12992.5	73
12992.6	69
12992.8	77
12992.9	68
12993.1	54
12993.2	64
12993.4	42
12993.5	70
12993.7	74
12993.8	71
12994	74
12994.1	73
12994.2	65
12994.4	51
12994.5	83
12994.7	73
12994.8	70
12995	40
12995.1	61
12995.3	65
12995.4	72
12995.5	69
12995.7	64
12995.8	58
12996	62
12996.1	58
12996.3	76
12996.4	90
12996.6	41
12996.7	75
12996.9	73
12997	58
12997.1	67
12997.3	64
12997.4	65
12997.6	74
12997.7	77
12997.9	75
12998	62
12998.2	52
12998.3	71
12998.4	68
12998.6	71
12998.7	55
12998.9	66
12999	65
12999.2	76
12999.3	73
12999.5	73
12999.6	63
12999.8	68
12999.9	88
13000	72
13000.2	80
13000.3	63
13000.5	62
13000.6	76
13000.8	66
13000.9	66
13001.1	65
13001.2	55
13001.3	74
13001.5	75
13001.6	69
13001.8	84
13001.9	79
13002.1	61
13002.2	73
13002.4	52
13002.5	84
13002.6	63
13002.8	100
13002.9	62
13003.1	46
13003.2	76
13003.4	75
13003.5	68
13003.7	37
13003.8	55
13003.9	66
13004.1	51
13004.2	62
13004.4	50
13004.5	71
13004.7	53
13004.8	49
13005	73
13005.1	51
13005.2	59
13005.4	70
13005.5	60
13005.7	74
13005.8	61
13006	43
13006.1	69
13006.3	82
13006.4	79
13006.5	70
13006.7	45
13006.8	50
13007	71
13007.1	69
13007.3	73
13007.4	74
13007.6	63
13007.7	59
13007.8	56
13008	72
13008.1	69
13008.3	85
13008.4	69
13008.6	76
13008.7	72
13008.9	66
13009	68
13009.1	60
13009.3	56
13009.4	88
13009.6	67
13009.7	72
13009.9	72
13010	70
13010.1	54
13010.3	75
13010.4	56
13010.6	62
13010.7	69
13010.9	65
13011	57
13011.2	68
13011.3	65
13011.4	62
13011.6	58
13011.7	58
13011.9	86
13012	68
13012.2	71
13012.3	63
13012.5	57
13012.6	75
13012.7	72
13012.9	63
13013	43
13013.2	66
13013.3	69
13013.5	64
13013.6	65
13013.7	43
13013.9	65
13014	62
13014.2	64
13014.3	58
13014.5	63
13014.6	52
13014.8	49
13014.9	72
13015	67
13015.2	77
13015.3	66
13015.5	54
13015.6	54
13015.8	67
13015.9	72
13016	77
13016.2	75
13016.3	69
13016.5	57
13016.6	72
13016.8	56
13016.9	69
13017	58
13017.2	44
13017.3	48
13017.5	72
13017.6	58
13017.8	55
13017.9	64
13018.1	60
13018.2	80
13018.3	79
13018.5	65
13018.6	42
13018.8	80
13018.9	62
13019.1	73
13019.2	72
13019.3	87
13019.5	66
13019.6	75
13019.8	60
13019.9	58
13020.1	59
13020.2	61
13020.3	67
13020.5	62
13020.6	61
13020.8	73
13020.9	76
13021.1	75
13021.2	57
13021.3	48
13021.5	68
13021.6	70
13021.8	57
13021.9	64
13022.1	60
13022.2	64
13022.4	71
13022.5	66
13022.6	56
13022.8	88
13022.9	72
13023.1	63
13023.2	71
13023.4	54
13023.5	58
13023.6	70
13023.8	71
13023.9	61
13024.1	53
13024.2	57
13024.4	71
13024.5	71
13024.6	84
13024.8	60
13024.9	30
13025.1	71
13025.2	65
13025.4	66
13025.5	56
13025.6	65
13025.8	59
13025.9	68
13026.1	85
13026.2	76
13026.4	68
13026.5	53
13026.6	78
13026.8	58
13026.9	62
13027.1	68
13027.2	52
13027.4	81
13027.5	53
13027.6	81
13027.8	66
13027.9	60
13028.1	46
13028.2	80
13028.4	54
13028.5	67
13028.6	68
13028.8	71
13028.9	70
13029.1	79
13029.2	79
13029.4	64
13029.5	63
13029.6	71
13029.8	73
13029.9	69
13030.1	60
13030.2	81
13030.3	73
13030.5	76
13030.6	74
13030.8	58
13030.9	80
13031.1	78
13031.2	64
13031.3	77
13031.5	85
13031.6	90
13031.8	59
13031.9	58
13032.1	70
13032.2	76
13032.3	83
13032.5	73
13032.6	55
13032.8	79
13032.9	86
13033.1	85
13033.2	96
13033.3	67
13033.5	79
13033.6	79
13033.8	76
13033.9	92
13034	83
13034.2	63
13034.3	93
13034.5	78
13034.6	72
13034.8	85
13034.9	81
13035	80
13035.2	91
13035.3	72
13035.5	86
13035.6	88
13035.8	80
13035.9	99
13036	100
13036.2	93
13036.3	120
13036.5	90
13036.6	93
13036.8	112
13036.9	96
13037	112
13037.2	111
13037.3	112
13037.5	110
13037.6	114
13037.7	132
13037.9	139
13038	136
13038.2	143
13038.3	149
13038.5	146
13038.6	157
13038.7	176
13038.9	171
13039	190
13039.2	187
13039.3	226
13039.4	220
13039.6	237
13039.7	251
13039.9	239
13040	289
13040.2	302
13040.3	316
13040.4	355
13040.6	409
13040.7	378
13040.9	423
13041	422
13041.1	461
13041.3	468
13041.4	493
13041.6	485
13041.7	469
13041.9	470
13042	498
13042.1	476
13042.3	480
13042.4	458
13042.6	445
13042.7	413
13042.8	394
13043	372
13043.1	351
13043.3	326
13043.4	324
13043.6	273
13043.7	264
13043.8	253
13044	243
13044.1	240
13044.3	224
13044.4	216
13044.5	224
13044.7	183
13044.8	178
13045	180
13045.1	168
13045.3	138
13045.4	149
13045.5	163
13045.7	154
13045.8	138
13046	123
13046.1	146
13046.2	137
13046.4	131
13046.5	111
13046.7	109
13046.8	109
13046.9	118
13047.1	125
13047.2	115
13047.4	90
13047.5	108
13047.7	115
13047.8	96
13047.9	97
13048.1	95
13048.2	88
13048.4	87
13048.5	90
13048.6	84
13048.8	91
13048.9	76
13049.1	83
13049.2	99
13049.3	80
13049.5	87
13049.6	86
13049.8	91
13049.9	93
13050.1	94
13050.2	75
13050.3	61
13050.5	71
13050.6	82
13050.8	91
13050.9	61
13051	70
13051.2	67
13051.3	59
13051.5	65
13051.6	74
13051.7	87
13051.9	83
13052	73
13052.2	76
13052.3	79
13052.4	79
13052.6	75
13052.7	62
13052.9	72
13053	65
13053.2	83
13053.3	95
13053.4	51
13053.6	54
13053.7	74
13053.9	81
13054	85
13054.1	67
13054.3	63
13054.4	45
13054.6	64
13054.7	82
13054.8	71
13055	77
13055.1	72
13055.3	60
13055.4	83
13055.5	57
13055.7	56.0293
13055.8	38.1424
13056	59.7614
13056.1	68.4056
13056.2	69.0341
13056.4	60.2093
13056.5	67.6377
13056.7	68.9622
13056.8	75.4031
13056.9	55.48
13057.1	72.3486
13057.2	70.7476
13057.4	64.563
13057.5	67.625
13057.7	61.3867
13057.8	48.7635
13057.9	74.4692
13058.1	62.7489
13058.2	66.3475
13058.4	50.4724
13058.5	50.1972
13058.6	63.4993
13058.8	60.1651
13058.9	58.189
13059.1	50.352
13059.2	55.6645
13059.3	54.239
13059.5	50.6305
13059.6	47.6644
13059.8	69.7543
13059.9	50.0774
13060	60.322
13060.2	61.0634
13060.3	68.6244
13060.5	70.2487
13060.6	50.84
13060.7	62.8699
13060.9	52.9725
13061	66.4337
13061.2	60.4158
13061.3	54.33
13061.4	41.8835
13061.6	53.4211
13061.7	58.9822
13061.9	49.5186
13062	47.2092
13062.1	63.9972
13062.3	65.9384
13062.4	54.9837
13062.6	55.7283
13062.7	51.0585
13062.8	45.4942
13063	49.1583
13063.1	64.7949
13063.3	67.1464
13063.4	62.1375
13063.5	49.3834
13063.7	40.3225
13063.8	46.4014
13064	53.5146
13064.1	64.1855
13064.2	60.672
13064.4	48.4577
13064.5	50.2077
13064.7	59.6496
13064.8	70.8062
13064.9	62.483
13065.1	62.864
13065.2	53.206
13065.4	51.6374
13065.5	60.2451
13065.6	63.2709
13065.8	45.7816
13065.9	48.0433
13066.1	45.9434
13066.2	53.1554
13066.3	61.9503
13066.5	54.9606
13066.6	57.9646
13066.8	41.078
13066.9	42.9906
13067	42.3058
13067.2	66.9572
13067.3	67.5555
13067.5	53.9531
13067.6	38.1707
13067.7	50.9304
13067.9	63.2602
13068	52.3771
13068.2	47.7059
13068.3	46.1648
13068.4	40.2596
13068.6	70.4819
13068.7	57.3792
13068.9	50.7385
13069	53.6099
13069.1	34.3227
13069.3	56.26
13069.4	55.0372
13069.6	72.3279
13069.6	73
13069.7	63
13069.8	48
13070	50
13070.1	55
13070.3	40
13070.4	51
13070.5	38
13070.7	63
13070.8	63
13071	80
13071.1	55
13071.3	69
13071.4	49
13071.5	45
13071.7	66
13071.8	51
13072	38
13072.1	48
13072.2	44
13072.4	65
13072.5	51
13072.7	47
13072.8	60
13072.9	60
13073.1	36
13073.2	47
13073.4	51
13073.5	62
13073.6	46
13073.8	40
13073.9	39
13074.1	73
13074.2	83
13074.4	61
13074.5	54
13074.6	57
13074.8	64
13074.9	33
13075.1	64
13075.2	57
13075.3	48
13075.5	48
13075.6	56
13075.8	60
13075.9	62
13076	52
13076.2	60
13076.3	60
13076.5	48
13076.6	53
13076.7	22
13076.9	52
13077	34
13077.2	44
13077.3	64
13077.5	49
13077.6	36
13077.7	53
13077.9	58
13078	52
13078.2	62
13078.3	42
13078.4	66
13078.6	59
13078.7	58
13078.9	75
13079	61
13079.1	79
13079.3	63
13079.4	57
13079.6	55
13079.7	50
13079.8	45
13080	71
13080.1	56
13080.3	41
13080.4	59
13080.5	40
13080.7	63
13080.8	58
13081	44
13081.1	63
13081.2	72
13081.4	59
13081.5	37
13081.7	46
13081.8	63
13081.9	54
13082.1	45
13082.2	66
13082.4	55
13082.5	55
13082.7	43
13082.8	50
13082.9	55
13083.1	55
13083.2	45
13083.4	51
13083.5	55
13083.6	43
13083.8	69
13083.9	70
13084.1	75
13084.2	63
13084.3	65
13084.5	60
13084.6	37
13084.8	53
13084.9	71
13085	44
13085.2	56
13085.3	62
13085.5	50
13085.6	65
13085.7	90
13085.9	58
13086	55
13086.2	39
13086.3	32
13086.4	63
13086.6	43
13086.7	37
13086.9	61
13087	42
13087.1	67
13087.3	45
13087.4	52
13087.6	64
13087.7	49
13087.8	59
13088	64
13088.1	50
13088.3	62
13088.4	74
13088.5	45
13088.7	58
13088.8	55
13089	63
13089.1	61
13089.2	46
13089.4	57
13089.5	75
13089.7	43
13089.8	66
13089.9	49
13090.1	58
13090.2	49
13090.4	55
13090.5	69
13090.6	36
13090.8	35
13090.9	68
13091.1	59
13091.2	72
13091.3	82
13091.5	49
13091.6	56
13091.8	39
13091.9	62
13092	61
13092.2	56
13092.3	42
13092.4	61
13092.6	53
13092.7	74
13092.9	68
13093	57
13093.1	58
13093.3	48
13093.4	65
13093.6	56
13093.7	50
13093.8	71
13094	82
13094.1	60
13094.3	84
13094.4	69
13094.5	37
13094.7	71
13094.8	50
13095	52
13095.1	70
13095.2	64
13095.4	67
13095.5	83
13095.7	58
13095.8	75
13095.9	58
13096.1	63
13096.2	55
13096.4	63
13096.5	59
13096.6	69
13096.8	53
13096.9	69
13097.1	37
13097.2	61
13097.3	64
13097.5	52
13097.6	62
13097.7	64
13097.9	52
13098	66
13098.2	50
13098.3	53
13098.4	68
13098.6	54
13098.7	37
13098.9	63
13099	66
13099.1	50
13099.3	51
13099.4	66
13099.6	79
13099.7	57
13099.8	49
13100	69
13100.1	63
13100.3	75
13100.4	46
13100.5	50
13100.7	56
13100.8	55
13100.9	63
13101.1	35
13101.2	41
13101.4	54
13101.5	49
13101.6	55
13101.8	59
13101.9	68
13102.1	51
13102.2	64
13102.3	51
13102.5	63
13102.6	62
13102.8	73
13102.9	71
13103	69
13103.2	65
13103.3	81
13103.4	72
13103.6	58
13103.7	48
13103.9	62
13104	74
13104.1	56
13104.3	57
13104.4	58
13104.6	57
13104.7	49
13104.8	62
13105	66
13105.1	67
13105.3	72
13105.4	56
13105.5	71
13105.7	89
13105.8	53
13105.9	52
13106.1	76
13106.2	75
13106.4	78
13106.5	50
13106.6	68
13106.8	98
13106.9	61
13107.1	83
13107.2	67
13107.3	64
13107.5	63
13107.6	54
13107.7	51
13107.9	51
13108	68
13108.2	69
13108.3	57
13108.4	65
13108.6	71
13108.7	74
13108.9	54
13109	40
13109.1	66
13109.3	69
13109.4	81
13109.5	69
13109.7	64
13109.8	63
13110	80
13110.1	64
13110.2	78
13110.4	46
13110.5	55
13110.7	70
13110.8	52
13110.9	55
13111.1	85
13111.2	73
13111.3	53
13111.5	50
13111.6	45
13111.8	48
13111.9	56
13112	52
13112.2	55
13112.3	72
13112.4	66
13112.6	72
13112.7	66
13112.9	65
13113	82
13113.1	51
13113.3	62
13113.4	69
13113.6	56
13113.7	63
13113.8	73
13114	55
13114.1	64
13114.2	50
13114.4	69
13114.5	80
13114.7	71
13114.8	62
13114.9	61
13115.1	42
13115.2	72
13115.3	67
13115.5	57
13115.6	72
13115.8	65
13115.9	56
13116	69
13116.2	74
13116.3	64
13116.4	56
13116.6	56
13116.7	66
13116.9	55
13117	56
13117.1	92
13117.3	68
13117.4	57
13117.6	83
13117.7	54
13117.8	64
13118	70
13118.1	58
13118.2	73
13118.4	61
13118.5	68
13118.7	67
13118.8	53
13118.9	66
13119.1	78
13119.2	64
13119.3	63
13119.5	50
13119.6	49
13119.8	77
13119.9	68
13120	71
13120.2	57
13120.3	44
13120.4	50
13120.6	60
13120.7	73
13120.9	74
13121	58
13121.1	43
13121.3	86
13121.4	64
13121.5	77
13121.7	41
13121.8	59
13122	53
13122.1	70
13122.2	66
13122.4	50
13122.5	79
13122.6	82
13122.8	73
13122.9	81
13123.1	73
13123.2	51
13123.3	19
13123.5	62
13123.6	66
13123.7	74
13123.9	71
13124	61
13124.2	73
13124.3	55
13124.4	53
13124.6	69
13124.7	80
13124.8	40
13125	75
13125.1	64
13125.3	66
13125.4	60
13125.5	58
13125.7	79
13125.8	68
13125.9	81
13126.1	92
13126.2	61
13126.3	61
13126.5	64
13126.6	66
13126.8	66
13126.9	58
13127	92
13127.2	64
13127.3	63
13127.4	75
13127.6	71
13127.7	56
13127.9	54
13128	69
13128.1	75
13128.3	85
13128.4	60
13128.5	41
13128.7	78
13128.8	51
13129	68
13129.1	72
13129.2	66
13129.4	63
13129.5	75
13129.6	68
13129.8	64
13129.9	53
13130	57
13130.2	65
13130.3	66
13130.5	80
13130.6	72
13130.7	52
13130.9	46
13131	61
13131.1	84
13131.3	56
13131.4	66
13131.6	73
13131.7	68
13131.8	68
13132	70
13132.1	73
13132.2	66
13132.4	56
13132.5	60
13132.6	81
13132.8	72
13132.9	53
13133.1	78
13133.2	66
13133.3	80
13133.5	70
13133.6	66
13133.7	53
13133.9	69
13134	58
13134.1	55
13134.3	57
13134.4	80
13134.6	70
13134.7	59
13134.8	69
13135	60
13135.1	66
13135.2	81
13135.4	61
13135.5	74
13135.6	64
13135.8	55
13135.9	70
13136.1	56
13136.2	65
13136.3	82
13136.5	51
13136.6	87
13136.7	62
13136.9	48
13137	67
13137.1	53
13137.3	83
13137.4	81
13137.6	98
13137.7	69
13137.8	74
13138	73
13138.1	66
13138.2	91
13138.4	74
13138.5	75
13138.6	66
13138.8	81
13138.9	87
13139.1	51
13139.2	65
13139.3	83
13139.5	84
13139.6	69
13139.7	67
13139.9	60
13140	75
13140.1	76
13140.3	84
13140.4	65
13140.6	52
13140.7	49
13140.8	68
13141	72
13141.1	76
13141.2	78
13141.4	64
13141.5	90
13141.6	82
13141.8	60
13141.9	63
13142	46
13142.2	87
13142.3	87
13142.5	84
13142.6	87
13142.7	75
13142.9	83
13143	85
13143.1	80
13143.3	95
13143.4	65
13143.5	63
13143.7	66
13143.8	58
13144	67
13144.1	86
13144.2	65
13144.4	95
13144.5	81
13144.6	55
13144.8	63
13144.9	66
13145	67
13145.2	80
13145.3	83
13145.4	77
13145.6	75
13145.7	79
13145.9	72
13146	69
13146.1	84
13146.3	83
13146.4	79
13146.5	88
13146.7	102
13146.8	64
13146.9	75
13147.1	59
13147.2	76
13147.3	63
13147.5	80
13147.6	77
13147.8	103
13147.9	52
13148	79
13148.2	76
13148.3	66
13148.4	69
13148.6	80
13148.7	83
13148.8	102
13149	69
13149.1	88
13149.2	72
13149.4	53
13149.5	71
13149.6	102
13149.8	64
13149.9	88
13150.1	74
13150.2	79
13150.3	91
13150.5	72
13150.6	98
13150.7	91
13150.9	63
13151	85
13151.1	56
13151.3	81
13151.4	97
13151.5	71
13151.7	74
13151.8	76
13151.9	82
13152.1	104
13152.2	65
13152.4	79
13152.5	96
13152.6	101
13152.8	94
13152.9	68
13153	63
13153.2	72
13153.3	84
13153.4	85
13153.6	90
13153.7	75
13153.8	88
13154	100
13154.1	100
13154.2	109
13154.4	75
13154.5	92
13154.6	72
13154.8	78
13154.9	86
13155.1	81
13155.2	78
13155.3	86
13155.5	99
13155.6	75
13155.7	90
13155.9	99
13156	77
13156.1	77
13156.3	79
13156.4	105
13156.5	109
13156.7	84
13156.8	74
13156.9	89
13157.1	88
13157.2	114
13157.3	96
13157.5	103
13157.6	82
13157.8	90
13157.9	97
13158	86
13158.2	87
13158.3	67
13158.4	89
13158.6	82
13158.7	103
13158.8	91
13159	81
13159.1	72
13159.2	99
13159.4	111
13159.5	99
13159.6	76
13159.8	84
13159.9	103
13160	99
13160.2	99
13160.3	98
13160.4	120
13160.6	99
13160.7	101
13160.8	85
13161	79
13161.1	98
13161.3	89
13161.4	92
13161.5	118
13161.7	127
13161.8	113
13161.9	116
13162.1	84
13162.2	95
13162.3	121
13162.5	96
13162.6	108
13162.7	88
13162.9	95
13163	124
13163.1	116
13163.3	94
13163.4	108
13163.5	87
13163.7	112
13163.8	98
13163.9	91
13164.1	92
13164.2	75
13164.3	96
13164.5	127
13164.6	105
13164.7	126
13164.9	121
13165	112
13165.2	117
13165.3	102
13165.4	103
13165.6	120
13165.7	98
13165.8	112
13166	123
13166.1	111
13166.2	118
13166.4	107
13166.5	104
13166.6	113
13166.8	113
13166.9	147
13167	115
13167.2	98
13167.3	108
13167.4	112
13167.6	109
13167.7	109
13167.8	109
13168	114
13168.1	128
13168.2	104
13168.4	132
13168.5	118
13168.6	103
13168.8	108
13168.9	116
13169	102
13169.2	113
13169.3	119
13169.4	120
13169.6	100
13169.7	121
13169.8	116
13170	101
13170.1	104
13170.2	136
13170.4	116
13170.5	108
13170.6	90
13170.8	114
13170.9	128
13171	142
13171.2	118
13171.3	149
13171.4	117
13171.6	104
13171.7	111
13171.9	105
13172	122
13172.1	126
13172.3	120
13172.4	133
13172.5	126
13172.7	137
13172.8	127
13172.9	122
13173.1	98
13173.2	131
13173.3	126
13173.5	127
13173.6	105
13173.7	101
13173.9	123
13174	123
13174.1	115
13174.3	134
13174.4	120
13174.5	117
13174.7	125
13174.8	99
13174.9	125
13175.1	114
13175.2	126
13175.3	128
13175.5	131
13175.6	126
13175.7	137
13175.9	123
13176	124
13176.1	139
13176.3	139
13176.4	134
13176.5	125
13176.7	132
13176.8	139
13176.9	137
13177.1	153
13177.2	130
13177.3	120
13177.5	117
13177.6	128
13177.7	132
13177.9	155
13178	132
13178.1	118
13178.3	146
13178.4	134
13178.5	127
13178.7	110
13178.8	135
13178.9	121
13179.1	117
13179.2	131
13179.3	113
13179.5	105
13179.6	124
13179.7	114
13179.9	135
13180	130
13180.1	130
13180.3	114
13180.4	123
13180.5	105
13180.7	119
13180.8	137
13180.9	103
13181.1	121
13181.2	130
13181.3	125
13181.5	134
13181.6	131
13181.7	122
13181.9	129
13182	120
13182.1	115
13182.3	147
13182.4	127
13182.5	123.887
13182.7	103.888
13182.8	120.758
13182.9	120.687
13183	98.6719
13183.2	120.475
13183.3	131.995
13183.4	110.764
13183.6	129.524
13183.7	99.038
13183.8	107.525
13184	105.882
13184.1	103.187
13184.2	110.16
13184.4	111.911
13184.5	107.389
13184.6	110.086
13184.8	107.161
13184.9	107.931
13185	108.042
13185.2	119.763
13185.3	111.121
13185.4	92.4286
13185.6	87.8416
13185.7	122.995
13185.8	113.58
13186	111.952
13186.1	84.2746
13186.2	89.5884
13186.4	109.691
13186.5	96.9989
13186.6	89.5224
13186.8	111.763
13186.9	85.3353
13187	87.4416
13187.2	92.5187
13187.3	105.733
13187.4	91.2037
13187.6	102.561
13187.7	91.8065
13187.8	103.717
13188	89.7103
13188.1	94.7369
13188.2	83.5254
13188.4	80.3212
13188.5	97.8633
13188.6	85.287
13188.8	78.7389
13188.9	74.7473
13189	89.5716
13189.2	87.9861
13189.3	91.7184
13189.4	84.9408
13189.6	81.2268
13189.7	75.3824
13189.8	80.6893
13189.9	82.2567
13190.1	92.0408
13190.2	78.951
13190.3	76.4409
13190.5	73.0832
13190.6	75.7679
13190.7	85.9857
13190.9	66.6737
13191	85.9361
13191.1	85.7035
13191.3	64.7553
13191.4	67.9268
13191.5	65.0509
13191.7	61.0196
13191.8	64.3201
13191.9	72.2718
13192.1	72.7774
13192.2	80.775
13192.3	75.2521
13192.5	76.9063
13192.6	76.8397
13192.7	84.2216
13192.9	72.4582
13193	72.4152
13193.1	73.5099
13193.3	66.3819
13193.4	68.4784
13193.5	68.4198
13193.7	70.0614
13193.8	62.2941
13193.9	71.7788
13194	76.4566
13194.2	72.3311
13194.3	66.7506
13194.4	68.5623
13194.6	71.398
13194.7	65.1531
13194.8	51.6967
13195	58.3092
13195.1	73.402
13195.2	62.559
13195.4	53.4412
13195.5	59.3259
13195.6	48.6072
13195.8	54.6607
13195.9	58.356
13196	59
13196.1	54
13196.3	53
13196.4	48
13196.5	73
13196.7	53
13196.8	71
13196.9	76
13197.1	54
13197.2	64
13197.3	60
13197.5	71
13197.6	54
13197.7	49
13197.9	62
13198	74
13198.1	49
13198.3	57
13198.4	72
13198.5	53
13198.7	57
13198.8	48
13198.9	62
13199.1	76
13199.2	28
13199.3	64
13199.5	60
13199.6	51
13199.7	60
13199.9	74
13200	48
13200.1	56
13200.3	83
13200.4	62
13200.5	65
13200.7	66
13200.8	82
13200.9	71
13201.1	63
13201.2	52
13201.3	53
13201.5	59
13201.6	59
13201.7	67
13201.9	68
13202	70
13202.1	63
13202.3	57
13202.4	59
13202.5	68
13202.7	63
13202.8	53
13202.9	56
13203.1	63
13203.2	66
13203.3	57
13203.5	58
13203.6	54
13203.7	63
13203.9	65
13204	62
13204.1	73
13204.3	41
13204.4	55
13204.5	68
13204.7	61
13204.8	88
13204.9	66
13205.1	55
13205.2	78
13205.3	62
13205.5	68
13205.6	61
13205.7	45
13205.9	67
13206	71
13206.1	64
13206.3	86
13206.4	62
13206.5	55
13206.7	69
13206.8	48
13206.9	67
13207.1	57
13207.2	43
13207.3	50
13207.5	74
13207.6	43
13207.7	68
13207.9	57
13208	57
13208.1	61
13208.3	71
13208.4	88
13208.5	44
13208.6	40
13208.8	64
13208.9	53
13209	58
13209.2	54
13209.3	58
13209.4	60
13209.6	64
13209.7	57
13209.8	83
13210	67
13210.1	40
13210.2	82
13210.4	72
13210.5	67
13210.6	57
13210.8	64
13210.9	69
13211	46
13211.2	57
13211.3	78
13211.4	66
13211.6	44
13211.7	51
13211.8	50
13212	81
13212.1	61
13212.2	64
13212.4	65
13212.5	53
13212.6	60
13212.8	56
13212.9	48
13213	74
13213.2	46
13213.3	64
13213.4	80
13213.6	76
13213.7	59
13213.8	57
13214	40
13214.1	90
13214.2	60
13214.3	51
13214.5	66
13214.6	54
13214.7	75
13214.9	70
13215	65
13215.1	65
13215.3	75
13215.4	51
13215.5	55
13215.7	62
13215.8	46
13215.9	73
13216.1	53
13216.2	63
13216.3	69
13216.5	49
13216.6	52
13216.7	66
13216.9	39
13217	54
13217.1	38
13217.3	52
13217.4	55
13217.5	69
13217.7	51
13217.8	55
13217.9	60
13218	69
13218.2	58
13218.3	65
13218.4	77
13218.6	82
13218.7	78
13218.8	73
13219	64
13219.1	66
13219.2	71
13219.4	71
13219.5	56
13219.6	48
13219.8	73
13219.9	69
13220	59
13220.2	56
13220.3	46
13220.4	68
13220.6	68
13220.7	67
13220.8	54
13221	37
13221.1	54
13221.2	58
13221.3	79
13221.5	55
13221.6	64
13221.7	75
13221.9	61
13222	67
13222.1	65
13222.3	64
13222.4	61
13222.5	80
13222.7	53
13222.8	50
13222.9	72
13223.1	74
13223.2	68
13223.3	76
13223.5	67
13223.6	70
13223.7	49
13223.8	46
13224	78
13224.1	63
13224.2	49
13224.4	78
13224.5	69
13224.6	47
13224.8	77
13224.9	80
13225	85
13225.2	74
13225.3	41
13225.4	70
13225.6	66
13225.7	68
13225.8	63
13226	64
13226.1	53
13226.2	67
13226.3	70
13226.5	69
13226.6	62
13226.7	62
13226.9	75
13227	45
13227.1	60
13227.3	62.5
13227.4	65
13227.5	77
13227.7	60
13227.8	54
13227.9	61
13228.1	60
13228.2	54
13228.3	56
13228.5	55
13228.6	94
13228.7	74
13228.8	61
13229	78
13229.1	63
13229.2	49
13229.4	79
13229.5	62
13229.6	59
13229.8	81
13229.9	68
13230	77
13230.2	63
13230.3	55
13230.4	86
13230.5	64
13230.7	60
13230.8	75
13230.9	79
13231.1	79
13231.2	70
13231.3	84
13231.5	83
13231.6	69
13231.7	85
13231.9	59
13232	74
13232.1	67
13232.3	90
13232.4	70
13232.5	73
13232.6	53
13232.8	65
13232.9	81
13233	61
13233.2	80
13233.3	80
13233.4	56
13233.6	64
13233.7	62
13233.8	60
13234	72
13234.1	62
13234.2	72
13234.3	55
13234.5	76
13234.6	50
13234.7	59
13234.9	56
13235	69
13235.1	54
13235.3	79
13235.4	89
13235.5	76
13235.7	80
13235.8	79
13235.9	79
13236	70
13236.2	66
13236.3	66
13236.4	47
13236.6	61
13236.7	75
13236.8	59
13237	79
13237.1	71
13237.2	76
13237.4	73
13237.5	65
13237.6	71
13237.7	75
13237.9	88
13238	54
13238.1	80
13238.3	63
13238.4	65
13238.5	92
13238.7	81
13238.8	60
13238.9	89
13239.1	74
13239.2	74
13239.3	82
13239.4	56
13239.6	70
13239.7	71
13239.8	97
13240	83
13240.1	92
13240.2	77
13240.4	57
13240.5	76
13240.6	89
13240.8	82
13240.9	66
13241	72
13241.1	60
13241.3	84
13241.4	79
13241.5	77
13241.7	86
13241.8	58
13241.9	80
13242.1	85
13242.2	84
13242.3	93
13242.4	75
13242.6	90
13242.7	94
13242.8	74
13243	64
13243.1	79
13243.2	61
13243.4	79
13243.5	91
13243.6	92
13243.7	93
13243.9	98
13244	69
13244.1	85
13244.3	64
13244.4	86
13244.5	65
13244.7	90
13244.8	86
13244.9	84
13245	93
13245.2	86
13245.3	61
13245.4	73
13245.6	88
13245.7	78
13245.8	77
13246	70
13246.1	80
13246.2	80
13246.3	83
13246.5	82
13246.6	85
13246.7	66
13246.9	90
13247	87
13247.1	65
13247.3	88
13247.4	63
13247.5	65
13247.6	91
13247.8	66
13247.9	72
13248	71
13248.2	58
13248.3	71
13248.4	69
13248.6	84
13248.7	75
13248.8	53
13248.9	77
13249.1	102
13249.2	70
13249.3	73
13249.5	90
13249.6	82
13249.7	83
13249.9	77
13250	84
13250.1	97
13250.2	75
13250.4	87
13250.5	80
13250.6	86
13250.8	102
13250.9	67
13251	63
13251.2	76
13251.3	97
13251.4	77
13251.5	83
13251.7	71
13251.8	66
13251.9	86
13252.1	88
13252.2	91
13252.3	83
13252.4	71
13252.6	85
13252.7	76
13252.8	93
13253	81
13253.1	81
13253.2	96
13253.4	82
13253.5	86
13253.6	74
13253.7	68
13253.9	62
13254	81
13254.1	69
13254.3	89
13254.4	72
13254.5	73
13254.6	64
13254.8	86
13254.9	104
13255	70
13255.2	86
13255.3	80
13255.4	81
13255.6	84
13255.7	85
13255.8	75
13255.9	74
13256.1	70
13256.2	80
13256.3	96
13256.5	85
13256.6	81
13256.7	75
13256.8	92
13257	86
13257.1	80
13257.2	86
13257.4	75
13257.5	62
13257.6	65
13257.8	74
13257.9	69
13258	75
13258.1	87
13258.3	80
13258.4	81
13258.5	110
13258.7	73
13258.8	89
13258.9	88
13259	84
13259.2	85
13259.3	76
13259.4	86
13259.6	72
13259.7	66
13259.8	92
13259.9	80
13260.1	77
13260.2	74
13260.3	81
13260.5	96
13260.6	78
13260.7	80
13260.8	85
13261	66
13261.1	98
13261.2	101
13261.4	78
13261.5	86
13261.6	59
13261.8	85
13261.9	82
13262	87
13262.1	91
13262.3	89
13262.4	94
13262.5	89
13262.7	69
13262.8	91
13262.9	84
13263	77
13263.2	94
13263.3	86
13263.4	67
13263.6	98
13263.7	102
13263.8	83
13263.9	73
13264.1	91
13264.2	103
13264.3	95
13264.5	77
13264.6	88
13264.7	95
13264.8	83
13265	93
13265.1	80
13265.2	82
13265.4	89
13265.5	91
13265.6	90
13265.7	94
13265.9	83
13266	98
13266.1	93
13266.3	97
13266.4	87
13266.5	91
13266.6	79
13266.8	116
13266.9	106
13267	87
13267.2	81
13267.3	77
13267.4	92
13267.5	107
13267.7	93
13267.8	102
13267.9	100
13268.1	86
13268.2	91
13268.3	112
13268.4	107
13268.6	88
13268.7	71
13268.8	111
13269	96
13269.1	101
13269.2	94
13269.3	85
13269.5	89
13269.6	96
13269.7	106
13269.8	99
13270	82
13270.1	96
13270.2	104
13270.4	89
13270.5	123
13270.6	89
13270.7	84
13270.9	84
13271	106
13271.1	107
13271.3	86
13271.4	104
13271.5	104
13271.6	115
13271.8	107
13271.9	121
13272	106
13272.2	98
13272.3	95
13272.4	117
13272.5	112
13272.7	97
13272.8	109
13272.9	129
13273.1	124
13273.2	96
13273.3	128
13273.4	102
13273.6	106
13273.7	120
13273.8	104
13274	116
13274.1	133
13274.2	101
13274.3	120
13274.5	94
13274.6	96
13274.7	114
13274.8	106
13275	86
13275.1	105
13275.2	120
13275.4	133
13275.5	113
13275.6	119
13275.7	122
13275.9	106
13276	110
13276.1	122
13276.3	97
13276.4	85
13276.5	107
13276.6	117
13276.8	117
13276.9	94
13277	102
13277.1	95
13277.3	132
13277.4	122
13277.5	113
13277.7	107
13277.8	125
13277.9	116
13278	129
13278.2	124
13278.3	111
13278.4	128
13278.6	124
13278.7	100
13278.8	114
13278.9	119
13279.1	116
13279.2	100
13279.3	106
13279.4	131
13279.6	111
13279.7	98
13279.8	116
13280	113
13280.1	137
13280.2	123
13280.3	125
13280.5	116
13280.6	112
13280.7	146
13280.8	141
13281	122
13281.1	124
13281.2	130
13281.4	119
13281.5	132
13281.6	125
13281.7	104
13281.9	123
13282	101
13282.1	130
13282.2	112
13282.4	104
13282.5	111
13282.6	128
13282.8	121
13282.9	120
13283	136
13283.1	119
13283.3	114
13283.4	112
13283.5	112
13283.6	114
13283.8	109
13283.9	117
13284	104
13284.2	122
13284.3	131
13284.4	116
13284.5	120
13284.7	132
13284.8	115
13284.9	133
13285	128
13285.2	122
13285.3	106
13285.4	75
13285.6	126
13285.7	128
13285.8	123
13285.9	117
13286.1	105
13286.2	107
13286.3	132
13286.4	127
13286.6	106
13286.7	106
13286.8	89
13287	116
13287.1	101
13287.2	107
13287.3	113
13287.5	104
13287.6	92
13287.7	122
13287.8	71
13288	114
13288.1	128
13288.2	92
13288.4	111
13288.5	105
13288.6	103
13288.7	104
13288.9	90
13289	103
13289.1	90
13289.2	97
13289.4	102
13289.5	89
13289.6	89
13289.7	105
13289.9	96
13290	97
13290.1	114
13290.3	90
13290.4	84
13290.5	88
13290.6	96
13290.8	97
13290.9	73
13291	76
13291.1	94
13291.3	66
13291.4	84
13291.5	68
13291.6	76
13291.8	83
13291.9	101
13292	84
13292.2	98
13292.3	96
13292.4	71
13292.5	92
13292.7	74
13292.8	63
13292.9	76
13293	85
13293.2	90
13293.3	81
13293.4	81
13293.5	62
13293.7	34
13293.8	75
13293.9	84
13294.1	72
13294.2	83
13294.3	57
13294.4	77
13294.6	80
13294.7	66
13294.8	91
13294.9	74
13295.1	54
13295.2	56
13295.3	85
13295.4	73
13295.6	75
13295.7	67
13295.8	64
13295.9	86
13296.1	78
13296.2	91
13296.3	67
13296.5	68
13296.6	49
13296.7	57
13296.8	65
13297	71
13297.1	50
13297.2	54
13297.3	48
13297.5	44
13297.6	73
13297.7	69
13297.8	59
13298	68
13298.1	60
13298.2	60
13298.3	84
13298.5	73
13298.6	70
13298.7	62
13298.9	70
13299	68
13299.1	78
13299.2	61
13299.4	65
13299.5	65
13299.6	54
13299.7	65
13299.9	68
13300	40
13300.1	64
13300.2	65
13300.4	64
13300.5	70
13300.6	64
13300.7	58
13300.9	46
13301	80
13301.1	75
13301.2	62
13301.4	41
13301.5	57
13301.6	72
13301.8	77
13301.9	51
13302	68
13302.1	38
13302.3	56
13302.4	52
13302.5	43.0922
13302.6	54.1596
13302.8	53.5366
13302.9	46.9008
13303	62.9967
13303.1	64.543
13303.3	69.81
13303.4	59.4168
13303.5	54.9394
13303.6	63.8858
13303.8	74.1895
13303.9	55.7014
13304	71.2973
13304.1	56.7359
13304.3	55.9993
13304.4	66.1152
13304.5	61.9435
13304.6	66.5879
13304.8	73.8036
13304.9	65.9077
13305	75.454
13305.1	85.9291
13305.3	51.3548
13305.4	61.7474
13305.5	52.7123
13305.7	67.0609
13305.8	62.1569
13305.9	56.168
13306	70.2963
13306.2	66.7999
13306.3	65.8161
13306.4	62.1273
13306.5	67.393
13306.7	61.8673
13306.8	60.4362
13306.9	68.0281
13307	73.9193
13307.2	64.9204
13307.3	72.5127
13307.4	68.0617
13307.5	58.1139
13307.7	66.3234
13307.8	59.4459
13307.9	59.1338
13308	69.1423
13308.2	67.4068
13308.3	54.1893
13308.4	72.233
13308.5	64.679
13308.7	78.7986
13308.8	60.1042
13308.9	64.3963
13309	73.019
13309.2	67.5361
13309.3	63.5807
13309.4	73.7224
13309.5	72.7882
13309.7	67.1566
13309.8	77.0937
13309.9	75.4455
13310	72.3762
13310.2	57.634
13310.3	57.6735
13310.4	75.8935
13310.5	69.9296
13310.7	71.9689
13310.8	63.5874
13310.9	65.2682
13311	58.8318
13311.2	60.1059
13311.3	64.5892
13311.4	68.7839
13311.5	63.0631
13311.7	63.6351
13311.8	63.7835
13311.9	71.6005
13312	76.6575
13312.2	73.9564
13312.3	66.6203
13312.4	64.1373
13312.5	67.6423
13312.7	72.6509
13312.8	69.6794
13312.9	60.8097
13313	55.28
13313.2	67.5764
13313.3	66.1286
13313.4	72.275
13313.5	86.3309
13313.7	80.6694
13313.8	64.2125
13313.9	59.488
13314	59.5514
13314.2	59.0061
13314.3	40.1705
13314.4	46.7058
13314.5	60.7121
13314.7	70.1749
13314.8	62.3914
13314.9	58.5302
13315	58.4373
13315.2	57.8281
13315.3	74.0591
13315.4	92
13315.5	82
13315.6	72
13315.8	55
13315.9	65
13316	56
13316.1	67
13316.3	64
13316.4	55
13316.5	74
13316.7	74
13316.8	63
13316.9	72
13317	59
13317.2	61
13317.3	89
13317.4	67
13317.5	60
13317.7	43
13317.8	64
13317.9	56
13318	65
13318.2	102
13318.3	79
13318.4	76
13318.6	60
13318.7	72
13318.8	67
13318.9	75
13319.1	58
13319.2	60
13319.3	70
13319.4	61
13319.6	67
13319.7	65
13319.8	74
13319.9	45
13320.1	70
13320.2	71
13320.3	78
13320.4	73
13320.6	80
13320.7	71
13320.8	81
13320.9	81
13321.1	92
13321.2	50
13321.3	57
13321.5	68
13321.6	72
13321.7	72
13321.8	69
13322	72
13322.1	86
13322.2	64
13322.3	76
13322.5	60
13322.6	60
13322.7	69
13322.8	68
13323	66
13323.1	92
13323.2	68
13323.3	52
13323.5	82
13323.6	71
13323.7	78
13323.8	84
13324	44
13324.1	83
13324.2	91
13324.4	73
13324.5	82
13324.6	62
13324.7	55
13324.9	73
13325	50
13325.1	63
13325.2	61
13325.4	71
13325.5	94
13325.6	63
13325.7	73
13325.9	70
13326	79
13326.1	53
13326.2	77
13326.4	72
13326.5	65
13326.6	65
13326.7	76
13326.9	78
13327	84
13327.1	78
13327.2	82
13327.4	66
13327.5	53
13327.6	80
13327.8	75
13327.9	79
13328	75
13328.1	78
13328.3	86
13328.4	69
13328.5	89
13328.6	91
13328.8	63
13328.9	71
13329	76
13329.1	68
13329.3	67
13329.4	67
13329.5	83
13329.6	60
13329.8	78
13329.9	69
13330	79
13330.1	73
13330.3	80
13330.4	69
13330.5	82
13330.6	81
13330.8	84
13330.9	86
13331	78
13331.1	73
13331.3	96
13331.4	78
13331.5	81
13331.6	73
13331.8	80
13331.9	72
13332	59
13332.1	88
13332.3	72
13332.4	84
13332.5	74
13332.6	73
13332.8	76
13332.9	96
13333	62
13333.1	69
13333.3	68
13333.4	74
13333.5	74
13333.6	91
13333.8	80
13333.9	82
13334	61
13334.1	79
13334.3	83
13334.4	58
13334.5	101
13334.7	82
13334.8	97
13334.9	75
13335	71
13335.2	84
13335.3	73
13335.4	70
13335.5	67
13335.7	69
13335.8	76
13335.9	82
13336	75
13336.2	75
13336.3	64
13336.4	68
13336.5	61
13336.7	79
13336.8	57
13336.9	88
13337	98
13337.2	88
13337.3	81
13337.4	74
13337.5	80
13337.7	85
13337.8	54
13337.9	66
13338	81
13338.2	74
13338.3	72
13338.4	71
13338.5	89
13338.7	94
13338.8	77
13338.9	88
13339	69
13339.2	60
13339.3	69
13339.4	68
13339.5	66
13339.7	86
13339.8	82
13339.9	74
13340	82
13340.2	59
13340.3	91
13340.4	63
13340.5	71
13340.6	93
13340.8	75
13340.9	79
13341	89
13341.1	85
13341.3	108
13341.4	73
13341.5	77
13341.6	66
13341.8	76
13341.9	86
13342	86
13342.1	98
13342.3	65
13342.4	76
13342.5	69
13342.6	87
13342.8	71
13342.9	82
13343	78
13343.1	42
13343.3	63
13343.4	85
13343.5	71
13343.6	63
13343.8	75
13343.9	77
13344	72
13344.1	75
13344.3	83
13344.4	85
13344.5	62
13344.6	76
13344.8	67
13344.9	67.5
13345	68
13345.1	53
13345.3	96
13345.4	65
13345.5	88
13345.6	68
13345.8	78
13345.9	66
13346	78
13346.1	64
13346.3	74
13346.4	71
13346.5	53
13346.6	73
13346.8	60
13346.9	51
13347	85
13347.1	90
13347.3	74
13347.4	48
13347.5	81
13347.6	76
13347.7	75
13347.9	85
13348	66
13348.1	70
13348.2	78
13348.4	87
13348.5	72
13348.6	85
13348.7	69
13348.9	109
13349	95
13349.1	94
13349.2	70
13349.4	68
13349.5	88
13349.6	77
13349.7	91
13349.9	81
13350	70
13350.1	78
13350.2	76
13350.4	61
13350.5	64
13350.6	75
13350.7	85
13350.9	90
13351	84
13351.1	62
13351.2	73
13351.3	80
13351.5	77
13351.6	66
13351.7	77
13351.8	84
13352	88
13352.1	64
13352.2	81
13352.3	72
13352.5	72
13352.6	70
13352.7	52
13352.8	74
13353	82
13353.1	76
13353.2	77
13353.3	76
13353.5	63
13353.6	65
13353.7	84
13353.8	76
13353.9	64
13354.1	67
13354.2	68
13354.3	84
13354.4	78
13354.6	58
13354.7	61
13354.8	58
13354.9	66
13355.1	103
13355.2	87
13355.3	80
13355.4	63
13355.6	53
13355.7	95
13355.8	79
13355.9	76
13356.1	69
13356.2	36
13356.3	63
13356.4	75
13356.5	68
13356.7	86
13356.8	80
13356.9	59
13357	83
13357.2	78
13357.3	61
13357.4	54
13357.5	63
13357.7	103
13357.8	77
13357.9	74
13358	69
13358.2	67
13358.3	69
13358.4	72
13358.5	63
13358.6	90
13358.8	81
13358.9	56
13359	88
13359.1	73
13359.3	91
13359.4	86
13359.5	88
13359.6	72
13359.8	78
13359.9	73
13360	77
13360.1	90
13360.3	86
13360.4	65
13360.5	80
13360.6	90
13360.7	53
13360.9	77
13361	60
13361.1	78
13361.2	103
13361.4	92
13361.5	86
13361.6	76
13361.7	81
13361.9	67
13362	60
13362.1	85
13362.2	54
13362.3	60
13362.5	51
13362.6	78
13362.7	70
13362.8	83
13363	76
13363.1	63
13363.2	73
13363.3	83
13363.5	67
13363.6	54
13363.7	81
13363.8	68
13363.9	53
13364.1	67
13364.2	79
13364.3	80
13364.4	78
13364.6	78
13364.7	75
13364.8	31
13364.9	46
13365.1	83
13365.2	69
13365.3	75
13365.4	69
13365.5	67
13365.7	77
13365.8	66
13365.9	77
13366	84
13366.2	71
13366.3	68
13366.4	73
13366.5	72
13366.7	76
13366.8	61
13366.9	68
13367	70
13367.1	70
13367.3	86
13367.4	60
13367.5	86
13367.6	71
13367.8	87
13367.9	81
13368	78
13368.1	69
13368.3	57
13368.4	77
13368.5	76
13368.6	77
13368.7	74
13368.9	70
13369	70
13369.1	74
13369.2	80
13369.4	67
13369.5	47
13369.6	67
13369.7	85
13369.8	80
13370	61
13370.1	73
13370.2	67
13370.3	58
13370.5	68
13370.6	76
13370.7	58
13370.8	49
13371	71
13371.1	64
13371.2	58
13371.3	59
13371.4	68
13371.6	65
13371.7	44
13371.8	59
13371.9	73
13372.1	74
13372.2	70
13372.3	52
13372.4	81
13372.5	64
13372.7	69
13372.8	55
13372.9	72
13373	60
13373.2	58
13373.3	64
13373.4	87
13373.5	74
13373.6	72
13373.8	65
13373.9	56
13374	59
13374.1	63
13374.3	72
13374.4	72
13374.5	68
13374.6	87
13374.7	69
13374.9	62
13375	82
13375.1	72
13375.2	65
13375.4	62
13375.5	53
13375.6	75
13375.7	74
13375.8	70
13376	59
13376.1	64
13376.2	43
13376.3	51
13376.5	65
13376.6	81
13376.7	64
13376.8	77
13376.9	59
13377.1	56
13377.2	52
13377.3	56
13377.4	58
13377.6	61
13377.7	46
13377.8	98
13377.9	60
13378	71
13378.2	58
13378.3	77
13378.4	63
13378.5	52
13378.7	55
13378.8	69
13378.9	50
13379	47
13379.1	66
13379.3	61
13379.4	68
13379.5	83
13379.6	53
13379.8	51
13379.9	70
13380	60
13380.1	57
13380.2	62
13380.4	49
13380.5	59
13380.6	70
13380.7	62
13380.9	75
13381	54
13381.1	71
13381.2	65
13381.3	65
13381.5	77
13381.6	53
13381.7	47
13381.8	64
13381.9	56
13382.1	64
13382.2	58
13382.3	63
13382.4	76
13382.6	66
13382.7	70
13382.8	61
13382.9	79
13383	58
13383.2	81
13383.3	55
13383.4	76
13383.5	67
13383.7	67
13383.8	78
13383.9	49
13384	72
13384.1	69
13384.3	63
13384.4	49
13384.5	66
13384.6	58
13384.7	60
13384.9	65
13385	60
13385.1	63
13385.2	59
13385.4	54
13385.5	58
13385.6	46
13385.7	59
13385.8	67
13386	59
13386.1	69
13386.2	41
13386.3	51
13386.4	65
13386.6	69
13386.7	52
13386.8	72
13386.9	41
13387.1	50
13387.2	72
13387.3	78
13387.4	58
13387.5	56
13387.7	37
13387.8	64
13387.9	69
13388	77
13388.1	66
13388.3	74
13388.4	62
13388.5	46
13388.6	70
13388.8	85
13388.9	49
13389	27
13389.1	55
13389.2	83
13389.4	76
13389.5	42
13389.6	63
13389.7	65
13389.8	55
13390	48
13390.1	71
13390.2	55
13390.3	60
13390.5	57
13390.6	50
13390.7	55
13390.8	73
13390.9	48
13391.1	52
13391.2	63
13391.3	55
13391.4	72
13391.5	60
13391.7	42
13391.8	57
13391.9	61
13392	52
13392.1	62
13392.3	51
13392.4	74
13392.5	50
13392.6	56
13392.8	53
13392.9	63
13393	39
13393.1	37
13393.2	46
13393.4	60
13393.5	47
13393.6	49
13393.7	68
13393.8	69
13394	76
13394.1	75
13394.2	44
13394.3	26
13394.4	62
13394.6	78
13394.7	65
13394.8	52
13394.9	65
13395	49
13395.2	59
13395.3	68
13395.4	60
13395.5	50
13395.7	44
13395.8	63
13395.9	58
13396	40
13396.1	57
13396.3	32
13396.4	63
13396.5	61
13396.6	66
13396.7	48
13396.9	34
13397	53
13397.1	66
13397.2	57
13397.3	56
13397.5	61
13397.6	64
13397.7	35
13397.8	48
13397.9	46
13398.1	58
13398.2	62
13398.3	51
13398.4	44
13398.5	43
13398.7	59
13398.8	53
13398.9	57
13399	52
13399.2	51
13399.3	65
13399.4	48
13399.5	44
13399.6	56
13399.8	61
13399.9	64
13400	62
13400.1	64
13400.2	30
13400.4	52
13400.5	62
13400.6	41
13400.7	54
13400.8	37
13401	50
13401.1	53
13401.2	62
13401.3	43
13401.4	78
13401.6	37
13401.7	52
13401.8	57
13401.9	51
13402	63
13402.2	40
13402.3	70
13402.4	50
13402.5	67
13402.6	73
13402.8	38
13402.9	37
13403	53
13403.1	53
13403.2	52
13403.4	45
13403.5	48
13403.6	60
13403.7	68
13403.8	56
13404	78
13404.1	56
13404.2	28
13404.3	64
13404.4	64
13404.6	69
13404.7	60
13404.8	66
13404.9	66
13405	42
13405.2	48
13405.3	56
13405.4	47
13405.5	49
13405.6	55
13405.8	52
13405.9	46
13406	63
13406.1	54
13406.2	35
13406.4	54
13406.5	59
13406.6	45
13406.7	31
13406.8	63
13407	61
13407.1	59
13407.2	38
13407.3	59
13407.4	49
13407.6	64
13407.7	65
13407.8	41
13407.9	57
13408	46
13408.2	62
13408.3	56
13408.4	48
13408.5	60
13408.6	43
13408.8	37
13408.9	46
13409	50
13409.1	46
13409.2	53
13409.4	42
13409.5	63
13409.6	55
13409.7	59
13409.8	58
13410	29
13410.1	65
13410.2	49
13410.3	61
13410.4	47
13410.6	50
13410.7	48
13410.8	48
13410.9	58
13411	49
13411.2	45
13411.3	44
13411.4	30
13411.5	53
13411.6	74
13411.8	52
13411.9	52
13412	35
13412.1	30
13412.2	65
13412.4	42
13412.5	58
13412.6	65
13412.7	33
13412.8	36
13413	55
13413.1	53
13413.2	56
13413.3	50
13413.4	40
13413.6	63
13413.7	54
13413.8	54
13413.9	45
13414	56
13414.2	55
13414.3	65
13414.4	57
13414.5	42
13414.6	58
13414.7	69
13414.9	58
13415	54
13415.1	51
13415.2	51
13415.3	48
13415.5	33
13415.6	41
13415.7	43
13415.8	63
13415.9	58
13416.1	45.9087
13416.2	47.8541
13416.3	62.3281
13416.4	45.3395
13416.5	48.5799
13416.7	36.7999
13416.8	63.8894
13416.9	57.5449
13417	55.5766
13417.1	48.7581
13417.3	53.5443
13417.4	34.8483
13417.5	55.0729
13417.6	52.8265
13417.7	50.5412
13417.9	41.7643
13418	27.1162
13418.1	57.1929
13418.2	63.1268
13418.3	43.7449
13418.4	47.8072
13418.6	31.7368
13418.7	24.9336
13418.8	45.6589
13418.9	44.4766
13419	42.5103
13419.2	49.1393
13419.3	40.0736
13419.4	52.0097
13419.5	47.6494
13419.6	41.2283
13419.8	52.8639
13419.9	37.5929
13420	32.3559
13420.1	42.8002
13420.2	40.6618
13420.4	41.8567
13420.5	41.3629
13420.6	34.2541
13420.7	50.0031
13420.8	46.8395
13420.9	51.8597
13421.1	40.9229
13421.2	53.1066
13421.3	45.6412
13421.4	46.6033
13421.5	53.0833
13421.7	41.5472
13421.8	41.8692
13421.9	46.5857
13422	45.3939
13422.1	37.6746
13422.3	52.4835
13422.4	40.7393
13422.5	44.0112
13422.6	46.6599
13422.7	44.0027
13422.8	50.5891
13423	39.0459
13423.1	44.085
13423.2	34.5417
13423.3	42.9284
13423.4	36.0679
13423.6	47.4697
13423.7	46.6587
13423.8	38.4471
13423.9	41.0522
13424	34.9909
13424.2	45.9398
13424.3	39.8441
13424.4	41.0586
13424.5	46.8602
13424.6	47.6444
13424.7	44.9244
13424.9	49.7365
13425	38.1396
13425.1	45.1141
13425.2	40.6409
13425.3	47.6049
13425.5	48.4319
13425.6	29.928
13425.7	31.4942
13425.8	38.5139
13425.9	41.1277
13426.1	38.1234
13426.2	46.0087
13426.3	39.4989
13426.4	40.149
13426.5	32.0853
13426.6	35.3827
13426.8	44.6232
13426.9	35.2484
13427	41.755
13427.1	39.0127
13427.2	34.4662
13427.4	33.8743
13427.5	38.3702
13427.6	37.9927
13427.7	36.5892
13427.8	37.161
13428	40.4827
13428.1	40.1411
13428.2	43.6458
13428.3	50.1209
13428.4	47
13428.5	21
13428.6	35
13428.7	43
13428.8	40
13429	23
13429.1	30
13429.2	29
13429.3	27
13429.4	28
13429.6	37
13429.7	49
13429.8	32
13429.9	37
13430	42
13430.2	46
13430.3	50
13430.4	48
13430.5	36
13430.6	27
13430.8	55
13430.9	37
13431	46
13431.1	28
13431.2	25
13431.4	43
13431.5	38
13431.6	39
13431.7	54
13431.8	46
13432	35
13432.1	45
13432.2	43
13432.3	69
13432.4	39
13432.6	35
13432.7	28
13432.8	45
13432.9	44
13433	41
13433.2	45
13433.3	46
13433.4	32
13433.5	50
13433.6	54
13433.8	36
13433.9	55
13434	42
13434.1	53
13434.2	45
13434.4	42
13434.5	43
13434.6	39
13434.7	56
13434.8	62
13435	49
13435.1	25
13435.2	39
13435.3	42
13435.4	49
13435.6	44
13435.7	42
13435.8	51
13435.9	49
13436	34
13436.2	44
13436.3	39
13436.4	27
13436.5	26
13436.6	39
13436.7	34
13436.9	53
13437	59
13437.1	37
13437.2	29
13437.3	45
13437.5	34
13437.6	41
13437.7	46
13437.8	30
13437.9	56
13438.1	47
13438.2	64
13438.3	43
13438.4	61
13438.5	54
13438.7	43
13438.8	60
13438.9	53
13439	42
13439.1	49
13439.3	47
13439.4	50
13439.5	44
13439.6	43
13439.7	52
13439.9	39
13440	41
13440.1	44
13440.2	27
13440.3	48
13440.4	43
13440.6	58
13440.7	46
13440.8	37
13440.9	36
13441	37
13441.2	37
13441.3	47
13441.4	42
13441.5	56
13441.6	50
13441.8	46
13441.9	61
13442	51
13442.1	38
13442.2	47
13442.4	49
13442.5	60
13442.6	37
13442.7	43
13442.8	51
13442.9	50
13443.1	48
13443.2	62
13443.3	33
13443.4	45
13443.5	41
13443.7	28
13443.8	47
13443.9	52
13444	44
13444.1	46
13444.3	58
13444.4	51
13444.5	34
13444.6	50
13444.7	59
13444.9	37
13445	37
13445.1	45
13445.2	61
13445.3	41
13445.4	44
13445.6	28
13445.7	48
13445.8	50
13445.9	48
13446	54
13446.2	36
13446.3	42
13446.4	45
13446.5	46
13446.6	71
13446.8	54
13446.9	33
13447	40
13447.1	39
13447.2	55
13447.3	51
13447.5	48
13447.6	32
13447.7	37
13447.8	51
13447.9	47
13448.1	38
13448.2	30
13448.3	30
13448.4	57
13448.5	35
13448.7	49
13448.8	41
13448.9	37
13449	48
13449.1	53
13449.2	74
13449.4	48
13449.5	60
13449.6	52
13449.7	46
13449.8	29
13450	44
13450.1	52
13450.2	44
13450.3	37
13450.4	52
13450.5	48
13450.7	36
13450.8	54
13450.9	46
13451	56
13451.1	50
13451.3	40
13451.4	55
13451.5	45
13451.6	46
13451.7	59
13451.8	76
13452	31
13452.1	46
13452.2	45
13452.3	45
13452.4	42
13452.6	35
13452.7	53
13452.8	54
13452.9	58
13453	35
13453.2	31
13453.3	42
13453.4	41
13453.5	69
13453.6	55
13453.7	55
13453.9	45
13454	32
13454.1	76
13454.2	69
13454.3	63
13454.5	42
13454.6	34
13454.7	22
13454.8	50
13454.9	49
13455	59
13455.2	61
13455.3	43
13455.4	59
13455.5	62
13455.6	61
13455.8	58
13455.9	51
13456	41
13456.1	49
13456.2	49
13456.3	49
13456.5	47
13456.6	52
13456.7	48
13456.8	51
13456.9	52
13457	53
13457.2	36
13457.3	42
13457.4	55
13457.5	48
13457.6	54
13457.8	32
13457.9	33
13458	55
13458.1	48
13458.2	53
13458.3	42
13458.5	34
13458.6	35
13458.7	36
13458.8	42
13458.9	59
13459.1	65
13459.2	73
13459.3	54
13459.4	59
13459.5	55
13459.6	66
13459.8	36
13459.9	37
13460	49
13460.1	55
13460.2	67
13460.3	48
13460.5	34
13460.6	50
13460.7	35
13460.8	55
13460.9	50
13461.1	41
13461.2	37
13461.3	45
13461.4	51
13461.5	63
13461.6	42
13461.8	52
13461.9	50
13462	41
13462.1	57
13462.2	51
13462.4	44
13462.5	53
13462.6	56
13462.7	20
13462.8	61
13462.9	54
13463.1	50
13463.2	46
13463.3	56
13463.4	42
13463.5	55
13463.6	57
13463.8	37
13463.9	64
13464	45
13464.1	61
13464.2	60
13464.3	52
13464.5	42
13464.6	64
13464.7	66
13464.8	46
13464.9	58
13465.1	59
13465.2	44
13465.3	39
13465.4	59
13465.5	45
13465.6	33
13465.8	48
13465.9	45
13466	47
13466.1	50
13466.2	54
13466.3	60
13466.5	68
13466.6	43
13466.7	55
13466.8	63
13466.9	42
13467	48
13467.2	63
13467.3	41
13467.4	47
13467.5	49
13467.6	70
13467.8	49
13467.9	58
13468	43
13468.1	54
13468.2	33
13468.3	60
13468.5	55
13468.6	45
13468.7	45
13468.8	44
13468.9	52
13469	41
13469.2	54
13469.3	44
13469.4	64
13469.5	30
13469.6	40
13469.7	55
13469.9	60
13470	28
13470.1	49
13470.2	60
13470.3	81
13470.4	52
13470.6	42
13470.7	44
13470.8	32
13470.9	44
13471	50
13471.1	39
13471.3	50
13471.4	44
13471.5	66
13471.6	59
13471.7	53
13471.8	71
13472	38
13472.1	19
13472.2	51
13472.3	60
13472.4	29
13472.6	51
13472.7	45
13472.8	47
13472.9	58
13473	58
13473.1	53
13473.3	42
13473.4	43
13473.5	45
13473.6	41
13473.7	60
13473.8	69
13474	49
13474.1	58
13474.2	38
13474.3	62
13474.4	50
13474.5	62
13474.7	41
13474.8	51
13474.9	37
13475	53
13475.1	67
13475.2	42
13475.4	53
13475.5	46
13475.6	48
13475.7	57
13475.8	43
13475.9	66
13476.1	51
13476.2	52
13476.3	60
13476.4	43
13476.5	39
13476.6	53
13476.8	60
13476.9	36
13477	51
13477.1	51
13477.2	44
13477.3	70
13477.5	56
13477.6	71
13477.7	63
13477.8	32
13477.9	51
13478	50
13478.2	65
13478.3	15
13478.4	26
13478.5	45
13478.6	57
13478.7	60
13478.9	65
13479	51
13479.1	44
13479.2	58
13479.3	40
13479.4	72
13479.5	29
13479.7	64
13479.8	67
13479.9	82
13480	40
13480.1	64
13480.2	38
13480.4	27
13480.5	55
13480.6	46
13480.7	54
13480.8	35
13480.9	47
13481.1	47
13481.2	53
13481.3	69
13481.4	55
13481.5	53
13481.6	51
13481.8	32
13481.9	36
13482	43
13482.1	48
13482.2	35
13482.3	52
13482.5	56
13482.6	43
13482.7	48
13482.8	43
13482.9	28
13483	40
13483.2	55
13483.3	58
13483.4	55
13483.5	46
13483.6	54
13483.7	57
13483.8	45
13484	39
13484.1	47
13484.2	37
13484.3	56
13484.4	66
13484.5	39
13484.7	55
13484.8	44
13484.9	52
13485	63
13485.1	47
13485.2	39
13485.4	64
13485.5	48
13485.6	27
13485.7	59
13485.8	69
13485.9	52
13486.1	58
13486.2	39
13486.3	37
13486.4	84
13486.5	42
13486.6	57
13486.7	47
13486.9	44
13487	50
13487.1	61
13487.2	40
13487.3	29
13487.4	40
13487.6	51
13487.7	52
13487.8	64
13487.9	36
13488	40
13488.1	43
13488.3	52
13488.4	42
13488.5	52
13488.6	22
13488.7	41
13488.8	58
13488.9	45
13489.1	42
13489.2	59
13489.3	56
13489.4	45
13489.5	52
13489.6	53
13489.8	35
13489.9	36
13490	38
13490.1	52
13490.2	42
13490.3	43
13490.5	36
13490.6	47
13490.7	56
13490.8	55
13490.9	45
13491	60
13491.1	37
13491.3	52
13491.4	57
13491.5	28
13491.6	60
13491.7	46
13491.8	62
13492	64
13492.1	48
13492.2	54
13492.3	37
13492.4	35
13492.5	52
13492.6	44
13492.8	49
13492.9	58
13493	59
13493.1	54
13493.2	28
13493.3	48
13493.5	49
13493.6	59
13493.7	41
13493.8	66
13493.9	66
13494	46
13494.1	39
13494.3	48
13494.4	53
13494.5	47
13494.6	53
13494.7	51
13494.8	54
13495	36
13495.1	53
13495.2	54
13495.3	41
13495.4	45
13495.5	44
13495.6	32
13495.8	49
13495.9	56
13496	56
13496.1	52
13496.2	22
13496.3	44
13496.5	38
13496.6	48
13496.7	46
13496.8	45
13496.9	40
13497	39
13497.1	66
13497.3	41
13497.4	46
13497.5	46
13497.6	41
13497.7	39
13497.8	50
13497.9	23
13498.1	49
13498.2	38
13498.3	39
13498.4	63
13498.5	55
13498.6	46
13498.8	49
13498.9	51
13499	37
13499.1	69
13499.2	33
13499.3	36
13499.4	47
13499.6	54
13499.7	40
13499.8	58
13499.9	42
13500	51
13500.1	47
13500.2	46
13500.4	47
13500.5	37
13500.6	45
13500.7	43
13500.8	43
13500.9	61
13501.1	34
13501.2	46
13501.3	61
13501.4	51
13501.5	40
13501.6	71
13501.7	41
13501.9	26
13502	49
13502.1	44
13502.2	55
13502.3	38
13502.4	55
13502.5	60
13502.7	58
13502.8	39
13502.9	67
13503	41
13503.1	36
13503.2	43
13503.3	57
13503.5	51
13503.6	46
13503.7	74
13503.8	59
13503.9	66
13504	49
13504.2	61
13504.3	45
13504.4	33
13504.5	41
13504.6	54
13504.7	34
13504.8	68
13505	48
13505.1	24
13505.2	35
13505.3	35
13505.4	52
13505.5	44
13505.6	40
13505.8	51
13505.9	51
13506	44
13506.1	42
13506.2	48
13506.3	43
13506.4	47
13506.6	76
13506.7	49
13506.8	36
13506.9	47
13507	51
13507.1	64
13507.2	44
13507.4	46
13507.5	53
13507.6	33
13507.7	48
13507.8	64
13507.9	59
13508	36
13508.2	20
13508.3	36
13508.4	56
13508.5	51
13508.6	54
13508.7	44
13508.8	60
13509	50
13509.1	51
13509.2	49
13509.3	40
13509.4	32
13509.5	45
13509.6	55
13509.8	64
13509.9	34
13510	54
13510.1	30
13510.2	53
13510.3	30
13510.4	45
13510.6	55
13510.7	47
13510.8	56
13510.9	55
13511	60
13511.1	33
13511.2	39
13511.4	48
13511.5	51
13511.6	36
13511.7	38
13511.8	61
13511.9	40
13512	55
13512.2	40
13512.3	47
13512.4	44
13512.5	26
13512.6	41
13512.7	48
13512.8	39
13513	64
13513.1	41
13513.2	38
13513.3	42
13513.4	55
13513.5	60
13513.6	26
13513.7	35
13513.9	43
13514	33
13514.1	48
13514.2	61
13514.3	61
13514.4	51
13514.5	50
13514.7	54
13514.8	60
13514.9	48
13515	25
13515.1	53
13515.2	63
13515.3	62
13515.5	58
13515.6	46
13515.7	34
13515.8	49
13515.9	45
13516	53
13516.1	39
13516.3	39
13516.4	60
13516.5	48
13516.6	52
13516.7	49
13516.8	39
13516.9	56
13517	60
13517.2	48
13517.3	48
13517.4	29
13517.5	20
13517.6	42
13517.7	36
13517.8	48
13518	28
13518.1	34
13518.2	43
13518.3	44
13518.4	52
13518.5	64
13518.6	45
13518.8	37
13518.9	38
13519	60
13519.1	64
13519.2	46
13519.3	24
13519.4	31
13519.5	46
13519.7	52
13519.8	59
13519.9	34
13520	31
13520.1	53
13520.2	54
13520.3	43
13520.5	33
13520.6	49
13520.7	36
13520.8	35
13520.9	57
13521	36
13521.1	54
13521.3	46
13521.4	41
13521.5	38
13521.6	58
13521.7	47
13521.8	51
13521.9	44
13522	47
13522.2	35
13522.3	47
13522.4	43
13522.5	44
13522.6	41
13522.7	51
13522.8	51
13523	39
13523.1	44
13523.2	36
13523.3	61
13523.4	67
13523.5	43
13523.6	42
13523.7	48
13523.9	54
13524	39
13524.1	59
13524.2	44.9532
13524.3	18.1936
13524.4	48.3746
13524.5	50.125
13524.6	42.343
13524.8	35.9687
13524.9	61.2266
13525	34.8967
13525.1	38.15
13525.2	40.5144
13525.3	67.3524
13525.4	44.7666
13525.6	42.7098
13525.7	31.6744
13525.8	43.5107
13525.9	51.0013
13526	51.3576
13526.1	38.006
13526.2	49.4165
13526.3	48.072
13526.5	37.9601
13526.6	49.4254
13526.7	44.1653
13526.8	35.3036
13526.9	29
13527	46.9191
13527.1	44.94
13527.2	36.5809
13527.4	42.0945
13527.5	30.8462
13527.6	31.9991
13527.7	41.8959
13527.8	51.9565
13527.9	38.2922
13528	33.7838
13528.2	37.0829
13528.3	44.1554
13528.4	44.8118
13528.5	48.9832
13528.6	41.8472
13528.7	42.5945
13528.8	40.8867
13528.9	35.6142
13529.1	43.6381
13529.2	33.7637
13529.3	23.3637
13529.4	39.6464
13529.5	46.7899
13529.6	36.087
13529.7	36.8685
13529.8	37.6698
13530	37.1838
13530.1	35.6752
13530.2	35.2819
13530.3	34.3252
13530.4	40.4316
13530.5	38.9683
13530.6	46.3966
13530.7	33.7451
13530.9	29.7779
13531	38.0552
13531.1	53.1673
13531.2	43.9145
13531.3	40.1922
13531.4	27.225
13531.5	35.4065
13531.6	32.0467
13531.8	23.9188
13531.9	35.7028
13532	32.2873
13532.1	13.4037
13532.2	30.4079
13532.3	29.199
13532.4	30.5591
13532.5	37.9559
13532.7	30.5703
13532.8	27.8353
13532.9	30.9
13533	33.9284
13533.1	39.803
13533.2	32.917
13533.3	31.2121
13533.4	38.1513
13533.6	30.6378
13533.7	39.2939
13533.8	27.1158
13533.9	23.6088
13534	43.2559
13534.1	29.4046
13534.2	39.885
13534.3	19.0182
13534.5	33.255
13534.6	32.9339
13534.7	18.2135
13534.8	30.1148
13534.9	52.6127
13535	24.5195
13535.1	16.5916
13535.2	30.2158
13535.4	31.9873
13535.4	32
13535.5	35
13535.6	20
13535.7	32
13535.8	33
13535.9	26
13536	41
13536.2	42
13536.3	36
13536.4	42
13536.5	37
13536.6	28
13536.7	57
13536.8	34
13537	13
13537.1	30
13537.2	36
13537.3	34
13537.4	37
13537.5	30
13537.6	35
13537.8	46
13537.9	35
13538	48
13538.1	33
13538.2	27
13538.3	29
13538.4	45
13538.5	38
13538.7	40
13538.8	25
13538.9	40
13539	36
13539.1	35
13539.2	44
13539.3	40
13539.5	18
13539.6	28
13539.7	41
13539.8	32
13539.9	48
13540	29
13540.1	42
13540.3	40
13540.4	46
13540.5	56
13540.6	40
13540.7	27
13540.8	30
13540.9	27
13541	50
13541.2	38
13541.3	43
13541.4	41
13541.5	43
13541.6	41
13541.7	51
13541.8	31
13542	34
13542.1	47
13542.2	46
13542.3	29
13542.4	47
13542.5	35
13542.6	21
13542.8	55
13542.9	56
13543	41
13543.1	51
13543.2	34
13543.3	41
13543.4	44
13543.5	46
13543.7	39
13543.8	39
13543.9	36
13544	42
13544.1	53
13544.2	41
13544.3	35
13544.5	32
13544.6	47
13544.7	54
13544.8	60
13544.9	31
13545	42
13545.1	31
13545.2	31
13545.4	52
13545.5	55
13545.6	51
13545.7	41
13545.8	31
13545.9	48
13546	43
13546.1	37
13546.3	48
13546.4	33
13546.5	30
13546.6	29
13546.7	26
13546.8	46
13546.9	26
13547.1	41
13547.2	50
13547.3	47
13547.4	39
13547.5	43
13547.6	52
13547.7	47
13547.8	37
13548	39
13548.1	19
13548.2	58
13548.3	55
13548.4	52
13548.5	45
13548.6	25
13548.8	23
13548.9	37
13549	40
13549.1	34
13549.2	36
13549.3	39
13549.4	52
13549.5	44
13549.7	63
13549.8	42
13549.9	37
13550	38
13550.1	52
13550.2	43
13550.3	57
13550.4	44
13550.6	35
13550.7	48
13550.8	39
13550.9	36
13551	56
13551.1	45
13551.2	44
13551.3	39
13551.5	58
13551.6	38
13551.7	34
13551.8	44
13551.9	49
13552	55
13552.1	43
13552.3	57
13552.4	26
13552.5	34
13552.6	49
13552.7	45
13552.8	44
13552.9	39
13553	47
13553.2	38
13553.3	40
13553.4	44
13553.5	47
13553.6	37
13553.7	35
13553.8	36
13553.9	40
13554.1	45
13554.2	38
13554.3	49
13554.4	24
13554.5	58
13554.6	40
13554.7	47
13554.8	38
13555	50
13555.1	47
13555.2	28
13555.3	45
13555.4	33
13555.5	37
13555.6	41
13555.7	48
13555.9	40
13556	46
13556.1	54
13556.2	32
13556.3	48
13556.4	46
13556.5	49
13556.6	53
13556.8	42
13556.9	46
13557	47
13557.1	34
13557.2	52
13557.3	35
13557.4	37
13557.5	55
13557.7	37
13557.8	48
13557.9	29
13558	38
13558.1	35
13558.2	46
13558.3	26
13558.4	48
13558.6	37
13558.7	27
13558.8	41
13558.9	59
13559	54
13559.1	50
13559.2	39
13559.3	32
13559.5	37
13559.6	63
13559.7	49
13559.8	39
13559.9	48
13560	68
13560.1	41
13560.2	50
13560.3	41
13560.5	36
13560.6	40
13560.7	56
13560.8	47
13560.9	32
13561	44
13561.1	58
13561.2	34
13561.4	37
13561.5	46
13561.6	48
13561.7	43
13561.8	45
13561.9	36
13562	43
13562.1	38
13562.3	47
13562.4	56
13562.5	30
13562.6	45
13562.7	41
13562.8	26
13562.9	14
13563	33
13563.2	46
13563.3	52
13563.4	43
13563.5	47
13563.6	30
13563.7	53
13563.8	34
13563.9	63
13564	41
13564.2	29
13564.3	40
13564.4	35
13564.5	43
13564.6	32
13564.7	50
13564.8	40
13564.9	55
13565.1	55
13565.2	30
13565.3	43
13565.4	60
13565.5	55
13565.6	39
13565.7	45
13565.8	45
13565.9	58
13566.1	57
13566.2	57
13566.3	58
13566.4	54
13566.5	47
13566.6	28
13566.7	36
13566.8	57
13567	45
13567.1	59
13567.2	42
13567.3	36
13567.4	48
13567.5	70
13567.6	49
13567.7	51
13567.8	40
13568	46
13568.1	35
13568.2	42
13568.3	29
13568.4	42
13568.5	43
13568.6	67
13568.7	55
13568.9	56
13569	29
13569.1	37
13569.2	41
13569.3	49
13569.4	38
13569.5	44
13569.6	36
13569.7	58
13569.9	76
13570	51
13570.1	50
13570.2	52
13570.3	49
13570.4	36
13570.5	43
13570.6	37
13570.7	40
13570.9	46
13571	22
13571.1	53
13571.2	42
13571.3	40
13571.4	49
13571.5	53
13571.6	50
13571.8	31
13571.9	52
13572	54
13572.1	38
13572.2	43
13572.3	39
13572.4	48
13572.5	35
13572.6	31
13572.8	45
13572.9	33
13573	40
13573.1	39
13573.2	39
13573.3	38
13573.4	48
13573.5	54
13573.6	27
13573.8	41
13573.9	43
13574	48
13574.1	57
13574.2	45
13574.3	46
13574.4	47
13574.5	46
13574.6	40
13574.8	42
13574.9	41
13575	67
13575.1	43
13575.2	50
13575.3	49
13575.4	48
13575.5	45
13575.6	45
13575.8	21
13575.9	52
13576	46
13576.1	26
13576.2	58
13576.3	26
13576.4	44
13576.5	39
13576.6	29
13576.8	57
13576.9	41
13577	36
13577.1	45
13577.2	46
13577.3	60
13577.4	44
13577.5	38
13577.6	36
13577.8	29
13577.9	44
13578	64
13578.1	27
13578.2	38
13578.3	70
13578.4	44
13578.5	56
13578.6	45
13578.8	35
13578.9	29
13579	34
13579.1	68
13579.2	42
13579.3	41
13579.4	58
13579.5	35
13579.6	32
13579.8	55
13579.9	34
13580	55
13580.1	43
13580.2	38
13580.3	49
13580.4	47
13580.5	41
13580.6	49
13580.7	49
13580.9	48
13581	49
13581.1	48
13581.2	36
13581.3	34
13581.4	44
13581.5	44
13581.6	32
13581.7	44
13581.9	53
13582	30
13582.1	66
13582.2	58
13582.3	30
13582.4	48
13582.5	47
13582.6	51
13582.7	37
13582.8	35
13583	40
13583.1	55
13583.2	45
13583.3	54
13583.4	39
13583.5	38
13583.6	55
13583.7	32
13583.8	43
13584	47
13584.1	49
13584.2	55
13584.3	26
13584.4	49
13584.5	57
13584.6	48
13584.7	35
13584.8	21
13584.9	38
13585.1	54
13585.2	34
13585.3	35
13585.4	48
13585.5	33
13585.6	45
13585.7	49
13585.8	39
13585.9	52
13586.1	42
13586.2	32
13586.3	42
13586.4	39
13586.5	30
13586.6	43
13586.7	42
13586.8	47
13586.9	57
13587	49
13587.2	37
13587.3	27
13587.4	25
13587.5	34
13587.6	44
13587.7	42
13587.8	45
13587.9	40
13588	57
13588.1	38
13588.3	69
13588.4	38
13588.5	20
13588.6	44
13588.7	33
13588.8	34
13588.9	41
13589	50
13589.1	66
13589.3	34
13589.4	49
13589.5	52
13589.6	45
13589.7	41
13589.8	47
13589.9	36
13590	40
13590.1	32
13590.2	20
13590.4	59
13590.5	52
13590.6	48
13590.7	46
13590.8	36
13590.9	25
13591	66
13591.1	52
13591.2	65
13591.3	46
13591.5	28
13591.6	39
13591.7	44
13591.8	36
13591.9	61
13592	20
13592.1	47
13592.2	40
13592.3	46
13592.4	50
13592.6	44
13592.7	35
13592.8	44
13592.9	51
13593	47
13593.1	46
13593.2	39
13593.3	30
13593.4	39
13593.5	35
13593.7	47
13593.8	55
13593.9	31
13594	53
13594.1	49
13594.2	23
13594.3	37
13594.4	39
13594.5	40
13594.6	38
13594.7	37
13594.9	38
13595	31
13595.1	46
13595.2	53
13595.3	44
13595.4	43
13595.5	53
13595.6	39
13595.7	54
13595.8	50
13596	43
13596.1	54
13596.2	35
13596.3	27
13596.4	41
13596.5	45
13596.6	47
13596.7	43
13596.8	37
13596.9	64
13597.1	32
13597.2	33
13597.3	49
13597.4	42
13597.5	36
13597.6	44
13597.7	64
13597.8	54
13597.9	39
13598	32
13598.1	42
13598.3	32
13598.4	43
13598.5	43
13598.6	26
13598.7	3
13598.8	44
13598.9	37
13599	51
13599.1	49
13599.2	47
13599.4	32
13599.5	40
13599.6	43
13599.7	38
13599.8	49
13599.9	50
13600	42
13600.1	37
13600.2	45
13600.3	16
13600.4	27
13600.6	31
13600.7	60
13600.8	32
13600.9	26
13601	17
13601.1	15
13601.2	44
13601.3	40
13601.4	35
13601.5	42
13601.6	33
13601.8	32
13601.9	46
13602	35
13602.1	41
13602.2	34
13602.3	34
13602.4	43
13602.5	47
13602.6	48
13602.7	45
13602.8	33
13603	45
13603.1	67
13603.2	48
13603.3	50
13603.4	42
13603.5	20
13603.6	33
13603.7	54
13603.8	47
13603.9	29
13604	30
13604.2	12
13604.3	43
13604.4	41
13604.5	50
13604.6	27
13604.7	42
13604.8	53
13604.9	42
13605	37
13605.1	37
13605.2	29
13605.4	26
13605.5	49
13605.6	50
13605.7	48
13605.8	54
13605.9	35
13606	28
13606.1	39
13606.2	44
13606.3	43
13606.4	15
13606.6	44
13606.7	45
13606.8	40
13606.9	37
13607	31
13607.1	48
13607.2	52
13607.3	42
13607.4	40
13607.5	47
13607.6	12
13607.8	40
13607.9	47
13608	36
13608.1	41
13608.2	36
13608.3	38
13608.4	39
13608.5	34
13608.6	36
13608.7	44
13608.8	31
13609	27
13609.1	21
13609.2	64
13609.3	46
13609.4	45
13609.5	43
13609.6	42
13609.7	38
13609.8	31
13609.9	36
13610	17
13610.1	31
13610.3	51
13610.4	35
13610.5	26
13610.6	28
13610.7	25
13610.8	37
13610.9	37
13611	41
13611.1	20
13611.2	18
13611.3	52
13611.4	34
13611.6	32
13611.7	46
13611.8	31
13611.9	44
13612	43
13612.1	36
13612.2	35
13612.3	29
13612.4	20
13612.5	47
13612.6	36
13612.8	45
13612.9	22
13613	40
13613.1	33
13613.2	44
13613.3	54
13613.4	51
13613.5	34
13613.6	28
13613.7	54
13613.8	33
13613.9	53
13614.1	53
13614.2	38
13614.3	35
13614.4	34
13614.5	44
13614.6	28
13614.7	33
13614.8	35
13614.9	39
13615	38
13615.1	38
13615.2	42
13615.4	27
13615.5	39
13615.6	29
13615.7	33
13615.8	41
13615.9	33
13616	45
13616.1	34
13616.2	36
13616.3	42
13616.4	32
13616.5	44
13616.7	37
13616.8	40
13616.9	49
13617	40
13617.1	40
13617.2	36
13617.3	36
13617.4	32
13617.5	30
13617.6	34
13617.7	18
13617.8	38
13617.9	40
13618.1	41
13618.2	45
13618.3	47
13618.4	51
13618.5	40
13618.6	38
13618.7	40
13618.8	33
13618.9	59
13619	28
13619.1	51
13619.2	50
13619.4	50
13619.5	39
13619.6	30
13619.7	27
13619.8	23
13619.9	29
13620	21
13620.1	21
13620.2	35
13620.3	37
13620.4	28
13620.5	24
13620.6	28
13620.8	41
13620.9	62
13621	50
13621.1	40
13621.2	26
13621.3	26
13621.4	35
13621.5	37
13621.6	42
13621.7	45
13621.8	35
13621.9	35
13622.1	34
13622.2	15
13622.3	32
13622.4	29
13622.5	29
13622.6	45
13622.7	43
13622.8	38
13622.9	36
13623	42
13623.1	38
13623.2	37
13623.3	45
13623.5	38
13623.6	27
13623.7	35
13623.8	28
13623.9	52
13624	31
13624.1	25
13624.2	37
13624.3	42
13624.4	48
13624.5	43
13624.6	32
13624.7	36
13624.9	9
13625	46
13625.1	41
13625.2	24
13625.3	22
13625.4	26
13625.5	35
13625.6	46
13625.7	60
13625.8	43
13625.9	25
13626	21
13626.1	33
13626.2	36
13626.4	35
13626.5	30
13626.6	33.9461
13626.7	33.8055
13626.8	29.7968
13626.9	32.6912
13627	28.8923
13627.1	38.407
13627.2	32.7413
13627.3	39.7461
13627.4	39.8333
13627.5	43.7841
13627.6	19.7369
13627.8	34.682
13627.9	35.6814
13628	41.5788
13628.1	51.0506
13628.2	42.4954
13628.3	39.464
13628.4	27.7188
13628.5	24.5479
13628.6	21.7019
13628.7	29.4447
13628.8	36.1737
13628.9	35.188
13629	27.8021
13629.1	38.5221
13629.3	24.0672
13629.4	27.0134
13629.5	36.7575
13629.6	28.7704
13629.7	38.4991
13629.8	22.9337
13629.9	39.6018
13630	36.8275
13630.1	25.0735
13630.2	31.5292
13630.3	40.478
13630.4	30.731
13630.5	30.5301
13630.7	44.4681
13630.8	35.7333
13630.9	26.1841
13631	34.5011
13631.1	33.9291
13631.2	26.8662
13631.3	27.061
13631.4	32.9213
13631.5	37.4054
13631.6	30.4712
13631.7	31.5396
13631.8	24.664
13631.9	37.487
13632	37.2825
13632.1	33.1361
13632.3	27.1984
13632.4	32.5188
13632.5	32.8483
13632.6	41.3175
13632.7	23.9754
13632.8	26.4126
13632.9	41.6154
13633	25.9214
13633.1	39.4329
13633.2	33.5947
13633.3	23.9599
13633.4	32.4152
13633.5	33.005
13633.6	21.1385
13633.8	17.3668
13633.9	23.7203
13634	33.1995
13634.1	29.8529
13634.2	28.3183
13634.3	32.556
13634.4	29.3297
13634.5	28.7657
13634.6	41.743
13634.7	37.6821
13634.8	37.0016
13634.9	39.2707
13635	35.2542
13635.1	24.9308
13635.3	32.7346
13635.4	41.8244
13635.5	24.6956
13635.6	21.5075
13635.7	43.0935
13635.8	42.7169
13635.9	35.7817
13636	21.6045
13636.1	24.9447
13636.2	18.9571
13636.3	18.689
13636.4	25.711
13636.5	32.7381
13636.6	38.9076
13636.7	28.9173
13636.9	17.9209
13637	19.5426
13637.1	27.4186
13637.2	38.8957
13637.3	42.8705
13637.4	20.1275
13637.5	20
13637.6	12
13637.7	32
13637.8	35
13637.9	32
13638	8
13638.1	14
13638.2	36
13638.3	31
13638.5	38
13638.6	22
13638.7	23
13638.8	30
13638.9	27
13639	25
13639.1	31
13639.2	33
13639.3	37
13639.4	29
13639.5	34
13639.6	33
13639.8	34
13639.9	26
13640	20
13640.1	19
13640.2	12
13640.3	39
13640.4	35
13640.5	42
13640.6	27
13640.7	36
13640.8	43
13640.9	33
13641	23
13641.2	51
13641.3	34
13641.4	41
13641.5	42
13641.6	21
13641.7	23
13641.8	45
13641.9	36
13642	31
13642.1	40
13642.2	39
13642.3	30
13642.5	26
13642.6	41
13642.7	24
13642.8	23
13642.9	37
13643	47
13643.1	32
13643.2	54
13643.3	21
13643.4	52
13643.5	47
13643.6	28
13643.7	41
13643.9	38
13644	24
13644.1	21
13644.2	44
13644.3	38
13644.4	35
13644.5	18
13644.6	28
13644.7	34
13644.8	29
13644.9	37
13645	25
13645.1	14
13645.3	35
13645.4	36
13645.5	28
13645.6	24
13645.7	25
13645.8	47
13645.9	46
13646	34
13646.1	38
13646.2	26
13646.3	35
13646.4	43
13646.5	41
13646.7	25
13646.8	25
13646.9	25
13647	41
13647.1	34
13647.2	56
13647.3	42
13647.4	36
13647.5	28
13647.6	33
13647.7	50
13647.8	41
13647.9	36
13648.1	42
13648.2	28
13648.3	41
13648.4	44
13648.5	34
13648.6	27
13648.7	38
13648.8	50
13648.9	56
13649	29
13649.1	57
13649.2	31
13649.3	15
13649.4	32
13649.6	42
13649.7	44
13649.8	41
13649.9	31
13650	48
13650.1	29
13650.2	42
13650.3	34
13650.4	47
13650.5	38
13650.6	50
13650.7	61
13650.8	61
13651	41
13651.1	33
13651.2	31
13651.3	32
13651.4	24
13651.5	28
13651.6	32
13651.7	45
13651.8	46
13651.9	54
13652	52
13652.1	46
13652.2	34
13652.3	51
13652.5	43
13652.6	30
13652.7	41
13652.8	41
13652.9	35
13653	31
13653.1	17
13653.2	44
13653.3	36
13653.4	39
13653.5	37
13653.6	34
13653.7	26
13653.8	52
13654	27
13654.1	38
13654.2	41
13654.3	33
13654.4	42
13654.5	31
13654.6	31
13654.7	44
13654.8	42
13654.9	35
13655	37
13655.1	33
13655.2	38
13655.3	41
13655.5	43
13655.6	20
13655.7	24
13655.8	25
13655.9	38
13656	45
13656.1	50
13656.2	38
13656.3	26
13656.4	35
13656.5	38
13656.6	21
13656.7	39
13656.8	41
13656.9	37
13657.1	45
13657.2	42
13657.3	51
13657.4	42
13657.5	24
13657.6	34
13657.7	47
13657.8	53
13657.9	41
13658	22
13658.1	53
13658.2	13
13658.3	50
13658.4	60
13658.6	55
13658.7	28
13658.8	46
13658.9	19
13659	48
13659.1	35
13659.2	52
13659.3	35
13659.4	53
13659.5	48
13659.6	33
13659.7	48
13659.8	21
13659.9	50
13660	46
13660.2	38
13660.3	32
13660.4	54
13660.5	39
13660.6	31
13660.7	23
13660.8	42
13660.9	29
13661	29
13661.1	45
13661.2	51
13661.3	43
13661.4	26
13661.5	36
13661.6	52
13661.8	29
13661.9	39
13662	49
13662.1	50
13662.2	30
13662.3	32
13662.4	49
13662.5	44
13662.6	53
13662.7	27
13662.8	31.5
13662.9	36
13663	62
13663.1	22
13663.2	45
13663.3	33
13663.5	40
13663.6	45
13663.7	41
13663.8	36
13663.9	36
13664	40
13664.1	44
13664.2	36
13664.3	42
13664.4	36
13664.5	38
13664.6	58
13664.7	56
13664.8	57
13664.9	26
13665.1	33
13665.2	37
13665.3	50
13665.4	46
13665.5	19
13665.6	42
13665.7	48
13665.8	53
13665.9	47
13666	55
13666.1	39
13666.2	38
13666.3	30
13666.4	51
13666.5	43
13666.6	49
13666.8	43
13666.9	53
13667	27
13667.1	35
13667.2	56
13667.3	39
13667.4	30
13667.5	35
13667.6	35
13667.7	44
13667.8	29
13667.9	55
13668	33
13668.1	41
13668.2	22
13668.3	40
13668.4	45
13668.6	42
13668.7	26
13668.8	43
13668.9	30
13669	56
13669.1	47
13669.2	57
13669.3	57
13669.4	51
13669.5	42
13669.6	43
13669.7	34
13669.8	48
13669.9	43
13670	45
13670.1	17
13670.3	27
13670.4	50
13670.5	35
13670.6	62
13670.7	46
13670.8	35
13670.9	23
13671	41
13671.1	57
13671.2	51
13671.3	33
13671.4	47
13671.5	44
13671.6	58
13671.7	43
13671.8	44
13671.9	41
13672.1	34
13672.2	37
13672.3	55
13672.4	32
13672.5	18
13672.6	39
13672.7	44
13672.8	21
13672.9	54
13673	55
13673.1	27
13673.2	50
13673.3	48
13673.4	49
13673.5	43
13673.6	31
13673.7	37
13673.9	28
13674	52
13674.1	35
13674.2	59
13674.3	40
13674.4	30
13674.5	42
13674.6	53
13674.7	45
13674.8	36
13674.9	39
13675	23
13675.1	24
13675.2	38
13675.3	48
13675.4	33
13675.5	35
13675.6	64
13675.8	49
13675.9	46
13676	56
13676.1	43
13676.2	36
13676.3	60
13676.4	53
13676.5	56
13676.6	47
13676.7	42
13676.8	26
13676.9	46
13677	44
13677.1	41
13677.2	37
13677.3	45
13677.4	51
13677.5	46
13677.7	44
13677.8	70
13677.9	50
13678	51
13678.1	43
13678.2	50
13678.3	31
13678.4	37
13678.5	45
13678.6	39
13678.7	45
13678.8	43
13678.9	28
13679	40
13679.1	37
13679.2	26
13679.3	33
13679.4	28
13679.5	28
13679.7	22
13679.8	33
13679.9	40
13680	38
13680.1	30
13680.2	43
13680.3	40
13680.4	50
13680.5	35
13680.6	27
13680.7	21
13680.8	44
13680.9	43
13681	39
13681.1	33
13681.2	44
13681.3	46
13681.4	57
13681.5	61
13681.7	38
13681.8	30
13681.9	25
13682	48
13682.1	46
13682.2	51
13682.3	23
13682.4	32
13682.5	36
13682.6	45
13682.7	55
13682.8	47
13682.9	32
13683	40
13683.1	52
13683.2	55
13683.3	45
13683.4	42
13683.5	52
13683.6	26
13683.8	43
13683.9	54
13684	63
13684.1	36
13684.2	31
13684.3	37
13684.4	51
13684.5	53
13684.6	40
13684.7	41
13684.8	40
13684.9	37
13685	68
13685.1	36
13685.2	38
13685.3	28
13685.4	32
13685.5	36
13685.6	38
13685.7	33
13685.9	40
13686	36
13686.1	50
13686.2	29
13686.3	50
13686.4	36
13686.5	30
13686.6	65
13686.7	36
13686.8	61
13686.9	34
13687	37
13687.1	42
13687.2	42
13687.3	42
13687.4	51
13687.5	40
13687.6	51
13687.7	43
13687.8	37
13687.9	37
13688.1	30
13688.2	23
13688.3	33
13688.4	56
13688.5	46
13688.6	41
13688.7	49
13688.8	32
13688.9	32
13689	43
13689.1	64
13689.2	56
13689.3	18
13689.4	36
13689.5	27
13689.6	24
13689.7	38
13689.8	25
13689.9	38
13690	51
13690.1	50
13690.2	33
13690.4	26
13690.5	29
13690.6	39
13690.7	41
13690.8	46
13690.9	35
13691	30
13691.1	29
13691.2	34
13691.3	57
13691.4	47
13691.5	39
13691.6	42
13691.7	51
13691.8	48
13691.9	29
13692	33
13692.1	29
13692.2	33
13692.3	42
13692.4	24
13692.5	24
13692.7	46
13692.8	28
13692.9	37
13693	32
13693.1	32
13693.2	35
13693.3	40
13693.4	36
13693.5	30
13693.6	44
13693.7	53
13693.8	46
13693.9	28
13694	51
13694.1	44
13694.2	36
13694.3	29
13694.4	50
13694.5	35
13694.6	44
13694.7	46
13694.8	38
13694.9	27
13695	31
13695.2	54
13695.3	29
13695.4	43
13695.5	33
13695.6	35
13695.7	39
13695.8	42
13695.9	35
13696	34
13696.1	35
13696.2	51
13696.3	45
13696.4	45
13696.5	47
13696.6	17
13696.7	25
13696.8	32
13696.9	46
13697	39
13697.1	50
13697.2	20
13697.3	34
13697.4	55
13697.5	41
13697.7	43
13697.8	36
13697.9	17
13698	47
13698.1	36
13698.2	55
13698.3	42
13698.4	38
13698.5	55
13698.6	32
13698.7	29
13698.8	43
13698.9	27
13699	23
13699.1	32
13699.2	20
13699.3	37
13699.4	29
13699.5	37
13699.6	42
13699.7	14
13699.8	42
13699.9	42
13700	44
13700.1	31
13700.3	39
13700.4	39
13700.5	25
13700.6	46
13700.7	33
13700.8	47
13700.9	33
13701	20
13701.1	51
13701.2	20
13701.3	13
13701.4	16
13701.5	28
13701.6	37
13701.7	26
13701.8	38
13701.9	44
13702	28
13702.1	60
13702.2	31
13702.3	21
13702.4	10
13702.5	38
13702.6	32
13702.7	33
13702.8	42
13702.9	33
13703.1	45
13703.2	36
13703.3	46
13703.4	19
13703.5	22
13703.6	46
13703.7	12
13703.8	31
13703.9	39
13704	37
13704.1	45
13704.2	30
13704.3	37
13704.4	41
13704.5	48
13704.6	22
13704.7	29
13704.8	38
13704.9	30
13705	20
13705.1	35
13705.2	46
13705.3	35
13705.4	41
13705.5	40
13705.6	49
13705.7	33
13705.8	19
13706	32
13706.1	38
13706.2	50
13706.3	38
13706.4	37
13706.5	34
13706.6	43
13706.7	35
13706.8	37
13706.9	48
13707	35
13707.1	49
13707.2	43
13707.3	50
13707.4	38
13707.5	47
13707.6	32
13707.7	37
13707.8	33
13707.9	57
13708	35
13708.1	24
13708.2	42
13708.3	32
13708.4	34
13708.5	41
13708.6	16
13708.7	47
13708.8	42
13708.9	45
13709	20
13709.2	32
13709.3	27
13709.4	35
13709.5	32
13709.6	54
13709.7	36
13709.8	43
13709.9	45
13710	28
13710.1	49
13710.2	58
13710.3	21
13710.4	38
13710.5	52
13710.6	12
13710.7	41
13710.8	36
13710.9	19
13711	54
13711.1	44
13711.2	38
13711.3	40
13711.4	29
13711.5	25
13711.6	44
13711.7	39
13711.8	42
13711.9	40
13712	20
13712.1	28
13712.2	31
13712.3	45
13712.5	32
13712.6	34
13712.7	44
13712.8	41
13712.9	54
13713	56
13713.1	39
13713.2	20
13713.3	40
13713.4	35
13713.5	42
13713.6	37
13713.7	38
13713.8	40
13713.9	35
13714	41
13714.1	44
13714.2	27
13714.3	36
13714.4	37
13714.5	36
13714.6	58
13714.7	39
13714.8	34
13714.9	50
13715	42
13715.1	39
13715.2	47
13715.3	29
13715.4	29
13715.5	27
13715.6	43
13715.7	29
13715.8	34
13715.9	38
13716.1	45
13716.2	29
13716.3	32
13716.4	47
13716.5	35
13716.6	30
13716.7	42
13716.8	44
13716.9	33
13717	41
13717.1	37
13717.2	31
13717.3	46
13717.4	46
13717.5	42
13717.6	32
13717.7	25
13717.8	39
13717.9	29
13718	27
13718.1	18
13718.2	34
13718.3	23
13718.4	40
13718.5	45
13718.6	45
13718.7	33
13718.8	33
13718.9	42
13719	40
13719.1	32
13719.2	20
13719.3	42
13719.4	37
13719.5	40
13719.6	40
13719.7	22
13719.8	37
13719.9	28
13720.1	30
13720.2	18
13720.3	41
13720.4	46
13720.5	36
13720.6	43
13720.7	29
13720.8	24
13720.9	33
13721	50
13721.1	43
13721.2	52
13721.3	18
13721.4	38
13721.5	33
13721.6	21
13721.7	22
13721.8	31
13721.9	29
13722	20
13722.1	30
13722.2	39
13722.3	35
13722.4	40
13722.5	38
13722.6	43
13722.7	25
13722.8	37
13722.9	40
13723	31
13723.1	33
13723.2	32
13723.3	24
13723.4	54
13723.5	51
13723.6	34
13723.7	26
13723.8	23.9758
13723.9	42.754
13724	36.525
13724.1	22.5828
13724.2	43.4206
13724.3	26.7604
13724.4	21.1354
13724.6	57.7217
13724.7	27.0254
13724.8	49.4806
13724.9	20.8254
13725	10.8878
13725.1	46.6252
13725.2	33.1118
13725.3	6.49921
13725.4	45.5984
13725.5	40.6344
13725.6	39.0353
13725.7	34.7492
13725.8	40.6529
13725.9	43.604
13726	28.1137
13726.1	32.3082
13726.2	46.5389
13726.3	47.0034
13726.4	30.3514
13726.5	38.235
13726.6	33.1381
13726.7	32.1005
13726.8	28.04
13726.9	25.9093
13727	36.7609
13727.1	29.144
13727.2	33.544
13727.3	32.5375
13727.4	12.315
13727.5	38.2605
13727.6	28.302
13727.7	20.2407
13727.8	35.5582
13727.9	24.555
13728	24.6332
13728.1	33.7588
13728.2	23.3888
13728.3	28.7149
13728.4	36.466
13728.5	29.3936
13728.6	41.3141
13728.7	30.5885
13728.8	39.816
13728.9	32.9542
13729	38.565
13729.1	28.4915
13729.2	32.7603
13729.3	26.7992
13729.4	30.6305
13729.5	36.9432
13729.6	36.4047
13729.8	24.0558
13729.9	16.7504
13730	30.7686
13730.1	31.6234
13730.2	25.9442
13730.3	20.8789
13730.4	30.9592
13730.5	27.9894
13730.6	33.2405
13730.7	30.2697
13730.8	33.8624
13730.9	25.6585
13731	38.829
13731.1	31.7464
13731.2	37.6427
13731.3	29.6861
13731.4	28.0947
13731.5	11.774
13731.6	22.6355
13731.7	13.7487
13731.8	24.2984
13731.9	31.6361
13732	30.5354
13732.1	24.9765
13732.2	23.6703
13732.3	29.5402
13732.4	35.0754
13732.5	19.6948
13732.6	30.4324
13732.7	20.0157
13732.8	26.9511
13732.9	23.2767
13733	29.6933
13733.1	20.5331
13733.2	22.876
13733.3	29.138
13733.4	42.3931
13733.5	39.0918
13733.6	25.9072
13733.7	21.3195
13733.8	24.5412
13733.9	29.6813
13734	32.0251
13734.1	34.0068
13734.2	30.5854
13734.3	28
13734.4	33
13734.5	15
13734.6	42
13734.7	25
13734.8	24
13734.9	8
13735	27
13735.1	25
13735.2	20
13735.3	28
13735.4	10
13735.5	25
13735.6	24
13735.7	32
13735.8	30
13735.9	25
13736	36
13736.1	20
13736.2	26
13736.3	27
13736.4	26
13736.5	24
13736.6	18
13736.7	31
13736.8	37
13736.9	23
13737	28
13737.1	25
13737.2	21
13737.3	42
13737.4	39
13737.5	44
13737.7	16
13737.8	26
13737.9	43
13738	29
13738.1	24
13738.2	42
13738.3	35
13738.4	33
13738.5	32
13738.6	36
13738.7	41
13738.8	49
13738.9	46
13739	38
13739.1	34
13739.2	38
13739.3	24
13739.4	27
13739.5	57
13739.6	45
13739.7	45
13739.8	18
13739.9	45
13740	14
13740.1	24
13740.2	42
13740.3	45
13740.4	34
13740.5	37
13740.6	50
13740.7	13
13740.8	40
13740.9	47
13741	38
13741.1	13
13741.2	28
13741.3	36
13741.4	51
13741.5	29
13741.7	34
13741.8	48
13741.9	30
13742	45
13742.1	36
13742.2	43
13742.3	36
13742.4	21
13742.5	60
13742.6	44
13742.7	33
13742.8	40
13742.9	40
13743	28
13743.1	46
13743.2	34
13743.3	36
13743.4	42
13743.5	36
13743.6	45
13743.7	53
13743.8	34
13743.9	21
13744	40
13744.1	32
13744.2	44
13744.3	39
13744.4	18
13744.5	26
13744.6	42
13744.7	36
13744.8	43
13744.9	27
13745	19
13745.1	35
13745.2	34
13745.3	45
13745.4	37
13745.5	35
13745.6	35
13745.7	25
13745.8	22
13745.9	48
13746	21
13746.2	55
13746.3	34
13746.4	29
13746.5	46
13746.6	20
13746.7	29
13746.8	29
13746.9	46
13747	37
13747.1	26
13747.2	38
13747.3	56
13747.4	51
13747.5	42
13747.6	33
13747.7	21
13747.8	34
13747.9	25
13748	39
13748.1	50
13748.2	16
13748.3	35
13748.4	50
13748.5	33
13748.6	43
13748.7	38
13748.8	21
13748.9	35
13749	28
13749.1	37
13749.2	43
13749.3	48
13749.4	19
13749.5	46
13749.6	50
13749.7	43
13749.8	34
13749.9	37
13750	39
13750.1	47
13750.2	49
13750.3	35
13750.4	22
13750.5	47
13750.6	51
13750.7	46
13750.8	39
13750.9	31
13751	43
13751.1	35
13751.2	45
13751.3	23
13751.5	47
13751.6	43
13751.7	21
13751.8	34
13751.9	29
13752	47
13752.1	31
13752.2	40
13752.3	51
13752.4	34
13752.5	35
13752.6	51
13752.7	34
13752.8	53
13752.9	19
13753	47
13753.1	55
13753.2	39
13753.3	30
13753.4	39
13753.5	33
13753.6	35
13753.7	39
13753.8	33
13753.9	5
13754	34
13754.1	41
13754.2	45
13754.3	46
13754.4	30
13754.5	43
13754.6	34
13754.7	36
13754.8	43
13754.9	39
13755	29
13755.1	3
13755.2	50
13755.3	37
13755.4	31
13755.5	42
13755.6	47
13755.7	45
13755.8	50
13755.9	39
13756	39
13756.1	25
13756.2	30
13756.3	43
13756.4	31
13756.5	35
13756.6	48
13756.7	49
13756.8	51
13756.9	21
13757	31
13757.1	38
13757.2	18
13757.3	27
13757.4	34
13757.5	43
13757.6	47
13757.7	47
13757.8	45
13757.9	45
13758	43
13758.2	31
13758.3	23.5
13758.4	16
13758.5	38
13758.6	39
13758.7	41
13758.8	38
13758.9	32
13759	33
13759.1	39
13759.2	46
13759.3	37
13759.4	34
13759.5	20
13759.6	31
13759.7	35
13759.8	38
13759.9	31
13760	30
13760.1	37
13760.2	45
13760.3	39
13760.4	21
13760.5	43
13760.6	32
13760.7	54
13760.8	53
13760.9	38
13761	51
13761.1	40
13761.2	43
13761.3	42
13761.4	49
13761.5	27
13761.6	26
13761.7	41
13761.8	45
13761.9	50
13762	41
13762.1	27
13762.2	42
13762.3	40
13762.4	33
13762.5	46
13762.6	51
13762.7	45
13762.8	32
13762.9	64
13763	49
13763.1	41
13763.2	34
13763.3	18
13763.4	46
13763.5	42
13763.6	38
13763.7	35
13763.8	43
13763.9	43
13764	45
13764.1	27
13764.2	43
13764.3	65
13764.4	23
13764.5	42
13764.6	49
13764.7	47
13764.8	44
13764.9	47
13765	33
13765.1	44
13765.2	39
13765.3	58
13765.4	49
13765.5	32
13765.6	44
13765.7	31
13765.8	35
13765.9	38
13766	38
13766.1	46
13766.2	41
13766.3	31
13766.4	39
13766.5	35
13766.6	31
13766.7	54
13766.8	51
13766.9	55
13767	29
13767.1	13
13767.2	57
13767.3	47
13767.4	51
13767.5	44
13767.6	26
13767.7	40
13767.8	29
13767.9	49
13768	28
13768.1	45
13768.2	14
13768.3	42
13768.4	32
13768.5	50
13768.6	54
13768.7	45
13768.8	31
13768.9	30
13769	35
13769.1	47
13769.2	48
13769.3	45
13769.4	45
13769.5	33
13769.6	45
13769.8	34
13769.9	38
13770	28
13770.1	50
13770.2	40
13770.3	43
13770.4	39
13770.5	48
13770.6	53
13770.7	42
13770.8	63
13770.9	39
13771	30
13771.1	30
13771.2	63
13771.3	57
13771.4	43
13771.5	41
13771.6	49
13771.7	57
13771.8	46
13771.9	63
13772	48
13772.1	44
13772.2	42
13772.3	27
13772.4	45
13772.5	64
13772.6	38
13772.7	27
13772.8	33
13772.9	46
13773	28
13773.1	29
13773.2	43
13773.3	50
13773.4	47
13773.5	36
13773.6	66
13773.7	41
13773.8	19
13773.9	37
13774	48
13774.1	53
13774.2	34
13774.3	37
13774.4	34
13774.5	32
13774.6	54
13774.7	57
13774.8	42
13774.9	25
13775	30
13775.1	47
13775.2	44
13775.3	47
13775.4	34
13775.5	49
13775.6	49
13775.7	36
13775.8	39
13775.9	49
13776	20
13776.1	36
13776.2	38
13776.3	53
13776.4	32
13776.5	34
13776.6	28
13776.7	57
13776.8	44
13776.9	36
13777	41
13777.1	28
13777.2	40
13777.3	46
13777.4	58
13777.5	26
13777.6	46
13777.7	38
13777.8	45
13777.9	69
13778	61
13778.1	43
13778.2	31
13778.3	32
13778.4	32
13778.5	38
13778.6	39
13778.7	47
13778.8	50
13778.9	30
13779	37
13779.1	51
13779.2	51
13779.3	43
13779.4	31
13779.5	40
13779.6	53
13779.7	37
13779.8	31
13779.9	31
13780	40
13780.1	16
13780.2	32
13780.3	49
13780.4	25
13780.5	42
13780.6	32
13780.7	38
13780.8	36
13780.9	44
13781	27
13781.1	42
13781.2	49
13781.3	34
13781.4	26
13781.5	21
13781.6	43
13781.7	36
13781.8	45
13781.9	49
13782	28
13782.1	21
13782.2	38
13782.3	24
13782.4	48
13782.5	38
13782.6	30
13782.7	33
13782.8	34
13782.9	48
13783	37
13783	31
13783.1	26
13783.2	53
13783.3	46
13783.4	46
13783.5	31
13783.6	47
13783.7	38
13783.8	25
13783.9	47
13784	41
13784.1	31
13784.2	51
13784.3	52
13784.4	35
13784.5	54
13784.6	35
13784.7	45
13784.8	34
13784.9	43
13785	61
13785.1	39
13785.2	18
13785.3	41
13785.4	47
13785.5	42
13785.6	35
13785.7	33
13785.8	42
13785.9	35
13786	37
13786.1	75
13786.2	24
13786.3	21
13786.4	35
13786.5	42
13786.6	43
13786.7	46
13786.8	36
13786.9	49
13787	27
13787.1	19
13787.2	31
13787.3	22
13787.4	38
13787.5	51
13787.6	43
13787.7	39
13787.8	37
13787.9	37
13788	51
13788.1	23
13788.2	47
13788.3	50
13788.4	28
13788.5	23
13788.6	51
13788.7	41
13788.8	37
13788.9	26
13789	49
13789.1	25
13789.2	30
13789.3	24
13789.4	41
13789.5	30
13789.6	18
13789.7	31
13789.8	54
13789.9	42
13790	21
13790.1	21
13790.2	43
13790.3	49
13790.4	37
13790.5	66
13790.6	36
13790.7	43
13790.8	30
13790.9	42
13791	37
13791.1	42
13791.2	39
13791.3	43
13791.4	51
13791.5	38
13791.6	47
13791.7	43
13791.8	53
13791.9	37
13792	31
13792.1	63
13792.2	29
13792.3	40
13792.4	30
13792.5	27
13792.6	35
13792.7	30
13792.8	42
13792.9	29
13793	31
13793.1	37
13793.2	41
13793.3	31
13793.4	34
13793.5	41
13793.6	38
13793.7	22
13793.8	39
13793.9	47
13794	36
13794.1	49
13794.2	23
13794.3	37
13794.4	35
13794.5	28
13794.5	30
13794.6	41
13794.7	40
13794.8	39
13794.9	46
13795	37
13795.1	26
13795.2	32
13795.3	47
13795.4	35
13795.5	12
13795.6	47
13795.7	26
13795.8	31
13795.9	25
13796	38
13796.1	37
13796.2	49
13796.3	35
13796.4	62
13796.5	49
13796.6	20
13796.7	44
13796.8	29
13796.9	55
13797	58
13797.1	40
13797.2	34
13797.3	46
13797.4	53
13797.5	49
13797.6	38
13797.7	27
13797.8	39
13797.9	38
13798	36
13798.1	29
13798.2	43
13798.3	41
13798.4	27
13798.5	46
13798.6	36
13798.7	51
13798.8	16
13798.9	37
13799	47
13799.1	28
13799.2	49
13799.3	18
13799.4	22
13799.5	35
13799.6	54
13799.7	36
13799.8	43
13799.9	21
13800	29
13800.1	47
13800.2	48
13800.3	37
13800.4	34
13800.5	38
13800.6	33
13800.7	38
13800.8	42
13800.9	35
13801	45
13801	50
13801.1	51
13801.2	23
13801.3	31
13801.4	26
13801.5	41
13801.6	37
13801.7	39
13801.8	37
13801.9	43
13802	28
13802.1	26
13802.2	31
13802.3	34
13802.4	19
13802.5	34
13802.6	49
13802.7	43
13802.8	43
13802.9	39
13803	21
13803.1	44
13803.2	47
13803.3	27
13803.4	45
13803.5	18
13803.6	30
13803.7	33
13803.8	53
13803.9	38
13804	43
13804.1	25
13804.2	44
13804.3	44
13804.4	35
13804.5	45
13804.6	22
13804.7	34
13804.8	24
13804.9	43
13805	30
13805.1	41
13805.2	29
13805.3	40
13805.4	35
13805.5	37
13805.6	46
13805.7	26
13805.8	22
13805.9	27
13806	36
13806.1	51
13806.2	37
13806.2	27
13806.3	37
13806.4	36
13806.5	41
13806.6	54
13806.7	37
13806.8	10
13806.9	38
13807	34
13807.1	35
13807.2	22
13807.3	21
13807.4	33
13807.5	25
13807.6	35
13807.7	41
13807.8	34
13807.9	12
13808	30
13808.1	25
13808.2	18
13808.3	29
13808.4	24
13808.5	37
13808.6	38
13808.7	33
13808.8	48
13808.9	42
13809	36
13809.1	35
13809.2	32
13809.3	34
13809.4	23
13809.5	32
13809.6	33
13809.7	48
13809.8	49
13809.9	43
13810	24
13810.1	32
13810.2	44
13810.3	48
13810.4	45
13810.5	32
13810.5	38
13810.6	20
13810.7	24
13810.8	46
13810.9	34
13811	35
13811.1	22
13811.2	52
13811.3	25
13811.4	41
13811.5	35
13811.6	15
13811.7	48
13811.8	20
13811.9	26
13812	49
13812.1	39
13812.2	18
13812.3	44
13812.4	27
13812.5	46
13812.6	19
13812.7	33
13812.8	42
13812.9	35
13813	43
13813.1	33
13813.2	32
13813.3	31
13813.4	21
13813.5	45
13813.6	44
13813.7	16
13813.8	49
13813.9	10
13814	36
13814.1	46
13814.2	38
13814.3	36
13814.4	31
13814.4	22
13814.5	31
13814.6	11
13814.7	40
13814.8	49
13814.9	27
13815	35
13815.1	21
13815.2	36
13815.3	24
13815.4	19
13815.5	39
13815.6	34
13815.7	36
13815.8	30
13815.9	3
13816	17
13816.1	51
13816.2	35.9954
13816.3	26.9995
13816.4	34.816
13816.5	52.8955
13816.6	30.6954
13816.7	32
13816.8	38.3681
13816.9	29.1689
13817	21.0685
13817.1	33.0859
13817.2	40.294
13817.3	33.7319
13817.4	30.5492
13817.5	37.6809
13817.6	41.178
13817.7	35.4377
13817.8	41.6966
13817.8	48.3802
13817.9	33.1796
13818	37.8807
13818.1	19.8727
13818.2	31.7426
13818.3	28.9957
13818.4	31.9918
13818.5	41.2285
13818.6	43.3786
13818.7	39.1155
13818.8	31.2694
13818.9	35.7776
13819	24.1976
13819.1	25.6689
13819.2	32.7307
13819.3	29.2949
13819.4	39.6616
13819.5	34.2977
13819.6	25.436
13819.7	33.1362
13819.8	28.6479
13819.9	35.1562
13820	31.4618
13820.1	35.2442
13820.2	21.5792
13820.3	39.4935
13820.4	30.8791
13820.5	29.451
13820.6	36.142
13820.7	26.1775
13820.8	36.7841
13820.9	24.2113
13821	27.0701
13821	36.0639
13821.1	24.7456
13821.2	19.3403
13821.3	30.7535
13821.4	23.601
13821.5	24.0946
13821.6	26.7031
13821.7	37.727
13821.8	25.2018
13821.9	20.8442
13822	32.2954
13822.1	37.2131
13822.2	29.7885
13822.3	22.2996
13822.4	32.0969
13822.5	27.8843
13822.6	26.8987
13822.7	27.5096
13822.8	29.6858
13822.9	34.7818
13823	21.7856
13823.1	27.906
13823.2	33.4311
13823.3	33.715
13823.4	28.5218
13823.5	30.4835
13823.6	12.6287
13823.7	33.5332
13823.8	41.6722
13823.9	41.6492
13824	39.0795
13824	23.3211
13824.1	22.2956
13824.2	25.1976
13824.3	7.7995
13824.4	22.8826
13824.5	20.9146
13824.6	32.2633
13824.7	25.5826
13824.8	36.316
13824.9	24.9303
13825	44.1873
13825.1	18.809
13825.2	16.5908
13825.3	21.4567
13825.4	19.6002
13825.5	35.8386
13825.6	35.086
13825.7	22.2466
13825.8	18.3262
13825.9	18.8767
13826	18.1499
13826.1	24.0041
13826.2	8.64343
13826.2	6
13826.3	16
13826.4	31
13826.5	19
13826.6	16
13826.7	13
13826.8	36
13826.9	17
13827	15
13827.1	22
13827.2	28
13827.3	22
13827.4	12
13827.5	25
13827.6	15
13827.7	30
13827.8	29
13827.9	28
13827.9	22
13828	43
13828.1	37
13828.2	26
13828.3	30
13828.4	17
13828.5	13
13828.6	38
13828.7	39
13828.8	25
13828.9	48
13829	38
13829.1	45
13829.2	33
13829.3	38
13829.4	14
13829.5	9
13829.6	42
13829.7	26
13829.8	45
13829.9	35
13830	28
13830.1	19
13830.2	21
13830.3	46
13830.4	39
13830.5	30
13830.6	19
13830.7	32
13830.8	27
13830.9	21
13831	23
13831.1	29
13831.2	34
13831.3	47
13831.4	30
13831.5	39
13831.6	24
13831.7	19
13831.8	31
13831.9	55
13832	55
13832.1	38
13832.2	21
13832.2	33
13832.3	21
13832.4	49
13832.5	47
13832.6	36
13832.7	42
13832.8	40
13832.9	26
13833	45
13833.1	28
13833.2	13
13833.3	36
13833.4	31
13833.5	44
13833.6	34
13833.7	32
13833.8	26
13833.9	51
13834	36
13834.1	31
13834.2	26
13834.3	25
13834.4	25
13834.5	40
13834.6	31
13834.7	37
13834.8	34
13834.9	36
13835	36
13835.1	29
13835.2	28
13835.3	23
13835.4	40
13835.5	18
13835.6	24
13835.7	26
13835.8	29
13835.9	20
13836	37
13836	22
13836.1	31
13836.2	50
13836.3	34
13836.4	30
13836.5	45
13836.6	41
13836.7	49
13836.8	47
13836.9	25
13837	28
13837.1	42
13837.2	52
13837.3	51
13837.4	32
13837.5	14
13837.6	41
13837.7	32
13837.8	45
13837.9	40
13838	39
13838.1	40
13838.2	44
13838.3	40
13838.4	60
13838.5	27
13838.6	38
13838.7	36
13838.8	32
13838.9	36
13839	33
13839.1	39
13839.2	42
13839.3	46
13839.4	54
13839.4	32
13839.5	41
13839.6	25
13839.7	45
13839.8	43
13839.9	52
13840	34
13840.1	40
13840.2	34
13840.3	35
13840.4	32
13840.5	47
13840.6	48
13840.7	41
13840.8	55
13840.9	40
13841	49
13841.1	50
13841.2	36
13841.3	49
13841.4	32
13841.5	38
13841.6	45
13841.7	24
13841.8	20
13841.9	46
13842	37
13842.1	42
13842.2	28
13842.3	40
13842.4	45
13842.5	26
13842.6	47
13842.6	38
13842.7	32
13842.8	46
13842.9	39
13843	43
13843.1	47
13843.2	18
13843.3	43
13843.4	35
13843.5	41
13843.6	49
13843.7	43
13843.8	35
13843.9	25
13844	48
13844.1	46
13844.2	49
13844.3	49
13844.4	18
13844.5	48
13844.6	37
13844.7	36
13844.8	24
13844.9	29
13845	34
13845.1	38
13845.2	56
13845.3	42
13845.4	30
13845.5	47
13845.5	31
13845.6	32
13845.7	53
13845.8	47
13845.9	37
13846	35
13846.1	40
13846.2	54
13846.3	47
13846.4	50
13846.5	47
13846.6	34
13846.7	43
13846.8	29
13846.9	43
13847	39
13847.1	41
13847.2	41
13847.3	42
13847.4	23
13847.5	47
13847.6	20
13847.7	38
13847.8	41
13847.9	29
13848	35
13848.1	38
13848.2	29
13848.3	32
13848.3	56
13848.4	39
13848.5	33
13848.6	26
13848.7	42
13848.8	34
13848.9	32
13849	30
13849.1	51
13849.2	43
13849.3	45
13849.4	34
13849.5	41
13849.6	37
13849.7	9
13849.8	46
13849.9	29
13850	38
13850.1	38
13850.2	36
13850.3	47
13850.4	52
13850.5	61
13850.6	45
13850.7	34
13850.8	17
13850.9	50
13851	48
13851	44
13851.1	51
13851.2	42
13851.3	37
13851.4	52
13851.5	58
13851.6	57
13851.7	39
13851.8	32
13851.9	32
13852	43
13852.1	32
13852.2	43
13852.3	70
13852.4	38
13852.5	33
13852.6	22
13852.7	49
13852.8	33
13852.9	39
13853	56
13853.1	33
13853.2	50
13853.3	42
13853.4	21
13853.5	58
13853.5	36
13853.6	47
13853.7	43
13853.8	32
13853.9	45
13854	54
13854.1	47
13854.2	63
13854.3	12
13854.4	34
13854.5	25
13854.6	41
13854.7	35
13854.8	44
13854.9	39
13855	42
13855.1	38
13855.2	31
13855.3	54
13855.4	13
13855.5	27
13855.6	35
13855.7	33
13855.8	49
13855.9	50
13855.9	43
13856	41
13856.1	38
13856.2	40
13856.3	45
13856.4	41
13856.5	18
13856.6	29
13856.7	38
13856.8	54
13856.9	46
13857	33
13857.1	58
13857.2	41
13857.3	47
13857.4	67
13857.5	36
13857.6	35
13857.7	34
13857.8	55
13857.9	41
13858	34
13858.1	21
13858.2	31
13858.2	47
13858.3	40
13858.4	51
13858.5	44
13858.6	37
13858.7	43
13858.8	52
13858.9	27
13859	44
13859.1	32
13859.2	27
13859.3	36
13859.4	41
13859.5	42
13859.6	50
13859.7	39
13859.8	42
13859.9	44
13860	37
13860.1	51
13860.2	61
13860.3	49
13860.4	38
13860.4	42
13860.5	31
13860.6	44
13860.7	46
13860.8	31
13860.9	43
13861	41
13861.1	32
13861.2	47
13861.3	39
13861.4	35
13861.5	34
13861.6	22
13861.7	41
13861.8	53
13861.9	43
13862	37
13862.1	45
13862.2	50
13862.3	42
13862.4	23
13862.5	46
13862.5	36
13862.6	29
13862.7	29
13862.8	31
13862.9	27
13863	24
13863.1	48
13863.2	48
13863.3	27
13863.4	49
13863.5	52
13863.6	38
13863.7	34
13863.8	37
13863.9	48
13864	50
13864.1	63
13864.2	43
13864.3	42
13864.4	32
13864.5	49
13864.6	39
13864.6	37
13864.7	41
13864.8	36
13864.9	52
13865	25
13865.1	50
13865.2	44
13865.3	16
13865.4	32
13865.5	38
13865.6	47
13865.7	42
13865.8	36
13865.9	42
13866	49
13866.1	31
13866.2	53
13866.3	56
13866.4	35
13866.5	36
13866.6	21
13866.6	50
13866.7	50
13866.8	27
13866.9	48
13867	42
13867.1	35
13867.2	41
13867.3	39
13867.4	42
13867.5	29
13867.6	49
13867.7	36
13867.8	41
13867.9	33
13868	42
13868.1	44
13868.2	40
13868.3	52
13868.4	46
13868.5	39
13868.6	46
13868.6	46
13868.7	42
13868.8	45
13868.9	25
13869	29
13869.1	47
13869.2	55
13869.3	42
13869.4	42
13869.5	38
13869.6	23
13869.7	57
13869.8	33
13869.9	19
13870	47
13870.1	37
13870.2	46
13870.3	42
13870.4	41
13870.5	41
13870.5	28
13870.6	29
13870.7	35
13870.8	30
13870.9	36
13871	44
13871.1	48
13871.2	29
13871.3	29
13871.4	36
13871.5	38
13871.6	18
13871.7	42
13871.8	32
13871.9	48
13872	47
13872.1	45
13872.2	35
13872.3	38
13872.3	30
13872.4	43
13872.5	20
13872.6	45
13872.7	35
13872.8	45
13872.9	49
13873	54
13873.1	40
13873.2	37
13873.3	26
13873.4	50
13873.5	47
13873.6	52
13873.7	36
13873.8	49
13873.9	65
13874	49
13874.1	46
13874.1	42
13874.2	36
13874.3	26
13874.4	36
13874.5	39
13874.6	57
13874.7	44
13874.8	43
13874.9	46
13875	31
13875.1	38
13875.2	30
13875.3	19
13875.4	39
13875.5	45
13875.6	29
13875.7	49
13875.8	33
13875.8	45
13875.9	62
13876	30
13876.1	16
13876.2	28
13876.3	6
13876.4	27
13876.5	45
13876.6	32
13876.7	36
13876.8	43
13876.9	31
13877	32
13877.1	40
13877.2	30
13877.3	39
13877.4	23
13877.5	42
13877.5	44
13877.6	57
13877.7	41
13877.8	27
13877.9	31
13878	28
13878.1	40
13878.2	30
13878.3	33
13878.4	43
13878.5	52
13878.6	34
13878.7	49
13878.8	56
13878.9	25
13879	40
13879.1	51
13879.2	40
13879.2	42
13879.3	20
13879.4	28
13879.5	35
13879.6	36
13879.7	45
13879.8	40
13879.9	36
13880	41
13880.1	38
13880.2	60
13880.3	38
13880.4	50
13880.5	32
13880.6	53
13880.7	32
13880.8	29
13880.8	39
13880.9	36
13881	46
13881.1	52
13881.2	38
13881.3	33
13881.4	32
13881.5	31
13881.6	42
13881.7	47
13881.8	34
13881.9	48
13882	35
13882.1	31
13882.2	37
13882.3	39
13882.4	52
13882.5	19
13882.5	39
13882.6	40
13882.7	25
13882.8	46
13882.9	37
13883	15
13883.1	36
13883.2	48
13883.3	53
13883.4	28
13883.5	19
13883.6	46
13883.7	60
13883.8	44
13883.9	46
13884	25
13884	23
13884.1	42
13884.2	46
13884.3	39
13884.4	36
13884.5	33
13884.6	55
13884.7	63
13884.8	37
13884.9	54
13885	26
13885.1	17
13885.2	41
13885.3	34
13885.4	37
13885.5	35
13885.6	40
13885.6	44
13885.7	43
13885.8	44
13885.9	67
13886	34
13886.1	40
13886.2	31
13886.3	28
13886.4	23
13886.5	45
13886.6	52
13886.7	43
13886.8	20
13886.9	23
13887	42
13887.1	30
13887.1	19
13887.2	28
13887.3	23
13887.4	43
13887.5	37
13887.6	17
13887.7	38
13887.8	35
13887.9	51
13888	36
13888.1	26
13888.2	35
13888.3	55
13888.4	45
13888.5	32
13888.6	33
13888.6	35
13888.7	27
13888.8	46
13888.9	44
13889	30
13889.1	25
13889.2	27
13889.3	33
13889.4	30
13889.5	47
13889.6	38
13889.7	37
13889.8	50
13889.9	41
13890	49
13890	33
13890.1	34
13890.2	39
13890.3	52
13890.4	56
13890.5	64
13890.6	45
13890.7	37
13890.8	32
13890.9	24
13891	32
13891.1	34
13891.2	52
13891.3	32
13891.4	20
13891.5	36
13891.5	47
13891.6	40
13891.7	32
13891.8	22
13891.9	36
13892	39
13892.1	20
13892.2	40
13892.3	33
13892.4	34
13892.5	33
13892.6	44
13892.7	38
13892.8	30
13892.9	43
13892.9	26
13893	42
13893.1	21
13893.2	27
13893.3	43
13893.4	41
13893.5	55
13893.6	32
13893.7	23
13893.8	39
13893.9	34
13894	35
13894.1	32
13894.2	29
13894.3	43
13894.3	49
13894.4	41
13894.5	34
13894.6	14
13894.7	31
13894.8	28
13894.9	56
13895	43
13895.1	51
13895.2	37
13895.3	34
13895.4	22
13895.5	39
13895.6	27
13895.6	44
13895.7	29
13895.8	3
13895.9	29
13896	31
13896.1	36
13896.2	24
13896.3	27
13896.4	38
13896.5	43
13896.6	38
13896.7	36
13896.8	41
13896.9	13
13897	29
13897	43
13897.1	28
13897.2	38
13897.3	10
13897.4	18
13897.5	41
13897.6	26
13897.7	57
13897.8	9
13897.9	27
13898	34
13898.1	37
13898.2	40
13898.3	26
13898.3	31
13898.4	37
13898.5	24
13898.6	22
13898.7	45
13898.8	25
13898.9	32
13899	42
13899.1	25
13899.2	46
13899.3	32
13899.4	34
13899.5	49
13899.6	32
13899.6	35
13899.7	36
13899.8	35
13899.9	30
13900	48
13900.1	23
13900.2	48
13900.3	35
13900.4	25
13900.5	30
13900.6	49
13900.7	34
13900.8	31
13900.9	30
13900.9	41
13901	44
13901.1	39
13901.2	41
13901.3	53
13901.4	40
13901.5	44
13901.6	39
13901.7	42
13901.8	34
13901.9	20
13902	34
13902.1	31
13902.2	43
13902.2	37
13902.3	24
13902.4	17
13902.5	41
13902.6	61
13902.7	40
13902.8	30
13902.9	32
13903	24
13903.1	36
13903.2	42
13903.3	43
13903.4	22
13903.4	24
13903.5	26
13903.6	49
13903.7	29
13903.8	29
13903.9	28
13904	35
13904.1	38
13904.2	28
13904.3	44
13904.4	35.915
13904.5	20.6507
13904.6	46.2813
13904.7	37.7167
13904.7	37.2593
13904.8	23.1859
13904.9	33.3469
13905	31.2897
13905.1	39.0978
13905.2	29.2444
13905.3	35.0127
13905.4	38.5119
13905.5	14.1215
13905.6	32.6287
13905.7	39.1188
13905.8	27.3854
13905.9	42.9155
13905.9	38.3313
13906	56.9386
13906.1	26.5531
13906.2	34.7263
13906.3	29.2534
13906.4	29.3724
13906.5	35.2282
13906.6	30.2091
13906.7	25.1678
13906.8	40.1324
13906.9	24.9792
13907	21.0362
13907.1	28.8317
13907.1	23.8902
13907.2	33.8031
13907.3	33.6045
13907.4	28.0507
13907.5	31.0612
13907.6	20.0717
13907.7	27.2002
13907.8	29.8184
13907.9	17.7966
13908	30.1873
13908.1	15.4969
13908.2	35.2135
13908.3	35.9875
13908.3	42.2127
13908.4	29.8613
13908.5	19.0534
13908.6	35.9732
13908.7	30.0419
13908.8	42.895
13908.9	32.4266
13909	21.854
13909.1	28.9873
13909.2	29.9943
13909.3	28.4895
13909.4	37.1591
13909.5	32.3036
13909.5	17.2223
13909.6	27.0742
13909.7	35.3162
13909.8	34.2114
13909.9	24.4096
13910	38.6333
13910.1	31.5557
13910.2	30.2169
13910.3	29.1314
13910.4	31.6385
13910.5	30.1791
13910.6	27.3812
13910.7	27.1466
13910.7	36.1911
13910.8	42.1983
13910.9	30.9888
13911	22.4809
13911.1	36.2923
13911.2	24.6403
13911.3	31.6019
13911.4	27.9714
13911.5	34.7833
13911.6	27.5963
13911.7	15.4059
13911.8	25.1501
13911.8	34.6855
13911.9	19.3009
13912	27.9171
13912.1	39.6433
13912.2	22.6378
13912.3	25.3449
13912.4	35.6283
13912.5	26.8621
13912.6	31.5569
13912.7	23.7615
13912.8	34.578
13912.9	41.7805
13913	35.0196
13913	14.8446
13913.1	29.7895
13913.2	27.0183
13913.3	32.9653
13913.4	41.5015
13913.5	34.4283
13913.6	28.6576
13913.6	28
13913.7	27
13913.8	18
13913.9	26
13914	53
13914.1	14
13914.2	-11
13914.3	37
13914.4	39
13914.5	34
13914.6	23
13914.7	22
13914.7	32
13914.8	37
13914.9	17
13915	39
13915.1	17
13915.2	24
13915.3	32
13915.4	26
13915.5	15
13915.6	22
13915.7	30
13915.8	20
13915.9	27
13916	21
13916.1	33
13916.1	43
13916.2	16
13916.3	31
13916.4	38
13916.5	36
13916.6	41
13916.7	18
13916.8	33
13916.9	17
13917	36
13917.1	48
13917.2	27
13917.3	2
13917.4	32
13917.4	36
13917.5	36
13917.6	29
13917.7	31
13917.8	40
13917.9	26
13918	48
13918.1	46
13918.2	35
13918.3	26
13918.4	25
13918.5	26
13918.6	39
13918.7	17
13918.8	43
13918.8	38
13918.9	27
13919	37
13919.1	34
13919.2	45
13919.3	25
13919.4	27
13919.5	28
13919.6	25
13919.7	14
13919.8	40
13919.9	39
13920	40
13920.1	56
13920.1	49
13920.2	42
13920.3	25
13920.4	40
13920.5	42
13920.6	34
13920.7	27
13920.8	38
13920.9	38
13921	25
13921.1	45
13921.2	51
13921.3	21
13921.4	27
13921.4	38
13921.5	26
13921.6	59
13921.7	34
13921.8	31
13921.9	13
13922	45
13922.1	43
13922.2	33
13922.3	29
13922.4	18
13922.5	38
13922.6	27
13922.7	64
13922.7	28
13922.8	51
13922.9	19
13923	29
13923.1	36
13923.2	38
13923.3	43
13923.4	41
13923.5	42
13923.6	48
13923.7	39
13923.8	31
13923.9	26
13923.9	13
13924	44
13924.1	39
13924.2	51
13924.3	47
13924.4	38
13924.5	24
13924.6	25
13924.7	45
13924.8	33
13924.9	15
13925	48
13925.1	42
13925.2	32
13925.2	38
13925.3	45
13925.4	30
13925.5	35
13925.6	52
13925.7	41
13925.8	30
13925.9	33
13926	37
13926.1	48
13926.2	34
13926.3	57
13926.4	48
13926.4	42
13926.5	56
13926.6	53
13926.7	52
13926.8	38
13926.9	29
13927	26
13927.1	44
13927.2	36
13927.3	37
13927.4	40
13927.5	37
13927.6	42
13927.6	42
13927.7	48
13927.8	22
13927.9	26
13928	47
13928.1	45
13928.2	44
13928.3	47
13928.4	43
13928.5	55
13928.6	58
13928.7	38
13928.8	45
13928.8	41
13928.9	23
13929	53
13929.1	49
13929.2	30
13929.3	36
13929.4	43
13929.5	50
13929.6	44
13929.7	41
13929.8	50
13929.9	35
13930	35
13930	44
13930.1	52
13930.2	53
13930.3	27
13930.4	25
13930.5	12
13930.6	46
13930.7	46
13930.8	45
13930.9	32
13931	18
13931.1	55
13931.2	35
13931.2	30
13931.3	46
13931.4	33
13931.5	43
13931.6	47
13931.7	49
13931.8	35
13931.9	40
13932	49
13932.1	21
13932.2	40
13932.3	49
13932.4	52
13932.4	50
13932.5	42
13932.6	18
13932.7	48
13932.8	38
13932.9	37
13933	23
13933.1	53
13933.2	28
13933.3	39
13933.4	30
13933.5	37
13933.5	34
13933.6	46
13933.7	39
13933.8	39
13933.9	44
13934	43
13934.1	37
13934.2	43
13934.3	43
13934.4	34
13934.5	33
13934.6	48
13934.6	41
13934.7	41
13934.8	31
13934.9	40
13935	36
13935.1	48
13935.2	22
13935.3	43
13935.4	48
13935.5	22
13935.6	30.5
13935.7	39
13935.8	37
13935.8	34
13935.9	53
13936	43
13936.1	33
13936.2	32
13936.3	39
13936.4	44
13936.5	49
13936.6	44
13936.7	44
13936.8	43
13936.9	32
13936.9	54
13937	38
13937.1	48
13937.2	41
13937.3	44
13937.4	31
13937.5	27
13937.6	26
13937.7	48
13937.8	44
13937.9	31
13938	13
13938	45
13938.1	48
13938.2	54
13938.3	43
13938.4	34
13938.5	34
13938.6	24
13938.7	39
13938.8	49
13938.9	27
13939	45
13939.1	30
13939.1	35
13939.2	40
13939.3	37
13939.4	40
13939.5	29
13939.6	45
13939.7	36
13939.8	40
13939.9	38
13940	30
13940.1	30
13940.2	44
13940.2	56
13940.3	33
13940.4	41
13940.5	27
13940.6	40
13940.7	50
13940.8	48
13940.9	32
13941	17
13941.1	36
13941.2	35
13941.3	34
13941.3	52
13941.4	44
13941.5	42
13941.6	59
13941.7	35
13941.8	58
13941.9	52
13942	49
13942.1	33
13942.2	57
13942.3	37
13942.3	44
13942.4	46
13942.5	44
13942.6	50
13942.7	48
13942.8	48
13942.9	39
13943	24
13943.1	35
13943.2	28
13943.3	36
13943.4	47
13943.4	48
13943.5	51
13943.6	36
13943.7	36
13943.8	43
13943.9	28
13944	25
13944.1	60
13944.2	50
13944.3	51
13944.4	46
13944.4	36
13944.5	34
13944.6	29
13944.7	49
13944.8	47
13944.9	38
13945	27
13945.1	44
13945.2	36
13945.3	35
13945.4	43
13945.4	35
13945.5	68
13945.6	40
13945.7	51
13945.8	39
13945.9	19
13946	34
13946.1	48
13946.2	65
13946.3	45
13946.4	33
13946.5	29
13946.5	42
13946.6	40
13946.7	50
13946.8	50
13946.9	40
13947	33
13947.1	40
13947.2	49
13947.3	43
13947.4	40
13947.5	28
13947.5	36
13947.6	52
13947.7	51
13947.8	56
13947.9	44
13948	26
13948.1	40
13948.2	33
13948.3	44
13948.4	34
13948.5	43
13948.5	44
13948.6	30
13948.7	44
13948.8	51
13948.9	31
13949	48
13949.1	41
13949.2	54
13949.3	45
13949.4	47
13949.5	38
13949.5	48
13949.6	35
13949.7	56
13949.8	43
13949.9	63
13950	34
13950.1	39
13950.2	38
13950.3	41
13950.4	57
13950.5	41
13950.5	43
13950.6	47
13950.7	56
13950.8	32
13950.9	50
13951	31
13951.1	45
13951.2	46
13951.3	30
13951.4	49
13951.5	55
13951.5	58
13951.6	51
13951.7	37
13951.8	52
13951.9	39
13952	37
13952.1	31
13952.2	58
13952.3	44
13952.4	41
13952.4	44
13952.5	37
13952.6	29
13952.7	22
13952.8	40
13952.9	42
13953	40
13953.1	38
13953.2	35
13953.3	50
13953.4	51
13953.4	26
13953.5	27
13953.6	45
13953.7	25
13953.8	13
13953.9	51
13954	43
13954.1	44
13954.2	38
13954.3	50
13954.4	45
13954.4	21
13954.5	46
13954.6	47
13954.7	53
13954.8	34
13954.9	60
13955	41
13955.1	37
13955.2	18
13955.3	45
13955.3	46
13955.4	38
13955.5	38
13955.6	45
13955.7	40
13955.8	45
13955.9	41
13956	45
13956.1	46
13956.2	46
13956.3	50
13956.3	54
13956.4	28
13956.5	35
13956.6	41
13956.7	39
13956.8	31
13956.9	48
13957	43
13957.1	40
13957.2	45
13957.2	55
13957.3	28
13957.4	31
13957.5	36
13957.6	48
13957.7	41
13957.8	48
13957.9	43
13958	34
13958.1	48
13958.1	40
13958.2	40
13958.3	43
13958.4	21
13958.5	50
13958.6	48
13958.7	24
13958.8	35
13958.9	34
13959	47
13959	48
13959.1	70
13959.2	43
13959.3	47
13959.4	29
13959.5	44
13959.6	47
13959.7	57
13959.8	31
13959.9	36
13960	36
13960	39
13960.1	56
13960.2	49
13960.3	40
13960.4	10
13960.5	45
13960.6	44
13960.7	46
13960.8	42
13960.9	41
13960.9	36
13961	52
13961.1	39
13961.2	35
13961.3	32
13961.4	36
13961.5	44
13961.6	51
13961.7	51
13961.8	44
13961.8	44
13961.9	50
13962	35
13962.1	51
13962.2	50
13962.3	28
13962.4	41
13962.5	55
13962.6	31
13962.7	59
13962.7	40
13962.8	50
13962.9	53
13963	37
13963.1	37
13963.2	52
13963.3	27
13963.4	32
13963.5	56
13963.6	48
13963.6	52
13963.7	31
13963.8	28
13963.9	46
13964	28
13964.1	36
13964.2	47
13964.3	32
13964.4	41
13964.5	22
13964.5	52
13964.6	53
13964.7	36
13964.8	26
13964.9	49
13965	42
13965.1	40
13965.2	30
13965.3	53
13965.3	46
13965.4	39
13965.5	40
13965.6	47
13965.7	32
13965.8	3
13965.9	37
13966	44
13966.1	43
13966.2	42
13966.2	23
13966.3	26
13966.4	50
13966.5	35
13966.6	47
13966.7	21
13966.8	41
13966.9	31
13967	21
13967.1	33
13967.1	48
13967.2	24
13967.3	29
13967.4	38
13967.5	42
13967.6	54
13967.7	32
13967.8	28
13967.9	21
13968	43
13968	43
13968.1	32
13968.2	32
13968.3	34
13968.4	31
13968.5	51
13968.6	46
13968.7	28
13968.8	29
13968.8	39
13968.9	51
13969	39
13969.1	32
13969.2	50
13969.3	51
13969.4	49
13969.5	45
13969.6	48
13969.7	49
13969.7	21
13969.8	28
13969.9	36
13970	56
13970.1	34
13970.2	52
13970.3	66
13970.4	48
13970.5	52
13970.5	35
13970.6	24
13970.7	17
13970.8	42
13970.9	48
13971	53
13971.1	32
13971.2	18
13971.3	43
13971.3	42
13971.4	40
13971.5	32
13971.6	31
13971.7	39
13971.8	43
13971.9	42
13972	42
13972.1	21
13972.2	15
13972.2	21
13972.3	25
13972.4	43
13972.5	30
13972.6	67
13972.7	50
13972.8	46
13972.9	51
13973	39
13973	29
13973.1	21
13973.2	25
13973.3	37
13973.4	37
13973.5	52
13973.6	34
13973.7	40
13973.8	24
13973.8	34
13973.9	42
13974	9
13974.1	2
13974.2	28
13974.3	27
13974.4	43
13974.5	44
13974.6	57
13974.7	50
13974.7	39
13974.8	35
13974.9	38
13975	28
13975.1	9
13975.2	45
13975.3	35
13975.4	55
13975.5	38
13975.5	52
13975.6	38
13975.7	39
13975.8	51
13975.9	41
13976	22
13976.1	19
13976.2	41
13976.3	53
13976.3	14
13976.4	31
13976.5	49
13976.6	38
13976.7	48
13976.8	45
13976.9	27
13977	44
13977.1	49
13977.1	40
13977.2	28
13977.3	41
13977.4	24
13977.5	40
13977.6	30
13977.7	10
13977.8	40
13977.9	40
13977.9	26
13978	27
13978.1	47
13978.2	36
13978.3	30
13978.4	25
13978.5	35
13978.6	39
13978.7	44
13978.7	43
13978.8	46
13978.9	43
13979	11
13979.1	44
13979.2	47
13979.3	43
13979.4	43
13979.5	43
13979.5	36
13979.6	25
13979.7	43
13979.8	57
13979.9	27
13980	20
13980.1	48
13980.2	41
13980.3	46
13980.3	21
13980.4	32
13980.5	26
13980.6	50
13980.7	43
13980.8	22
13980.9	28
13981	51
13981.1	41
13981.1	43
13981.2	55
13981.3	28
13981.4	39
13981.5	36
13981.6	29
13981.7	47
13981.8	38
13981.8	33
13981.9	48
13982	38
13982.1	41
13982.2	49
13982.3	30
13982.4	22
13982.5	47
13982.6	44
13982.6	40
13982.7	43
13982.8	33
13982.9	35
13983	32
13983.1	48
13983.2	51
13983.3	38
13983.4	31
13983.4	24
13983.5	38
13983.6	47
13983.7	37
13983.8	47
13983.9	44
13984	35
13984.1	35
13984.2	22
13984.2	43
13984.3	24
13984.4	45
13984.5	29
13984.6	45
13984.7	51
13984.8	38
13984.9	36
13984.9	44
13985	38
13985.1	47
13985.2	41
13985.3	28
13985.4	52
13985.5	35
13985.6	23
13985.7	42
13985.7	42
13985.8	52
13985.9	21
13986	51
13986.1	29
13986.2	35
13986.3	16
13986.4	52
13986.4	41
13986.5	26
13986.6	33
13986.7	44
13986.8	22
13986.9	44
13987	51
13987.1	24
13987.2	42
13987.2	29
13987.3	28
13987.4	29
13987.5	44
13987.6	45
13987.7	34
13987.8	24
13987.9	44
13987.9	38
13988	54
13988.1	45
13988.2	4.06796
13988.3	45.6699
13988.4	40.6833
13988.5	56.3723
13988.6	29.9899
13988.7	25.733
13988.7	30.2948
13988.8	40.3669
13988.9	45.6893
13989	49.6554
13989.1	38.3553
13989.2	35.8423
13989.3	30.2398
13989.4	23.6723
13989.4	43.8352
13989.5	33.1804
13989.6	16.3593
13989.7	29.3306
13989.8	41.9534
13989.9	30.7354
13990	33.4713
13990.1	28.8833
13990.2	26.3107
13990.2	28.3349
13990.3	40.0032
13990.4	39.3731
13990.5	46.1953
13990.6	9.81669
13990.7	30.8238
13990.8	25.1716
13990.9	22.4352
13990.9	43.5802
13991	40.8926
13991.1	30.9849
13991.2	46.3937
13991.3	23.7793
13991.4	23.2327
13991.5	26.3132
13991.6	36.1919
13991.6	27.3424
13991.7	19.4526
13991.8	26.1113
13991.9	42.3462
13992	29.932
13992.1	26.5567
13992.2	30.8746
13992.3	29.526
13992.3	25.8627
13992.4	36.392
13992.5	32.6517
13992.6	34.7232
13992.7	23.1289
13992.8	25.1914
13992.9	27.8232
13993	19.7538
13993.1	29.098
13993.1	31.3415
13993.2	23.586
13993.3	33.3679
13993.4	27.109
13993.5	21.2554
13993.6	29.6334
13993.7	36.3299
13993.8	36.4924
13993.8	26.4267
13993.9	27.2539
13994	22.2775
13994.1	17.4749
13994.2	33.9538
13994.3	30.1448
13994.4	21.7661
13994.5	24.6804
13994.5	39.1939
13994.6	19.1146
13994.7	20.1348
13994.8	27.4559
13994.9	26.9677
13995	29.5906
13995.1	30.8916
13995.2	26.9126
13995.2	25.6611
13995.3	18.9549
13995.4	30.7915
13995.5	31.4082
13995.6	32.7071
13995.7	32.1456
13995.8	23.1176
13995.9	23.9679
13995.9	19.3831
13996	36.8208
13996.1	33.3058
13996.2	32.3916
13996.3	34.386
13996.4	43.0694
13996.5	27.9032
13996.6	27.4719
13996.6	34.5807
13996.7	20.6944
13996.8	27.9579
13996.9	34.1251
13997	25.5778
13997.1	17.4462
13997.2	36.5251
13997.3	29
13997.3	31
13997.4	19
13997.5	36
13997.6	24
13997.7	28
13997.8	15
13997.9	25
13998	28
13998.1	24
13998.1	30
13998.2	31
13998.3	34
13998.4	22
13998.5	4
13998.6	41
13998.7	39
13998.8	37
13998.9	21
13998.9	26
13999	40
13999.1	37
13999.2	20
13999.3	32
13999.4	49
13999.5	30
13999.6	32
13999.7	28
13999.7	32
13999.8	46
13999.9	39
14000	20
14000.1	4
14000.2	32
14000.3	37
14000.4	15
14000.5	20
14000.5	32
14000.6	30
14000.7	38
14000.8	39
14000.9	46
14001	38
14001.1	23
14001.2	41
14001.3	35
14001.3	39
14001.4	37
14001.5	27
14001.6	54
14001.7	41
14001.8	37
14001.9	32
14002	39
14002.1	17
14002.1	28
14002.2	38
14002.3	24
14002.4	35
14002.5	22
14002.6	30
14002.7	45
14002.8	36
14002.8	39
14002.9	47
14003	23
14003.1	44
14003.2	30
14003.3	23
14003.4	39
14003.5	31
14003.6	10
14003.6	39
14003.7	33
14003.8	49
14003.9	29
14004	31
14004.1	27
14004.2	30
14004.3	34
14004.4	40
14004.4	27
14004.5	17
14004.6	37
14004.7	25
14004.8	58
14004.9	21
14005	40
14005.1	56
14005.2	38
14005.2	31
14005.3	16
14005.4	22
14005.5	50
14005.6	31
14005.7	33
14005.8	32
14005.9	17
14005.9	25
14006	49
14006.1	28
14006.2	46
14006.3	28
14006.4	26
14006.5	28
14006.6	42
14006.7	45
14006.7	44
14006.8	27
14006.9	38
14007	37
14007.1	32
14007.2	64
14007.3	31
14007.4	35
14007.4	22
14007.5	28
14007.6	40
14007.7	41
14007.8	37
14007.9	47
14008	26
14008.1	46
14008.2	52
14008.2	38
14008.3	25
14008.4	37
14008.5	29
14008.6	44
14008.7	43
14008.8	50
14008.9	48
14008.9	18
14009	40
14009.1	37
14009.2	45
14009.3	28
14009.4	37
14009.5	40
14009.6	40
14009.7	56
14009.7	34
14009.8	44
14009.9	44
14010	28
14010.1	32
14010.2	51
14010.3	24
14010.4	22
14010.4	36
14010.5	46
14010.6	37
14010.7	44
14010.8	39
14010.9	62
14011	33
14011.1	50
14011.1	40
14011.2	35
14011.3	39
14011.4	46
14011.5	47
14011.6	26
14011.7	45
14011.8	47
14011.9	39
14011.9	41
14012	23
14012.1	36
14012.2	27
14012.3	25
14012.4	52
14012.5	37
14012.6	32
14012.6	47
14012.7	54
14012.8	44
14012.9	30
14013	38
14013.1	37
14013.2	17
14013.3	54
14013.3	41
14013.4	31
14013.5	46
14013.6	36
14013.7	39
14013.8	50
14013.9	39
14014	27
14014.1	40
14014.1	45
14014.2	29
14014.3	55
14014.4	45
14014.5	38
14014.6	40
14014.7	40
14014.8	39
14014.8	34
14014.9	51
14015	46
14015.1	20
14015.2	35
14015.3	39
14015.4	53
14015.5	39
14015.5	34
14015.6	39
14015.7	39
14015.8	32
14015.9	31
14016	41
14016.1	37
14016.2	41
14016.2	32
14016.3	43
14016.4	52
14016.5	56
14016.6	42
14016.7	38
14016.8	21
14016.9	36
14016.9	42
14017	41
14017.1	51
14017.2	34
14017.3	30
14017.4	55
14017.5	2
14017.6	57
14017.6	47
14017.7	41
14017.8	51
14017.9	33
14018	39
14018.1	45
14018.2	46
14018.3	61
14018.3	46
14018.4	19
14018.5	26
14018.6	41
14018.7	26
14018.8	53
14018.9	47
14019	47
14019	60
14019.1	47
14019.2	60
14019.3	23
14019.4	39
14019.5	48
14019.6	23
14019.7	52
14019.7	45
14019.8	37
14019.9	40
14020	41
14020.1	40
14020.2	64
14020.3	40
14020.4	38
14020.4	60
14020.5	40
14020.6	46
14020.7	32
14020.8	37
14020.9	38
14021	30
14021.1	39
14021.1	56
14021.2	32
14021.3	15
14021.4	43
14021.5	47
14021.6	60
14021.7	34
14021.8	13
14021.8	23
14021.9	31
14022	58
14022.1	55
14022.2	54
14022.3	41
14022.4	51
14022.5	35
14022.5	39
14022.6	31
14022.7	34
14022.8	43
14022.9	45
14023	53
14023.1	49
14023.2	41
14023.2	23
14023.3	36
14023.4	36
14023.5	56
14023.6	42
14023.7	45
14023.8	28
14023.8	46
14023.9	44
14024	35
14024.1	54
14024.2	52
14024.3	23
14024.4	38
14024.5	53
14024.5	31
14024.6	54
14024.7	35
14024.8	33
14024.9	48
14025	33
14025.1	47
14025.2	45
14025.2	42
14025.3	42
14025.4	64
14025.5	29
14025.6	38
14025.7	23
14025.8	47
14025.9	46
14025.9	48
14026	43
14026.1	23
14026.2	35
14026.3	47
14026.4	50
14026.5	31
14026.5	55
14026.6	49
14026.7	37
14026.8	17
14026.9	33
14027	41
14027.1	50
14027.2	36
14027.2	50
14027.3	58
14027.4	40
14027.5	39
14027.6	28
14027.7	45
14027.8	39
14027.9	32
14027.9	43
14028	46
14028.1	40
14028.2	35
14028.3	38
14028.4	31
14028.5	39
14028.5	32
14028.6	29
14028.7	41
14028.8	43
14028.9	27
14029	52
14029.1	38
14029.2	32
14029.2	43
14029.3	55
14029.4	50
14029.5	33
14029.6	62
14029.7	23
14029.8	47
14029.8	41
14029.9	42
14030	47
14030.1	59
14030.2	31
14030.3	32
14030.4	31
14030.5	41
14030.5	45
14030.6	37
14030.7	40
14030.8	29
14030.9	30
14031	42
14031.1	36
14031.1	60
14031.2	50
14031.3	25
14031.4	41
14031.5	66
14031.6	50
14031.7	57
14031.8	36
14031.8	38
14031.9	43
14032	49
14032.1	62
14032.2	52
14032.3	35
14032.4	37
14032.4	58
14032.5	41
14032.6	42
14032.7	39
14032.8	52
14032.9	29
14033	34
14033.1	53
14033.1	43
14033.2	30
14033.3	38
14033.4	55
14033.5	48
14033.6	51
14033.7	37
14033.7	39
14033.8	37
14033.9	30
14034	47
14034.1	56
14034.2	37
14034.3	44
14034.3	45
14034.4	33
14034.5	28
14034.6	30
14034.7	38
14034.8	48
14034.9	34
14035	42
14035	57
14035.1	43
14035.2	40
14035.3	47
14035.4	41
14035.5	42
14035.6	37
14035.6	28
14035.7	41
14035.8	44
14035.9	35
14036	34
14036.1	32
14036.2	68
14036.2	42
14036.3	63
14036.4	31
14036.5	20
14036.6	28
14036.7	31
14036.8	55
14036.9	47
14036.9	50
14037	38
14037.1	49
14037.2	45
14037.3	61
14037.4	45
14037.5	9
14037.5	58
14037.6	48
14037.7	46
14037.8	28
14037.9	44
14038	47
14038.1	52
14038.1	47
14038.2	52
14038.3	56
14038.4	25
14038.5	48
14038.6	31
14038.7	40
14038.7	32
14038.8	46
14038.9	50
14039	37
14039.1	52
14039.2	52
14039.3	35
14039.4	35
14039.4	36
14039.5	46
14039.6	40
14039.7	45
14039.8	55
14039.9	62
14040	35
14040	48
14040.1	52
14040.2	39
14040.3	41
14040.4	35
14040.5	52
14040.6	46
14040.6	47
14040.7	42
14040.8	41
14040.9	26
14041	53
14041.1	53
14041.2	37
14041.2	44
14041.3	35
14041.4	46
14041.5	32
14041.6	30
14041.7	46
14041.8	41
14041.8	49
14041.9	60
14042	37
14042.1	39
14042.2	46
14042.3	52
14042.4	56
14042.4	40
14042.5	35
14042.6	53
14042.7	60
14042.8	38
14042.9	52
14043	43
14043	44
14043.1	22
14043.2	37
14043.3	56
14043.4	39
14043.5	26
14043.6	43
14043.6	30
14043.7	24
14043.8	29
14043.9	35
14044	41
14044.1	21
14044.2	50
14044.2	40
14044.3	49
14044.4	32
14044.5	42
14044.6	55
14044.7	38
14044.8	46
14044.8	36
14044.9	41
14045	41
14045.1	45
14045.2	31
14045.3	50
14045.4	20
14045.4	36
14045.5	42
14045.6	37
14045.7	37
14045.8	38
14045.9	42
14046	47
14046	58
14046.1	42
14046.2	31
14046.3	53
14046.4	45
14046.5	57
14046.6	57
14046.6	39
14046.7	32
14046.8	56
14046.9	32
14047	18
14047.1	41
14047.2	36
14047.2	38
14047.3	32
14047.4	47
14047.5	38
14047.6	30
14047.7	59
14047.8	56
14047.8	49
14047.9	43
14048	47
14048.1	43
14048.2	36
14048.3	4
14048.4	53
14048.4	39
14048.5	33
14048.6	42
14048.7	42
14048.8	24
14048.9	49
14049	34
14049	43
14049.1	47
14049.2	22
14049.3	36
14049.4	31
14049.5	29
14049.6	51
14049.6	37
14049.7	52
14049.8	31
14049.9	36
14050	37
14050.1	32
14050.1	40
14050.2	53
14050.3	36
14050.4	22
14050.5	28
14050.6	34
14050.7	42
14050.7	40
14050.8	19
14050.9	40
14051	25
14051.1	31
14051.2	44
14051.3	31
14051.3	52
14051.4	52
14051.5	21
14051.6	46
14051.7	47
14051.8	50
14051.9	54
14051.9	44
14052	27
14052.1	47
14052.2	35
14052.3	41
14052.4	34
14052.5	17
14052.5	35
14052.6	27
14052.7	50
14052.8	61
14052.9	38
14053	35
14053	47
14053.1	33
14053.2	40
14053.3	19
14053.4	25
14053.5	45
14053.6	40
14053.6	44
14053.7	43
14053.8	40
14053.9	42
14054	38
14054.1	40
14054.2	37
14054.2	38
14054.3	21
14054.4	29
14054.5	34
14054.6	44
14054.7	29
14054.7	30
14054.8	50
14054.9	61
14055	44
14055.1	28
14055.2	19
14055.3	23
14055.3	42
14055.4	32
14055.5	54
14055.6	33
14055.7	23
14055.8	33
14055.9	42
14055.9	27
14056	40
14056.1	27
14056.2	30
14056.3	35
14056.4	55
14056.4	22
14056.5	27
14056.6	27
14056.7	33
14056.8	35
14056.9	45
14057	45
14057	21
14057.1	36
14057.2	45
14057.3	60
14057.4	26
14057.5	40
14057.5	40
14057.6	52
14057.7	60
14057.8	55
14057.9	22
14058	30
14058.1	26
14058.1	28
14058.2	47
14058.3	59
14058.4	39
14058.5	43
14058.6	32
14058.7	35
14058.7	49
14058.8	43
14058.9	25
14059	34
14059.1	31
14059.2	42
14059.2	33
14059.3	34
14059.4	43
14059.5	25
14059.6	43
14059.7	32
14059.8	45
14059.8	41
14059.9	30
14060	45
14060.1	42
14060.2	38
14060.3	32
14060.3	27
14060.4	32
14060.5	51
14060.6	29
14060.7	48
14060.8	53
14060.9	40
14060.9	23
14061	44
14061.1	44
14061.2	38
14061.3	30
14061.4	43
14061.4	38
14061.5	56
14061.6	35
14061.7	29
14061.8	29
14061.9	43
14062	40
14062	35
14062.1	42
14062.2	42
14062.3	53
14062.4	24
14062.5	25
14062.5	35
14062.6	49
14062.7	26
14062.8	52
14062.9	50
14063	59
14063	38
14063.1	41
14063.2	28
14063.3	35
14063.4	29
14063.5	35
14063.6	40
14063.6	50
14063.7	35
14063.8	34
14063.9	41
14064	34
14064.1	13
14064.1	45
14064.2	41
14064.3	44
14064.4	41
14064.5	26
14064.6	20
14064.7	48
14064.7	40
14064.8	46
14064.9	37
14065	28
14065.1	24
14065.2	34
14065.2	27
14065.3	44
14065.4	52
14065.5	32
14065.6	39
14065.7	41
14065.7	40
14065.8	30
14065.9	24
14066	51
14066.1	36
14066.2	42
14066.3	63
14066.3	40
14066.4	19
14066.5	38
14066.6	37
14066.7	45
14066.8	34
14066.8	27
14066.9	49
14067	12
14067.1	36
14067.2	39
14067.3	37
14067.3	40
14067.4	40
14067.5	46
14067.6	47
14067.7	26
14067.8	46
14067.9	44
14067.9	45
14068	45
14068.1	30.978
14068.2	34.8853
14068.3	41.5805
14068.4	45.5182
14068.4	18.3919
14068.5	39.3414
14068.6	33.748
14068.7	28.5995
14068.8	34.2967
14068.9	34.2422
14068.9	47.203
14069	30.9476
14069.1	29.1318
14069.2	17.2067
14069.3	41.9192
14069.4	42.1945
14069.4	34.3114
14069.5	25.7824
14069.6	17.6683
14069.7	55.1664
14069.8	37.9083
14069.9	39.154
14070	28.2311
14070	28.692
14070.1	43.263
14070.2	43.2767
14070.3	37.4425
14070.4	28.0152
14070.5	28.9021
14070.5	33.9187
14070.6	28.155
14070.7	35.2195
14070.8	36.0836
14070.9	31.524
14071	35.3241
14071	32.3061
14071.1	25.3853
14071.2	28.6417
14071.3	27.005
14071.4	24.0502
14071.5	29.8378
14071.5	34.4016
14071.6	26.3351
14071.7	35.3123
14071.8	43.9453
14071.9	30.1003
14072	17.3023
14072	24.1768
14072.1	31.6703
14072.2	31.7562
14072.3	26.233
14072.4	26.2149
14072.5	28.4373
14072.6	35.8846
14072.6	32.6484
14072.7	25.8185
14072.8	28.1073
14072.9	31.2644
14073	36.2811
14073.1	25.7729
14073.1	23.9488
14073.2	34.2356
14073.3	38.578
14073.4	34.3801
14073.5	29.1464
14073.6	40.8338
14073.6	32.7426
14073.7	39.39
14073.8	38.7231
14073.9	36.0719
14074	33.3413
14074.1	26.5553
14074.1	34.5807
14074.2	22.6869
14074.3	19.6731
14074.4	19.2607
14074.5	32.3435
14074.6	34.7145
14074.6	28.351
14074.7	18.5767
14074.8	25.5151
14074.9	23.4349
14075	21.1734
14075.1	39.2464
14075.1	42.8384
14075.2	35.7853
14075.3	35.0199
14075.4	24.9686
14075.5	33.0081
14075.6	39.1427
14075.6	34.7254
14075.7	24.0191
14075.8	17.6083
14075.9	20.914
14076	16.9905
14076.1	26.4377
14076.1	33.1227
14076.2	25.4534
14076.3	24.1858
14076.4	24.7075
14076.5	25.9839
14076.6	26.2789
14076.6	29.8035
14076.7	31.9477
14076.8	29
14076.9	35
14076.9	36
14077	32
14077.1	39
14077.2	-2
14077.3	37
14077.4	22
14077.5	44
14077.5	43
14077.6	23
14077.7	26
14077.8	19
14077.9	34
14078	55
14078	19
14078.1	15
14078.2	35
14078.3	9
14078.4	25
14078.5	37
14078.6	27
14078.6	47
14078.7	16
14078.8	24
14078.9	38
14079	59
14079.1	29
14079.1	30
14079.2	30
14079.3	33
14079.4	25
14079.5	46
14079.6	41
14079.7	23
14079.7	34
14079.8	30
14079.9	39
14080	34
14080.1	23
14080.2	37
14080.2	37
14080.3	33
14080.4	21
14080.5	29
14080.6	50
14080.7	48
14080.8	38
14080.8	56
14080.9	30
14081	23
14081.1	38
14081.2	43
14081.3	36
14081.3	51
14081.4	35
14081.5	41
14081.6	27
14081.7	20
14081.8	27
14081.9	27
14081.9	18
14082	33
14082.1	40
14082.2	41
14082.3	43
14082.4	31
14082.4	32
14082.5	34
14082.6	40
14082.7	41
14082.8	45
14082.9	30
14083	25
14083	46
14083.1	40
14083.2	22
14083.3	23
14083.4	18
14083.5	51
14083.5	60
14083.6	37
14083.7	31
14083.8	13
14083.9	45
14084	48
14084	52
14084.1	41
14084.2	44
14084.3	26
14084.4	38
14084.5	52
14084.6	62
14084.6	44
14084.7	25
14084.8	35
14084.9	32
14085	29
14085.1	40
14085.1	34
14085.2	25
14085.3	34
14085.4	12
14085.5	32
14085.6	39
14085.7	26
14085.7	43
14085.8	96
14085.9	86
14086	47
14086.1	43
14086.2	33
14086.2	44
14086.3	39
14086.4	39
14086.5	29
14086.6	34
14086.7	38
14086.7	43
14086.8	59
14086.9	56
14087	33
14087.1	27
14087.2	41
14087.3	37
14087.3	62
14087.4	42
14087.5	29
14087.6	28
14087.7	24
14087.8	35
14087.8	51
14087.9	32
14088	36
14088.1	44
14088.2	35
14088.3	53
14088.3	26
14088.4	38
14088.5	54
14088.6	41
14088.7	38
14088.8	25
14088.8	29
14088.9	35
14089	38
14089.1	39
14089.2	30
14089.3	24
14089.4	63
14089.4	37
14089.5	33
14089.6	45
14089.7	32
14089.8	39
14089.9	52
14089.9	16
14090	44
14090.1	42
14090.2	29
14090.3	46
14090.4	32
14090.4	20
14090.5	59
14090.6	36
14090.7	27
14090.8	38
14090.9	48
14090.9	29
14091	50
14091.1	37
14091.2	47
14091.3	48
14091.4	42
14091.5	61
14091.5	46
14091.6	25
14091.7	30
14091.8	47
14091.9	48
14092	49
14092	34
14092.1	65
14092.2	57
14092.3	38
14092.4	42
14092.5	23
14092.5	32
14092.6	42
14092.7	39
14092.8	45
14092.9	43
14093	54
14093	41
14093.1	45
14093.2	44
14093.3	37
14093.4	37
14093.5	40
14093.5	20
14093.6	38
14093.7	38
14093.8	28
14093.9	46
14094	38
14094	43
14094.1	39
14094.2	36
14094.3	49
14094.4	25
14094.5	55
14094.6	27
14094.6	46
14094.7	38
14094.8	30
14094.9	31
14095	49
14095.1	57
14095.1	55
14095.2	43
14095.3	23
14095.4	30
14095.5	56
14095.6	29
14095.6	39
14095.7	39
14095.8	39
14095.9	52
14096	46
14096.1	49
14096.1	45
14096.2	21
14096.3	32
14096.4	45
14096.5	31.5
14096.6	18
14096.6	42
14096.7	46
14096.8	36
14096.9	44
14097	43
14097.1	41
14097.1	37
14097.2	54
14097.3	52
14097.4	53
14097.5	46
14097.6	40
14097.6	25
14097.7	36
14097.8	26
14097.9	45
14098	70
14098.1	28
14098.1	38
14098.2	27
14098.3	22
14098.4	41
14098.5	56
14098.6	33
14098.6	69
14098.7	29
14098.8	58
14098.9	30
14099	38
14099.1	70
14099.1	30
14099.2	31
14099.3	35
14099.4	31
14099.5	39
14099.6	41
14099.6	29
14099.7	55
14099.8	41
14099.9	25
14100	52
14100.1	46
14100.1	53
14100.2	36
14100.3	28
14100.4	44
14100.5	55
14100.6	70
14100.6	56
14100.7	28
14100.8	28
14100.9	55
14101	51
14101.1	54
14101.1	46
14101.2	26
14101.3	47
14101.4	41
14101.5	53
14101.6	31
14101.6	39
14101.7	51
14101.8	40
14101.9	44
14102	59
14102.1	23
14102.1	45
14102.2	38
14102.3	52
14102.4	41
14102.5	51
14102.6	40
14102.6	41
14102.7	40
14102.8	36
14102.9	53
14103	62
14103.1	42
14103.1	46
14103.2	48
14103.3	52
14103.4	59
14103.5	33
14103.6	53
14103.6	32
14103.7	60
14103.8	39
14103.9	36
14104	26
14104.1	54
14104.1	44
14104.2	51
14104.3	42
14104.4	43
14104.5	47
14104.5	24
14104.6	55
14104.7	39
14104.8	29
14104.9	45
14105	64
14105	41
14105.1	41
14105.2	46
14105.3	42
14105.4	58
14105.5	48
14105.5	50
14105.6	45
14105.7	27
14105.8	33
14105.9	46
14106	39
14106	42
14106.1	43
14106.2	40
14106.3	47
14106.4	37
14106.5	55
14106.5	35
14106.6	42
14106.7	29
14106.8	44
14106.9	51
14107	39
14107	49
14107.1	24
14107.2	32
14107.3	45
14107.4	43
14107.4	40
14107.5	44
14107.6	36
14107.7	40
14107.8	51
14107.9	72
14107.9	42
14108	20
14108.1	54
14108.2	53
14108.3	52
14108.4	51
14108.4	44
14108.5	57
14108.6	36
14108.7	34
14108.8	53
14108.9	42
14108.9	36
14109	48
14109.1	43
14109.2	48
14109.3	39
14109.4	46
14109.4	36
14109.5	43
14109.6	48
14109.7	39
14109.8	41
14109.8	52
14109.9	29
14110	56
14110.1	47
14110.2	30
14110.3	50
14110.3	34
14110.4	52
14110.5	41
14110.6	47
14110.7	37
14110.8	33
14110.8	50
14110.9	42
14111	51
14111.1	52
14111.2	42
14111.3	31
14111.3	43
14111.4	57
14111.5	56
14111.6	33
14111.7	47
14111.7	49
14111.8	58
14111.9	52
14112	24
14112.1	53
14112.2	34
14112.2	45
14112.3	56
14112.4	50
14112.5	22
14112.6	11
14112.7	30
14112.7	44
14112.8	41
14112.9	37
14113	47
14113.1	27
14113.1	40
14113.2	44
14113.3	44
14113.4	41
14113.5	29
14113.6	46
14113.6	40
14113.7	32
14113.8	30
14113.9	40
14114	41
14114.1	50
14114.1	46
14114.2	47
14114.3	56
14114.4	36
14114.5	39
14114.5	25
14114.6	61
14114.7	24
14114.8	56
14114.9	37
14115	46
14115	36
14115.1	52
14115.2	54
14115.3	26
14115.4	37
14115.5	26
14115.5	50
14115.6	43
14115.7	23
14115.8	42
14115.9	35
14115.9	41
14116	41
14116.1	41
14116.2	33
14116.3	39
14116.4	62
14116.4	54
14116.5	36
14116.6	22
14116.7	31
14116.8	49
14116.8	39
14116.9	38
14117	39
14117.1	45
14117.2	42
14117.3	27
14117.3	35
14117.4	25
14117.5	22
14117.6	55
14117.7	51
14117.8	45
14117.8	40
14117.9	37
14118	39
14118.1	49
14118.2	40
14118.2	60
14118.3	36
14118.4	23
14118.5	54
14118.6	42
14118.7	38
14118.7	54
14118.8	37
14118.9	33
14119	39
14119.1	43
14119.1	57
14119.2	32
14119.3	46
14119.4	51
14119.5	49
14119.6	40
14119.6	56
14119.7	41
14119.8	49
14119.9	42
14120	38
14120	48
14120.1	58
14120.2	36
14120.3	37
14120.4	33
14120.5	34
14120.5	35
14120.6	36
14120.7	36
14120.8	34
14120.9	49
14120.9	51
14121	12
14121.1	30
14121.2	49
14121.3	54
14121.4	37
14121.4	28
14121.5	51
14121.6	30
14121.7	45
14121.8	52
14121.8	42
14121.9	27
14122	41
14122.1	46
14122.2	40
14122.3	41
14122.3	45
14122.4	46
14122.5	49
14122.6	42
14122.7	38
14122.7	60
14122.8	33
14122.9	44
14123	53
14123.1	45
14123.2	56
14123.2	38
14123.3	38
14123.4	36
14123.5	50
14123.6	32
14123.6	35
14123.7	41
14123.8	42
14123.9	39
14124	52
14124.1	43
14124.1	12
14124.2	45
14124.3	39
14124.4	28
14124.5	47
14124.5	46
14124.6	24
14124.7	29
14124.8	46
14124.9	51
14125	59
14125	36
14125.1	28
14125.2	43
14125.3	51
14125.4	33
14125.4	40
14125.5	36
14125.6	33
14125.7	23
14125.8	46
14125.8	30
14125.9	28
14126	26
14126.1	19
14126.2	23
14126.3	49
14126.3	50
14126.4	35
14126.5	41
14126.6	39
14126.7	52
14126.7	57
14126.8	37
14126.9	48
14127	43
14127.1	32
14127.1	30
14127.2	52
14127.3	52
14127.4	39
14127.5	44
14127.6	21
14127.6	40
14127.7	36
14127.8	19
14127.9	42
14128	40
14128	32
14128.1	42
14128.2	23
14128.3	35
14128.4	42
14128.5	44
14128.5	31
14128.6	45
14128.7	23
14128.8	45
14128.9	34
14128.9	25
14129	32
14129.1	27
14129.2	26
14129.3	23
14129.3	42
14129.4	40
14129.5	39
14129.6	29
14129.7	37
14129.8	51
14129.8	36
14129.9	43
14130	44
14130.1	36
14130.2	51
14130.2	64
14130.3	55
14130.4	48
14130.5	12
14130.6	45
14130.6	56
14130.7	45
14130.8	38
14130.9	38
14131	36
14131.1	32
14131.1	50
14131.2	49
14131.3	31
14131.4	16
14131.5	58
14131.5	51
14131.6	50
14131.7	37
14131.8	48
14131.9	43
14131.9	27
14132	35
14132.1	44
14132.2	40
14132.3	47
14132.3	25
14132.4	35
14132.5	34
14132.6	36
14132.7	53
14132.8	50
14132.8	33
14132.9	39
14133	38
14133.1	32
14133.2	13
14133.2	60
14133.3	39
14133.4	41
14133.5	48
14133.6	40
14133.6	46
14133.7	45
14133.8	36
14133.9	36
14134	24
14134	43
14134.1	38
14134.2	44
14134.3	38
14134.4	34
14134.5	37
14134.5	35
14134.6	54
14134.7	45
14134.8	39
14134.9	34
14134.9	41
14135	53
14135.1	32
14135.2	47
14135.3	15
14135.3	20
14135.4	20
14135.5	30
14135.6	51
14135.7	33
14135.7	26
14135.8	56
14135.9	41
14136	35
14136.1	46
14136.2	35
14136.2	34
14136.3	30
14136.4	47
14136.5	51
14136.6	11
14136.6	31
14136.7	27
14136.8	33
14136.9	37
14137	53
14137	21
14137.1	27
14137.2	68
14137.3	38
14137.4	36
14137.4	46
14137.5	39
14137.6	36
14137.7	43
14137.8	54
14137.8	57
14137.9	41
14138	22
14138.1	31
14138.2	23
14138.2	38
14138.3	34
14138.4	43
14138.5	31
14138.6	45
14138.7	49
14138.7	53
14138.8	31
14138.9	25
14139	54
14139.1	28
14139.1	36
14139.2	29
14139.3	22
14139.4	39
14139.5	22
14139.5	42
14139.6	34
14139.7	25
14139.8	23
14139.9	45
14139.9	49
14140	27
14140.1	30
14140.2	35
14140.3	30
14140.3	44
14140.4	33
14140.5	37
14140.6	25
14140.7	27
14140.7	52
14140.8	32
14140.9	38
14141	32
14141.1	29
14141.1	24
14141.2	40
14141.3	55
14141.4	54
14141.5	28
14141.6	54
14141.6	36
14141.7	51
14141.8	35
14141.9	28
14142	37
14142	26
14142.1	45
14142.2	29
14142.3	44
14142.4	58
14142.4	45
14142.5	34
14142.6	50
14142.7	50
14142.8	31
14142.8	18
14142.9	45
14143	43
14143.1	33
14143.2	41
14143.2	39
14143.3	38
14143.4	49
14143.5	32
14143.6	14
14143.6	51
14143.7	37
14143.8	22
14143.9	30
14144	47
14144	45
14144.1	56
14144.2	27
14144.3	49
14144.4	39
14144.4	52
14144.5	29.971
14144.6	27.0278
14144.7	23.9455
14144.8	34.6034
14144.8	27.6743
14144.9	31.3064
14145	30.6334
14145.1	36.2285
14145.2	38.2806
14145.2	37.9101
14145.3	42.4768
14145.4	31.879
14145.5	11.9722
14145.6	26.6145
14145.6	30
14145.7	41.6376
14145.8	52.0583
14145.9	27.882
14146	26.1775
14146	40.5611
14146.1	35.3492
14146.2	35.7349
14146.3	26.478
14146.4	26.5151
14146.4	38.6744
14146.5	25.836
14146.6	42.7525
14146.7	39.3167
14146.8	41.0105
14146.8	39.4159
14146.9	34.408
14147	28.2574
14147.1	29.9323
14147.2	29.5441
14147.2	26.0625
14147.3	38.732
14147.4	34.8744
14147.5	30.6589
14147.6	29.8838
14147.6	32.6694
14147.7	33.7429
14147.8	43.3817
14147.9	30.707
14148	34.5218
14148	30.4446
14148.1	23.9273
14148.2	30.4762
14148.3	23.7448
14148.4	35.9628
14148.4	48.1676
14148.5	35.6613
14148.6	28.7091
14148.7	31.466
14148.8	39.6767
14148.8	30.5691
14148.9	29.6422
14149	35.5097
14149.1	40.8636
14149.2	35.373
14149.2	30.4188
14149.3	26.018
14149.4	27.8958
14149.5	22.9372
14149.6	30.8111
14149.6	42.7981
14149.7	28.2637
14149.8	29.077
14149.9	39.2983
14150	31.4703
14150	27.1499
14150.1	31.7742
14150.2	48.7429
14150.3	27.6012
14150.4	35.7228
14150.4	21.4695
14150.5	13.0339
14150.6	32.9336
14150.7	35.7574
14150.8	33.0121
14150.8	30.6513
14150.9	17.3404
14151	31.1996
14151.1	24.9128
14151.2	23.7753
14151.2	31.6275
14151.3	9.48112
14151.4	40.1771
14151.5	40.7601
14151.6	40.1565
14151.6	25.5821
14151.7	15.1319
14151.8	22.1453
14151.9	41.4128
14152	26.0249
14152	30.3465
14152.1	24.9963
14152.2	13.5538
14152.3	19.4899
14152.4	22.2953
14152.4	23.8667
14152.5	33.155
14152.6	39
14152.6	23
14152.7	16
14152.8	28
14152.9	17
14153	29
14153	15
14153.1	36
14153.2	40
14153.3	26
14153.4	44
14153.4	3
14153.5	22
14153.6	32
14153.7	35
14153.8	40
14153.8	57
14153.9	25
14154	26
14154.1	43
14154.2	24
14154.3	30
14154.3	28
14154.4	17
14154.5	33
14154.6	32
14154.7	29
14154.7	22
14154.8	24
14154.9	22
14155	38
14155.1	34
14155.1	35
14155.2	40
14155.3	31
14155.4	35
14155.5	31
14155.5	29
14155.6	30
14155.7	17
14155.8	29
14155.9	33
14155.9	14
14156	27
14156.1	44
14156.2	34
14156.3	32
14156.4	39
14156.4	47
14156.5	40
14156.6	27
14156.7	16
14156.8	43
14156.8	33
14156.9	42
14157	17
14157.1	50
14157.2	35
14157.2	56
14157.3	45
14157.4	22
14157.5	25
14157.6	19
14157.6	36
14157.7	36
14157.8	41
14157.9	46
14158	35
14158	28
14158.1	36
14158.2	46
14158.3	23
14158.4	15
14158.5	36
14158.5	40
14158.6	53
14158.7	49
14158.8	45
14158.9	40
14158.9	42
14159	42
14159.1	56
14159.2	26
14159.3	22
14159.3	49
14159.4	41
14159.5	38
14159.6	45
14159.7	29
14159.7	32
14159.8	42
14159.9	45
14160	38
14160.1	24
14160.1	36
14160.2	37
14160.3	40
14160.4	41
14160.5	30
14160.5	38
14160.6	30
14160.7	44
14160.8	36
14160.9	35
14160.9	39
14161	51
14161.1	46
14161.2	36
14161.3	47
14161.3	31
14161.4	47
14161.5	21
14161.6	40
14161.7	47
14161.8	37
14161.8	37
14161.9	26
14162	28
14162.1	47
14162.2	54
14162.2	40
14162.3	45
14162.4	28
14162.5	41
14162.6	41
14162.6	30
14162.7	24
14162.8	44
14162.9	38
14163	48
14163	43
14163.1	34
14163.2	28
14163.3	49
14163.4	32
14163.4	39
14163.5	43
14163.6	54
14163.7	34
14163.8	46
14163.8	53
14163.9	67
14164	51
14164.1	33
14164.2	33
14164.2	34
14164.3	51
14164.4	29
14164.5	46
14164.6	46
14164.6	43
14164.7	51
14164.8	48
14164.9	55
14165	47
14165	45
14165.1	37
14165.2	60
14165.3	45
14165.4	41
14165.4	38
14165.5	50
14165.6	56
14165.7	38
14165.8	30
14165.8	23
14165.9	37
14166	50
14166.1	45
14166.2	51
14166.2	51
14166.3	42
14166.4	41
14166.5	58
14166.6	49
14166.6	39
14166.7	35
14166.8	42
14166.9	61
14167	48
14167	43
14167.1	23
14167.2	45
14167.3	56
14167.4	46
14167.4	43
14167.5	51
14167.6	32
14167.7	36
14167.8	55
14167.8	41
14167.9	45
14168	34
14168.1	40
14168.2	57
14168.2	38
14168.3	40
14168.4	49
14168.5	26
14168.6	44
14168.6	45
14168.7	20
14168.8	34
14168.9	29
14169	26
14169	40
14169.1	46
14169.2	45
14169.3	44
14169.4	41
14169.4	52
14169.5	39
14169.6	50
14169.7	58
14169.8	54
14169.8	26
14169.9	43
14170	47
14170.1	47
14170.2	31
14170.2	35
14170.3	39
14170.4	31
14170.5	53
14170.6	53
14170.6	-1
14170.7	41
14170.8	49
14170.9	36
14171	28
14171	47
14171.1	44
14171.2	50
14171.3	32
14171.4	56
14171.4	37
14171.5	22
14171.6	30
14171.7	38
14171.8	46
14171.8	50
14171.9	35
14172	43
14172.1	55
14172.2	35
14172.2	57
14172.3	41
14172.4	47
14172.5	59
14172.6	43
14172.6	56
14172.7	34
14172.8	37
14172.9	59
14173	41
14173	44
14173.1	51
14173.2	28
14173.3	25
14173.4	36
14173.4	24
14173.5	43
14173.6	54
14173.7	46
14173.8	54
14173.8	42
14173.9	39
14174	41
14174.1	41
14174.1	23
14174.2	61
14174.3	49
14174.4	52
14174.5	26
14174.5	37
14174.6	32
14174.7	48
14174.8	34
14174.9	35
14174.9	46
14175	50
14175.1	44
14175.2	43
14175.3	45
14175.3	37
14175.4	37
14175.5	46
14175.6	59
14175.7	26
14175.7	52
14175.8	24
14175.9	47
14176	43
14176.1	47
14176.1	40
14176.2	36
14176.3	43
14176.4	27
14176.5	37
14176.5	48
14176.6	52
14176.7	37
14176.8	39
14176.8	52
14176.9	34
14177	36
14177.1	26
14177.2	37
14177.2	40
14177.3	57
14177.4	44
14177.5	53
14177.6	40
14177.6	34
14177.7	48
14177.8	40
14177.9	52
14178	40
14178	39
14178.1	40
14178.2	50
14178.3	60
14178.4	44
14178.4	35
14178.5	8
14178.6	31
14178.7	44
14178.8	36
14178.8	57
14178.9	48
14179	23
14179.1	48
14179.1	34
14179.2	50
14179.3	42
14179.4	41
14179.5	50
14179.5	55
14179.6	57
14179.7	39
14179.8	32
14179.9	55
14179.9	45
14180	56
14180.1	43
14180.2	54
14180.3	47
14180.3	44
14180.4	36
14180.5	51
14180.6	49
14180.7	31
14180.7	40
14180.8	66
14180.9	29
14181	50
14181	53
14181.1	56
14181.2	67
14181.3	46
14181.4	43
14181.4	34
14181.5	40
14181.6	37
14181.7	45
14181.8	39
14181.8	35
14181.9	28
14182	48
14182.1	56
14182.2	53
14182.2	39
14182.3	58
14182.4	48
14182.5	48
14182.5	36
14182.6	41
14182.7	53
14182.8	36
14182.9	42
14182.9	62
14183	36
14183.1	40
14183.2	34
14183.3	53
14183.3	41
14183.4	40
14183.5	20
14183.6	33
14183.7	50
14183.7	44
14183.8	40
14183.9	38
14184	44
14184	49
14184.1	22
14184.2	52
14184.3	33
14184.4	42
14184.4	42
14184.5	43
14184.6	28
14184.7	56
14184.8	47
14184.8	53
14184.9	55
14185	34
14185.1	42
14185.2	53
14185.2	46
14185.3	51
14185.4	29
14185.5	35
14185.5	34
14185.6	35
14185.7	43
14185.8	42
14185.9	47
14185.9	39
14186	39
14186.1	43
14186.2	41
14186.3	53
14186.3	45
14186.4	45
14186.5	47
14186.6	30
14186.6	40
14186.7	54
14186.8	40
14186.9	45
14187	51
14187	66
14187.1	55
14187.2	54
14187.3	34
14187.4	41
14187.4	55
14187.5	39
14187.6	51
14187.7	47
14187.8	26
14187.8	51
14187.9	33
14188	17
14188.1	41
14188.1	35
14188.2	53
14188.3	60
14188.4	42
14188.5	54
14188.5	57
14188.6	42
14188.7	50
14188.8	37
14188.8	37
14188.9	42
14189	35
14189.1	69
14189.2	46
14189.2	38
14189.3	45
14189.4	47
14189.5	42
14189.6	51
14189.6	49
14189.7	24
14189.8	57
14189.9	49
14189.9	47
14190	50
14190.1	50
14190.2	32
14190.3	54
14190.3	39
14190.4	51
14190.5	35
14190.6	28
14190.7	55
14190.7	53
14190.8	35
14190.9	67
14191	38
14191	43
14191.1	46
14191.2	51
14191.3	45
14191.4	33
14191.4	25
14191.5	33
14191.6	35
14191.7	48
14191.8	36
14191.8	40
14191.9	52
14192	43
14192.1	30
14192.1	48
14192.2	34
14192.3	32
14192.4	39
14192.5	33
14192.5	56
14192.6	55
14192.7	64
14192.8	39
14192.8	70
14192.9	46
14193	45
14193.1	36
14193.2	45
14193.2	35
14193.3	49
14193.4	42
14193.5	38
14193.6	44
14193.6	47
14193.7	52
14193.8	57
14193.9	55
14193.9	42
14194	29
14194.1	24
14194.2	44
14194.3	39
14194.3	39
14194.4	38
14194.5	24
14194.6	42
14194.6	29
14194.7	37
14194.8	61
14194.9	56
14195	41
14195	54
14195.1	32
14195.2	50
14195.3	6
14195.4	30
14195.4	33
14195.5	34
14195.6	35
14195.7	53
14195.7	43
14195.8	48
14195.9	65
14196	45
14196.1	24
14196.1	53
14196.2	32
14196.3	50
14196.4	44
14196.4	38
14196.5	60
14196.6	42
14196.7	47
14196.8	60
14196.8	55
14196.9	36
14197	31
14197.1	37
14197.1	44
14197.2	63
14197.3	34
14197.4	39
14197.5	38
14197.5	36
14197.6	55
14197.7	45
14197.8	31
14197.8	47
14197.9	38
14198	41
14198.1	42
14198.2	49
14198.2	17
14198.3	45
14198.4	30
14198.5	47
14198.5	50
14198.6	40
14198.7	20
14198.8	41
14198.9	43
14198.9	55
14199	52
14199.1	44
14199.2	6
14199.2	29
14199.3	47
14199.4	56
14199.5	56
14199.6	35
14199.6	60
14199.7	41
14199.8	38
14199.9	44
14199.9	35
14200	44
14200.1	44
14200.2	45
14200.3	52
14200.3	41
14200.4	32
14200.5	36
14200.6	32
14200.6	40
14200.7	42
14200.8	64
14200.9	66
14201	46
14201	44
14201.1	61
14201.2	34
14201.3	35
14201.3	55
14201.4	42
14201.5	34
14201.6	31
14201.7	37
14201.7	49
14201.8	55
14201.9	37
14202	43
14202	38
14202.1	22
14202.2	51
14202.3	38
14202.4	55
14202.4	29
14202.5	47
14202.6	37
14202.7	31
14202.7	51
14202.8	36
14202.9	35
14203	48
14203.1	33
14203.1	31
14203.2	46
14203.3	15
14203.4	52
14203.4	32
14203.5	35
14203.6	51
14203.7	29
14203.8	22
14203.8	56
14203.9	43
14204	51
14204.1	34
14204.1	37
14204.2	38
14204.3	29
14204.4	45
14204.5	39
14204.5	50
14204.6	39
14204.7	36
14204.8	42
14204.8	23
14204.9	53
14205	29
14205.1	32
14205.1	45
14205.2	59
14205.3	44
14205.4	42
14205.5	30
14205.5	56
14205.6	29
14205.7	34
14205.8	53
14205.8	25
14205.9	18
14206	36
14206.1	55
14206.2	38
14206.2	44
14206.3	41
14206.4	56
14206.5	47
14206.5	51
14206.6	54
14206.7	24
14206.8	36
14206.8	35
14206.9	45
14207	43
14207.1	48
14207.2	46
14207.2	43
14207.3	40
14207.4	43
14207.5	30
14207.5	23
14207.6	39
14207.7	30
14207.8	41
14207.9	31
14207.9	55
14208	49
14208.1	45
14208.2	40
14208.2	45
14208.3	37
14208.4	40
14208.5	24
14208.5	50
14208.6	26
14208.7	40
14208.8	44
14208.9	36
14208.9	23
14209	39
14209.1	50
14209.2	46
14209.2	52
14209.3	31
14209.4	63
14209.5	49
14209.6	43
14209.6	38
14209.7	47
14209.8	41
14209.9	40
14209.9	35
14210	55
14210.1	51
14210.2	34
14210.2	44
14210.3	37
14210.4	35
14210.5	25
14210.6	45
14210.6	40
14210.7	56
14210.8	33
14210.9	34
14210.9	48
14211	26
14211.1	42
14211.2	42
14211.2	51
14211.3	46
14211.4	29
14211.5	37
14211.6	37
14211.6	35
14211.7	45
14211.8	28
14211.9	50
14211.9	36
14212	49
14212.1	34
14212.2	22
14212.2	31
14212.3	52
14212.4	54
14212.5	35
14212.6	29
14212.6	43
14212.7	32
14212.8	35
14212.9	33
14212.9	54
14213	47
14213.1	32
14213.2	45
14213.2	48
14213.3	33
14213.4	43
14213.5	42
14213.6	42
14213.6	42
14213.7	42
14213.8	55
14213.9	21
14213.9	17
14214	37
14214.1	51
14214.2	35
14214.2	46
14214.3	38
14214.4	56
14214.5	45
14214.6	53
14214.6	49
14214.7	39
14214.8	18
14214.9	28
14214.9	48
14215	14
14215.1	33
14215.2	41
14215.2	44
14215.3	46
14215.4	35
14215.5	42
14215.5	32
14215.6	28
14215.7	45
14215.8	29
14215.9	53
14215.9	16
14216	38
14216.1	40
14216.2	44
14216.2	52
14216.3	46
14216.4	21
14216.5	36
14216.5	38
14216.6	32
14216.7	47
14216.8	38
14216.9	38
14216.9	25
14217	44
14217.1	57
14217.2	65
14217.2	45
14217.3	20.068
14217.4	39.692
14217.5	49.377
14217.5	42.062
14217.6	33.8415
14217.7	36.0178
14217.8	48.9825
14217.8	20.5847
14217.9	32.8123
14218	46.6942
14218.1	54.7978
14218.2	30.8752
14218.2	33.8507
14218.3	40.3141
14218.4	38.9934
14218.5	26.7492
14218.5	30.4882
14218.6	37.6486
14218.7	38.6662
14218.8	41.9897
14218.8	49.9306
14218.9	27.6261
14219	41.7696
14219.1	42.017
14219.1	29.8996
14219.2	42.9256
14219.3	29.2844
14219.4	40.2207
14219.5	29.2816
14219.5	27.2411
14219.6	38.8361
14219.7	43.0508
14219.8	34.6265
14219.8	47.079
14219.9	26.388
14220	42.1748
14220.1	39.7661
14220.1	36.5688
14220.2	34.4899
14220.3	26.5002
14220.4	30.9991
14220.4	31.442
14220.5	31.6866
14220.6	29.7945
14220.7	21.8332
14220.8	44.6268
14220.8	39.4934
14220.9	25.6851
14221	20.0185
14221.1	23.5814
14221.1	29.7548
14221.2	37.0327
14221.3	34.7232
14221.4	35.0299
14221.4	30.6315
14221.5	23.3872
14221.6	30.6085
14221.7	41.4638
14221.7	43.012
14221.8	15.795
14221.9	24.6063
14222	36.4576
14222	39.7252
14222.1	34.6792
14222.2	40.3164
14222.3	36.0222
14222.4	27.4891
14222.4	22.6471
14222.5	30.629
14222.6	40.1633
14222.7	28.9911
14222.7	20.6562
14222.8	24.5881
14222.9	26.2359
14223	30.1438
14223	31.1115
14223.1	32.0777
14223.2	34.8124
14223.3	31.7448
14223.3	34.5216
14223.4	33.5982
14223.5	25.5844
14223.6	21.8806
14223.6	21.2647
14223.7	36.6528
14223.8	35.8798
14223.9	35.2151
14224	36.2721
14224	23.9515
14224.1	34.8935
14224.2	31.9357
14224.3	26.7439
14224.3	26.6918
14224.4	23.0739
14224.5	36.3868
14224.6	9.71775
14224.6	31.1893
14224.7	30.2016
14224.8	29.6616
14224.9	36.7823
14224.9	33.7524
14225	32.8258
14225.1	31.1858
14225.2	34
14225.2	12
14225.3	34
14225.4	32
14225.5	25
14225.6	33
14225.6	40
14225.7	35
14225.8	26
14225.9	24
14225.9	50
14226	24
14226.1	13
14226.2	43
14226.3	26
14226.3	45
14226.4	18
14226.5	36
14226.6	25
14226.6	25
14226.7	38
14226.8	41
14226.9	16
14226.9	42
14227	42
14227.1	45
14227.2	34
14227.3	32
14227.3	23
14227.4	21
14227.5	36
14227.6	35
14227.6	38
14227.7	29
14227.8	30
14227.9	38
14228	37
14228	43
14228.1	34
14228.2	33
14228.3	35
14228.3	36
14228.4	45
14228.5	31
14228.6	26
14228.6	19
14228.7	44
14228.8	34
14228.9	51
14229	37
14229	45
14229.1	32
14229.2	27
14229.3	43
14229.3	44
14229.4	30
14229.5	34
14229.6	47
14229.6	35
14229.7	38
14229.8	31
14229.9	31
14230	47
14230	53
14230.1	51
14230.2	35
14230.3	37
14230.3	41
14230.4	36
14230.5	43
14230.6	27
14230.6	50
14230.7	36
14230.8	36
14230.9	25
14231	33
14231	27
14231.1	26
14231.2	38
14231.3	52
14231.3	34
14231.4	47
14231.5	31
14231.6	15
14231.6	38
14231.7	49
14231.8	31
14231.9	31
14232	23
14232	45
14232.1	32
14232.2	45
14232.3	49
14232.3	49
14232.4	28
14232.5	40
14232.6	28
14232.6	22
14232.7	32
14232.8	40
14232.9	40
14233	44
14233	39
14233.1	42
14233.2	36
14233.3	26
14233.3	38
14233.4	29
14233.5	31
14233.6	34
14233.6	41
14233.7	49
14233.8	44
14233.9	41
14234	35
14234	26
14234.1	18
14234.2	38
14234.3	42
14234.3	41
14234.4	27
14234.5	31
14234.6	41
14234.6	51
14234.7	40
14234.8	41
14234.9	31
14235	34
14235	55
14235.1	54
14235.2	42
14235.3	31
14235.3	35
14235.4	41
14235.5	33
14235.6	43
14235.6	45
14235.7	41
14235.8	28
14235.9	50
14235.9	35
14236	56
14236.1	30
14236.2	38
14236.3	39
14236.3	35
14236.4	36
14236.5	35
14236.6	23
14236.6	37
14236.7	37
14236.8	46
14236.9	55
14236.9	43
14237	42
14237.1	40
14237.2	45
14237.3	51
14237.3	31
14237.4	27
14237.5	36
14237.6	60
14237.6	37
14237.7	39
14237.8	27
14237.9	38
14237.9	60
14238	42
14238.1	41
14238.2	35
14238.2	35
14238.3	38
14238.4	49
14238.5	42
14238.6	57
14238.6	41
14238.7	31
14238.8	20
14238.9	45
14238.9	46
14239	32
14239.1	45
14239.2	56
14239.2	52
14239.3	33
14239.4	48
14239.5	48
14239.5	40
14239.6	32
14239.7	42
14239.8	40
14239.9	44
14239.9	26
14240	44
14240.1	49
14240.2	70
14240.2	60
14240.3	35
14240.4	26
14240.5	34
14240.5	35
14240.6	54
14240.7	43
14240.8	35
14240.8	53
14240.9	51
14241	59
14241.1	47
14241.1	43
14241.2	38
14241.3	31
14241.4	25
14241.5	55
14241.5	23
14241.6	43
14241.7	31
14241.8	38
14241.8	43
14241.9	47
14242	57
14242.1	27
14242.1	37
14242.2	47
14242.3	51
14242.4	50
14242.4	47
14242.5	36
14242.6	55
14242.7	27
14242.8	33
14242.8	47
14242.9	38
14243	39
14243.1	45
14243.1	42
14243.2	43.5
14243.3	45
14243.4	31
14243.4	42
14243.5	39
14243.6	39
14243.7	56
14243.7	23
14243.8	45
14243.9	29
14244	47
14244	56
14244.1	39
14244.2	44
14244.3	50
14244.3	55
14244.4	46
14244.5	47
14244.6	42
14244.7	37
14244.7	45
14244.8	43
14244.9	59
14245	31
14245	34
14245.1	78
14245.2	45
14245.3	47
14245.3	49
14245.4	39
14245.5	45
14245.6	50
14245.6	43
14245.7	46
14245.8	37
14245.9	32
14245.9	53
14246	43
14246.1	45
14246.2	34
14246.2	58
14246.3	44
14246.4	49
14246.5	50
14246.6	17
14246.6	33
14246.7	54
14246.8	58
14246.9	49
14246.9	46
14247	32
14247.1	33
14247.2	37
14247.2	32
14247.3	55
14247.4	40
14247.5	20
14247.5	60
14247.6	40
14247.7	49
14247.8	34
14247.8	48
14247.9	50
14248	50
14248.1	44
14248.1	39
14248.2	58
14248.3	35
14248.4	19
14248.4	48
14248.5	51
14248.6	43
14248.7	45
14248.8	55
14248.8	56
14248.9	43
14249	45
14249.1	38
14249.1	19
14249.2	44
14249.3	47
14249.4	30
14249.4	45
14249.5	47
14249.6	24
14249.7	51
14249.7	35
14249.8	58
14249.9	43
14250	24
14250	35
14250.1	45
14250.2	43
14250.3	27
14250.3	46
14250.4	43
14250.5	48
14250.6	53
14250.6	53
14250.7	57
14250.8	47
14250.9	58
14250.9	46
14251	34
14251.1	54
14251.2	47
14251.3	37
14251.3	45
14251.4	63
14251.5	49
14251.6	27
14251.6	28
14251.7	50
14251.8	37
14251.9	56
14251.9	63
14252	40
14252.1	27
14252.2	48
14252.2	52
14252.3	37
14252.4	42
14252.5	53
14252.5	52
14252.6	52
14252.7	70
14252.8	39
14252.8	34
14252.9	40
14253	48
14253.1	59
14253.1	39
14253.2	37
14253.3	44
14253.4	36
14253.4	69
14253.5	55
14253.6	38
14253.7	22
14253.7	32
14253.8	56
14253.9	63
14254	33
14254	13
14254.1	42
14254.2	62
14254.3	53
14254.3	52
14254.4	60
14254.5	45
14254.6	41
14254.6	48
14254.7	38
14254.8	44
14254.9	46
14254.9	48
14255	48
14255.1	35
14255.2	60
14255.3	49
14255.3	40
14255.4	44
14255.5	45
14255.6	34
14255.6	38
14255.7	38
14255.8	42
14255.9	40
14255.9	35
14256	41
14256.1	41
14256.2	43
14256.2	46
14256.3	59
14256.4	36
14256.5	42
14256.5	29
14256.6	45
14256.7	47
14256.8	30
14256.8	55
14256.9	38
14257	32
14257.1	39
14257.1	51
14257.2	53
14257.3	49
14257.4	40
14257.4	51
14257.5	53
14257.6	38
14257.7	44
14257.7	50
14257.8	23
14257.9	36
14258	49
14258	44
14258.1	51
14258.2	57
14258.3	26
14258.3	42
14258.4	40
14258.5	53
14258.6	46
14258.6	25
14258.7	55
14258.8	46
14258.9	38
14258.9	49
14259	44
14259.1	37
14259.2	51
14259.2	41
14259.3	36
14259.4	48
14259.5	22
14259.5	35
14259.6	36
14259.7	52
14259.8	40
14259.8	39
14259.9	41
14260	50
14260.1	26
14260.1	52
14260.2	43
14260.3	26
14260.4	41
14260.4	35
14260.5	60
14260.6	45
14260.7	41
14260.7	40
14260.8	45
14260.9	42
14261	66
14261	44
14261.1	32
14261.2	52
14261.3	15
14261.3	53
14261.4	52
14261.5	16
14261.6	50
14261.6	45
14261.7	38
14261.8	38
14261.9	38
14261.9	55
14262	34
14262.1	47
14262.2	37
14262.2	43
14262.3	49
14262.4	51
14262.5	55
14262.5	36
14262.6	45
14262.7	46
14262.8	37
14262.8	37
14262.9	36
14263	50
14263.1	47
14263.1	32
14263.2	28
14263.3	42
14263.4	45
14263.4	31
14263.5	40
14263.6	30
14263.7	47
14263.7	50
14263.8	61
14263.9	42
14264	37
14264	49
14264.1	43
14264.2	58
14264.3	45
14264.3	30
14264.4	26
14264.5	43
14264.6	29
14264.6	28
14264.7	41
14264.8	15
14264.8	41
14264.9	50
14265	38
14265.1	32
14265.1	41
14265.2	52
14265.3	31
14265.4	57
14265.4	48
14265.5	50
14265.6	36
14265.7	31
14265.7	50
14265.8	28
14265.9	35
14266	46
14266	47
14266.1	57
14266.2	44
14266.3	41
14266.3	45
14266.4	45
14266.5	26
14266.6	48
14266.6	30
14266.7	30
14266.8	48
14266.9	45
14266.9	52
14267	47
14267.1	35
14267.2	38
14267.2	42
14267.3	32
14267.4	43
14267.5	39
14267.5	35
14267.6	43
14267.7	36
14267.8	49
14267.8	41
14267.9	41
14268	43
14268.1	54
14268.1	32
14268.2	34
14268.3	20
14268.4	47
14268.4	35
14268.5	28
14268.6	45
14268.7	20
14268.7	53
14268.8	37
14268.9	46
14268.9	48
14269	30
14269.1	34
14269.2	28
14269.2	51
14269.3	36
14269.4	45
14269.5	33
14269.5	42
14269.6	37
14269.7	48
14269.8	62
14269.8	46
14269.9	37
14270	40
14270.1	38
14270.1	39
14270.2	41
14270.3	48
14270.4	38
14270.4	27
14270.5	33
14270.6	58
14270.7	32
14270.7	47
14270.8	31
14270.9	22
14271	45
14271	50
14271.1	53
14271.2	45
14271.3	47
14271.3	42
14271.4	59
14271.5	48
14271.5	46
14271.6	37
14271.7	23
14271.8	41
14271.8	38
14271.9	49
14272	74
14272.1	49
14272.1	34
14272.2	47
14272.3	36
14272.4	29
14272.4	34
14272.5	37
14272.6	49
14272.7	58
14272.7	40
14272.8	31
14272.9	46
14273	40
14273	33
14273.1	44
14273.2	55
14273.3	49
14273.3	28
14273.4	44
14273.5	56
14273.6	37
14273.6	40
14273.7	32
14273.8	44
14273.8	26
14273.9	46
14274	40
14274.1	34
14274.1	34
14274.2	47
14274.3	31
14274.4	46
14274.4	45
14274.5	39
14274.6	39
14274.7	37
14274.7	53
14274.8	48
14274.9	31
14275	23
14275	48
14275.1	34
14275.2	50
14275.3	39
14275.3	51
14275.4	38
14275.5	57
14275.5	33
14275.6	35
14275.7	59
14275.8	39
14275.8	40
14275.9	34
14276	47
14276.1	49
14276.1	59
14276.2	42
14276.3	35
14276.4	41
14276.4	32
14276.5	41
14276.6	49
14276.7	43
14276.7	46
14276.8	30
14276.9	36
14277	46
14277	31
14277.1	29
14277.2	53
14277.2	38
14277.3	45
14277.4	41
14277.5	40
14277.5	42
14277.6	43
14277.7	34
14277.8	6
14277.8	34
14277.9	53
14278	49
14278.1	29
14278.1	53
14278.2	39
14278.3	52
14278.4	48
14278.4	52
14278.5	36
14278.6	11
14278.6	50
14278.7	54
14278.8	32
14278.9	38
14278.9	55
14279	31
14279.1	57
14279.2	48
14279.2	45
14279.3	49
14279.4	27
14279.5	38
14279.5	44
14279.6	44
14279.7	44
14279.8	31
14279.8	65
14279.9	46
14280	62
14280	56
14280.1	27
14280.2	32
14280.3	45
14280.3	45
14280.4	56
14280.5	43
14280.6	46
14280.6	32
14280.7	36
14280.8	36
14280.9	53
14280.9	51
14281	44
14281.1	28
14281.2	46
14281.2	24
14281.3	33
14281.4	52
14281.4	34
14281.5	33
14281.6	34
14281.7	42
14281.7	46
14281.8	33
14281.9	34
14282	49
14282	39
14282.1	33
14282.2	40
14282.3	31
14282.3	36
14282.4	61
14282.5	46
14282.5	24
14282.6	27
14282.7	30
14282.8	34
14282.8	63
14282.9	50
14283	41
14283.1	41
14283.1	59
14283.2	53
14283.3	31
14283.4	36
14283.4	24
14283.5	43
14283.6	44
14283.6	45
14283.7	36
14283.8	34
14283.9	43
14283.9	42
14284	46
14284.1	50
14284.2	43
14284.2	13
14284.3	35
14284.4	45
14284.5	51
14284.5	39
14284.6	32
14284.7	29
14284.7	46
14284.8	43
14284.9	29
14285	28
14285	34
14285.1	55
14285.2	27
14285.3	46
14285.3	36
14285.4	25
14285.5	33
14285.6	33
14285.6	51
14285.7	50
14285.8	38
14285.8	56
14285.9	34
14286	41
14286.1	53
14286.1	35
14286.2	34
14286.3	53
14286.4	42
14286.4	44
14286.5	39
14286.6	33
14286.7	38
14286.7	29
14286.8	40
14286.9	43
14286.9	36
14287	17
14287.1	35.9228
14287.2	18.0985
14287.2	47.9899
14287.3	46.9528
14287.4	31.4838
14287.5	32.4396
14287.5	31.5209
14287.6	31.0022
14287.7	39.879
14287.7	17.9937
14287.8	39.4173
14287.9	33.3555
14288	35.8452
14288	39.8109
14288.1	35.7113
14288.2	32.4267
14288.3	30.7975
14288.3	57.5846
14288.4	41.2008
14288.5	44.8339
14288.6	40.288
14288.6	27.075
14288.7	30.9853
14288.8	35.2159
14288.8	40.3212
14288.9	40.5935
14289	22.032
14289.1	34.8409
14289.1	34.3151
14289.2	40.4193
14289.3	49.2444
14289.4	34.7812
14289.4	19.5447
14289.5	33.6273
14289.6	18.1421
14289.6	39.6137
14289.7	47.0975
14289.8	29.9743
14289.9	29.7937
14289.9	31.4345
14290	34.975
14290.1	33.8865
14290.2	32.9204
14290.2	27.2302
14290.3	24.3222
14290.4	35.3531
14290.5	26.9878
14290.5	47.4907
14290.6	35.2237
14290.7	32.06
14290.7	44.6093
14290.8	29.8415
14290.9	34.9358
14291	35.5287
14291	24.08
14291.1	35.6266
14291.2	19.991
14291.3	35.5617
14291.3	38.2982
14291.4	32.8601
14291.5	40.8435
14291.5	29.925
14291.6	29.6747
14291.7	34.1368
14291.8	38.2724
14291.8	37.6938
14291.9	42.5387
14292	18.4555
14292.1	18.8524
14292.1	41.2034
14292.2	41.4902
14292.3	32.0622
14292.3	33.2404
14292.4	31.3356
14292.5	39.0008
14292.6	32.0541
14292.6	35.827
14292.7	39.2258
14292.8	37.7235
14292.9	29.3482
14292.9	22.0167
14293	31.3154
14293.1	30.786
14293.1	25.9746
14293.2	21.6777
14293.3	27.1275
14293.4	25.012
14293.4	37.75
14293.5	48.3748
14293.6	27.5403
14293.7	17.1821
14293.7	27.549
14293.8	30.6949
14293.9	26.9181
14293.9	25.241
14294	19.9349
14294.1	26.4309
14294.2	37.52
14294.2	43.3883
14294.3	30.4332
14294.4	18
14294.4	33
14294.5	10
14294.6	27
14294.7	16
14294.7	51
14294.8	32
14294.9	27
14294.9	37
14295	32
14295.1	29
14295.2	26
14295.2	33
14295.3	52
14295.4	40
14295.5	36
14295.5	41
14295.6	22
14295.7	18
14295.8	22
14295.8	40
14295.9	32
14296	41
14296.1	37
14296.1	29
14296.2	26
14296.3	38
14296.4	50
14296.4	36
14296.5	8
14296.6	29
14296.6	27
14296.7	33
14296.8	36
14296.9	50
14296.9	38
14297	33
14297.1	42
14297.2	42
14297.2	33
14297.3	21
14297.4	20
14297.5	41
14297.5	21
14297.6	40
14297.7	38
14297.8	38
14297.8	44
14297.9	16
14298	48
14298	29
14298.1	21
14298.2	28
14298.3	36
14298.3	42
14298.4	42
14298.5	30
14298.6	24
14298.6	34
14298.7	23
14298.8	51
14298.9	43
14298.9	36
14299	53
14299.1	47
14299.2	35
14299.2	47
14299.3	28
14299.4	16
14299.4	47
14299.5	49
14299.6	41
14299.7	42
14299.7	30
14299.8	31
14299.9	54
14300	36
14300	33
14300.1	29
14300.2	49
14300.3	67
14300.3	50
14300.4	40
14300.5	38
14300.6	16
14300.6	29
14300.7	43
14300.8	16
14300.8	37
14300.9	32
14301	24
14301.1	43
14301.1	34
14301.2	38
14301.3	38
14301.4	36
14301.4	37
14301.5	47
14301.6	49
14301.7	33
14301.7	48
14301.8	50
14301.9	37
14301.9	36
14302	42
14302.1	34
14302.2	25
14302.2	54
14302.3	30
14302.4	51
14302.5	55
14302.5	40
14302.6	31
14302.7	33
14302.8	41
14302.8	41
14302.9	34
14303	21
14303	40
14303.1	38
14303.2	62
14303.3	27
14303.3	36
14303.4	40
14303.5	39
14303.6	51
14303.6	43
14303.7	36
14303.8	46
14303.9	59
14303.9	31
14304	41
14304.1	30
14304.1	33
14304.2	31
14304.3	45
14304.4	46
14304.4	29
14304.5	40
14304.6	51
14304.7	42
14304.7	43
14304.8	48
14304.9	48
14305	37
14305	37
14305.1	31
14305.2	52
14305.2	44
14305.3	40
14305.4	42
14305.5	47
14305.5	44
14305.6	60
14305.7	38
14305.8	33
14305.8	53
14305.9	32
14306	56
14306.1	53
14306.1	50
14306.2	42
14306.3	40
14306.3	36
14306.4	56
14306.5	33
14306.6	21
14306.6	30
14306.7	44
14306.8	62
14306.9	46
14306.9	36
14307	45
14307.1	40
14307.1	31
14307.2	61
14307.3	50
14307.4	46
14307.4	34
14307.5	57
14307.6	34
14307.7	31
14307.7	53
14307.8	45
14307.9	30
14308	45
14308	57
14308.1	26
14308.2	26
14308.2	45
14308.3	46
14308.4	32
14308.5	47
14308.5	43
14308.6	36
14308.7	37
14308.8	48
14308.8	63
14308.9	45
14309	34
14309	20
14309.1	44
14309.2	47
14309.3	38
14309.3	51
14309.4	28
14309.5	42
14309.6	67
14309.6	51
14309.7	43
14309.8	28
14309.9	43
14309.9	43
14310	33
14310.1	41
14310.1	42
14310.2	39
14310.3	41
14310.4	72
14310.4	52
14310.5	43
14310.6	33
14310.7	44
14310.7	50
14310.8	38
14310.9	37
14310.9	16
14311	36
14311.1	51
14311.2	63
14311.2	48
14311.3	34
14311.4	32
14311.5	39
14311.5	51
14311.6	42
14311.7	41
14311.7	18
14311.8	38.5
14311.9	59
14312	49
14312	44
14312.1	69
14312.2	22
14312.3	39
14312.3	50
14312.4	44
14312.5	42
14312.5	37
14312.6	37
14312.7	49
14312.8	40
14312.8	63
14312.9	50
14313	36
14313.1	44
14313.1	54
14313.2	53
14313.3	49
14313.3	10
14313.4	52
14313.5	37
14313.6	40
14313.6	42
14313.7	37
14313.8	56
14313.9	44
14313.9	36
14314	65
14314.1	54
14314.1	20
14314.2	38
14314.3	40
14314.4	54
14314.4	53
14314.5	32
14314.6	43
14314.7	60
14314.7	35
14314.8	58
14314.9	62
14314.9	27
14315	38
14315.1	35
14315.2	41
14315.2	41
14315.3	55
14315.4	39
14315.4	49
14315.5	46
14315.6	42
14315.7	49
14315.7	31
14315.8	60
14315.9	53
14316	45
14316	60
14316.1	47
14316.2	54
14316.2	58
14316.3	48
14316.4	38
14316.5	21
14316.5	39
14316.6	51
14316.7	58
14316.8	41
14316.8	40
14316.9	43
14317	61
14317	75
14317.1	38
14317.2	62
14317.3	43
14317.3	42
14317.4	61
14317.5	51
14317.6	53
14317.6	43
14317.7	57
14317.8	40
14317.8	61
14317.9	36
14318	43
14318.1	48
14318.1	56
14318.2	54
14318.3	44
14318.3	49
14318.4	52
14318.5	46
14318.6	39
14318.6	56
14318.7	62
14318.8	64
14318.9	47
14318.9	35
14319	36
14319.1	39
14319.1	56
14319.2	57
14319.3	73
14319.4	58
14319.4	41
14319.5	42
14319.6	48
14319.6	46
14319.7	63
14319.8	38
14319.9	43
14319.9	58
14320	49
14320.1	29
14320.2	49
14320.2	47
14320.3	47
14320.4	36
14320.4	20
14320.5	46
14320.6	43
14320.7	47
14320.7	60
14320.8	38
14320.9	17
14320.9	45
14321	31
14321.1	76
14321.2	33
14321.2	44
14321.3	38
14321.4	41
14321.5	38
14321.5	46
14321.6	56
14321.7	29
14321.7	44
14321.8	45
14321.9	41
14322	42
14322	40
14322.1	54
14322.2	40
14322.2	36
14322.3	45
14322.4	34
14322.5	37
14322.5	34
14322.6	46
14322.7	42
14322.7	51
14322.8	76
14322.9	37
14323	47
14323	49
14323.1	35
14323.2	42
14323.3	36
14323.3	25
14323.4	58
14323.5	39
14323.5	41
14323.6	42
14323.7	44
14323.8	41
14323.8	51
14323.9	32
14324	33
14324	42
14324.1	40
14324.2	39
14324.3	52
14324.3	46
14324.4	49
14324.5	44
14324.5	51
14324.6	70
14324.7	53
14324.8	62
14324.8	38
14324.9	29
14325	35
14325.1	48
14325.1	43
14325.2	39
14325.3	32
14325.3	47
14325.4	34
14325.5	43
14325.6	47
14325.6	42
14325.7	31
14325.8	53
14325.8	61
14325.9	53
14326	53
14326.1	31
14326.1	46
14326.2	36
14326.3	42
14326.3	54
14326.4	43
14326.5	39
14326.6	26
14326.6	49
14326.7	29
14326.8	19
14326.8	43
14326.9	51
14327	42
14327.1	40
14327.1	39
14327.2	39
14327.3	43
14327.3	53
14327.4	40
14327.5	37
14327.6	31
14327.6	45
14327.7	52
14327.8	38
14327.9	34
14327.9	31
14328	28
14328.1	46
14328.1	63
14328.2	45
14328.3	41
14328.4	22
14328.4	45
14328.5	37
14328.6	50
14328.6	44
14328.7	43
14328.8	26
14328.9	28
14328.9	49
14329	60
14329.1	41
14329.1	29
14329.2	54
14329.3	46
14329.4	34
14329.4	44
14329.5	36
14329.6	37
14329.6	39
14329.7	47
14329.8	54
14329.9	36
14329.9	14
14330	43
14330.1	51
14330.1	55
14330.2	46
14330.3	37
14330.4	67
14330.4	63
14330.5	41
14330.6	65
14330.6	22
14330.7	31
14330.8	53
14330.9	52
14330.9	52
14331	37
14331.1	33
14331.1	52
14331.2	48
14331.3	48
14331.4	36
14331.4	40
14331.5	34
14331.6	62
14331.6	40
14331.7	50
14331.8	42
14331.9	45
14331.9	55
14332	46
14332.1	51
14332.1	57
14332.2	26
14332.3	25
14332.4	35
14332.4	41
14332.5	64
14332.6	39
14332.6	34
14332.7	43
14332.8	30
14332.9	46
14332.9	55
14333	39
14333.1	29
14333.1	33
14333.2	47
14333.3	63
14333.4	31
14333.4	46
14333.5	42
14333.6	55
14333.6	37
14333.7	65
14333.8	43
14333.9	33
14333.9	41
14334	48
14334.1	78
14334.1	35
14334.2	32
14334.3	44
14334.4	58
14334.4	51
14334.5	59
14334.6	42
14334.6	52
14334.7	49
14334.8	55
14334.9	37
14334.9	21
14335	34
14335.1	42
14335.1	39
14335.2	48
14335.3	44
14335.3	55
14335.4	55
14335.5	35
14335.6	48
14335.6	44
14335.7	41
14335.8	39
14335.8	25
14335.9	34
14336	48
14336.1	28
14336.1	51
14336.2	44
14336.3	33
14336.3	38
14336.4	50
14336.5	43
14336.6	34
14336.6	32
14336.7	57
14336.8	29
14336.8	37
14336.9	55
14337	64
14337.1	44
14337.1	24
14337.2	28
14337.3	49
14337.3	28
14337.4	58
14337.5	44
14337.6	40
14337.6	30
14337.7	70
14337.8	39
14337.8	34
14337.9	46
14338	49
14338	45
14338.1	35
14338.2	57
14338.3	61
14338.3	32
14338.4	58
14338.5	53
14338.5	30
14338.6	46
14338.7	56
14338.8	43
14338.8	38
14338.9	27
14339	45
14339	42
14339.1	43
14339.2	67
14339.3	33
14339.3	28
14339.4	51
14339.5	59
14339.5	49
14339.6	36
14339.7	34
14339.8	47
14339.8	39
14339.9	48
14340	52
14340	51
14340.1	33
14340.2	63
14340.2	46
14340.3	54
14340.4	31
14340.5	32
14340.5	37
14340.6	39
14340.7	43
14340.7	41
14340.8	56
14340.9	44
14341	47
14341	41
14341.1	54
14341.2	44
14341.2	50
14341.3	57
14341.4	32
14341.5	45
14341.5	40
14341.6	35
14341.7	42
14341.7	36
14341.8	46
14341.9	40
14341.9	55
14342	61
14342.1	52
14342.2	35
14342.2	40
14342.3	51
14342.4	44
14342.4	40
14342.5	37
14342.6	34
14342.7	45
14342.7	32
14342.8	36
14342.9	52
14342.9	23
14343	36
14343.1	26
14343.1	16
14343.2	36
14343.3	43
14343.4	34
14343.4	41
14343.5	36
14343.6	44
14343.6	55
14343.7	31
14343.8	46
14343.9	44
14343.9	24
14344	51
14344.1	33
14344.1	65
14344.2	46
14344.3	50
14344.3	45
14344.4	42
14344.5	48
14344.6	47
14344.6	37
14344.7	36
14344.8	39
14344.8	34
14344.9	33
14345	34
14345.1	36
14345.1	25
14345.2	37
14345.3	48
14345.3	57
14345.4	36
14345.5	48
14345.5	34
14345.6	34
14345.7	18
14345.8	30
14345.8	48
14345.9	35
14346	35
14346	37
14346.1	69
14346.2	40
14346.2	35
14346.3	51
14346.4	36
14346.5	30
14346.5	30
14346.6	45
14346.7	51
14346.7	44
14346.8	67
14346.9	43
14347	30
14347	27
14347.1	44
14347.2	37
14347.2	61
14347.3	47
14347.4	45
14347.4	50
14347.5	58
14347.6	22
14347.7	25
14347.7	28
14347.8	49
14347.9	37
14347.9	35
14348	54
14348.1	42
14348.1	42
14348.2	34
14348.3	37
14348.4	41
14348.4	47
14348.5	57
14348.6	47
14348.6	52
14348.7	40
14348.8	49
14348.8	44
14348.9	19
14349	44
14349.1	50
14349.1	44
14349.2	44
14349.3	37
14349.3	40
14349.4	47
14349.5	52
14349.6	60
14349.6	44
14349.7	26
14349.8	19
14349.8	44
14349.9	60
14350	22
14350	35
14350.1	17
14350.2	48
14350.3	54
14350.3	45
14350.4	39
14350.5	16
14350.5	10
14350.6	41
14350.7	44
14350.7	23
14350.8	36
14350.9	35
14351	44
14351	38
14351.1	43
14351.2	32
14351.2	29
14351.3	20
14351.4	55
14351.4	37
14351.5	46
14351.6	48
14351.7	18
14351.7	37
14351.8	22
14351.9	19
14351.9	36
14352	33
14352.1	56
14352.1	41
14352.2	43
14352.3	22
14352.4	38
14352.4	48
14352.5	48
14352.6	45
14352.6	43
14352.7	43
14352.8	36
14352.8	32
14352.9	60
14353	47
14353.1	25
14353.1	24
14353.2	36
14353.3	28
14353.3	53
14353.4	38
14353.5	38
14353.5	28
14353.6	39.9951
14353.7	26.1327
14353.8	36.8908
14353.8	56.2488
14353.9	35.7066
14354	24.7698
14354	37.5094
14354.1	46.7043
14354.2	38.7606
14354.2	34.8433
14354.3	7.99457
14354.4	46.0285
14354.5	35.81
14354.5	42.3894
14354.6	42.634
14354.7	39.8222
14354.7	21.034
14354.8	47.7777
14354.9	29.4105
14354.9	47.1319
14355	32.1288
14355.1	36.3032
14355.1	30.338
14355.2	33.5118
14355.3	40.5706
14355.4	53.0912
14355.4	55.8039
14355.5	50.4951
14355.6	45.0781
14355.6	38.7025
14355.7	39.3229
14355.8	32.4662
14355.8	52.5606
14355.9	30.2558
14356	34.3092
14356.1	35.7912
14356.1	29.6811
14356.2	16.0323
14356.3	29.8764
14356.3	42.7871
14356.4	33.1442
14356.5	43.3415
14356.5	41.6126
14356.6	49.1211
14356.7	38.9085
14356.8	43.0925
14356.8	45.8467
14356.9	30.0012
14357	23.6471
14357	29.8552
14357.1	41.5601
14357.2	39.8469
14357.2	43.4989
14357.3	32.0035
14357.4	40.9957
14357.5	24.9559
14357.5	29.8241
14357.6	38.5022
14357.7	31.0562
14357.7	24.4341
14357.8	29.7778
14357.9	35.7691
14357.9	27.849
14358	28.4386
14358.1	41.3886
14358.1	39.7168
14358.2	30.1239
14358.3	34.3316
14358.4	35.667
14358.4	35.2468
14358.5	24.7489
14358.6	26.5011
14358.6	35.8395
14358.7	46.3617
14358.8	33.2177
14358.8	28.7984
14358.9	33.1896
14359	22.9697
14359	19.4455
14359.1	33.7043
14359.2	31.8387
14359.3	24.0606
14359.3	28.0908
14359.4	38.5741
14359.5	29.3932
14359.5	36.6954
14359.6	22.9945
14359.7	33.1906
14359.7	15.9388
14359.8	26.9549
14359.9	25.7223
14360	34.2058
14360	38.1961
14360.1	23.5282
14360.2	31.3519
14360.2	23.6039
14360.3	37.3766
14360.4	32.9352
14360.4	27.9401
14360.5	35.44
14360.6	28.1252
14360.6	28.3388
14360.7	30
14360.7	61
14360.8	33
14360.9	25
14361	38
14361	35
14361.1	28
14361.2	38
14361.2	52
14361.3	29
14361.4	27
14361.4	40
14361.5	55
14361.6	32
14361.7	40
14361.7	21
14361.8	30
14361.9	25
14361.9	32
14362	32
14362.1	36
14362.2	29
14362.2	42
14362.3	32
14362.4	38
14362.4	32
14362.5	28
14362.6	41
14362.6	26
14362.7	31
14362.8	12
14362.9	38
14362.9	30
14363	51
14363.1	13
14363.1	40
14363.2	31
14363.3	33
14363.4	61
14363.4	30
14363.5	6
14363.6	41
14363.6	30
14363.7	18
14363.8	33
14363.8	43
14363.9	40
14364	37
14364.1	31
14364.1	36
14364.2	37
14364.3	20
14364.3	26
14364.4	47
14364.5	26
14364.5	48
14364.6	40
14364.7	49
14364.8	35
14364.8	39
14364.9	38
14365	38
14365	24
14365.1	51
14365.2	39
14365.3	35
14365.3	39
14365.4	34
14365.5	57
14365.5	31
14365.6	31
14365.7	39
14365.7	55
14365.8	48
14365.9	37
14366	33
14366	25
14366.1	41
14366.2	60
14366.2	44
14366.3	40
14366.4	16
14366.4	36
14366.5	26
14366.6	36
14366.7	26
14366.7	38
14366.8	36
14366.9	43
14366.9	46
14367	29
14367.1	19
14367.2	22
14367.2	53
14367.3	51
14367.4	36
14367.4	41
14367.5	21
14367.6	62
14367.6	43
14367.7	42
14367.8	38
14367.9	54
14367.9	63
14368	35
14368.1	33
14368.1	43
14368.2	25
14368.3	23
14368.3	59
14368.4	58
14368.5	47
14368.6	58
14368.6	51
14368.7	35
14368.8	59
14368.8	27
14368.9	53
14369	35
14369	49
14369.1	53
14369.2	33
14369.3	56
14369.3	39
14369.4	54
14369.5	42
14369.5	46
14369.6	68
14369.7	39
14369.8	21
14369.8	29
14369.9	47
14370	44
14370	51
14370.1	46
14370.2	34
14370.2	51
14370.3	50
14370.4	43
14370.5	49
14370.5	7
14370.6	13
14370.7	35
14370.7	37
14370.8	46
14370.9	33
14370.9	36
14371	37
14371.1	42
14371.2	49
14371.2	34
14371.3	40
14371.4	34
14371.4	51
14371.5	50
14371.6	37
14371.6	58
14371.7	45
14371.8	35
14371.9	35
14371.9	38
14372	57
14372.1	46
14372.1	29
14372.2	25
14372.3	49
14372.3	56
14372.4	53
14372.5	42
14372.5	36
14372.6	44
14372.7	42
14372.8	40
14372.8	25
14372.9	56
14373	34
14373	57
14373.1	48
14373.2	42
14373.2	44
14373.3	41
14373.4	50
14373.5	36
14373.5	37
14373.6	46
14373.7	32
14373.7	55
14373.8	48
14373.9	42
14373.9	27
14374	52
14374.1	31
14374.2	26
14374.2	15
14374.3	35
14374.4	46
14374.4	45
14374.5	49
14374.6	39
14374.6	39
14374.7	27
14374.8	38
14374.9	46
14374.9	39
14375	43
14375.1	43
14375.1	35
14375.2	35
14375.3	65
14375.3	41
14375.4	41
14375.5	43
14375.6	15
14375.6	42
14375.7	38
14375.8	60
14375.8	51
14375.9	27
14376	33
14376	61
14376.1	54
14376.2	57
14376.2	41
14376.3	26
14376.4	54
14376.5	51
14376.5	46
14376.6	46
14376.7	43
14376.7	43
14376.8	61
14376.9	33
14376.9	45
14377	33
14377.1	21
14377.2	48
14377.2	22
14377.3	38
14377.4	54
14377.4	46
14377.5	62
14377.6	53
14377.6	54
14377.7	55
14377.8	35
14377.8	35
14377.9	44
14378	49
14378.1	35
14378.1	35
14378.2	51
14378.3	54
14378.3	64
14378.4	57
14378.5	61
14378.5	39
14378.6	39
14378.7	50
14378.8	40
14378.8	34
14378.9	33
14379	55
14379	45
14379.1	44
14379.2	47
14379.2	46
14379.3	37
14379.4	22
14379.4	52
14379.5	53
14379.6	55
14379.7	36
14379.7	53
14379.8	58
14379.9	44
14379.9	53
14380	56
14380.1	32
14380.1	41
14380.2	40
14380.3	52
14380.3	42
14380.4	24
14380.5	52
14380.6	16
14380.6	42
14380.7	59
14380.8	48
14380.8	38
14380.9	54
14381	41
14381	47
14381.1	42
14381.2	43
14381.3	51
14381.3	54
14381.4	47
14381.5	55
14381.5	41
14381.6	39
14381.7	51
14381.7	47
14381.8	67
14381.9	48
14381.9	51
14382	47
14382.1	69
14382.2	57
14382.2	52
14382.3	47
14382.4	51
14382.4	46
14382.5	42
14382.6	46
14382.6	59
14382.7	33
14382.8	55
14382.8	35
14382.9	43
14383	55
14383.1	36
14383.1	39
14383.2	55
14383.3	69
14383.3	43
14383.4	52
14383.5	35
14383.5	43
14383.6	34
14383.7	45
14383.7	44
14383.8	49
14383.9	33
14384	33
14384	50
14384.1	50
14384.2	58
14384.2	60
14384.3	34
14384.4	43
14384.4	41
14384.5	47
14384.6	64
14384.6	55
14384.7	55
14384.8	58
14384.8	67
14384.9	48
14385	37
14385.1	23
14385.1	53
14385.2	49
14385.3	40
14385.3	32
14385.4	43
14385.5	38
14385.5	36
14385.6	32
14385.7	48
14385.7	33
14385.8	51
14385.9	30
14386	50
14386	26
14386.1	56
14386.2	57
14386.2	35
14386.3	33
14386.4	35
14386.4	52
14386.5	32
14386.6	39
14386.6	54
14386.7	39
14386.8	52
14386.8	54
14386.9	41
14387	37
14387.1	47
14387.1	52
14387.2	49
14387.3	54
14387.3	44
14387.4	53
14387.5	52
14387.5	58
14387.6	45
14387.7	48
14387.7	50
14387.8	58
14387.9	49
14388	48
14388	34
14388.1	39
14388.2	57
14388.2	64
14388.3	52
14388.4	43
14388.4	45
14388.5	46
14388.6	46
14388.6	50
14388.7	55
14388.8	42
14388.8	39
14388.9	39
14389	33
14389.1	65
14389.1	59
14389.2	55
14389.3	63
14389.3	64
14389.4	70
14389.5	61
14389.5	43
14389.6	37
14389.7	50
14389.7	53
14389.8	40
14389.9	41
14389.9	38
14390	49
14390.1	46
14390.2	48
14390.2	58
14390.3	47
14390.4	58
14390.4	43
14390.5	24
14390.6	41
14390.6	31
14390.7	45
14390.8	41
14390.8	48
14390.9	50
14391	57
14391	48
14391.1	44
14391.2	56
14391.3	57
14391.3	54
14391.4	48
14391.5	36
14391.5	46
14391.6	48
14391.7	53
14391.7	44
14391.8	42
14391.9	53
14391.9	38
14392	40
14392.1	40
14392.1	31
14392.2	30
14392.3	51
14392.3	36
14392.4	40
14392.5	31
14392.6	43
14392.6	45
14392.7	62
14392.8	58
14392.8	41
14392.9	39
14393	26
14393	47
14393.1	51
14393.2	34
14393.2	53
14393.3	61
14393.4	43
14393.4	53
14393.5	45
14393.6	34
14393.7	38
14393.7	33
14393.8	44
14393.9	52
14393.9	33
14394	35
14394.1	56
14394.1	30
14394.2	42
14394.3	58
14394.3	51
14394.4	30
14394.5	11
14394.5	53
14394.6	47
14394.7	63
14394.7	49
14394.8	45
14394.9	34
14395	67
14395	51
14395.1	38
14395.2	56
14395.2	43
14395.3	49
14395.4	37
14395.4	47
14395.5	48
14395.6	47
14395.6	24
14395.7	38
14395.8	57
14395.8	50
14395.9	43
14396	26
14396	53
14396.1	46
14396.2	47
14396.2	51
14396.3	37
14396.4	54
14396.5	53
14396.5	33
14396.6	59
14396.7	52
14396.7	59
14396.8	52
14396.9	42
14396.9	51
14397	46
14397.1	29
14397.1	44
14397.2	61
14397.3	61
14397.3	49
14397.4	50
14397.5	36
14397.5	52
14397.6	34
14397.7	46
14397.7	41
14397.8	36
14397.9	50
14398	33
14398	51
14398.1	70
14398.2	26
14398.2	41
14398.3	52
14398.4	41
14398.4	39
14398.5	61
14398.6	12
14398.6	52
14398.7	48
14398.8	35
14398.8	38
14398.9	36
14399	34
14399	34
14399.1	35
14399.2	65
14399.2	54
14399.3	41
14399.4	47
14399.5	39
14399.5	56
14399.6	35
14399.7	44
14399.7	49
14399.8	49
14399.9	40
14399.9	49
14400	54
14400.1	38
14400.1	48
14400.2	38
14400.3	36
14400.3	41
14400.4	47
14400.5	46
14400.5	39
14400.6	48
14400.7	60
14400.7	39
14400.8	57
14400.9	49
14400.9	42
14401	22
14401.1	47
14401.2	44
14401.2	54
14401.3	41
14401.4	51
14401.4	51
14401.5	48
14401.6	25
14401.6	34
14401.7	51
14401.8	57
14401.8	46
14401.9	42
14402	37
14402	57
14402.1	48
14402.2	41
14402.2	35
14402.3	46
14402.4	62
14402.4	46
14402.5	40
14402.6	33
14402.6	37
14402.7	23
14402.8	49
14402.8	52
14402.9	42
14403	38
14403.1	29
14403.1	58
14403.2	44
14403.3	47
14403.3	47
14403.4	22
14403.5	43
14403.5	48
14403.6	45
14403.7	39
14403.7	37
14403.8	37
14403.9	36
14403.9	50
14404	53
14404.1	36
14404.1	20
14404.2	36
14404.3	55
14404.3	34
14404.4	42
14404.5	56
14404.5	50
14404.6	31
14404.7	33
14404.7	41
14404.8	46
14404.9	37
14405	39
14405	52
14405.1	52
14405.2	47
14405.2	42
14405.3	35
14405.4	52
14405.4	36
14405.5	63
14405.6	47
14405.6	29
14405.7	54
14405.8	48
14405.8	45
14405.9	45
14406	32
14406	35
14406.1	30
14406.2	54
14406.2	48
14406.3	50
14406.4	43
14406.4	37
14406.5	41
14406.6	34
14406.6	35
14406.7	45
14406.8	36
14406.8	40
14406.9	45
14407	43
14407	36
14407.1	6
14407.2	34
14407.2	44
14407.3	27
14407.4	48
14407.5	31
14407.5	49
14407.6	60
14407.7	49
14407.7	48
14407.8	55
14407.9	42
14407.9	58
14408	40
14408.1	38
14408.1	33
14408.2	39
14408.3	21
14408.3	48
14408.4	43
14408.5	40
14408.5	43
14408.6	20
14408.7	42
14408.7	47
14408.8	42
14408.9	57
14408.9	36
14409	49
14409.1	35
14409.1	41
14409.2	58
14409.3	44
14409.3	12
14409.4	37
14409.5	52
14409.5	51
14409.6	44
14409.7	40
14409.7	40
14409.8	54
14409.9	31
14409.9	42
14410	40
14410.1	48
14410.1	45
14410.2	35
14410.3	41
14410.3	28
14410.4	48
14410.5	60
14410.6	49
14410.6	34
14410.7	36
14410.8	32
14410.8	38
14410.9	40
14411	47
14411	52
14411.1	34
14411.2	43
14411.2	44
14411.3	49
14411.4	48
14411.4	61
14411.5	33
14411.6	48
14411.6	48
14411.7	44
14411.8	58
14411.8	34
14411.9	24
14412	34
14412	42
14412.1	41
14412.2	43
14412.2	26
14412.3	43
14412.4	51
14412.4	40
14412.5	45
14412.6	29
14412.6	11
14412.7	43
14412.8	36
14412.8	48
14412.9	50
14413	27
14413	31
14413.1	46
14413.2	38
14413.2	45
14413.3	37
14413.4	15
14413.4	35
14413.5	23
14413.6	42
14413.6	42
14413.7	43
14413.8	37
14413.8	47
14413.9	53
14414	49
14414	29
14414.1	24
14414.2	41
14414.2	18
14414.3	32
14414.4	38
14414.4	32
14414.5	28
14414.6	39
14414.6	38
14414.7	33
14414.8	40
14414.8	34
14414.9	45
14415	49
14415	38
14415.1	46
14415.2	43
14415.3	20
14415.3	46
14415.4	49
14415.5	35
14415.5	41
14415.6	46
14415.7	55
14415.7	48
14415.8	43
14415.9	32
14415.9	45
14416	31
14416.1	22
14416.1	29
14416.2	34
14416.3	36
14416.3	51
14416.4	47
14416.5	50
14416.5	47
14416.6	36
14416.7	41
14416.7	29
14416.8	59
14416.9	41
14416.9	44
14417	40
14417.1	32
14417.1	51
14417.2	30.0064
14417.3	53.4731
14417.3	55.205
14417.4	49.1505
14417.5	30.7235
14417.5	43.8139
14417.6	50.837
14417.7	32.772
14417.7	46.773
14417.8	32.1674
14417.9	25.5978
14417.9	37.7701
14418	41.547
14418.1	37.853
14418.1	30.1063
14418.2	37.1752
14418.3	41.1878
14418.3	38.026
14418.4	43.729
14418.5	43.6534
14418.5	43.4426
14418.6	49.6035
14418.7	23.3191
14418.7	35.8212
14418.8	47.3799
14418.9	30.5608
14418.9	40.3608
14419	38.3154
14419.1	42.8047
14419.1	34.9064
14419.2	26.8739
14419.3	40.5015
14419.3	39.0324
14419.4	41.3213
14419.5	41.9946
14419.5	28.483
14419.6	31.0194
14419.7	30.0824
14419.7	34.7409
14419.8	46.4726
14419.9	36.7769
14419.9	39.582
14420	37.5271
14420.1	50.9775
14420.1	40.5589
14420.2	32.4117
14420.3	36.0599
14420.3	32.1007
14420.4	40.9562
14420.5	29.2179
14420.5	37.0404
14420.6	25.7671
14420.7	33.4309
14420.7	38.5342
14420.8	26.8583
14420.9	39.9183
14420.9	44.9838
14421	38.8366
14421.1	41.8892
14421.1	39.138
14421.2	27.6029
14421.3	33.1073
14421.3	42.0119
14421.4	28.3317
14421.5	23.2576
14421.5	31.2708
14421.6	27.7753
14421.7	42.0503
14421.7	31.4251
14421.8	21.9711
14421.9	25.0599
14421.9	17.6996
14422	21.9497
14422.1	27.3743
14422.1	29.9612
14422.2	25.6197
14422.3	22.3693
14422.3	36.3834
14422.4	42.9331
14422.5	38.1914
14422.5	32.8866
14422.6	27.3431
14422.7	13.5006
14422.7	22.508
14422.8	38.7636
14422.9	32.7244
14422.9	23.8835
14423	31.4591
14423.1	26.5966
14423.1	27.5359
14423.2	35.5426
14423.3	37.7484
14423.3	723.674
14423.4	1466.19
14423.5	929.489
14423.5	426.877
14423.6	42.3851
14423.6	27.7534
14423.7	32.2708
14423.8	26.3449
14423.8	28.0528
14423.9	32.235
14424	42.5638
14424	41
14424.1	14
14424.2	27
14424.2	30
14424.3	37
14424.4	40
14424.4	29
14424.5	21
14424.6	37
14424.6	50
14424.7	34
14424.8	42
14424.8	16
14424.9	26
14425	19
14425	39
14425.1	27
14425.2	18
14425.3	45
14425.3	35
14425.4	49
14425.5	29
14425.5	37
14425.6	20
14425.7	47
14425.7	44
14425.8	32
14425.9	28
14425.9	36
14426	51
14426.1	34
14426.1	24
14426.2	40
14426.3	44
14426.3	45
14426.4	35
14426.5	54
14426.5	48
14426.6	42
14426.7	42
14426.7	17
14426.8	43
14426.9	36
14426.9	39
14427	29
14427.1	14
14427.1	25
14427.2	50
14427.3	43
14427.3	48
14427.4	39
14427.5	36
14427.5	37
14427.6	43
14427.7	48
14427.7	41
14427.8	34
14427.9	52
14428	45
14428	50
14428.1	42
14428.2	43
14428.2	22
14428.3	46
14428.4	49
14428.4	21
14428.5	53
14428.6	25
14428.6	41
14428.7	40
14428.8	46
14428.8	26
14428.9	46
14429	28
14429	50
14429.1	39
14429.2	39
14429.2	39
14429.3	30
14429.4	31
14429.4	63
14429.5	59
14429.6	61
14429.6	45
14429.7	27
14429.8	43
14429.8	41
14429.9	40
14430	52
14430	55
14430.1	35
14430.2	42
14430.2	48
14430.3	40
14430.4	25
14430.4	37
14430.5	55
14430.6	26
14430.6	32
14430.7	58
14430.8	50
14430.8	43
14430.9	39
14431	46
14431	49
14431.1	21
14431.2	35
14431.2	45
14431.3	39
14431.4	48
14431.4	44
14431.5	41
14431.6	32
14431.6	41
14431.7	56
14431.8	60
14431.9	20
14431.9	38
14432	52
14432.1	52
14432.1	42
14432.2	38
14432.3	47
14432.3	48
14432.4	58
14432.5	59
14432.5	37
14432.6	57
14432.7	46
14432.7	47
14432.8	37
14432.9	36
14432.9	30
14433	33
14433.1	51
14433.1	42
14433.2	34
14433.3	51
14433.3	42
14433.4	53
14433.5	55
14433.5	51
14433.6	47
14433.7	41
14433.7	36
14433.8	45
14433.9	27
14433.9	47
14434	46
14434.1	36
14434.1	46
14434.2	45
14434.3	43
14434.3	41
14434.4	46
14434.5	51
14434.5	60
14434.6	35
14434.7	44
14434.7	47
14434.8	35
14434.9	48
14434.9	35
14435	38
14435.1	45
14435.1	37
14435.2	40
14435.3	41
14435.3	45
14435.4	52
14435.5	56
14435.5	40
14435.6	54
14435.7	64
14435.7	52
14435.8	36
14435.9	28
14435.9	35
14436	74
14436.1	50
14436.1	44
14436.2	52
14436.3	51
14436.3	35
14436.4	43
14436.5	62
14436.5	50
14436.6	57
14436.7	41
14436.7	51
14436.8	43
14436.9	55
14436.9	42
14437	62
14437.1	37
14437.1	39
14437.2	31
14437.3	41
14437.3	35
14437.4	32
14437.5	37
14437.5	53
14437.6	40
14437.7	25
14437.7	42
14437.8	12
14437.9	44
14437.9	46
14438	50
14438.1	41
14438.1	32
14438.2	42
14438.3	53
14438.3	41
14438.4	42
14438.5	46
14438.5	33
14438.6	50
14438.7	62
14438.7	47
14438.8	43
14438.9	36
14438.9	63
14439	45
14439.1	59
14439.1	35
14439.2	32
14439.3	35
14439.3	42
14439.4	47
14439.5	37
14439.5	50
14439.6	29
14439.7	39
14439.7	47
14439.8	49
14439.9	51
14439.9	28
14440	39
14440.1	43
14440.1	51
14440.2	41
14440.3	54
14440.3	65
14440.4	63
14440.5	25
14440.5	60
14440.6	39
14440.7	34
14440.7	39
14440.8	50
14440.9	40
14440.9	45
14441	47
14441.1	41
14441.1	49
14441.2	54
14441.3	68
14441.3	39
14441.4	24
14441.5	50
14441.5	43
14441.6	56
14441.7	57
14441.7	38
14441.8	49
14441.9	61
14441.9	52
14442	46
14442.1	55
14442.1	52
14442.2	36
14442.3	30
14442.3	41
14442.4	53
14442.5	34
14442.5	38
14442.6	59
14442.7	42
14442.7	58
14442.8	53
14442.9	49
14442.9	53
14443	59
14443.1	47
14443.1	40
14443.2	70
14443.3	50
14443.3	35
14443.4	53
14443.5	60
14443.5	45
14443.6	43
14443.7	41
14443.7	34
14443.8	46
14443.9	54
14443.9	67
14444	56
14444.1	41
14444.1	43
14444.2	43
14444.3	37
14444.3	28
14444.4	44
14444.5	61
14444.5	57
14444.6	42
14444.7	46
14444.7	50
14444.8	44
14444.9	32
14444.9	45
14445	37
14445	45
14445.1	54
14445.2	52
14445.2	58
14445.3	48
14445.4	70
14445.4	57
14445.5	48
14445.6	55
14445.6	32
14445.7	43
14445.8	60
14445.8	76
14445.9	47
14446	54
14446	37
14446.1	60
14446.2	52
14446.2	45
14446.3	61
14446.4	40
14446.4	46
14446.5	38
14446.6	56
14446.6	38
14446.7	60
14446.8	37
14446.8	45
14446.9	52
14447	59
14447	50
14447.1	34
14447.2	56
14447.2	60
14447.3	51
14447.4	51
14447.4	45
14447.5	26
14447.6	36
14447.6	33
14447.7	39
14447.8	58
14447.8	47
14447.9	36
14448	44
14448	43
14448.1	47
14448.2	49
14448.2	42
14448.3	40
14448.4	55
14448.4	45
14448.5	60
14448.6	45
14448.6	52
14448.7	57
14448.8	46
14448.8	48
14448.9	58
14448.9	46
14449	44
14449.1	47
14449.1	46
14449.2	53
14449.3	41
14449.3	44
14449.4	57
14449.5	43
14449.5	44
14449.6	46
14449.7	38
14449.7	44
14449.8	41
14449.9	52
14449.9	51
14450	53
14450.1	58
14450.1	54
14450.2	48
14450.3	63
14450.3	40
14450.4	47
14450.5	51
14450.5	66
14450.6	47
14450.7	46
14450.7	61
14450.8	57
14450.9	47
14450.9	57
14451	63
14451.1	48
14451.1	42
14451.2	47
14451.3	56
14451.3	65
14451.4	52
14451.5	51
14451.5	21
14451.6	54
14451.6	70
14451.7	50
14451.8	33
14451.8	36
14451.9	39
14452	49
14452	51
14452.1	38
14452.2	48
14452.2	61
14452.3	38
14452.4	59
14452.4	45
14452.5	44
14452.6	44
14452.6	51
14452.7	59
14452.8	52
14452.8	60
14452.9	52
14453	43
14453	49
14453.1	54
14453.2	64
14453.2	44
14453.3	61
14453.4	50
14453.4	31
14453.5	40
14453.6	50
14453.6	62
14453.7	41
14453.8	43
14453.8	44
14453.9	51
14453.9	53
14454	44
14454.1	65
14454.1	52
14454.2	39
14454.3	52
14454.3	40
14454.4	20
14454.5	38
14454.5	57
14454.6	48
14454.7	50
14454.7	40
14454.8	37
14454.9	56
14454.9	42
14455	43
14455.1	62
14455.1	30
14455.2	50
14455.3	41
14455.3	53
14455.4	45
14455.5	35
14455.5	57
14455.6	62
14455.7	60
14455.7	54
14455.8	63
14455.8	48
14455.9	29
14456	50
14456	51
14456.1	47
14456.2	50
14456.2	42
14456.3	53
14456.4	57
14456.4	41
14456.5	45
14456.6	35
14456.6	46
14456.7	52
14456.8	40
14456.8	40
14456.9	57
14457	55
14457	56
14457.1	48
14457.2	32
14457.2	38
14457.3	27
14457.4	40
14457.4	46
14457.5	48
14457.5	33
14457.6	39
14457.7	26
14457.7	53
14457.8	56
14457.9	36
14457.9	51
14458	37
14458.1	44
14458.1	50
14458.2	48
14458.3	41
14458.3	30
14458.4	48
14458.5	67
14458.5	54
14458.6	40
14458.7	45
14458.7	48
14458.8	47
14458.9	55
14458.9	64
14459	54
14459.1	58
14459.1	65
14459.2	51
14459.2	40
14459.3	37
14459.4	49
14459.4	54
14459.5	55
14459.6	54
14459.6	54
14459.7	58
14459.8	39
14459.8	35
14459.9	37
14460	35
14460	51
14460.1	33
14460.2	53
14460.2	52
14460.3	37
14460.4	63
14460.4	58
14460.5	34
14460.5	38
14460.6	46
14460.7	49
14460.7	47
14460.8	49
14460.9	57
14460.9	49
14461	48
14461.1	55
14461.1	42
14461.2	22
14461.3	42
14461.3	40
14461.4	51
14461.5	39
14461.5	47
14461.6	45
14461.7	40
14461.7	47
14461.8	41
14461.9	45
14461.9	24
14462	58
14462	51
14462.1	36
14462.2	46
14462.2	52
14462.3	47
14462.4	45
14462.4	38
14462.5	61
14462.6	44
14462.6	17
14462.7	38
14462.8	33
14462.8	42
14462.9	42
14463	28
14463	37
14463.1	32
14463.2	23
14463.2	59
14463.3	50
14463.3	28
14463.4	40
14463.5	45
14463.5	23
14463.6	55
14463.7	40
14463.7	44
14463.8	56
14463.9	45
14463.9	49
14464	54
14464.1	32
14464.1	44
14464.2	50
14464.3	52
14464.3	47
14464.4	46
14464.5	32
14464.5	41
14464.6	44
14464.6	41
14464.7	41
14464.8	32
14464.8	48
14464.9	40
14465	56
14465	52
14465.1	38
14465.2	32
14465.2	52
14465.3	50
14465.4	46
14465.4	41
14465.5	26
14465.6	50
14465.6	51
14465.7	59
14465.7	56
14465.8	39
14465.9	51
14465.9	49
14466	33
14466.1	50
14466.1	59
14466.2	35
14466.3	42
14466.3	50
14466.4	39
14466.5	55
14466.5	37
14466.6	47
14466.7	51
14466.7	47
14466.8	49
14466.8	42
14466.9	39
14467	47
14467	37
14467.1	50
14467.2	45
14467.2	31
14467.3	31
14467.4	38
14467.4	49
14467.5	30
14467.6	57
14467.6	37
14467.7	59
14467.8	38
14467.8	51
14467.9	34
14467.9	32
14468	43
14468.1	47
14468.1	49
14468.2	57
14468.3	34
14468.3	55
14468.4	37
14468.5	32
14468.5	30
14468.6	53
14468.7	29
14468.7	50
14468.8	40
14468.9	53
14468.9	58
14469	36
14469	51
14469.1	34
14469.2	32
14469.2	53
14469.3	50
14469.4	17
14469.4	39
14469.5	58
14469.6	50
14469.6	33
14469.7	42
14469.8	41
14469.8	51
14469.9	29
14469.9	38
14470	47
14470.1	46
14470.1	35
14470.2	46
14470.3	47
14470.3	27
14470.4	35
14470.5	41
14470.5	51
14470.6	31
14470.7	41
14470.7	31
14470.8	38
14470.9	61
14470.9	59
14471	48
14471	37
14471.1	59
14471.2	24
14471.2	49
14471.3	52
14471.4	44
14471.4	55
14471.5	36
14471.6	42
14471.6	38
14471.7	50
14471.8	39
14471.8	38
14471.9	45
14471.9	43
14472	39
14472.1	39
14472.1	55
14472.2	38
14472.3	47
14472.3	35
14472.4	49
14472.5	47
14472.5	51
14472.6	35
14472.7	35
14472.7	52
14472.8	47
14472.8	49
14472.9	43
14473	45
14473	54
14473.1	45
14473.2	42
14473.2	27
14473.3	32
14473.4	59
14473.4	50
14473.5	73
14473.6	35
14473.6	46
14473.7	43
14473.7	31
14473.8	60
14473.9	43
14473.9	27
14474	25
14474.1	63
14474.1	40
14474.2	31
14474.3	33
14474.3	36
14474.4	57
14474.5	44
14474.5	33
14474.6	40
14474.6	30
14474.7	30
14474.8	46
14474.8	50
14474.9	34
14475	43
14475	47
14475.1	45
14475.2	31
14475.2	45
14475.3	35
14475.3	11
14475.4	34
14475.5	35
14475.5	52
14475.6	37
14475.7	45
14475.7	39
14475.8	41
14475.9	30
14475.9	50
14476	34
14476.1	41
14476.1	20
14476.2	37
14476.2	35
14476.3	55
14476.4	42
14476.4	62
14476.5	60
14476.6	43
14476.6	41
14476.7	57
14476.8	39
14476.8	40
14476.9	47
14477	52
14477	44
14477.1	49
14477.1	24
14477.2	39
14477.3	60
14477.3	54
14477.4	48
14477.5	48
14477.5	37
14477.6	40
14477.7	41
14477.7	44
14477.8	64
14477.8	26
14477.9	36
14478	42
14478	40
14478.1	38.0743
14478.2	35.0879
14478.2	45.7937
14478.3	32.8874
14478.4	46.7237
14478.4	41.5811
14478.5	36.04
14478.5	38.111
14478.6	31.73
14478.7	44.8922
14478.7	50.588
14478.8	48.7296
14478.9	20.4531
14478.9	39.883
14479	41.9053
14479.1	41.4983
14479.1	41.8342
14479.2	33.1879
14479.3	46.7186
14479.3	43.8626
14479.4	42.7517
14479.4	38.1115
14479.5	38.9765
14479.6	41.819
14479.6	50.6324
14479.7	37.8918
14479.8	33.2013
14479.8	37.6832
14479.9	30.1015
14480	27.3023
14480	44.8267
14480.1	36.2679
14480.1	38.714
14480.2	34.4191
14480.3	43.4097
14480.3	51.9808
14480.4	47.929
14480.5	41.6925
14480.5	32.8522
14480.6	26.1156
14480.7	29.9774
14480.7	35.3863
14480.8	22.2967
14480.8	33.1984
14480.9	34.5461
14481	35.3486
14481	47.2988
14481.1	36.8243
14481.2	40.3014
14481.2	34.6097
14481.3	38.5417
14481.4	36.2902
14481.4	28.0254
14481.5	38.7976
14481.5	41.0482
14481.6	40.0085
14481.7	42.037
14481.7	30.6281
14481.8	35.1615
14481.9	43.3661
14481.9	21.4151
14482	19.0691
14482.1	33.943
14482.1	46.0426
14482.2	42.3727
14482.2	25.1239
14482.3	25.1749
14482.4	18.4745
14482.4	23.3645
14482.5	21.4354
14482.6	38.4262
14482.6	25.7595
14482.7	32.3582
14482.8	47.4715
14482.8	41.3314
14482.9	38.092
14482.9	37.3626
14483	25.0693
14483.1	33.1444
14483.1	39.1891
14483.2	45.5091
14483.3	36.1455
14483.3	33.5347
14483.4	35
14483.5	24.3587
14483.5	29.3632
14483.6	29.4257
14483.6	20.8948
14483.7	27.36
14483.8	32.3199
14483.8	33.8351
14483.9	31.5613
14484	29.9937
14484	34.2575
14484.1	41.4741
14484.2	38.6596
14484.2	38.1049
14484.3	33.2705
14484.3	32.0917
14484.4	18.8909
14484.5	31.0973
14484.5	41
14484.6	39
14484.6	41
14484.7	40
14484.8	38
14484.8	28
14484.9	35
14484.9	34
14485	46
14485.1	25
14485.1	28
14485.2	31
14485.3	35
14485.3	43
14485.4	38
14485.5	26
14485.5	47
14485.6	43
14485.7	59
14485.7	37
14485.8	25
14485.9	9
14485.9	25
14486	37
14486	42
14486.1	34
14486.2	30
14486.2	18
14486.3	48
14486.4	43
14486.4	45
14486.5	29
14486.6	33
14486.6	34
14486.7	37
14486.8	40
14486.8	42
14486.9	46
14487	35
14487	46
14487.1	50
14487.1	45
14487.2	29
14487.3	33
14487.3	35
14487.4	23
14487.5	40
14487.5	56
14487.6	44
14487.7	27
14487.7	33
14487.8	54
14487.9	56
14487.9	54
14488	33
14488	56
14488.1	39
14488.2	26
14488.2	31
14488.3	64
14488.4	48
14488.4	47
14488.5	63
14488.6	41
14488.6	48
14488.7	20
14488.8	49
14488.8	37
14488.9	46
14489	16
14489	36
14489.1	24
14489.1	46
14489.2	33
14489.3	40
14489.3	32
14489.4	52
14489.5	55
14489.5	50
14489.6	44
14489.7	36
14489.7	40
14489.8	53
14489.9	59
14489.9	48
14490	26
14490	36
14490.1	48
14490.2	43
14490.2	38
14490.3	33
14490.4	42
14490.4	30
14490.5	33
14490.6	49
14490.6	34
14490.7	47
14490.8	45
14490.8	34
14490.9	56
14490.9	49
14491	59
14491.1	40
14491.1	41
14491.2	42
14491.3	48
14491.3	35
14491.4	48
14491.5	56
14491.5	31
14491.6	50
14491.7	53
14491.7	46
14491.8	34
14491.8	27
14491.9	47
14492	36
14492	31
14492.1	45
14492.2	27
14492.2	51
14492.3	48
14492.4	39
14492.4	34
14492.5	47
14492.6	23
14492.6	58
14492.7	47
14492.7	61
14492.8	45
14492.9	35
14492.9	35
14493	53
14493.1	46
14493.1	46
14493.2	31
14493.3	41
14493.3	58
14493.4	49
14493.5	43
14493.5	25
14493.6	48
14493.6	43
14493.7	46
14493.8	63
14493.8	34
14493.9	36
14494	51
14494	47
14494.1	43
14494.2	37
14494.2	48
14494.3	35
14494.3	49
14494.4	35
14494.5	42
14494.5	54
14494.6	45
14494.7	40
14494.7	43
14494.8	45
14494.9	33
14494.9	32
14495	38
14495.1	51
14495.1	52
14495.2	68
14495.2	34
14495.3	29
14495.4	35
14495.4	42
14495.5	52
14495.6	37
14495.6	44
14495.7	39
14495.8	39
14495.8	48
14495.9	46
14496	24
14496	33
14496.1	49
14496.1	46
14496.2	51
14496.3	46
14496.3	48
14496.4	32
14496.5	45
14496.5	35
14496.6	45
14496.7	34
14496.7	46
14496.8	56
14496.8	47
14496.9	42
14497	45
14497	33
14497.1	48
14497.2	41
14497.2	39
14497.3	62
14497.4	52
14497.4	62
14497.5	40
14497.5	29
14497.6	33
14497.7	56
14497.7	73
14497.8	36
14497.9	40
14497.9	40
14498	38
14498.1	44
14498.1	54
14498.2	46
14498.3	50
14498.3	47
14498.4	58
14498.4	33
14498.5	45
14498.6	35
14498.6	37
14498.7	37
14498.8	30
14498.8	38
14498.9	45
14499	50
14499	44
14499.1	51
14499.1	35
14499.2	26
14499.3	55
14499.3	58
14499.4	41
14499.5	51
14499.5	29
14499.6	35
14499.7	45
14499.7	46
14499.8	47
14499.8	48
14499.9	45
14500	50
14500	51
14500.1	27
14500.2	38
14500.2	44
14500.3	31
14500.4	47
14500.4	57
14500.5	69
14500.5	58
14500.6	49
14500.7	47
14500.7	46
14500.8	40
14500.9	51
14500.9	52
14501	37
14501.1	49
14501.1	48
14501.2	75
14501.2	38
14501.3	36
14501.4	42
14501.4	28
14501.5	53
14501.6	35
14501.6	48
14501.7	47
14501.8	50
14501.8	38
14501.9	49
14501.9	54
14502	55
14502.1	45
14502.1	51
14502.2	46
14502.3	27
14502.3	69
14502.4	38
14502.5	53
14502.5	47
14502.6	37
14502.6	40
14502.7	63
14502.8	70
14502.8	57
14502.9	50
14503	30
14503	55
14503.1	57
14503.2	62
14503.2	53
14503.3	41
14503.3	59
14503.4	38
14503.5	55
14503.5	54
14503.6	58
14503.7	45
14503.7	45
14503.8	39
14503.8	41
14503.9	45
14504	44
14504	46
14504.1	39
14504.2	44
14504.2	54
14504.3	42
14504.4	35
14504.4	53
14504.5	60
14504.5	43
14504.6	53
14504.7	47
14504.7	30
14504.8	32
14504.9	45
14504.9	58
14505	71
14505.1	45
14505.1	32
14505.2	30
14505.2	39
14505.3	59
14505.4	60
14505.4	32
14505.5	37
14505.6	43
14505.6	35
14505.7	38
14505.8	56
14505.8	36
14505.9	49
14505.9	35
14506	67
14506.1	56
14506.1	50
14506.2	38
14506.3	61
14506.3	55
14506.4	56
14506.4	35
14506.5	41
14506.6	50
14506.6	41
14506.7	40
14506.8	41
14506.8	52
14506.9	49
14507	60
14507	56
14507.1	44
14507.1	48
14507.2	60
14507.3	48
14507.3	52
14507.4	40
14507.5	38
14507.5	54
14507.6	58
14507.6	50
14507.7	46
14507.8	29
14507.8	57
14507.9	45
14508	53
14508	45
14508.1	50
14508.2	52
14508.2	58
14508.3	46
14508.3	62
14508.4	67
14508.5	58
14508.5	39
14508.6	47
14508.7	67
14508.7	67
14508.8	63
14508.8	41
14508.9	33
14509	29
14509	63
14509.1	47
14509.2	44
14509.2	56
14509.3	40
14509.4	47
14509.4	47
14509.5	68
14509.5	34
14509.6	16
14509.7	55
14509.7	61
14509.8	54
14509.9	55
14509.9	58
14510	51
14510	38
14510.1	51
14510.2	63
14510.2	45
14510.3	33
14510.4	61
14510.4	33
14510.5	41
14510.5	42
14510.6	40
14510.7	52
14510.7	48
14510.8	48
14510.9	55
14510.9	50
14511	56
14511.1	48
14511.1	48
14511.2	61
14511.2	63
14511.3	40
14511.4	46
14511.4	50
14511.5	58
14511.6	63
14511.6	56
14511.7	45
14511.7	37
14511.8	51
14511.9	47
14511.9	40
14512	50
14512.1	42
14512.1	53
14512.2	55
14512.2	28
14512.3	37
14512.4	35
14512.4	76
14512.5	45
14512.6	38
14512.6	40
14512.7	23
14512.8	52
14512.8	66
14512.9	49
14512.9	58
14513	53
14513.1	24
14513.1	45
14513.2	40
14513.3	61
14513.3	46
14513.4	38
14513.4	46
14513.5	50
14513.6	46
14513.6	49
14513.7	59
14513.8	51
14513.8	43
14513.9	63
14513.9	42
14514	39
14514.1	37
14514.1	53
14514.2	61
14514.3	57
14514.3	57
14514.4	60
14514.4	30
14514.5	36
14514.6	38
14514.6	42
14514.7	44
14514.8	33
14514.8	44
14514.9	71
14514.9	39
14515	48
14515.1	38
14515.1	38
14515.2	61
14515.3	51
14515.3	54
14515.4	51
14515.4	49
14515.5	56
14515.6	41
14515.6	47
14515.7	55
14515.8	46
14515.8	56
14515.9	54
14515.9	57
14516	43
14516.1	31
14516.1	44
14516.2	53
14516.3	60
14516.3	37
14516.4	43
14516.4	38
14516.5	42
14516.6	62
14516.6	46
14516.7	63
14516.8	37
14516.8	29
14516.9	49
14517	29
14517	57
14517.1	44
14517.1	40
14517.2	40
14517.3	46
14517.3	32
14517.4	64
14517.5	62
14517.5	18
14517.6	61
14517.6	36
14517.7	66
14517.8	45
14517.8	37
14517.9	32
14518	50
14518	55
14518.1	54
14518.1	44
14518.2	32
14518.3	49
14518.3	51
14518.4	59
14518.4	38
14518.5	38
14518.6	50
14518.6	45
14518.7	51
14518.8	55
14518.8	43
14518.9	49
14518.9	54
14519	29
14519.1	55
14519.1	59
14519.2	46
14519.3	53
14519.3	44
14519.4	41
14519.4	45
14519.5	29
14519.6	52
14519.6	48
14519.7	36
14519.8	24
14519.8	40
14519.9	46
14519.9	62
14520	44
14520.1	58
14520.1	46
14520.2	29
14520.3	41
14520.3	50
14520.4	53
14520.4	53
14520.5	46
14520.6	56
14520.6	65
14520.7	48
14520.8	60
14520.8	43
14520.9	50
14520.9	38
14521	46
14521.1	54
14521.1	35
14521.2	23
14521.3	49
14521.3	41
14521.4	35
14521.4	47
14521.5	47
14521.6	38
14521.6	40
14521.7	47
14521.8	67
14521.8	51
14521.9	51
14521.9	34
14522	39
14522.1	45
14522.1	47
14522.2	53
14522.2	57
14522.3	41
14522.4	58
14522.4	39
14522.5	42
14522.6	42
14522.6	32
14522.7	45
14522.7	43
14522.8	57
14522.9	57
14522.9	54
14523	52
14523.1	35
14523.1	58
14523.2	56
14523.2	35
14523.3	50
14523.4	47
14523.4	45
14523.5	54
14523.6	53
14523.6	47
14523.7	49
14523.7	32
14523.8	61
14523.9	48
14523.9	39
14524	28
14524	52
14524.1	58
14524.2	30
14524.2	39
14524.3	38
14524.4	54
14524.4	49
14524.5	43
14524.5	63
14524.6	51
14524.7	43
14524.7	32
14524.8	69
14524.9	47
14524.9	61
14525	45
14525	52
14525.1	62
14525.2	29
14525.2	38
14525.3	48
14525.4	26
14525.4	55
14525.5	50
14525.5	53
14525.6	20
14525.7	31
14525.7	39
14525.8	53
14525.8	38
14525.9	62
14526	49
14526	35
14526.1	44
14526.2	53
14526.2	31
14526.3	46
14526.3	39
14526.4	48
14526.5	48
14526.5	51
14526.6	65
14526.7	53
14526.7	12
14526.8	46
14526.8	37
14526.9	48
14527	28
14527	46
14527.1	33
14527.1	42
14527.2	46
14527.3	66
14527.3	51
14527.4	46
14527.5	49
14527.5	27
14527.6	47
14527.6	57
14527.7	57
14527.8	52
14527.8	45
14527.9	35
14527.9	66
14528	34
14528.1	52
14528.1	48
14528.2	51
14528.3	47
14528.3	49
14528.4	48
14528.4	42
14528.5	45
14528.6	55
14528.6	36
14528.7	42
14528.8	43
14528.8	40
14528.9	39
14528.9	46
14529	43
14529.1	45
14529.1	36
14529.2	43
14529.2	25
14529.3	41
14529.4	36
14529.4	44
14529.5	49
14529.6	34
14529.6	44
14529.7	30
14529.7	28
14529.8	38
14529.9	55
14529.9	44
14530	53
14530	40
14530.1	51
14530.2	51
14530.2	38
14530.3	70
14530.4	44
14530.4	29
14530.5	49
14530.5	47
14530.6	47
14530.7	46
14530.7	32
14530.8	50
14530.8	39
14530.9	57
14531	51
14531	36
14531.1	37
14531.2	41
14531.2	26
14531.3	47
14531.3	52
14531.4	44
14531.5	32
14531.5	49
14531.6	37
14531.6	58
14531.7	48
14531.8	28
14531.8	52
14531.9	44
14532	41
14532	56
14532.1	40
14532.1	54
14532.2	30
14532.3	46
14532.3	46
14532.4	28
14532.4	39
14532.5	53
14532.6	45
14532.6	33
14532.7	46
14532.8	45
14532.8	32
14532.9	38
14532.9	46
14533	49
14533.1	42
14533.1	42
14533.2	41
14533.2	43
14533.3	50
14533.4	31
14533.4	27
14533.5	44
14533.6	57
14533.6	57
14533.7	47
14533.7	41
14533.8	38
14533.9	44
14533.9	54
14534	45
14534	64
14534.1	35
14534.2	34
14534.2	59
14534.3	48
14534.3	38
14534.4	51
14534.5	35
14534.5	63
14534.6	62
14534.7	51
14534.7	41
14534.8	35
14534.8	33
14534.9	45
14535	41
14535	60
14535.1	47
14535.1	24
14535.2	48
14535.3	60
14535.3	64
14535.4	55
14535.5	46
14535.5	36
14535.6	40
14535.6	24
14535.7	51
14535.8	43
14535.8	48
14535.9	46
14535.9	42
14536	55
14536.1	41
14536.1	46
14536.2	49
14536.2	43
14536.3	33
14536.4	34.0225
14536.4	52.6706
14536.5	30.0787
14536.6	42.1371
14536.6	43.2693
14536.7	56.8408
14536.7	44.0422
14536.8	36.4118
14536.9	18.4566
14536.9	50.058
14537	31.6436
14537	31.0541
14537.1	18.9557
14537.2	38.1667
14537.2	36.9837
14537.3	30.1273
14537.3	39.918
14537.4	34.0705
14537.5	10.6705
14537.5	46.3888
14537.6	47.8538
14537.7	26.5499
14537.7	38.7261
14537.8	55.0784
14537.8	40.8453
14537.9	48.8245
14538	44.4046
14538	47.7341
14538.1	40.7202
14538.1	32.5804
14538.2	40.078
14538.3	49.0345
14538.3	31.8158
14538.4	42.631
14538.4	54.5727
14538.5	42.0651
14538.6	37.9803
14538.6	43.2007
14538.7	48.5684
14538.8	38.638
14538.8	34.7606
14538.9	37.049
14538.9	26.1444
14539	28.9496
14539.1	40.7035
14539.1	41.7662
14539.2	36.5147
14539.2	31.3134
14539.3	36.3922
14539.4	37.953
14539.4	47.9121
14539.5	32.1709
14539.5	22.2046
14539.6	18.477
14539.7	39.6409
14539.7	47.0184
14539.8	40.0725
14539.9	30.7272
14539.9	39.5847
14540	42.594
14540	44.6565
14540.1	34.0147
14540.2	37.2477
14540.2	36.2313
14540.3	46.9422
14540.3	42.9265
14540.4	32.0958
14540.5	37.4996
14540.5	37.1103
14540.6	35.0394
14540.6	42.0686
14540.7	45.3711
14540.8	35.0882
14540.8	23.4363
14540.9	24.4114
14540.9	27.3277
14541	33.75
14541.1	40.5581
14541.1	31.5654
14541.2	36.029
14541.3	34.559
14541.3	30.6313
14541.4	31.325
14541.4	36.0434
14541.5	43.6792
14541.6	48.3974
14541.6	50.3501
14541.7	49.7236
14541.7	31.5785
14541.8	38.181
14541.9	45.9455
14541.9	32.9719
14542	13.0427
14542	29.555
14542.1	37.0582
14542.2	42.5341
14542.2	42.9796
14542.3	23.1603
14542.3	21.5362
14542.4	31.7917
14542.5	47.306
14542.5	48.7828
14542.6	37
14542.6	25
14542.7	30
14542.8	41
14542.8	51
14542.9	18
14543	26
14543	49
14543.1	42
14543.1	45
14543.2	25
14543.3	45
14543.3	8
14543.4	37
14543.5	44
14543.5	18
14543.6	24
14543.6	38
14543.7	38
14543.8	34
14543.8	39
14543.9	34
14543.9	23
14544	29
14544.1	47
14544.1	27
14544.2	33
14544.3	39
14544.3	48
14544.4	37
14544.4	35
14544.5	40
14544.6	51
14544.6	36
14544.7	34
14544.8	47
14544.8	26
14544.9	41
14544.9	30
14545	29
14545.1	15
14545.1	33
14545.2	46
14545.2	55
14545.3	42
14545.4	25
14545.4	42
14545.5	55
14545.6	51
14545.6	35
14545.7	40
14545.7	51
14545.8	43
14545.9	47
14545.9	33
14546	32
14546	37
14546.1	39
14546.2	49
14546.2	44
14546.3	38
14546.4	36
14546.4	41
14546.5	44
14546.5	52
14546.6	47
14546.7	32
14546.7	48
14546.8	50
14546.9	34
14546.9	57
14547	38
14547	52
14547.1	47
14547.2	47
14547.2	40
14547.3	37
14547.3	20
14547.4	41
14547.5	45
14547.5	62
14547.6	26
14547.7	42
14547.7	22
14547.8	46
14547.8	45
14547.9	47
14548	45
14548	43
14548.1	39
14548.1	42
14548.2	45
14548.3	50
14548.3	55
14548.4	29
14548.5	49
14548.5	50
14548.6	43
14548.6	41
14548.7	36
14548.8	46
14548.8	55
14548.9	33
14548.9	48
14549	48
14549.1	27
14549.1	39
14549.2	52
14549.3	42
14549.3	44
14549.4	45
14549.4	55
14549.5	56
14549.6	41
14549.6	50
14549.7	34
14549.7	27
14549.8	24
14549.9	42
14549.9	41
14550	43
14550.1	37
14550.1	46
14550.2	49
14550.2	46
14550.3	45
14550.4	32
14550.4	25
14550.5	44
14550.5	27
14550.6	46
14550.7	48
14550.7	38
14550.8	42
14550.9	27
14550.9	51
14551	50
14551	57
14551.1	21
14551.2	49
14551.2	39
14551.3	69
14551.3	28
14551.4	40
14551.5	56
14551.5	61
14551.6	44
14551.7	44
14551.7	42
14551.8	36
14551.8	42
14551.9	32
14552	64
14552	43
14552.1	38
14552.1	43
14552.2	44
14552.3	38
14552.3	55
14552.4	49
14552.4	53
14552.5	52
14552.6	61
14552.6	51
14552.7	26
14552.8	40
14552.8	34
14552.9	34
14552.9	59
14553	23
14553.1	40
14553.1	59
14553.2	37
14553.2	57
14553.3	55
14553.4	50
14553.4	41
14553.5	40
14553.6	44
14553.6	51
14553.7	43
14553.7	42
14553.8	48
14553.9	48
14553.9	23
14554	57
14554	37
14554.1	38
14554.2	34
14554.2	59
14554.3	56
14554.3	50
14554.4	37
14554.5	27
14554.5	29
14554.6	70
14554.7	51
14554.7	44
14554.8	31
14554.8	40
14554.9	65
14555	53
14555	32
14555.1	37
14555.1	40
14555.2	40
14555.3	50
14555.3	34
14555.4	42
14555.4	30
14555.5	28
14555.6	57
14555.6	53
14555.7	27
14555.8	53
14555.8	28
14555.9	44
14555.9	60
14556	43
14556.1	46
14556.1	30
14556.2	56
14556.2	42
14556.3	57
14556.4	39
14556.4	43
14556.5	54
14556.5	51
14556.6	44
14556.7	61
14556.7	45
14556.8	19
14556.9	53
14556.9	52
14557	48
14557	44
14557.1	49
14557.2	54
14557.2	60
14557.3	46
14557.3	56
14557.4	61
14557.5	41
14557.5	40
14557.6	51
14557.6	72
14557.7	52
14557.8	54
14557.8	48
14557.9	35
14558	44
14558	48
14558.1	37
14558.1	32
14558.2	39
14558.3	46
14558.3	40
14558.4	50
14558.4	44
14558.5	33
14558.6	47
14558.6	66
14558.7	45
14558.7	42
14558.8	48
14558.9	47
14558.9	45
14559	58
14559	43
14559.1	50
14559.2	23
14559.2	32
14559.3	33
14559.4	59
14559.4	33
14559.5	23
14559.5	60
14559.6	56
14559.7	55
14559.7	50
14559.8	33
14559.8	62
14559.9	46
14560	41
14560	63
14560.1	42
14560.1	41
14560.2	65
14560.3	56
14560.3	49
14560.4	47
14560.4	24
14560.5	38
14560.6	44
14560.6	48
14560.7	47
14560.8	46
14560.8	45
14560.9	48
14560.9	34
14561	19
14561.1	45
14561.1	42
14561.2	74
14561.2	43
14561.3	55
14561.4	54
14561.4	47
14561.5	39
14561.5	33
14561.6	37
14561.7	59
14561.7	37
14561.8	39
14561.8	60
14561.9	52
14562	47
14562	46
14562.1	37
14562.1	42
14562.2	48
14562.3	51
14562.3	65
14562.4	46
14562.4	51
14562.5	46
14562.6	45
14562.6	38
14562.7	59
14562.8	35
14562.8	47
14562.9	40
14562.9	41
14563	39
14563.1	35
14563.1	25
14563.2	40
14563.2	54
14563.3	43
14563.4	41
14563.4	30
14563.5	50
14563.5	37
14563.6	53
14563.7	40
14563.7	53
14563.8	43
14563.8	44
14563.9	40
14564	54
14564	26
14564.1	57
14564.1	46
14564.2	48
14564.3	65
14564.3	31
14564.4	40
14564.4	27
14564.5	48
14564.6	50
14564.6	49
14564.7	26
14564.8	55
14564.8	38
14564.9	47
14564.9	52
14565	45
14565.1	47
14565.1	45
14565.2	47
14565.2	50
14565.3	50
14565.4	45
14565.4	50
14565.5	31
14565.5	33
14565.6	55
14565.7	62
14565.7	67
14565.8	45
14565.8	56
14565.9	45
14566	37
14566	33
14566.1	42
14566.1	36
14566.2	46
14566.3	36
14566.3	48
14566.4	59
14566.4	58
14566.5	41
14566.6	42
14566.6	52
14566.7	37
14566.7	39
14566.8	26
14566.9	55
14566.9	66
14567	50
14567	41
14567.1	65
14567.2	61
14567.2	49
14567.3	55
14567.3	50
14567.4	36
14567.5	58
14567.5	52
14567.6	37
14567.6	47
14567.7	38
14567.8	53
14567.8	54
14567.9	66
14568	45
14568	47
14568.1	46
14568.1	37
14568.2	69
14568.3	46
14568.3	55
14568.4	69
14568.4	48
14568.5	44
14568.6	31
14568.6	65
14568.7	60
14568.7	30
14568.8	62
14568.9	61
14568.9	58
14569	66
14569	81
14569.1	43
14569.2	58
14569.2	71
14569.3	39
14569.3	38
14569.4	23
14569.5	55
14569.5	57
14569.6	39
14569.6	45
14569.7	43
14569.8	25
14569.8	48
14569.9	57
14569.9	70
14570	67
14570.1	26
14570.1	40
14570.2	54
14570.2	51
14570.3	47
14570.4	47
14570.4	34
14570.5	71
14570.5	45
14570.6	59
14570.7	47
14570.7	43
14570.8	59
14570.8	28
14570.9	47
14571	33
14571	41
14571.1	33
14571.1	30
14571.2	53
14571.3	48
14571.3	56
14571.4	20
14571.4	61
14571.5	54
14571.6	50
14571.6	68
14571.7	58
14571.7	46
14571.8	51
14571.9	33
14571.9	30
14572	39
14572	53
14572.1	35
14572.2	56
14572.2	59
14572.3	61
14572.3	38
14572.4	37
14572.5	48
14572.5	39
14572.6	50
14572.6	49
14572.7	54
14572.8	50
14572.8	53
14572.9	61
14572.9	46
14573	39
14573.1	63
14573.1	44
14573.2	52
14573.2	55
14573.3	19
14573.4	59
14573.4	34
14573.5	60
14573.5	45
14573.6	53
14573.7	29
14573.7	53
14573.8	50
14573.8	50
14573.9	52
14574	50
14574	58
14574.1	55
14574.1	59
14574.2	64
14574.3	43
14574.3	41
14574.4	53
14574.4	57
14574.5	48
14574.6	55
14574.6	44
14574.7	52
14574.7	42
14574.8	44
14574.9	53
14574.9	32
14575	26
14575	55
14575.1	40
14575.2	44
14575.2	42
14575.3	51
14575.3	47
14575.4	44
14575.4	50
14575.5	45
14575.6	43
14575.6	37
14575.7	58
14575.7	41
14575.8	54
14575.9	45
14575.9	54
14576	55
14576	46
14576.1	19
14576.2	42
14576.2	37
14576.3	13
14576.3	41
14576.4	63
14576.5	61
14576.5	46
14576.6	60
14576.6	52
14576.7	61
14576.8	66
14576.8	45
14576.9	20
14576.9	36
14577	48
14577.1	61
14577.1	56
14577.2	36
14577.2	36
14577.3	50
14577.4	52
14577.4	54
14577.5	46
14577.5	56
14577.6	29
14577.7	36
14577.7	53
14577.8	51
14577.8	48
14577.9	56
14578	42
14578	40
14578.1	45
14578.1	38
14578.2	34
14578.3	33
14578.3	70
14578.4	46
14578.4	47
14578.5	39
14578.6	30
14578.6	29
14578.7	51
14578.7	41
14578.8	47
14578.8	47
14578.9	48
14579	45
14579	42
14579.1	49
14579.1	43
14579.2	34
14579.3	26
14579.3	47
14579.4	58
14579.4	59
14579.5	37
14579.6	43
14579.6	71
14579.7	43
14579.7	53
14579.8	42
14579.9	23
14579.9	53
14580	47
14580	60
14580.1	45
14580.2	43
14580.2	38
14580.3	53
14580.3	46
14580.4	62
14580.5	37
14580.5	27
14580.6	40
14580.6	39
14580.7	47
14580.8	42
14580.8	49
14580.9	46
14580.9	51
14581	49
14581	45
14581.1	18
14581.2	31
14581.2	35
14581.3	54
14581.3	48
14581.4	55
14581.5	47
14581.5	49
14581.6	31
14581.6	50
14581.7	51
14581.8	43
14581.8	34
14581.9	53
14581.9	33
14582	35
14582.1	49
14582.1	33
14582.2	34
14582.2	46
14582.3	59
14582.4	64
14582.4	30
14582.5	37
14582.5	25
14582.6	43
14582.6	44
14582.7	35
14582.8	38
14582.8	22
14582.9	31
14582.9	34
14583	53
14583.1	51
14583.1	31
14583.2	45
14583.2	61
14583.3	42
14583.4	35
14583.4	43
14583.5	42
14583.5	40
14583.6	57
14583.7	61
14583.7	19
14583.8	29
14583.8	42
14583.9	34
14583.9	46
14584	49
14584.1	50
14584.1	53
14584.2	47
14584.2	39
14584.3	44
14584.4	47
14584.4	38
14584.5	43
14584.5	41
14584.6	46
14584.7	61
14584.7	29
14584.8	39
14584.8	36
14584.9	61
14585	52
14585	40
14585.1	47
14585.1	60
14585.2	42
14585.3	52
14585.3	48
14585.4	39
14585.4	44
14585.5	41
14585.5	54
14585.6	38
14585.7	43
14585.7	46
14585.8	56
14585.8	53
14585.9	63
14586	25
14586	35
14586.1	50
14586.1	46
14586.2	47
14586.3	44
14586.3	47
14586.4	25
14586.4	43
14586.5	45
14586.5	44
14586.6	35
14586.7	38
14586.7	47
14586.8	46
14586.8	50
14586.9	53
14587	53
14587	55
14587.1	61
14587.1	53
14587.2	50
14587.3	30
14587.3	53
14587.4	42
14587.4	56
14587.5	43
14587.5	45
14587.6	58
14587.7	49
14587.7	48
14587.8	49
14587.8	38
14587.9	43
14588	48
14588	44
14588.1	54
14588.1	31
14588.2	45
14588.3	48
14588.3	42
14588.4	43
14588.4	51
14588.5	62
14588.5	48
14588.6	31
14588.7	55
14588.7	45
14588.8	33
14588.8	40
14588.9	41
14589	17
14589	38
14589.1	44
14589.1	32
14589.2	24
14589.3	50
14589.3	69
14589.4	50
14589.4	52
14589.5	42
14589.5	33
14589.6	34
14589.7	33
14589.7	32
14589.8	39
14589.8	48
14589.9	47
14590	50
14590	50
14590.1	29
14590.1	48
14590.2	35
14590.3	43
14590.3	41
14590.4	50
14590.4	42
14590.5	41
14590.5	25
14590.6	42
14590.7	25
14590.7	53
14590.8	40
14590.8	36
14590.9	45
14591	28
14591	38
14591.1	42
14591.1	34
14591.2	28
14591.3	42
14591.3	45
14591.4	45
14591.4	61
14591.5	38
14591.5	41
14591.6	38
14591.7	54
14591.7	38
14591.8	23
14591.8	44
14591.9	59
14592	39
14592	38.9423
14592.1	36.9691
14592.1	14.3716
14592.2	27.1339
14592.2	46.8945
14592.3	22.2303
14592.4	36.0301
14592.4	47.5359
14592.5	39.9025
14592.5	38.2114
14592.6	38.9403
14592.7	40.3856
14592.7	48.3034
14592.8	24.1765
14592.8	40.2055
14592.9	36.9
14592.9	30.4042
14593	52.5123
14593.1	34.5861
14593.1	37.3522
14593.2	40.0288
14593.2	44.5014
14593.3	50.9556
14593.4	41.9716
14593.4	30.061
14593.5	43.5867
14593.5	35.3593
14593.6	50.0168
14593.7	50.9372
14593.7	34.0349
14593.8	26.51
14593.8	34.5801
14593.9	31.3539
14593.9	41.3024
14594	32.189
14594.1	27.1424
14594.1	40.7861
14594.2	40.7249
14594.2	53.4054
14594.3	47.371
14594.4	37.0113
14594.4	35.8221
14594.5	33.9571
14594.5	46.8181
14594.6	43.6987
14594.6	29.9132
14594.7	30.8959
14594.8	34.677
14594.8	43.8849
14594.9	40.1554
14594.9	30.1134
14595	42.0972
14595.1	33.5232
14595.1	34.5374
14595.2	53.6624
14595.2	43.4088
14595.3	50.9431
14595.3	29.1636
14595.4	37.1452
14595.5	39.8429
14595.5	37.1261
14595.6	36.8086
14595.6	48.8149
14595.7	45.4185
14595.8	37.092
14595.8	29.8886
14595.9	44.0417
14595.9	36.45
14596	36.3694
14596	40.0913
14596.1	31.9503
14596.2	36.1259
14596.2	34.1703
14596.3	46.8497
14596.3	31.2453
14596.4	42.3014
14596.5	38.7967
14596.5	39.2485
14596.6	42.962
14596.6	36.3126
14596.7	25.5322
14596.7	40.5693
14596.8	42.1438
14596.9	44.7647
14596.9	39.2797
14597	44.702
14597	25.7436
14597.1	41.5158
14597.2	43.2208
14597.2	31.471
14597.3	29.8007
14597.3	27.1033
14597.4	39.3171
14597.4	47.5998
14597.5	46.8658
14597.6	38.963
14597.6	28.4597
14597.7	28.1902
14597.7	29.0642
14597.8	23.4966
14597.8	26.7543
14597.9	40.2981
14598	47.0291
14598	33.3606
14598.1	21
14598.1	28
14598.2	45
14598.2	38
14598.3	44
14598.4	32
14598.4	28
14598.5	26
14598.5	27
14598.6	42
14598.6	18
14598.7	26
14598.8	23
14598.8	59
14598.9	41
14598.9	39
14599	37
14599.1	51
14599.1	29
14599.2	62
14599.2	37
14599.3	30
14599.4	29
14599.4	54
14599.5	47
14599.5	40
14599.6	27
14599.7	18
14599.7	37
14599.8	33
14599.8	48
14599.9	25
14600	19
14600	50
14600.1	46
14600.1	42
14600.2	40
14600.2	39
14600.3	57
14600.4	57
14600.4	29
14600.5	60
14600.5	33
14600.6	16
14600.7	28
14600.7	44
14600.8	50
14600.8	26
14600.9	38
14601	50
14601	46
14601.1	37
14601.1	41
14601.2	27
14601.3	41
14601.3	41
14601.4	52
14601.4	54
14601.5	61
14601.6	34
14601.6	40
14601.7	38
14601.7	41
14601.8	50
14601.8	35
14601.9	22
14602	43
14602	38
14602.1	49
14602.1	45
14602.2	41
14602.3	43
14602.3	35
14602.4	40
14602.4	56
14602.5	30
14602.6	31
14602.6	51
14602.7	24
14602.7	52
14602.8	35
14602.9	33
14602.9	49
14603	40
14603	64
14603.1	29
14603.1	50
14603.2	24
14603.3	38
14603.3	38
14603.4	40
14603.4	41
14603.5	48
14603.6	17
14603.6	41
14603.7	62
14603.7	60
14603.8	42
14603.9	48
14603.9	28
14604	21
14604	48
14604.1	19
14604.2	50
14604.2	34
14604.3	44
14604.3	54
14604.4	35
14604.4	33
14604.5	23
14604.6	48
14604.6	47
14604.7	67
14604.7	48
14604.8	49
14604.9	30
14604.9	43
14605	53
14605	42
14605.1	40
14605.2	49
14605.2	31
14605.3	44
14605.3	43
14605.4	36
14605.4	52
14605.5	45
14605.6	56
14605.6	55
14605.7	38
14605.7	34
14605.8	34
14605.9	44
14605.9	49
14606	63
14606	43
14606.1	37
14606.2	26
14606.2	60
14606.3	55
14606.3	39
14606.4	56
14606.4	39
14606.5	46
14606.6	43
14606.6	61
14606.7	48
14606.7	35
14606.8	29
14606.9	43
14606.9	52
14607	40
14607	37
14607.1	38
14607.2	49
14607.2	52
14607.3	50
14607.3	48
14607.4	19
14607.4	46
14607.5	56
14607.6	37
14607.6	62
14607.7	39
14607.7	39
14607.8	58
14607.9	44
14607.9	41
14608	53
14608	39
14608.1	43
14608.2	44
14608.2	52
14608.3	58
14608.3	53
14608.4	21
14608.4	66
14608.5	50
14608.6	43
14608.6	54
14608.7	28
14608.7	63
14608.8	43
14608.9	57
14608.9	55
14609	40
14609	53
14609.1	43
14609.1	60
14609.2	45
14609.3	36
14609.3	32
14609.4	49
14609.4	62
14609.5	40
14609.6	54
14609.6	46
14609.7	38
14609.7	47
14609.8	64
14609.9	57
14609.9	35
14610	45
14610	67
14610.1	62
14610.1	42
14610.2	55
14610.3	52
14610.3	39
14610.4	35
14610.4	51
14610.5	55
14610.6	44
14610.6	43
14610.7	55
14610.7	41
14610.8	47
14610.8	48
14610.9	47
14611	57
14611	50
14611.1	5
14611.1	48
14611.2	47
14611.3	58
14611.3	53
14611.4	46
14611.4	44
14611.5	51
14611.5	37
14611.6	38
14611.7	43
14611.7	64
14611.8	55
14611.8	44
14611.9	47.5
14612	51
14612	46
14612.1	47
14612.1	36
14612.2	41
14612.3	69
14612.3	57
14612.4	41
14612.4	42
14612.5	42
14612.5	56
14612.6	46
14612.7	42
14612.7	49
14612.8	49
14612.8	48
14612.9	45
14613	47
14613	54
14613.1	46
14613.1	52
14613.2	48
14613.2	43
14613.3	49
14613.4	59
14613.4	52
14613.5	48
14613.5	61
14613.6	42
14613.7	51
14613.7	44
14613.8	60
14613.8	58
14613.9	39
14613.9	39
14614	50
14614.1	40
14614.1	37
14614.2	51
14614.2	33
14614.3	45
14614.4	64
14614.4	40
14614.5	45
14614.5	54
14614.6	54
14614.6	44
14614.7	48
14614.8	42
14614.8	33
14614.9	33
14614.9	68
14615	42
14615	33
14615.1	34
14615.2	56
14615.2	44
14615.3	55
14615.3	48
14615.4	37
14615.5	38
14615.5	42
14615.6	43
14615.6	44
14615.7	46
14615.7	39
14615.8	57
14615.9	49
14615.9	34
14616	45
14616	59
14616.1	42
14616.2	46
14616.2	65
14616.3	48
14616.3	67
14616.4	37
14616.4	45
14616.5	50
14616.6	46
14616.6	51
14616.7	26
14616.7	38
14616.8	41
14616.9	53
14616.9	45
14617	59
14617	43
14617.1	42
14617.1	56
14617.2	46
14617.3	59
14617.3	37
14617.4	51
14617.4	60
14617.5	45
14617.5	61
14617.6	46
14617.7	35
14617.7	38
14617.8	66
14617.8	44
14617.9	45
14618	39
14618	63
14618.1	37
14618.1	40
14618.2	72
14618.2	53
14618.3	57
14618.4	56
14618.4	48
14618.5	62
14618.5	42
14618.6	46
14618.7	54
14618.7	48
14618.8	59
14618.8	73
14618.9	41
14618.9	41
14619	44
14619.1	35
14619.1	44
14619.2	40
14619.2	42
14619.3	48
14619.3	55
14619.4	48
14619.5	48
14619.5	35
14619.6	30
14619.6	47
14619.7	66
14619.8	56
14619.8	53
14619.9	49
14619.9	55
14620	45
14620	62
14620.1	60
14620.2	34
14620.2	57
14620.3	46
14620.3	49
14620.4	62
14620.4	43
14620.5	62
14620.6	51
14620.6	52
14620.7	73
14620.7	39
14620.8	39
14620.9	49
14620.9	40
14621	34
14621	65
14621.1	33
14621.1	44
14621.2	60
14621.3	43
14621.3	60
14621.4	48
14621.4	52
14621.5	60
14621.5	57
14621.6	44
14621.7	32
14621.7	34
14621.8	40
14621.8	30
14621.9	52
14621.9	60
14622	43
14622.1	48
14622.1	43
14622.2	32
14622.2	46
14622.3	43
14622.4	54
14622.4	53
14622.5	46
14622.5	57
14622.6	43
14622.6	39
14622.7	40
14622.8	71
14622.8	66
14622.9	55
14622.9	35
14623	28
14623	51
14623.1	65
14623.2	37
14623.2	39
14623.3	62
14623.3	15
14623.4	52
14623.4	44
14623.5	49
14623.6	55
14623.6	53
14623.7	48
14623.7	50
14623.8	56
14623.9	37
14623.9	58
14624	46
14624	35
14624.1	50
14624.1	56
14624.2	23
14624.3	61
14624.3	43
14624.4	57
14624.4	78
14624.5	27
14624.5	44
14624.6	45
14624.7	64
14624.7	61
14624.8	45
14624.8	64
14624.9	38
14624.9	34
14625	38
14625.1	50
14625.1	58
14625.2	31
14625.2	49
14625.3	41
14625.3	51
14625.4	57
14625.5	39
14625.5	32
14625.6	36
14625.6	53
14625.7	36
14625.8	47
14625.8	42
14625.9	40
14625.9	44
14626	42
14626	55
14626.1	55
14626.2	44
14626.2	40
14626.3	53
14626.3	43
14626.4	47
14626.4	38
14626.5	48
14626.6	40
14626.6	31
14626.7	63
14626.7	45
14626.8	28
14626.8	58
14626.9	45
14627	47
14627	36
14627.1	52
14627.1	27
14627.2	44
14627.2	39
14627.3	60
14627.4	52
14627.4	33
14627.5	40
14627.5	57
14627.6	56
14627.6	32
14627.7	52
14627.8	32
14627.8	52
14627.9	66
14627.9	56
14628	58
14628	44
14628.1	62
14628.2	63
14628.2	36
14628.3	29
14628.3	54
14628.4	47
14628.4	51
14628.5	32
14628.6	48
14628.6	51
14628.7	45
14628.7	55
14628.8	66
14628.8	46
14628.9	47
14629	34
14629	51
14629.1	51
14629.1	41
14629.2	35
14629.3	37
14629.3	33
14629.4	41
14629.4	50
14629.5	27
14629.5	44
14629.6	30
14629.7	44
14629.7	49
14629.8	49
14629.8	64
14629.9	43
14629.9	30
14630	28
14630.1	38
14630.1	48
14630.2	35
14630.2	39
14630.3	34
14630.3	43
14630.4	36
14630.5	55
14630.5	41
14630.6	63
14630.6	57
14630.7	48
14630.7	49
14630.8	50
14630.9	35
14630.9	48
14631	50
14631	52
14631.1	43
14631.1	41
14631.2	44
14631.3	55
14631.3	46
14631.4	45
14631.4	40
14631.5	18
14631.5	57
14631.6	39
14631.7	60
14631.7	50
14631.8	37
14631.8	60
14631.9	45
14631.9	38
14632	57
14632	28
14632.1	52
14632.2	62
14632.2	27
14632.3	68
14632.3	52
14632.4	44
14632.5	59
14632.5	63
14632.6	32
14632.6	46
14632.7	48
14632.7	23
14632.8	51
14632.8	32
14632.9	49
14633	36
14633	45
14633.1	67
14633.1	52
14633.2	68
14633.2	34
14633.3	42
14633.4	49
14633.4	28
14633.5	36
14633.5	55
14633.6	33
14633.6	56
14633.7	52
14633.8	52
14633.8	59
14633.9	42
14633.9	44
14634	48
14634	46
14634.1	59
14634.2	25
14634.2	52
14634.3	54
14634.3	25
14634.4	55
14634.4	50
14634.5	42
14634.6	41
14634.6	30
14634.7	45
14634.7	45
14634.8	57
14634.8	34
14634.9	39
14635	52
14635	46
14635.1	60
14635.1	41
14635.2	43
14635.2	28
14635.3	31
14635.4	56
14635.4	38
14635.5	41
14635.5	58
14635.6	43
14635.6	44
14635.7	43
14635.8	44
14635.8	37
14635.9	47
14635.9	52
14636	55
14636	56
14636.1	60
14636.1	49
14636.2	34
14636.3	43
14636.3	48
14636.4	50
14636.4	54
14636.5	43
14636.5	25
14636.6	60
14636.7	49
14636.7	33
14636.8	41
14636.8	42
14636.9	46
14636.9	50
14637	44
14637.1	66
14637.1	51
14637.2	39
14637.2	45
14637.3	64
14637.3	43
14637.4	45
14637.5	41
14637.5	36
14637.6	42
14637.6	35
14637.7	38
14637.7	48
14637.8	56
14637.8	49
14637.9	45
14638	31
14638	38
14638.1	56
14638.1	56
14638.2	48
14638.2	49
14638.3	59
14638.4	26
14638.4	48
14638.5	52
14638.5	60
14638.6	55
14638.6	23
14638.7	42
14638.8	40
14638.8	48
14638.9	49
14638.9	53
14639	53
14639	40
14639.1	36
14639.1	50
14639.2	44
14639.3	32
14639.3	26
14639.4	44
14639.4	33
14639.5	46
14639.5	40
14639.6	33
14639.7	54
14639.7	48
14639.8	73
14639.8	40
14639.9	32
14639.9	53
14640	28
14640.1	48
14640.1	48
14640.2	38
14640.2	58
14640.3	54
14640.3	42
14640.4	72
14640.4	67
14640.5	23
14640.6	55
14640.6	35
14640.7	54
14640.7	47
14640.8	39
14640.8	55
14640.9	31
14641	27
14641	47
14641.1	37
14641.1	31
14641.2	51
14641.2	51
14641.3	47
14641.4	42
14641.4	33
14641.5	29
14641.5	49
14641.6	47
14641.6	33
14641.7	42
14641.7	38
14641.8	52
14641.9	43
14641.9	54
14642	43
14642	39
14642.1	30
14642.1	47
14642.2	35
14642.3	43
14642.3	37
14642.4	55
14642.4	51
14642.5	33
14642.5	59
14642.6	54
14642.6	45
14642.7	25
14642.8	44
14642.8	49
14642.9	31
14642.9	44
14643	50
14643	46
14643.1	50
14643.2	67
14643.2	36
14643.3	31
14643.3	31
14643.4	43
14643.4	31
14643.5	50
14643.5	37
14643.6	47
14643.7	43
14643.7	43
14643.8	51
14643.8	34
14643.9	27
14643.9	29
14644	33
14644.1	35
14644.1	29
14644.2	35
14644.2	48
14644.3	62
14644.3	65
14644.4	50
14644.4	33
14644.5	14
14644.6	31
14644.6	52
14644.7	31
14644.7	50
14644.8	45
14644.8	35
14644.9	42
14645	53
14645	39
14645.1	54
14645.1	39
14645.2	33
14645.2	36
14645.3	39
14645.3	27
14645.4	41
14645.5	48
14645.5	28.0181
14645.6	48.8732
14645.6	40.514
14645.7	55.0381
14645.7	32.0322
14645.8	34.31
14645.8	36.5569
14645.9	29.5143
14646	29.7076
14646	51.7529
14646.1	38.2784
14646.1	25.1775
14646.2	37.972
14646.2	40.5472
14646.3	35.2862
14646.4	15.722
14646.4	34.2473
14646.5	40.6737
14646.5	38.1577
14646.6	42.5296
14646.6	51.8339
14646.7	43.1081
14646.7	44.995
14646.8	28.8067
14646.9	41.5152
14646.9	38.3531
14647	36.9448
14647	39.4667
14647.1	42.3101
14647.1	31.465
14647.2	26.759
14647.2	34.6407
14647.3	39.7358
14647.4	38.1505
14647.4	34.4794
14647.5	33.71
14647.5	39.7014
14647.6	40.9836
14647.6	33.9783
14647.7	31.0737
14647.8	37.3801
14647.8	33.7188
14647.9	44.7064
14647.9	43.4047
14648	37.4694
14648	29.5992
14648.1	29.3428
14648.1	40.9936
14648.2	54.7536
14648.3	47.8106
14648.3	41.3504
14648.4	33.786
14648.4	28.4287
14648.5	22.402
14648.5	25.5322
14648.6	40.8379
14648.6	37.0348
14648.7	35.738
14648.8	19.4977
14648.8	34.9145
14648.9	32.1404
14648.9	51.2574
14649	32.4466
14649	32.9719
14649.1	22.1503
14649.1	36.9445
14649.2	42.7175
14649.3	51.5402
14649.3	32.4802
14649.4	36.5143
14649.4	32.779
14649.5	43.0113
14649.5	40.4604
14649.6	43.5555
14649.7	14.4892
14649.7	20.6186
14649.8	29.4355
14649.8	34.798
14649.9	33.197
14649.9	36.5323
14650	42.0772
14650	41.2474
14650.1	31.9758
14650.2	43.325
14650.2	58.8852
14650.3	37.6879
14650.3	30.6488
14650.4	36.1874
14650.4	32.988
14650.5	41.5474
14650.5	43.9363
14650.6	43.4202
14650.7	40.3941
14650.7	38.4418
14650.8	29.1637
14650.8	39.5724
14650.9	26.6445
14650.9	21.3917
14651	27.2809
14651	39.1787
14651.1	19.9871
14651.1	14
14651.2	28
14651.3	55
14651.3	37
14651.4	44
14651.4	31
14651.5	18
14651.5	19
14651.6	36
14651.7	42
14651.7	35
14651.8	37
14651.8	35
14651.9	38
14651.9	37
14652	41
14652.1	38
14652.1	43
14652.2	25
14652.2	30
14652.3	32
14652.3	39
14652.4	23
14652.5	16
14652.5	29
14652.6	36
14652.6	59
14652.7	55
14652.7	40
14652.8	16
14652.9	28
14652.9	39
14653	51
14653	34
14653.1	26
14653.1	38
14653.2	31
14653.3	57
14653.3	71
14653.4	53
14653.4	35
14653.5	35
14653.5	40
14653.6	53
14653.6	38
14653.7	47
14653.8	33
14653.8	40
14653.9	32
14653.9	45
14654	63
14654	24
14654.1	32
14654.2	48
14654.2	48
14654.3	29
14654.3	42
14654.4	34
14654.4	54
14654.5	40
14654.6	50
14654.6	53
14654.7	37
14654.7	31
14654.8	54
14654.8	53
14654.9	26
14655	40
14655	27
14655.1	25
14655.1	36
14655.2	43
14655.2	32
14655.3	35
14655.4	46
14655.4	36
14655.5	51
14655.5	50
14655.6	21
14655.6	41
14655.7	52
14655.7	57
14655.8	31
14655.9	32
14655.9	46
14656	50
14656	44
14656.1	43
14656.1	42
14656.2	37
14656.3	53
14656.3	40
14656.4	35
14656.4	39
14656.5	22
14656.5	60
14656.6	46
14656.7	43
14656.7	39
14656.8	35
14656.8	34
14656.9	33
14656.9	33
14657	39
14657	37
14657.1	31
14657.2	36
14657.2	46
14657.3	39
14657.3	54
14657.4	47
14657.4	30
14657.5	37
14657.6	45
14657.6	57
14657.7	29
14657.7	49
14657.8	32
14657.8	74
14657.9	34
14658	48
14658	46
14658.1	30
14658.1	45
14658.2	61
14658.2	30
14658.3	35
14658.3	45
14658.4	52
14658.5	52
14658.5	27
14658.6	61
14658.6	46
14658.7	38
14658.7	48
14658.8	41
14658.9	36
14658.9	43
14659	55
14659	26
14659.1	44
14659.1	28
14659.2	63
14659.2	59
14659.3	39
14659.4	22
14659.4	40
14659.5	47
14659.5	49
14659.6	39
14659.6	53
14659.7	36
14659.8	25
14659.8	50
14659.9	53
14659.9	34
14660	62
14660	36
14660.1	49
14660.2	60
14660.2	45
14660.3	41
14660.3	56
14660.4	60
14660.4	50
14660.5	28
14660.5	36
14660.6	38
14660.7	36
14660.7	55
14660.8	36
14660.8	36
14660.9	49
14660.9	54
14661	49
14661	36
14661.1	34
14661.2	52
14661.2	55
14661.3	38
14661.3	52
14661.4	49
14661.4	34
14661.5	51
14661.6	55
14661.6	46
14661.7	52
14661.7	43
14661.8	55
14661.8	55
14661.9	47
14661.9	72
14662	41
14662.1	39
14662.1	53
14662.2	57
14662.2	58
14662.3	58
14662.3	51
14662.4	58
14662.5	52
14662.5	59
14662.6	59
14662.6	37
14662.7	23
14662.7	40
14662.8	53
14662.8	67
14662.9	48
14663	43
14663	50
14663.1	48
14663.1	35
14663.2	60
14663.2	41
14663.3	47
14663.4	38
14663.4	51
14663.5	54
14663.5	60
14663.6	33
14663.6	63
14663.7	49
14663.7	67
14663.8	46
14663.9	34
14663.9	27
14664	56
14664	51
14664.1	39
14664.1	27
14664.2	45
14664.3	54
14664.3	59
14664.4	47
14664.4	45
14664.5	38
14664.5	39.5
14664.6	41
14664.6	41
14664.7	50
14664.8	37
14664.8	37
14664.9	46
14664.9	46
14665	45
14665	38
14665.1	40
14665.1	31
14665.2	33
14665.3	50
14665.3	51
14665.4	32
14665.4	37
14665.5	38
14665.5	59
14665.6	49
14665.6	48
14665.7	38
14665.8	35
14665.8	27
14665.9	48
14665.9	66
14666	47
14666	63
14666.1	47
14666.2	44
14666.2	63
14666.3	47
14666.3	45
14666.4	57
14666.4	52
14666.5	41
14666.5	51
14666.6	42
14666.7	44
14666.7	34
14666.8	60
14666.8	51
14666.9	33
14666.9	50
14667	45
14667	52
14667.1	25
14667.2	50
14667.2	47
14667.3	60
14667.3	26
14667.4	52
14667.4	51
14667.5	59
14667.5	62
14667.6	53
14667.7	44
14667.7	43
14667.8	65
14667.8	65
14667.9	42
14667.9	46
14668	53
14668	40
14668.1	56
14668.2	49
14668.2	53
14668.3	54
14668.3	44
14668.4	56
14668.4	60
14668.5	26
14668.6	39
14668.6	40
14668.7	64
14668.7	58
14668.8	49
14668.8	45
14668.9	52
14668.9	54
14669	39
14669.1	34
14669.1	30
14669.2	32
14669.2	51
14669.3	37
14669.3	37
14669.4	59
14669.4	66
14669.5	53
14669.6	54
14669.6	46
14669.7	49
14669.7	29
14669.8	44
14669.8	51
14669.9	57
14669.9	38
14670	58
14670.1	58
14670.1	57
14670.2	36
14670.2	57
14670.3	45
14670.3	31
14670.4	48
14670.4	46
14670.5	60
14670.6	54
14670.6	39
14670.7	44
14670.7	71
14670.8	46
14670.8	63
14670.9	43
14670.9	36
14671	37
14671.1	49
14671.1	39
14671.2	37
14671.2	42
14671.3	56
14671.3	52
14671.4	57
14671.4	48
14671.5	31
14671.6	28
14671.6	34
14671.7	52
14671.7	40
14671.8	57
14671.8	54
14671.9	51
14671.9	54
14672	46
14672.1	48
14672.1	51
14672.2	49
14672.2	57
14672.3	57
14672.3	48
14672.4	51
14672.4	40
14672.5	56
14672.6	50
14672.6	48
14672.7	59
14672.7	36
14672.8	70
14672.8	53
14672.9	44
14672.9	43
14673	40
14673.1	57
14673.1	40
14673.2	52
14673.2	47
14673.3	52
14673.3	50
14673.4	52
14673.4	46
14673.5	25
14673.6	58
14673.6	49
14673.7	42
14673.7	51
14673.8	54
14673.8	43
14673.9	44
14673.9	45
14674	77
14674	77
14674.1	51
14674.2	46
14674.2	58
14674.3	54
14674.3	72
14674.4	55
14674.4	61
14674.5	47
14674.5	45
14674.6	52
14674.7	49
14674.7	40
14674.8	37
14674.8	44
14674.9	28
14674.9	54
14675	60
14675	70
14675.1	36
14675.2	36
14675.2	41
14675.3	58
14675.3	49
14675.4	52
14675.4	40
14675.5	18
14675.5	49
14675.6	50
14675.7	48
14675.7	48
14675.8	45
14675.8	54
14675.9	57
14675.9	66
14676	50
14676	58
14676.1	23
14676.1	52
14676.2	35
14676.3	53
14676.3	49
14676.4	39
14676.4	44
14676.5	37
14676.5	46
14676.6	62
14676.6	53
14676.7	40
14676.8	30
14676.8	53
14676.9	45
14676.9	46
14677	44
14677	45
14677.1	46
14677.1	44
14677.2	55
14677.3	40
14677.3	46
14677.4	45
14677.4	46
14677.5	53
14677.5	50
14677.6	59
14677.6	46
14677.7	55
14677.7	54
14677.8	37
14677.9	59
14677.9	53
14678	51
14678	47
14678.1	46
14678.1	43
14678.2	54
14678.2	47
14678.3	59
14678.4	59
14678.4	57
14678.5	45
14678.5	37
14678.6	45
14678.6	45
14678.7	60
14678.7	32
14678.8	34
14678.8	40
14678.9	66
14679	46
14679	44
14679.1	35
14679.1	44
14679.2	57
14679.2	51
14679.3	64
14679.3	59
14679.4	34
14679.5	42
14679.5	55
14679.6	46
14679.6	41
14679.7	53
14679.7	41
14679.8	59
14679.8	35
14679.9	54
14679.9	46
14680	36
14680.1	59
14680.1	41
14680.2	39
14680.2	55
14680.3	66
14680.3	37
14680.4	42
14680.4	43
14680.5	55
14680.6	53
14680.6	22
14680.7	53
14680.7	47
14680.8	55
14680.8	40
14680.9	29
14680.9	60
14681	41
14681	33
14681.1	52
14681.2	42
14681.2	28
14681.3	50
14681.3	48
14681.4	48
14681.4	51
14681.5	48
14681.5	49
14681.6	46
14681.6	30
14681.7	57
14681.8	44
14681.8	22
14681.9	61
14681.9	49
14682	62
14682	38
14682.1	45
14682.1	52
14682.2	30
14682.3	35
14682.3	43
14682.4	40
14682.4	38
14682.5	61
14682.5	37
14682.6	59
14682.6	30
14682.7	59
14682.7	50
14682.8	54
14682.9	53
14682.9	47
14683	21
14683	31
14683.1	39
14683.1	46
14683.2	31
14683.2	28
14683.3	47
14683.3	45
14683.4	39
14683.5	41
14683.5	52
14683.6	65
14683.6	42
14683.7	29
14683.7	38
14683.8	42
14683.8	52
14683.9	57
14683.9	26
14684	43
14684.1	37
14684.1	46
14684.2	56
14684.2	45
14684.3	27
14684.3	28
14684.4	67
14684.4	48
14684.5	42
14684.5	57
14684.6	56
14684.7	49
14684.7	34
14684.8	45
14684.8	44
14684.9	54
14684.9	44
14685	47
14685	34
14685.1	52
14685.1	35
14685.2	44
14685.3	43
14685.3	47
14685.4	48
14685.4	51
14685.5	62
14685.5	27
14685.6	33
14685.6	40
14685.7	41
14685.7	41
14685.8	39
14685.9	36
14685.9	32
14686	62
14686	62
14686.1	47
14686.1	42
14686.2	44
14686.2	31
14686.3	27
14686.3	27
14686.4	37
14686.5	64
14686.5	23
14686.6	35
14686.6	47
14686.7	38
14686.7	40
14686.8	37
14686.8	53
14686.9	33
14686.9	47
14687	40
14687.1	58
14687.1	50
14687.2	42
14687.2	29
14687.3	40
14687.3	43
14687.4	57
14687.4	39
14687.5	30
14687.5	36
14687.6	41
14687.7	44
14687.7	47
14687.8	49
14687.8	20
14687.9	46
14687.9	52
14688	49
14688	48
14688.1	34
14688.1	29
14688.2	42
14688.3	28
14688.3	38
14688.4	49
14688.4	44
14688.5	41
14688.5	62
14688.6	39
14688.6	44
14688.7	14
14688.7	34
14688.8	33
14688.8	37
14688.9	40
14689	47
14689	51
14689.1	46
14689.1	42
14689.2	46
14689.2	45
14689.3	49
14689.3	35
14689.4	45
14689.4	41
14689.5	32
14689.6	40
14689.6	47
14689.7	52
14689.7	48
14689.8	32
14689.8	42
14689.9	23
14689.9	46
14690	42
14690	56
14690.1	57
14690.2	29
14690.2	49
14690.3	49
14690.3	46
14690.4	38
14690.4	52
14690.5	48
14690.5	50
14690.6	27
14690.6	59
14690.7	36
14690.7	38
14690.8	45
14690.9	47
14690.9	47
14691	48
14691	21
14691.1	44
14691.1	45
14691.2	31
14691.2	56
14691.3	32
14691.3	52
14691.4	34
14691.5	43
14691.5	40
14691.6	44
14691.6	42
14691.7	49
14691.7	43
14691.8	36
14691.8	68
14691.9	41
14691.9	30
14692	45
14692	40
14692.1	50
14692.2	46
14692.2	45
14692.3	60
14692.3	46
14692.4	29
14692.4	51
14692.5	58
14692.5	36
14692.6	25
14692.6	36
14692.7	43
14692.7	49
14692.8	42
14692.9	50
14692.9	56
14693	33
14693	54
14693.1	45
14693.1	33
14693.2	54
14693.2	42
14693.3	47
14693.3	40
14693.4	42
14693.4	37
14693.5	31
14693.6	43
14693.6	52
14693.7	51
14693.7	34
14693.8	37
14693.8	41
14693.9	48
14693.9	27
14694	37
14694	58
14694.1	38
14694.2	40
14694.2	55
14694.3	38
14694.3	31
14694.4	51
14694.4	32
14694.5	57
14694.5	41
14694.6	43
14694.6	45
14694.7	48
14694.7	50
14694.8	34
14694.9	47
14694.9	46
14695	42
14695	45
14695.1	45
14695.1	29
14695.2	47
14695.2	49
14695.3	50
14695.3	42
14695.4	34
14695.4	39
14695.5	24
14695.6	43
14695.6	49
14695.7	53
14695.7	21
14695.8	44
14695.8	47
14695.9	34
14695.9	50
14696	64
14696	44
14696.1	31
14696.1	51
14696.2	45
14696.3	48
14696.3	36
14696.4	29
14696.4	39
14696.5	40
14696.5	30
14696.6	40
14696.6	49.9563
14696.7	36.8533
14696.7	41.62
14696.8	44.588
14696.8	65.2052
14696.9	48.5656
14696.9	37.5466
14697	42.8101
14697.1	35.6271
14697.1	40.8962
14697.2	35.0277
14697.2	36.0944
14697.3	54.5413
14697.3	44.4078
14697.4	43.9978
14697.4	46.9578
14697.5	38.9842
14697.5	32.8575
14697.6	46.011
14697.6	38.4492
14697.7	44.9364
14697.8	39.5825
14697.8	45.4201
14697.9	50.3499
14697.9	44.2345
14698	33.3134
14698	47.2115
14698.1	38.2102
14698.1	33.1215
14698.2	31.3572
14698.2	42.6499
14698.3	34.532
14698.3	25.2983
14698.4	37.4362
14698.5	53.8859
14698.5	31.5534
14698.6	44.8391
14698.6	39.9192
14698.7	43.0474
14698.7	13.9341
14698.8	35.9395
14698.8	52.2104
14698.9	32.4711
14698.9	41.4358
14699	41.6896
14699	29.4551
14699.1	33.8466
14699.1	31.1936
14699.2	37.0461
14699.3	32.3742
14699.3	22.8573
14699.4	37.9333
14699.4	38.9716
14699.5	34.3777
14699.5	29.6594
14699.6	43.4051
14699.6	44.4715
14699.7	50.21
14699.7	29.6928
14699.8	28.7573
14699.8	35.3641
14699.9	23.7462
14700	37.8398
14700	38.7079
14700.1	35.4672
14700.1	36.786
14700.2	35.5753
14700.2	40.132
14700.3	43.3994
14700.3	28.4092
14700.4	20.329
14700.4	33.7567
14700.5	38.4281
14700.5	36.8511
14700.6	40.1408
14700.6	44.9222
14700.7	28.8559
14700.8	34.1667
14700.8	24.5235
14700.9	48.7571
14700.9	41.1845
14701	29.1036
14701	21.3172
14701.1	28.6677
14701.1	41.6245
14701.2	35.9355
14701.2	40.7829
14701.3	10.8812
14701.3	39.1382
14701.4	39.4162
14701.4	41.016
14701.5	47.6819
14701.6	24.7969
14701.6	26.1282
14701.7	26.4388
14701.7	27.7601
14701.8	29.5411
14701.8	28.8818
14701.9	24.9784
14701.9	27.8723
14702	32.2864
14702	32.2468
14702.1	27.9837
14702.1	25
14702.2	39
14702.2	31
14702.3	36
14702.3	37
14702.4	42
14702.4	15
14702.5	27
14702.6	52
14702.6	32
14702.7	25
14702.7	21
14702.8	31
14702.8	52
14702.9	36
14702.9	26
14703	38
14703	15
14703.1	26
14703.2	30
14703.2	37
14703.3	55
14703.3	25
14703.4	25
14703.4	43
14703.5	46
14703.5	53
14703.6	46
14703.6	36
14703.7	41
14703.8	37
14703.8	36
14703.9	45
14703.9	38
14704	24
14704	38
14704.1	38
14704.1	58
14704.2	25
14704.2	28
14704.3	31
14704.3	43
14704.4	45
14704.5	58
14704.5	28
14704.6	43
14704.6	55
14704.7	44
14704.7	43
14704.8	30
14704.8	45
14704.9	43
14704.9	36
14705	43
14705.1	51
14705.1	28
14705.2	31
14705.2	52
14705.3	47
14705.3	41
14705.4	24
14705.4	33
14705.5	50
14705.5	41
14705.6	26
14705.7	26
14705.7	40
14705.8	53
14705.8	34
14705.9	51
14705.9	55
14706	34
14706	46
14706.1	47
14706.1	41
14706.2	37
14706.3	35
14706.3	47
14706.4	35
14706.4	36
14706.5	68
14706.5	41
14706.6	43
14706.6	33
14706.7	36
14706.7	46
14706.8	48
14706.8	51
14706.9	46
14707	36
14707	51
14707.1	56
14707.1	33
14707.2	39
14707.2	42
14707.3	63
14707.3	36
14707.4	48
14707.4	31
14707.5	33
14707.6	33
14707.6	32
14707.7	56
14707.7	41
14707.8	40
14707.8	26
14707.9	42
14707.9	42
14708	58
14708	36
14708.1	47
14708.1	43
14708.2	27
14708.3	53
14708.3	46
14708.4	35
14708.4	33
14708.5	61
14708.5	52
14708.6	57
14708.6	31
14708.7	30
14708.7	38
14708.8	36
14708.9	38
14708.9	31
14709	55
14709	53
14709.1	52
14709.1	45
14709.2	55
14709.2	37
14709.3	30
14709.3	50
14709.4	44
14709.4	49
14709.5	46
14709.6	27
14709.6	43
14709.7	56
14709.7	32
14709.8	59
14709.8	29
14709.9	33
14709.9	44
14710	32
14710	55
14710.1	42
14710.1	48
14710.2	60
14710.3	44
14710.3	57
14710.4	33
14710.4	30
14710.5	52
14710.5	46
14710.6	62
14710.6	24
14710.7	35
14710.7	44
14710.8	61
14710.9	53
14710.9	36
14711	47
14711	46
14711.1	22
14711.1	48
14711.2	46
14711.2	45
14711.3	57
14711.3	47
14711.4	36
14711.4	49
14711.5	54
14711.6	58
14711.6	49
14711.7	26
14711.7	44
14711.8	47
14711.8	39
14711.9	42
14711.9	45
14712	30
14712	53
14712.1	59
14712.1	53
14712.2	56
14712.3	13
14712.3	52
14712.4	39
14712.4	44
14712.5	54
14712.5	34
14712.6	38
14712.6	31
14712.7	42
14712.7	49
14712.8	39
14712.8	35
14712.9	41
14713	49
14713	42
14713.1	57
14713.1	49
14713.2	38
14713.2	36
14713.3	45
14713.3	44
14713.4	42
14713.4	45
14713.5	66
14713.5	40
14713.6	38
14713.7	25
14713.7	30
14713.8	57
14713.8	50
14713.9	39
14713.9	28
14714	35
14714	54
14714.1	59
14714.1	57
14714.2	58
14714.2	43
14714.3	39
14714.3	55
14714.4	34
14714.5	63
14714.5	33
14714.6	41
14714.6	55
14714.7	33
14714.7	49
14714.8	56
14714.8	24
14714.9	40
14714.9	56
14715	40
14715	50
14715.1	38
14715.2	30
14715.2	26
14715.3	52
14715.3	57
14715.4	51
14715.4	31
14715.5	41
14715.5	58
14715.6	42
14715.6	59
14715.7	45
14715.7	44
14715.8	67
14715.9	35
14715.9	43
14716	52
14716	42
14716.1	39
14716.1	51
14716.2	59
14716.2	52
14716.3	53
14716.3	41
14716.4	35
14716.4	37
14716.5	52
14716.5	58
14716.6	36
14716.7	31
14716.7	42
14716.8	30
14716.8	41
14716.9	32
14716.9	57
14717	47
14717	49
14717.1	56
14717.1	32
14717.2	54
14717.2	27
14717.3	60
14717.4	46
14717.4	36
14717.5	45
14717.5	49
14717.6	48
14717.6	59
14717.7	58
14717.7	58
14717.8	30
14717.8	40
14717.9	63
14717.9	65
14718	37
14718	57
14718.1	56
14718.2	37
14718.2	38
14718.3	58
14718.3	56
14718.4	36
14718.4	32
14718.5	63
14718.5	47
14718.6	52
14718.6	54
14718.7	36
14718.7	47
14718.8	53
14718.8	64
14718.9	37
14719	50
14719	45
14719.1	46
14719.1	56
14719.2	42
14719.2	33
14719.3	10
14719.3	55
14719.4	56
14719.4	65
14719.5	34
14719.5	49
14719.6	53
14719.6	32
14719.7	32
14719.8	59
14719.8	50
14719.9	48
14719.9	24
14720	48
14720	55
14720.1	53
14720.1	64
14720.2	46
14720.2	36
14720.3	49
14720.3	52
14720.4	52
14720.4	45
14720.5	34
14720.6	54
14720.6	52
14720.7	42
14720.7	42
14720.8	59
14720.8	65
14720.9	46
14720.9	41
14721	37
14721	35
14721.1	40
14721.1	41
14721.2	48
14721.2	66
14721.3	35
14721.4	42
14721.4	62
14721.5	50
14721.5	53
14721.6	43
14721.6	39
14721.7	61
14721.7	45
14721.8	54
14721.8	59
14721.9	47
14721.9	48
14722	52
14722	43
14722.1	65
14722.2	47
14722.2	38
14722.3	54
14722.3	59
14722.4	12
14722.4	41
14722.5	57
14722.5	29
14722.6	55
14722.6	62
14722.7	44
14722.7	50
14722.8	30
14722.8	43
14722.9	65
14722.9	46
14723	49
14723.1	29
14723.1	33
14723.2	40
14723.2	67
14723.3	66
14723.3	40
14723.4	26
14723.4	48
14723.5	43
14723.5	49
14723.6	60
14723.6	41
14723.7	46
14723.7	41
14723.8	48
14723.9	54
14723.9	58
14724	59
14724	56
14724.1	40
14724.1	55
14724.2	53
14724.2	39
14724.3	48
14724.3	46
14724.4	57
14724.4	44
14724.5	39
14724.5	50
14724.6	57
14724.6	48
14724.7	40
14724.8	39
14724.8	25
14724.9	52
14724.9	34
14725	38
14725	47
14725.1	40
14725.1	72
14725.2	57
14725.2	49
14725.3	55
14725.3	54
14725.4	20
14725.4	36
14725.5	44
14725.5	45
14725.6	47
14725.7	42
14725.7	68
14725.8	42
14725.8	48
14725.9	37
14725.9	25
14726	50
14726	31
14726.1	30
14726.1	56
14726.2	48
14726.2	45
14726.3	37
14726.3	45
14726.4	50
14726.4	72
14726.5	60
14726.6	22
14726.6	28
14726.7	41
14726.7	66
14726.8	40
14726.8	37
14726.9	46
14726.9	42
14727	53
14727	62
14727.1	40
14727.1	41
14727.2	45
14727.2	44
14727.3	53
14727.3	56
14727.4	40
14727.5	58
14727.5	42
14727.6	52
14727.6	42
14727.7	50
14727.7	39
14727.8	43
14727.8	50
14727.9	43
14727.9	51
14728	51
14728	43
14728.1	61
14728.1	35
14728.2	35
14728.2	53
14728.3	27
14728.3	44
14728.4	47
14728.5	35
14728.5	46
14728.6	43
14728.6	48
14728.7	61
14728.7	43
14728.8	55
14728.8	51
14728.9	32
14728.9	62
14729	43
14729	31
14729.1	43
14729.1	30
14729.2	39
14729.2	45
14729.3	39
14729.3	47
14729.4	39
14729.5	67
14729.5	64
14729.6	45
14729.6	51
14729.7	49
14729.7	47
14729.8	44
14729.8	56
14729.9	43
14729.9	40
14730	53
14730	40
14730.1	38
14730.1	43
14730.2	52
14730.2	38
14730.3	42
14730.3	43
14730.4	45
14730.5	50
14730.5	43
14730.6	49
14730.6	63
14730.7	52
14730.7	33
14730.8	47
14730.8	58
14730.9	45
14730.9	36
14731	34
14731	39
14731.1	75
14731.1	50
14731.2	52
14731.2	61
14731.3	45
14731.3	47
14731.4	39
14731.5	26
14731.5	44
14731.6	40
14731.6	51
14731.7	55
14731.7	51
14731.8	62
14731.8	32
14731.9	47
14731.9	55
14732	57
14732	31
14732.1	48
14732.1	43
14732.2	45
14732.2	52
14732.3	31
14732.3	44
14732.4	37
14732.4	52
14732.5	48
14732.6	17
14732.6	36
14732.7	52
14732.7	44
14732.8	62
14732.8	44
14732.9	36
14732.9	34
14733	48
14733	31
14733.1	70
14733.1	34
14733.2	35
14733.2	44
14733.3	41
14733.3	49
14733.4	51
14733.4	35
14733.5	38
14733.5	30
14733.6	56
14733.7	55
14733.7	31
14733.8	31
14733.8	51
14733.9	46
14733.9	53
14734	43
14734	39
14734.1	23
14734.1	47
14734.2	52
14734.2	67
14734.3	57
14734.3	23
14734.4	61
14734.4	32
14734.5	49
14734.5	36
14734.6	45
14734.6	56
14734.7	46
14734.8	56
14734.8	26
14734.9	26
14734.9	52
14735	35
14735	38
14735.1	45
14735.1	47
14735.2	46
14735.2	41
14735.3	59
14735.3	60
14735.4	59
14735.4	25
14735.5	44
14735.5	41
14735.6	46
14735.6	45
14735.7	46
14735.7	30
14735.8	54
14735.9	57
14735.9	50
14736	53
14736	35
14736.1	47
14736.1	42
14736.2	39
14736.2	58
14736.3	59
14736.3	51
14736.4	43
14736.4	43
14736.5	37
14736.5	45
14736.6	25
14736.6	31
14736.7	57
14736.7	40
14736.8	38
14736.8	44
14736.9	39
14736.9	52
14737	52
14737	39
14737.1	64
14737.2	49
14737.2	42
14737.3	52
14737.3	51
14737.4	46
14737.4	26
14737.5	19
14737.5	26
14737.6	43
14737.6	37
14737.7	53
14737.7	49
14737.8	45
14737.8	51
14737.9	58
14737.9	54
14738	30
14738	28
14738.1	37
14738.1	51
14738.2	43
14738.2	63
14738.3	54
14738.4	42
14738.4	51
14738.5	33
14738.5	55
14738.6	53
14738.6	27
14738.7	27
14738.7	38
14738.8	41
14738.8	48
14738.9	57
14738.9	47
14739	33
14739	40
14739.1	32
14739.1	50
14739.2	33
14739.2	56
14739.3	30
14739.3	40
14739.4	33
14739.4	38
14739.5	42
14739.5	27
14739.6	44
14739.7	62
14739.7	53
14739.8	41
14739.8	27
14739.9	40
14739.9	53
14740	32
14740	36
14740.1	33
14740.1	46
14740.2	30
14740.2	48
14740.3	28
14740.3	50
14740.4	59
14740.4	51
14740.5	42
14740.5	18
14740.6	35
14740.6	53
14740.7	57
14740.7	53
14740.8	43
14740.8	45
14740.9	54
14740.9	46
14741	30
14741.1	51
14741.1	52
14741.2	19
14741.2	35
14741.3	33
14741.3	37
14741.4	30
14741.4	53
14741.5	63
14741.5	52
14741.6	36
14741.6	47
14741.7	38
14741.7	31
14741.8	40
14741.8	44
14741.9	37
14741.9	41
14742	55
14742	68
14742.1	42
14742.1	56
14742.2	34
14742.2	41
14742.3	22
14742.3	39
14742.4	58
14742.5	37
14742.5	42
14742.6	43
14742.6	49
14742.7	57
14742.7	26
14742.8	67
14742.8	49
14742.9	40
14742.9	52
14743	53
14743	53
14743.1	30
14743.1	48
14743.2	38
14743.2	36
14743.3	28
14743.3	49
14743.4	28
14743.4	33
14743.5	50
14743.5	40
14743.6	28
14743.6	42
14743.7	46
14743.7	51
14743.8	48
14743.8	50
14743.9	49
14743.9	47
14744	33
14744.1	40
14744.1	47
14744.2	34
14744.2	37
14744.3	46
14744.3	12
14744.4	41
14744.4	35
14744.5	48
14744.5	51
14744.6	30
14744.6	28
14744.7	19
14744.7	38
14744.8	39
14744.8	53
14744.9	24
14744.9	45
14745	51
14745	21
14745.1	48
14745.1	36
14745.2	38
14745.2	55
14745.3	52
14745.3	14
14745.4	42
14745.4	45
14745.5	39
14745.5	34
14745.6	46.9311
14745.6	32.8949
14745.7	45.4537
14745.8	42.187
14745.8	46.0618
14745.9	41.6643
14745.9	35.6993
14746	51.7773
14746	33.4867
14746.1	35.425
14746.1	43.2355
14746.2	38.3057
14746.2	28.8487
14746.3	56.9898
14746.3	51.004
14746.4	37.6899
14746.4	44.3065
14746.5	49.3859
14746.5	40.6039
14746.6	37.4915
14746.6	38.8626
14746.7	46.3642
14746.7	35.6515
14746.8	38.4254
14746.8	43.5127
14746.9	45.7098
14746.9	40.8381
14747	35.5136
14747	32.958
14747.1	33.2059
14747.1	32.9645
14747.2	36.8435
14747.2	43.1174
14747.3	39.6563
14747.3	31.2929
14747.4	39.4317
14747.5	51.0428
14747.5	45.3942
14747.6	42.2745
14747.6	30.3139
14747.7	27.8966
14747.7	32.81
14747.8	37.0003
14747.8	37.399
14747.9	43.3872
14747.9	45.5966
14748	51.2432
14748	34.1907
14748.1	43.4247
14748.1	40.3029
14748.2	31.6693
14748.2	28.4096
14748.3	36.447
14748.3	30.2844
14748.4	28.8915
14748.4	42.4019
14748.5	27.8151
14748.5	41.2838
14748.6	35.4063
14748.6	30.8582
14748.7	27.8129
14748.7	21.7867
14748.8	22.1577
14748.8	32.0032
14748.9	35.2303
14748.9	28.584
14749	32.1164
14749	40.533
14749.1	31.2973
14749.1	35.7426
14749.2	42.5421
14749.2	40.7604
14749.3	34.7458
14749.3	30.1851
14749.4	37.7539
14749.5	36.0015
14749.5	39.6606
14749.6	31.3936
14749.6	32.4498
14749.7	49.4792
14749.7	49.9578
14749.8	35.3551
14749.8	44.1581
14749.9	27.4379
14749.9	23.7434
14750	26.9049
14750	38.2134
14750.1	34.9264
14750.1	23.3233
14750.2	33.3612
14750.2	32.219
14750.3	25.169
14750.3	33.3328
14750.4	39.0817
14750.4	25.941
14750.5	26.866
14750.5	33.4064
14750.6	39.0369
14750.6	36.861
14750.7	28.7676
14750.7	31.1973
14750.8	35.4148
14750.8	32.064
14750.9	26.9536
14750.9	26
14750.9	54
14751	35
14751	22
14751.1	33
14751.2	35
14751.2	45
14751.3	19
14751.3	35
14751.4	38
14751.4	37
14751.5	34
14751.5	31
14751.6	29
14751.6	27
14751.7	18
14751.7	37
14751.8	37
14751.8	58
14751.9	27
14751.9	39
14752	44
14752	38
14752.1	33
14752.1	31
14752.2	19
14752.3	36
14752.3	27
14752.4	36
14752.4	29
14752.5	43
14752.5	36
14752.6	29
14752.6	30
14752.7	38
14752.7	27
14752.8	26
14752.8	42
14752.9	23
14752.9	65
14753	27
14753	33
14753.1	33
14753.1	17
14753.2	22
14753.2	41
14753.3	28
14753.3	34
14753.4	54
14753.5	23
14753.5	40
14753.6	50
14753.6	27
14753.7	31
14753.7	43
14753.8	34
14753.8	41
14753.9	29
14753.9	47
14754	35
14754	35
14754.1	44
14754.1	34
14754.2	29
14754.2	35
14754.3	37
14754.3	56
14754.4	51
14754.4	34
14754.5	51
14754.5	32
14754.6	36
14754.7	41
14754.7	43
14754.8	31
14754.8	20
14754.9	34
14754.9	46
14755	53
14755	37
14755.1	50
14755.1	45
14755.2	13
14755.2	48
14755.3	46
14755.3	25
14755.4	44
14755.4	56
14755.5	58
14755.5	35
14755.6	36
14755.6	48
14755.7	40
14755.7	37
14755.8	37
14755.8	48
14755.9	44
14756	54
14756	34
14756.1	58
14756.1	54
14756.2	48
14756.2	35
14756.3	67
14756.3	43
14756.4	45
14756.4	36
14756.5	27
14756.5	51
14756.6	41
14756.6	44
14756.7	28
14756.7	35
14756.8	49
14756.8	56
14756.9	46
14756.9	38
14757	51
14757	34
14757.1	24
14757.1	41
14757.2	49
14757.2	23
14757.3	49
14757.4	58
14757.4	54
14757.5	56
14757.5	57
14757.6	52
14757.6	31
14757.7	29
14757.7	46
14757.8	48
14757.8	40
14757.9	57
14757.9	30
14758	35
14758	54
14758.1	56
14758.1	60
14758.2	35
14758.2	29
14758.3	45
14758.3	68
14758.4	52
14758.4	51
14758.5	40
14758.5	54
14758.6	62
14758.6	40
14758.7	33
14758.8	56
14758.8	51
14758.9	53
14758.9	28
14759	54
14759	48
14759.1	49
14759.1	48
14759.2	40
14759.2	49
14759.3	52
14759.3	66
14759.4	54
14759.4	46
14759.5	52
14759.5	58
14759.6	13
14759.6	51
14759.7	45
14759.7	38
14759.8	35
14759.8	56
14759.9	65
14759.9	44
14760	51
14760	47
14760.1	42
14760.1	10
14760.2	50
14760.3	53
14760.3	35
14760.4	51
14760.4	39
14760.5	49
14760.5	44
14760.6	49
14760.6	49
14760.7	67
14760.7	40
14760.8	56
14760.8	48
14760.9	56
14760.9	67
14761	46
14761	36
14761.1	44
14761.1	48
14761.2	53
14761.2	53
14761.3	30
14761.3	38
14761.4	56
14761.4	62
14761.5	42
14761.5	53
14761.6	53
14761.6	52
14761.7	57
14761.7	51
14761.8	44
14761.9	50
14761.9	50
14762	64
14762	63
14762.1	52
14762.1	33
14762.2	47
14762.2	44
14762.3	33
14762.3	46
14762.4	54
14762.4	37
14762.5	40
14762.5	54
14762.6	63
14762.6	43
14762.7	38
14762.7	36
14762.8	41
14762.8	43
14762.9	45
14762.9	39
14763	32
14763	46
14763.1	48
14763.1	50
14763.2	45
14763.2	42
14763.3	63
14763.3	55
14763.4	31
14763.4	58
14763.5	45
14763.6	39
14763.6	49
14763.7	43
14763.7	49
14763.8	28
14763.8	43
14763.9	36
14763.9	57
14764	62
14764	58
14764.1	49
14764.1	44
14764.2	52
14764.2	47
14764.3	61
14764.3	32
14764.4	18
14764.4	50
14764.5	41
14764.5	42
14764.6	54
14764.6	41
14764.7	47
14764.7	52
14764.8	57
14764.8	53
14764.9	38
14764.9	39
14765	46
14765	42
14765.1	58
14765.1	61
14765.2	55
14765.2	45
14765.3	41
14765.3	49
14765.4	58
14765.5	35
14765.5	34
14765.6	44
14765.6	34
14765.7	47
14765.7	47
14765.8	51
14765.8	58
14765.9	45
14765.9	35
14766	65
14766	61
14766.1	41
14766.1	44
14766.2	43
14766.2	58
14766.3	52
14766.3	38
14766.4	52
14766.4	47
14766.5	45
14766.5	48
14766.6	57
14766.6	52
14766.7	45
14766.7	54
14766.8	54
14766.8	48
14766.9	30
14766.9	58
14767	33
14767	63
14767.1	56
14767.1	55
14767.2	49
14767.2	42
14767.3	49
14767.3	60
14767.4	51
14767.5	50
14767.5	49
14767.6	48
14767.6	52
14767.7	47
14767.7	37
14767.8	46
14767.8	54
14767.9	52
14767.9	45
14768	34
14768	51
14768.1	51
14768.1	58
14768.2	46
14768.2	37
14768.3	41
14768.3	45
14768.4	49
14768.4	61
14768.5	62
14768.5	18
14768.6	52
14768.6	50
14768.7	44
14768.7	65
14768.8	53
14768.8	38
14768.9	41
14768.9	38
14769	46
14769	48
14769.1	39
14769.1	40
14769.2	45
14769.2	43
14769.3	54
14769.3	53
14769.4	64
14769.4	48
14769.5	55
14769.5	43
14769.6	48
14769.6	52
14769.7	74
14769.7	67
14769.8	49
14769.9	54
14769.9	56
14770	37
14770	43
14770.1	60
14770.1	51
14770.2	62
14770.2	38
14770.3	45
14770.3	50
14770.4	71
14770.4	49
14770.5	51
14770.5	40
14770.6	49
14770.6	53
14770.7	60
14770.7	51
14770.8	60
14770.8	26
14770.9	28
14770.9	38
14771	55
14771	44
14771.1	55
14771.1	38
14771.2	47
14771.2	53
14771.3	58
14771.3	53
14771.4	41
14771.4	47
14771.5	46
14771.5	63
14771.6	46
14771.6	44
14771.7	31
14771.7	29
14771.8	27
14771.8	49
14771.9	54
14771.9	37
14772	36
14772	33
14772.1	46
14772.1	47
14772.2	42
14772.2	46
14772.3	64
14772.3	45
14772.4	43
14772.4	53
14772.5	43
14772.5	42
14772.6	40
14772.7	37
14772.7	50
14772.8	45
14772.8	43
14772.9	56
14772.9	52
14773	41
14773	52
14773.1	37
14773.1	50
14773.2	48
14773.2	48
14773.3	44
14773.3	52
14773.4	47
14773.4	44
14773.5	40
14773.5	42
14773.6	30
14773.6	41
14773.7	58
14773.7	62
14773.8	57
14773.8	63
14773.9	38
14773.9	29
14774	41
14774	46
14774.1	69
14774.1	35
14774.2	34
14774.2	48
14774.3	51
14774.3	42
14774.4	49
14774.4	31
14774.5	52
14774.5	47
14774.6	39
14774.6	58
14774.7	45
14774.7	54
14774.8	47
14774.8	47
14774.9	63
14774.9	54
14775	43
14775	23
14775.1	29
14775.1	39
14775.2	39
14775.2	37
14775.3	67
14775.3	46
14775.4	43
14775.4	67
14775.5	50
14775.5	35
14775.6	49
14775.6	33
14775.7	39
14775.7	57
14775.8	53
14775.8	58
14775.9	50
14775.9	45
14776	54
14776	38
14776.1	31
14776.1	47
14776.2	40
14776.2	39
14776.3	39
14776.3	47
14776.4	67
14776.5	38
14776.5	45
14776.6	51
14776.6	59
14776.7	39
14776.7	61
14776.8	68
14776.8	55
14776.9	47
14776.9	47
14777	66
14777	40
14777.1	47
14777.1	55
14777.2	59
14777.2	37
14777.3	62
14777.3	49
14777.4	39
14777.4	31
14777.5	52
14777.5	35
14777.6	38
14777.6	61
14777.7	59
14777.7	54
14777.8	37
14777.8	29
14777.9	56
14777.9	55
14778	45
14778	56
14778.1	26
14778.1	60
14778.2	75
14778.2	58
14778.3	24
14778.3	29
14778.4	50
14778.4	53
14778.5	37
14778.5	42
14778.6	46
14778.6	31
14778.7	46
14778.7	46
14778.8	55
14778.8	59
14778.9	35
14778.9	41
14779	61
14779	53
14779.1	43
14779.1	43
14779.2	34
14779.2	34
14779.3	60
14779.3	43
14779.4	71
14779.4	29
14779.5	55
14779.5	46
14779.6	63
14779.6	43
14779.7	52
14779.7	37
14779.8	59
14779.8	39
14779.9	43
14779.9	50
14780	54
14780	65
14780.1	45
14780.1	45
14780.2	37
14780.2	45
14780.3	56
14780.3	54
14780.4	44
14780.4	46
14780.5	38
14780.5	42
14780.6	47
14780.6	50
14780.7	61
14780.7	47
14780.8	37
14780.8	37
14780.9	47
14780.9	36
14781	41
14781	46
14781.1	54
14781.1	57
14781.2	64
14781.2	48
14781.3	39
14781.3	23
14781.4	58
14781.4	72
14781.5	50
14781.5	57
14781.6	51
14781.6	37
14781.7	54
14781.7	71
14781.8	68
14781.8	47
14781.9	32
14781.9	59
14782	55
14782	50
14782.1	43
14782.1	38
14782.2	61
14782.2	39
14782.3	53
14782.3	53
14782.4	57
14782.4	36
14782.5	53
14782.5	44
14782.6	50
14782.6	44
14782.7	44
14782.7	56
14782.8	56
14782.8	51
14782.9	54
14782.9	58
14783	44
14783	40
14783.1	31
14783.1	37
14783.2	31
14783.2	38
14783.3	40
14783.3	59
14783.4	44
14783.4	43
14783.5	41
14783.5	22
14783.6	55
14783.6	38
14783.7	25
14783.7	34
14783.8	51
14783.8	45
14783.9	55
14783.9	48
14784	33
14784	41
14784.1	20
14784.1	45
14784.2	50
14784.2	46
14784.3	36
14784.3	58
14784.4	50
14784.4	51
14784.5	29
14784.5	36
14784.6	53
14784.6	53
14784.7	51
14784.7	44
14784.8	48
14784.8	34
14784.9	34
14784.9	31
14785	42
14785	40
14785.1	47
14785.1	49
14785.2	31
14785.2	43
14785.3	56
14785.3	65
14785.4	30
14785.4	35
14785.5	39
14785.5	36
14785.6	60
14785.6	45
14785.7	33
14785.7	39
14785.8	52
14785.8	38
14785.9	42
14785.9	38
14786	29
14786	40
14786.1	55
14786.1	33
14786.2	43
14786.2	32
14786.3	40
14786.3	47
14786.4	58
14786.4	73
14786.5	54
14786.5	28
14786.6	37
14786.6	45
14786.7	40
14786.7	41
14786.8	42
14786.8	48
14786.9	46
14786.9	36
14787	42
14787	41
14787.1	44
14787.1	33
14787.2	50
14787.2	43
14787.3	24
14787.3	48
14787.4	50
14787.4	63
14787.5	61
14787.5	58
14787.6	50
14787.6	33
14787.7	39
14787.7	52
14787.8	39
14787.8	39
14787.9	48
14787.9	39
14788	24
14788	37
14788.1	41
14788.1	32
14788.2	39
14788.2	40
14788.3	48
14788.3	40
14788.4	34
14788.4	33
14788.5	42
14788.5	40
14788.6	42
14788.6	63
14788.7	38
14788.7	39
14788.8	42
14788.8	65
14788.9	29
14788.9	43
14789	51
14789	43
14789.1	60
14789.1	46
14789.2	57
14789.2	31
14789.3	21
14789.3	50
14789.4	67
14789.4	52
14789.5	33
14789.5	50
14789.6	29
14789.6	37
14789.7	52
14789.7	54
14789.8	49
14789.8	34
14789.9	42
14789.9	32
14790	45
14790	30
14790.1	41
14790.1	53
14790.2	56
14790.2	38
14790.3	41
14790.3	48
14790.4	24
14790.4	48
14790.5	39
14790.5	30
14790.6	32
14790.6	42
14790.7	38
14790.7	51
14790.8	53
14790.8	52
14790.9	55
14790.9	53
14791	43
14791	46
14791.1	48
14791.1	35
14791.1	42
14791.2	43
14791.2	49
14791.3	40
14791.3	39
14791.4	43
14791.4	45
14791.5	50
14791.5	36
14791.6	45
14791.6	23
14791.7	38
14791.7	51
14791.8	40
14791.8	40
14791.9	41
14791.9	63
14792	35
14792	48
14792.1	38
14792.1	58
14792.2	39
14792.2	15
14792.3	52
14792.3	53
14792.4	33
14792.4	51
14792.5	41
14792.5	26
14792.6	42
14792.6	51.8922
14792.7	34.7649
14792.7	53.5166
14792.8	25.388
14792.8	21.6492
14792.9	43.2364
14792.9	51.1324
14793	43.2149
14793	27.5917
14793.1	37.8765
14793.1	32.3886
14793.2	33.6219
14793.2	53.9521
14793.3	27.8676
14793.3	20.5809
14793.4	57.0841
14793.4	39.6312
14793.5	35.539
14793.5	34.9118
14793.6	39.8211
14793.6	24.1062
14793.7	52.5261
14793.7	43.2885
14793.8	48.1693
14793.8	22.136
14793.9	23.6404
14793.9	54.6608
14794	45.5869
14794	18.3736
14794.1	40.7598
14794.1	44.4146
14794.2	41.8903
14794.2	49.9669
14794.3	28.9199
14794.3	36.3287
14794.4	36.9893
14794.4	29.05
14794.5	45.2873
14794.5	48.1253
14794.6	37.7873
14794.6	33.5722
14794.7	46.5215
14794.7	36.2853
14794.8	53.145
14794.8	39.0202
14794.9	38.15
14794.9	42.1541
14794.9	30.6704
14795	47.6815
14795	34.2674
14795.1	29.0056
14795.1	41.8451
14795.2	27.8258
14795.2	25.9718
14795.3	32.5787
14795.3	35.3342
14795.4	41.1964
14795.4	48.6682
14795.5	37.5235
14795.5	42.9593
14795.6	42.0686
14795.6	41.736
14795.7	35.4005
14795.7	33.0485
14795.8	34.4593
14795.8	42.6709
14795.9	40.2086
14795.9	43.5397
14796	37.6594
14796	32.6731
14796.1	42.9388
14796.1	35.8029
14796.2	49.9837
14796.2	39.3505
14796.3	12.5967
14796.3	33.2633
14796.4	19.6481
14796.4	37.8382
14796.5	21.2678
14796.5	19.75
14796.6	33.0304
14796.6	43.7265
14796.7	42.8615
14796.7	39.6373
14796.8	23.3543
14796.8	25.1369
14796.9	31.2147
14796.9	42.9777
14797	38.6663
14797	25.9615
14797.1	28.9672
14797.1	35.8088
14797.2	35.7063
14797.2	41.2827
14797.3	37.7784
14797.3	40.3152
14797.4	33.2044
14797.4	29.5876
14797.5	35.1373
14797.5	24.1254
14797.6	25.411
14797.6	40.3736
14797.6	38
14797.7	31
14797.7	35
14797.8	39
14797.8	31
14797.9	31
14797.9	27
14798	39
14798	29
14798.1	23
14798.1	49
14798.2	41
14798.2	23
14798.3	30
14798.3	13
14798.4	32
14798.4	32
14798.5	29
14798.5	47
14798.6	24
14798.6	24
14798.7	42
14798.7	46
14798.8	39
14798.8	46
14798.9	22
14798.9	47
14799	51
14799	27
14799.1	35
14799.1	21
14799.2	47
14799.2	37
14799.3	39
14799.3	51
14799.4	48
14799.4	63
14799.5	36
14799.5	53
14799.6	43
14799.6	40
14799.7	35
14799.7	34
14799.8	26
14799.8	25
14799.9	48
14799.9	47
14800	31
14800	31
14800.1	46
14800.1	34
14800.2	55
14800.2	49
14800.3	55
14800.3	45
14800.4	41
14800.4	35
14800.5	30
14800.5	55
14800.6	44
14800.6	62
14800.7	27
14800.7	67
14800.8	53
14800.8	46
14800.9	25
14800.9	17
14801	33
14801	38
14801.1	53
14801.1	44
14801.2	54
14801.2	34
14801.3	47
14801.3	36
14801.4	54
14801.4	25
14801.5	27
14801.5	31
14801.6	40
14801.6	37
14801.7	48
14801.7	43
14801.8	39
14801.8	48
14801.9	36
14801.9	50
14802	33
14802	39
14802.1	48
14802.1	44
14802.2	51
14802.2	54
14802.3	35
14802.3	36
14802.4	36
14802.4	49
14802.5	35
14802.5	45
14802.6	16
14802.6	58
14802.7	58
14802.7	33
14802.8	32
14802.8	60
14802.9	33
14802.9	51
14803	48
14803	50
14803.1	42
14803.1	32
14803.2	45
14803.2	50
14803.3	47
14803.3	33
14803.4	36
14803.4	56
14803.5	45
14803.5	61
14803.6	36
14803.6	42
14803.7	38
14803.7	54
14803.8	56
14803.8	62
14803.9	37
14803.9	49
14804	39
14804	72
14804.1	59
14804.1	40
14804.2	38
14804.2	59
14804.3	52
14804.3	43
14804.4	44
14804.4	47
14804.5	33
14804.5	60
14804.6	51
14804.6	46
14804.7	59
14804.7	48
14804.8	40
14804.8	53
14804.9	45
14804.9	51
14805	44
14805	50
14805.1	50
14805.1	54
14805.2	49
14805.2	40
14805.3	41
14805.3	51
14805.4	55
14805.4	50
14805.5	36
14805.5	52
14805.6	33
14805.6	51
14805.7	59
14805.7	64
14805.8	56
14805.8	48
14805.9	41
14805.9	33
14806	50
14806	56
14806.1	42
14806.1	24
14806.2	46
14806.2	37
14806.3	52
14806.3	45
14806.4	32
14806.4	57
14806.5	40
14806.5	44
14806.6	56
14806.6	52
14806.7	48
14806.7	56
14806.8	36
14806.8	34
14806.9	36
14806.9	16
14807	46
14807	50
14807.1	45
14807.1	46
14807.2	44
14807.2	49
14807.3	45
14807.3	56
14807.3	35
14807.4	56
14807.4	50
14807.5	46
14807.5	38
14807.6	63
14807.6	34
14807.7	47
14807.7	19
14807.8	59
14807.8	55
14807.9	41
14807.9	35
14808	59
14808	55
14808.1	57
14808.1	54
14808.2	59
14808.2	53
14808.3	43
14808.3	52
14808.4	31
14808.4	37
14808.5	46
14808.5	49
14808.6	46
14808.6	29
14808.7	30
14808.7	55
14808.8	18
14808.8	39
14808.9	66
14808.9	51
14809	57
14809	39
14809.1	43
14809.1	45
14809.2	53
14809.2	54
14809.3	67
14809.3	47
14809.4	34
14809.4	41.5
14809.5	49
14809.5	57
14809.6	45
14809.6	41
14809.7	60
14809.7	40
14809.8	32
14809.8	62
14809.9	60
14809.9	34
14810	38
14810	70
14810.1	49
14810.1	42
14810.2	27
14810.2	55
14810.3	37
14810.3	54
14810.4	45
14810.4	37
14810.5	55
14810.5	60
14810.6	45
14810.6	64
14810.7	42
14810.7	31
14810.8	34
14810.8	42
14810.9	42
14810.9	61
14811	51
14811	33
14811.1	39
14811.1	57
14811.2	48
14811.2	43
14811.3	22
14811.3	33
14811.3	56
14811.4	62
14811.4	41
14811.5	35
14811.5	30
14811.6	58
14811.6	55
14811.7	60
14811.7	53
14811.8	41
14811.8	41
14811.9	55
14811.9	42
14812	44
14812	50
14812.1	44
14812.1	57
14812.2	29
14812.2	66
14812.3	47
14812.3	40
14812.4	42
14812.4	64
14812.5	59
14812.5	43
14812.6	40
14812.6	51
14812.7	48
14812.7	55
14812.8	45
14812.8	56
14812.9	33
14812.9	34
14813	49
14813	40
14813.1	46
14813.1	54
14813.2	45
14813.2	70
14813.3	60
14813.3	53
14813.4	37
14813.4	30
14813.5	47
14813.5	36
14813.6	56
14813.6	50
14813.7	51
14813.7	27
14813.8	52
14813.8	40
14813.9	41
14813.9	51
14814	45
14814	40
14814.1	62
14814.1	50
14814.1	55
14814.2	56
14814.2	46
14814.3	47
14814.3	49
14814.4	35
14814.4	48
14814.5	37
14814.5	53
14814.6	30
14814.6	57
14814.7	42
14814.7	40
14814.8	48
14814.8	53
14814.9	36
14814.9	61
14815	36
14815	46
14815.1	42
14815.1	46
14815.2	52
14815.2	40
14815.3	41
14815.3	51
14815.4	55
14815.4	38
14815.5	66
14815.5	36
14815.6	31
14815.6	61
14815.7	49
14815.7	59
14815.8	40
14815.8	33
14815.9	74
14815.9	48
14816	51
14816	38
14816.1	30
14816.1	29
14816.2	52
14816.2	21
14816.3	45
14816.3	41
14816.4	36
14816.4	36
14816.4	60
14816.5	52
14816.5	46
14816.6	52
14816.6	42
14816.7	56
14816.7	54
14816.8	59
14816.8	42
14816.9	39
14816.9	38
14817	27
14817	45
14817.1	31
14817.1	49
14817.2	57
14817.2	45
14817.3	44
14817.3	51
14817.4	30
14817.4	34
14817.5	38
14817.5	42
14817.6	55
14817.6	53
14817.7	47
14817.7	53
14817.8	45
14817.8	41
14817.9	58
14817.9	41
14818	54
14818	54
14818.1	46
14818.1	65
14818.2	38
14818.2	41
14818.3	51
14818.3	69
14818.4	74
14818.4	41
14818.5	36
14818.5	41
14818.5	34
14818.6	63
14818.6	58
14818.7	40
14818.7	54
14818.8	41
14818.8	55
14818.9	53
14818.9	52
14819	55
14819	40
14819.1	31
14819.1	68
14819.2	60
14819.2	51
14819.3	40
14819.3	41
14819.4	60
14819.4	40
14819.5	57
14819.5	42
14819.6	56
14819.6	44
14819.7	40
14819.7	56
14819.8	49
14819.8	50
14819.9	44
14819.9	40
14820	40
14820	42
14820.1	35
14820.1	46
14820.2	36
14820.2	56
14820.3	47
14820.3	55
14820.3	39
14820.4	22
14820.4	40
14820.5	55
14820.5	47
14820.6	45
14820.6	51
14820.7	42
14820.7	69
14820.8	43
14820.8	46
14820.9	45
14820.9	47
14821	42
14821	29
14821.1	45
14821.1	40
14821.2	61
14821.2	45
14821.3	32
14821.3	54
14821.4	36
14821.4	32
14821.5	50
14821.5	48
14821.6	43
14821.6	46
14821.7	50
14821.7	71
14821.8	46
14821.8	51
14821.9	55
14821.9	39
14821.9	31
14822	43
14822	43
14822.1	39
14822.1	41
14822.2	45
14822.2	39
14822.3	47
14822.3	47
14822.4	48
14822.4	42
14822.5	19
14822.5	39
14822.6	19
14822.6	56
14822.7	43
14822.7	65
14822.8	47
14822.8	47
14822.9	38
14822.9	55
14823	50
14823	35
14823.1	55
14823.1	47
14823.2	47
14823.2	53
14823.3	49
14823.3	47
14823.4	37
14823.4	37
14823.4	36
14823.5	50
14823.5	35
14823.6	56
14823.6	46
14823.7	48
14823.7	43
14823.8	45
14823.8	32
14823.9	47
14823.9	52
14824	47
14824	42
14824.1	22
14824.1	47
14824.2	50
14824.2	59
14824.3	33
14824.3	41
14824.4	55
14824.4	51
14824.5	71
14824.5	32
14824.6	40
14824.6	37
14824.7	59
14824.7	43
14824.8	60
14824.8	68
14824.9	52
14824.9	39
14824.9	43
14825	38
14825	48
14825.1	58
14825.1	49
14825.2	51
14825.2	39
14825.3	50
14825.3	45
14825.4	60
14825.4	35
14825.5	57
14825.5	49
14825.6	24
14825.6	60
14825.7	37
14825.7	48
14825.8	20
14825.8	54
14825.9	44
14825.9	32
14826	40
14826	36
14826.1	49
14826.1	36
14826.2	38
14826.2	52
14826.2	52
14826.3	46
14826.3	52
14826.4	29
14826.4	48
14826.5	46
14826.5	67
14826.6	42
14826.6	32
14826.7	38
14826.7	55
14826.8	51
14826.8	31
14826.9	36
14826.9	47
14827	23
14827	45
14827.1	51
14827.1	38
14827.2	55
14827.2	37
14827.3	50
14827.3	59
14827.4	31
14827.4	27
14827.5	42
14827.5	33
14827.5	41
14827.6	45
14827.6	41
14827.7	49
14827.7	58
14827.8	38
14827.8	32
14827.9	50
14827.9	36
14828	55
14828	39
14828.1	38
14828.1	55
14828.2	38
14828.2	25
14828.3	21
14828.3	39
14828.4	31
14828.4	57
14828.5	46
14828.5	42
14828.6	17
14828.6	41
14828.7	56
14828.7	47
14828.7	47
14828.8	40
14828.8	36
14828.9	46
14828.9	59
14829	57
14829	48
14829.1	34
14829.1	57
14829.2	55
14829.2	50
14829.3	36
14829.3	37
14829.4	46
14829.4	53
14829.5	59
14829.5	22
14829.6	38
14829.6	39
14829.7	48
14829.7	37
14829.8	57
14829.8	29
14829.9	35
14829.9	20
14829.9	50
14830	36
14830	42
14830.1	49
14830.1	38
14830.2	51
14830.2	40
14830.3	51
14830.3	46
14830.4	37
14830.4	43
14830.5	50
14830.5	25
14830.6	59
14830.6	28
14830.7	19
14830.7	33
14830.8	48
14830.8	49
14830.9	46
14830.9	33
14831	42
14831	60
14831	40
14831.1	53
14831.1	20
14831.2	45
14831.2	42
14831.3	46
14831.3	66
14831.4	26
14831.4	6
14831.5	51
14831.5	59
14831.6	47
14831.6	19
14831.7	33
14831.7	45
14831.8	33
14831.8	19
14831.9	49
14831.9	36
14832	22
14832	32
14832.1	49
14832.1	50
14832.1	40
14832.2	39
14832.2	46
14832.3	28
14832.3	49
14832.4	44
14832.4	43
14832.5	35
14832.5	50
14832.6	50
14832.6	38
14832.7	23
14832.7	29
14832.8	17
14832.8	29
14832.9	45
14832.9	63
14833	38
14833	34
14833.1	46
14833.1	54
14833.1	43
14833.2	35
14833.2	41
14833.3	47
14833.3	31
14833.4	45
14833.4	45
14833.5	44
14833.5	21
14833.6	53
14833.6	38
14833.7	38
14833.7	34
14833.8	56
14833.8	24
14833.9	61
14833.9	47
14834	37
14834	48
14834.1	24
14834.1	34
14834.1	39
14834.2	34
14834.2	10
14834.3	52
14834.3	43
14834.4	51
14834.4	31
14834.5	45
14834.5	16
14834.6	51
14834.6	35
14834.7	57
14834.7	32
14834.8	40
14834.8	29
14834.9	41
14834.9	40
14835	40
14835	46
14835.1	42
14835.1	60
14835.1	44
14835.2	40
14835.2	61
14835.3	19
14835.3	40
14835.4	34
14835.4	66
14835.5	44
14835.5	33
14835.6	44
14835.6	39
14835.7	45
14835.7	30
14835.8	52
14835.8	52
14835.9	39
14835.9	26
14836	43
14836	38
14836	52
14836.1	57
14836.1	23
14836.2	61
14836.2	33
14836.3	50
14836.3	44
14836.4	43
14836.4	28
14836.5	46
14836.5	47
14836.6	52
14836.6	41
14836.7	52
14836.7	39
14836.8	49
14836.8	52
14836.9	46
14836.9	30
14837	41
14837	64
14837	30
14837.1	37
14837.1	37
14837.2	34
14837.2	42
14837.3	23
14837.3	54
14837.4	46
14837.4	33
14837.5	41
14837.5	45
14837.6	55
14837.6	15
14837.7	52
14837.7	51.9135
14837.8	43.8981
14837.8	43.3402
14837.9	34.6698
14837.9	33.5882
14837.9	26.8453
14838	44.47
14838	33.0085
14838.1	38.7199
14838.1	40.0667
14838.2	48.0976
14838.2	30.6895
14838.3	43.6235
14838.3	36.488
14838.4	56.2981
14838.4	41.7565
14838.5	27.0714
14838.5	33.8969
14838.6	56.353
14838.6	43.6658
14838.7	31.2608
14838.7	18.8207
14838.7	29.3795
14838.8	41.8113
14838.8	51.4556
14838.9	42.1722
14838.9	38.9012
14839	25.6433
14839	38.3389
14839.1	26.2748
14839.1	41.8841
14839.2	43.8381
14839.2	31.5677
14839.3	43.6656
14839.3	36.0576
14839.4	33.8181
14839.4	29.2324
14839.5	30.1681
14839.5	25.6866
14839.6	42.0422
14839.6	48.2132
14839.6	44.2473
14839.7	38.2052
14839.7	41.5278
14839.8	37.5673
14839.8	47.4114
14839.9	49.695
14839.9	44.7273
14840	28.0041
14840	36.7827
14840.1	42.7537
14840.1	45.3477
14840.2	32.4203
14840.2	26.8119
14840.3	31.6083
14840.3	37.7133
14840.4	35.6661
14840.4	30.8108
14840.4	45.9133
14840.5	41.5854
14840.5	24.004
14840.6	39.7131
14840.6	44.8022
14840.7	37.8252
14840.7	42.9609
14840.8	34.1744
14840.8	33.1298
14840.9	29.8897
14840.9	24.6751
14841	32.7234
14841	37.8281
14841.1	31.1153
14841.1	30.4006
14841.2	38.2047
14841.2	31.319
14841.2	29.0406
14841.3	22.1576
14841.3	22.1559
14841.4	35.2575
14841.4	39.1965
14841.5	44.5135
14841.5	34.9438
14841.6	31.6672
14841.6	22.208
14841.7	39.8283
14841.7	36.5878
14841.8	31.599
14841.8	32.0403
14841.9	39.2922
14841.9	25.4961
14842	40.3408
14842	39.1049
14842	52.9682
14842.1	25.4937
14842.1	35.6121
14842.2	33.2732
14842.2	29.3358
14842.3	36.1923
14842.3	32.9518
14842.4	21.6218
14842.4	20.8146
14842.5	24.3165
14842.5	25.9016
14842.5	26
14842.6	36
14842.6	33
14842.7	38
14842.7	38
14842.8	23
14842.8	34
14842.9	18
14842.9	45
14843	39
14843	45
14843.1	25
14843.1	27
14843.2	34
14843.2	29
14843.3	38
14843.3	38
14843.3	43
14843.4	21
14843.4	22
14843.5	35
14843.5	39
14843.6	51
14843.6	22
14843.7	39
14843.7	47
14843.8	49
14843.8	41
14843.9	43
14843.9	39
14844	13
14844	42
14844.1	48
14844.1	39
14844.2	23
14844.2	36
14844.3	39
14844.3	30
14844.4	35
14844.4	41
14844.5	44
14844.5	23
14844.5	43
14844.6	37
14844.6	42
14844.7	46
14844.7	31
14844.8	23
14844.8	28
14844.9	49
14844.9	55
14845	33
14845	35
14845.1	30
14845.1	36
14845.2	45
14845.2	42
14845.3	27
14845.3	31
14845.4	22
14845.4	40
14845.5	49
14845.5	45
14845.6	35
14845.6	45
14845.7	46
14845.7	42
14845.7	42
14845.8	49
14845.8	54
14845.9	25
14845.9	33
14846	43
14846	66
14846.1	61
14846.1	34
14846.2	38
14846.2	41
14846.3	51
14846.3	40
14846.4	33
14846.4	47
14846.5	36
14846.5	37
14846.6	40
14846.6	48
14846.7	35
14846.7	28
14846.8	54
14846.8	68
14846.9	68
14846.9	47
14846.9	28
14847	47
14847	46
14847.1	24
14847.1	31
14847.2	42
14847.2	43
14847.3	39
14847.3	26
14847.4	33
14847.4	43
14847.5	51
14847.5	55
14847.6	31
14847.6	24
14847.7	35
14847.7	25
14847.8	55
14847.8	53
14847.9	40
14847.9	35
14848	34
14848	43
14848	44
14848.1	50
14848.1	39
14848.2	43
14848.2	51
14848.3	56
14848.3	43
14848.4	27
14848.4	9
14848.5	47
14848.5	54
14848.6	37
14848.6	35
14848.7	48
14848.7	59
14848.8	61
14848.8	44
14848.9	29
14848.9	54
14849	27
14849	52
14849	56
14849.1	40
14849.1	67
14849.2	39
14849.2	36
14849.3	50
14849.3	48
14849.4	47
14849.4	55
14849.5	26
14849.5	35
14849.6	26
14849.6	11
14849.7	51
14849.7	41
14849.8	29
14849.8	49
14849.9	43
14849.9	53
14850	36
14850	20
14850	38
14850.1	53
14850.1	36
14850.2	64
14850.2	40
14850.3	43
14850.3	54
14850.4	68
14850.4	56
14850.5	30
14850.5	29
14850.6	35
14850.6	50
14850.7	38
14850.7	43
14850.8	52
14850.8	53
14850.9	61
14850.9	57
14851	39
14851	54
14851	32
14851.1	32
14851.1	42
14851.2	43
14851.2	25
14851.3	34
14851.3	48
14851.4	69
14851.4	43
14851.5	48
14851.5	27
14851.6	38
14851.6	36
14851.7	31
14851.7	60
14851.8	35
14851.8	41
14851.9	52
14851.9	41
14852	70
14852	61
14852	44
14852.1	42
14852.1	40
14852.2	51
14852.2	52
14852.3	54
14852.3	51
14852.4	36
14852.4	35
14852.5	50
14852.5	39
14852.6	49
14852.6	46
14852.7	51
14852.7	23
14852.8	49
14852.8	60
14852.9	33
14852.9	55
14852.9	53
14853	44
14853	34
14853.1	46
14853.1	55
14853.2	58
14853.2	36
14853.3	57
14853.3	33
14853.4	39
14853.4	63
14853.5	46
14853.5	34
14853.6	36
14853.6	37
14853.7	55
14853.7	51
14853.8	45
14853.8	38.5
14853.8	32
14853.9	37
14853.9	49
14854	50
14854	38
14854.1	34
14854.1	48
14854.2	56
14854.2	47
14854.3	61
14854.3	49
14854.4	40
14854.4	48
14854.5	49
14854.5	28
14854.6	34
14854.6	36
14854.7	24
14854.7	62
14854.7	48
14854.8	59
14854.8	32
14854.9	40
14854.9	31
14855	50
14855	61
14855.1	56
14855.1	40
14855.2	53
14855.2	41
14855.3	50
14855.3	50
14855.4	50
14855.4	28
14855.5	22
14855.5	35
14855.6	35
14855.6	57
14855.6	50
14855.7	39
14855.7	35
14855.8	59
14855.8	60
14855.9	61
14855.9	55
14856	43
14856	53
14856.1	58
14856.1	44
14856.2	57
14856.2	59
14856.3	66
14856.3	45
14856.4	64
14856.4	44
14856.4	29
14856.5	35
14856.5	54
14856.6	44
14856.6	52
14856.7	42
14856.7	31
14856.8	61
14856.8	62
14856.9	48
14856.9	49
14857	43
14857	56
14857.1	51
14857.1	62
14857.2	48
14857.2	35
14857.2	34
14857.3	33
14857.3	47
14857.4	28
14857.4	53
14857.5	47
14857.5	48
14857.6	57
14857.6	50
14857.7	40
14857.7	39
14857.8	40
14857.8	38
14857.9	43
14857.9	24
14858	35
14858	54
14858	71
14858.1	49
14858.1	34
14858.2	47
14858.2	47
14858.3	51
14858.3	66
14858.4	39
14858.4	37
14858.5	67
14858.5	55
14858.6	59
14858.6	47
14858.7	38
14858.7	63
14858.8	45
14858.8	29
14858.8	49
14858.9	51
14858.9	39
14859	62
14859	42
14859.1	40
14859.1	41
14859.2	55
14859.2	67
14859.3	49
14859.3	30
14859.4	58
14859.4	63
14859.5	45
14859.5	46
14859.6	47
14859.6	33
14859.6	63
14859.7	58
14859.7	63
14859.8	53
14859.8	36
14859.9	61
14859.9	49
14860	65
14860	48
14860.1	30
14860.1	48
14860.2	52
14860.2	50
14860.3	56
14860.3	55
14860.4	30
14860.4	58
14860.4	49
14860.5	60
14860.5	31
14860.6	47
14860.6	63
14860.7	54
14860.7	74
14860.8	45
14860.8	45
14860.9	41
14860.9	45
14861	43
14861	66
14861.1	46
14861.1	64
14861.1	46
14861.2	51
14861.2	51
14861.3	59
14861.3	36
14861.4	63
14861.4	73
14861.5	53
14861.5	45
14861.6	42
14861.6	49
14861.7	48
14861.7	46
14861.8	62
14861.8	65
14861.8	56
14861.9	52
14861.9	51
14862	57
14862	72
14862.1	36
14862.1	28
14862.2	59
14862.2	50
14862.3	52
14862.3	34
14862.4	60
14862.4	59
14862.5	61
14862.5	42
14862.6	65
14862.6	44
14862.6	35
14862.7	26
14862.7	35
14862.8	48
14862.8	34
14862.9	61
14862.9	45
14863	41
14863	62
14863.1	39
14863.1	52
14863.2	38
14863.2	44
14863.3	57
14863.3	47
14863.3	58
14863.4	57
14863.4	36
14863.5	48
14863.5	49
14863.6	41
14863.6	46
14863.7	34
14863.7	56
14863.8	68
14863.8	56
14863.9	51
14863.9	41
14864	34
14864	64
14864	72
14864.1	49
14864.1	54
14864.2	39
14864.2	60
14864.3	50
14864.3	62
14864.4	57
14864.4	71
14864.5	40
14864.5	45
14864.6	71
14864.6	50
14864.7	57
14864.7	36
14864.7	42
14864.8	53
14864.8	61
14864.9	44
14864.9	42
14865	41
14865	68
14865.1	54
14865.1	60
14865.2	49
14865.2	52
14865.3	50
14865.3	51
14865.3	34
14865.4	46
14865.4	58
14865.5	41
14865.5	55
14865.6	47
14865.6	53
14865.7	75
14865.7	44
14865.8	71
14865.8	47
14865.9	50
14865.9	37
14866	48
14866	51
14866	59
14866.1	39
14866.1	62
14866.2	54
14866.2	33
14866.3	53
14866.3	57
14866.4	29
14866.4	35
14866.5	42
14866.5	52
14866.6	42
14866.6	50
14866.6	47
14866.7	39
14866.7	52
14866.8	45
14866.8	47
14866.9	73
14866.9	45
14867	28
14867	46
14867.1	61
14867.1	48
14867.2	78
14867.2	38
14867.3	37
14867.3	52
14867.3	56
14867.4	39
14867.4	49
14867.5	36
14867.5	54
14867.6	42
14867.6	43
14867.7	44
14867.7	50
14867.8	53
14867.8	69
14867.9	47
14867.9	50
14867.9	39
14868	24
14868	44
14868.1	55
14868.1	43
14868.2	43
14868.2	60
14868.3	50
14868.3	65
14868.4	37
14868.4	45
14868.5	70
14868.5	39
14868.6	46
14868.6	24
14868.6	60
14868.7	53
14868.7	47
14868.8	57
14868.8	50
14868.9	58
14868.9	56
14869	57
14869	56
14869.1	49
14869.1	51
14869.2	48
14869.2	36
14869.2	48
14869.3	46
14869.3	53
14869.4	58
14869.4	36
14869.5	40
14869.5	57
14869.6	56
14869.6	57
14869.7	56
14869.7	28
14869.8	48
14869.8	46
14869.8	44
14869.9	38
14869.9	26
14870	52
14870	45
14870.1	54
14870.1	49
14870.2	59
14870.2	46
14870.3	56
14870.3	37
14870.4	62
14870.4	53
14870.4	49
14870.5	34
14870.5	44
14870.6	55
14870.6	50
14870.7	46
14870.7	39
14870.8	50
14870.8	45
14870.9	59
14870.9	57
14871	51
14871	35
14871	48
14871.1	51
14871.1	42
14871.2	73
14871.2	55
14871.3	50
14871.3	57
14871.4	39
14871.4	34
14871.5	55
14871.5	47
14871.6	38
14871.6	45
14871.6	39
14871.7	37
14871.7	59
14871.8	43
14871.8	44
14871.9	51
14871.9	40
14872	49
14872	55
14872.1	54
14872.1	75
14872.2	58
14872.2	50
14872.2	59
14872.3	23
14872.3	43
14872.4	43
14872.4	59
14872.5	33
14872.5	43
14872.6	59
14872.6	61
14872.7	43
14872.7	52
14872.7	53
14872.8	27
14872.8	62
14872.9	55
14872.9	44
14873	38
14873	39
14873.1	45
14873.1	61
14873.2	54
14873.2	55
14873.3	43
14873.3	54
14873.3	50
14873.4	55
14873.4	47
14873.5	49
14873.5	39
14873.6	31
14873.6	59
14873.7	27
14873.7	36
14873.8	43
14873.8	39
14873.9	57
14873.9	49
14873.9	52
14874	47
14874	59
14874.1	42
14874.1	56
14874.2	42
14874.2	57
14874.3	49
14874.3	23
14874.4	50
14874.4	43
14874.4	70
14874.5	44
14874.5	39
14874.6	39
14874.6	53
14874.7	47
14874.7	52
14874.8	27
14874.8	43
14874.9	62
14874.9	25
14875	60
14875	53
14875	57
14875.1	49
14875.1	44
14875.2	66
14875.2	48
14875.3	38
14875.3	38
14875.4	52
14875.4	37
14875.5	54
14875.5	37
14875.5	47
14875.6	58
14875.6	42
14875.7	35
14875.7	44
14875.8	37
14875.8	55
14875.9	41
14875.9	21
14876	48
14876	20
14876.1	27
14876.1	46
14876.1	46
14876.2	48
14876.2	58
14876.3	41
14876.3	31
14876.4	55
14876.4	40
14876.5	39
14876.5	38
14876.6	21
14876.6	47
14876.6	36
14876.7	47
14876.7	37
14876.8	60
14876.8	51
14876.9	54
14876.9	55
14877	40
14877	50
14877.1	37
14877.1	37
14877.1	37
14877.2	64
14877.2	55
14877.3	44
14877.3	48
14877.4	30
14877.4	58
14877.5	51
14877.5	34
14877.6	46
14877.6	51
14877.7	33
14877.7	29
14877.7	49
14877.8	47
14877.8	47
14877.9	40
14877.9	40
14878	48
14878	51
14878.1	41
14878.1	46
14878.2	52
14878.2	54
14878.2	57
14878.3	50
14878.3	51
14878.4	46
14878.4	45
14878.5	44
14878.5	27
14878.6	35
14878.6	19
14878.7	36
14878.7	64
14878.7	33
14878.8	45
14878.8	49
14878.9	46
14878.9	48
14879	40
14879	52
14879.1	38
14879.1	37
14879.2	48
14879.2	40
14879.2	36
14879.3	53
14879.3	42
14879.4	40
14879.4	60
14879.5	56
14879.5	58
14879.6	17
14879.6	52
14879.7	44
14879.7	56
14879.7	45
14879.8	50
14879.8	38
14879.9	40
14879.9	66
14880	50
14880	45
14880.1	45
14880.1	54
14880.2	43
14880.2	49
14880.2	38
14880.3	46
14880.3	25
14880.4	47
14880.4	46
14880.5	57
14880.5	49
14880.6	34
14880.6	43
14880.7	37
14880.7	58
14880.7	42
14880.8	45
14880.8	29.0857
14880.9	49.8557
14880.9	50.849
14881	66.4275
14881	53.676
14881.1	29.0451
14881.1	46.5008
14881.2	32.7114
14881.2	45.9476
14881.2	39.1151
14881.3	48.712
14881.3	44.5125
14881.4	41.2762
14881.4	43.0009
14881.5	41.8739
14881.5	27.0667
14881.6	42.2306
14881.6	43.8
14881.7	43.623
14881.7	54.3289
14881.7	35.8992
14881.8	43.5109
14881.8	46.1486
14881.9	61.6053
14881.9	36.4005
14882	48.1429
14882	39.2446
14882.1	38.0789
14882.1	36.8611
14882.2	40.2697
14882.2	39.0489
14882.2	30.6776
14882.3	36.4225
14882.3	42.2981
14882.4	38.9009
14882.4	34.3621
14882.5	37.9285
14882.5	42.98
14882.6	33.4131
14882.6	35.2879
14882.7	51.6806
14882.7	41.4194
14882.7	30.2977
14882.8	33.9166
14882.8	39.7668
14882.9	42.4629
14882.9	31.2926
14883	35.3618
14883	17.9192
14883.1	40.6959
14883.1	36.5806
14883.1	37.4989
14883.2	49.504
14883.2	33.8954
14883.3	21.2008
14883.3	33.3825
14883.4	38.9479
14883.4	37.9825
14883.5	37.1581
14883.5	25.3448
14883.6	32.5803
14883.6	50.4241
14883.6	50.2619
14883.7	47.9074
14883.7	30.3784
14883.8	18.7619
14883.8	27.9054
14883.9	34.672
14883.9	38.3465
14884	28.8223
14884	27.012
14884.1	37.9655
14884.1	51.7625
14884.1	43.2323
14884.2	36.6054
14884.2	35.5473
14884.3	22.2281
14884.3	40.1585
14884.4	44.269
14884.4	35.2793
14884.5	36.0584
14884.5	33.8267
14884.5	40.5576
14884.6	40.0059
14884.6	40.0367
14884.7	33.5635
14884.7	23.425
14884.8	22.2366
14884.8	33.3141
14884.9	32.807
14884.9	28.959
14885	23.3305
14885	30.3095
14885	35.7346
14885.1	43.7258
14885.1	40.087
14885.2	42.5986
14885.2	30
14885.3	31.3893
14885.3	34.6596
14885.4	29.9857
14885.4	30.3688
14885.5	38.3425
14885.5	31.1235
14885.5	27.4965
14885.6	44
14885.6	28
14885.7	33
14885.7	53
14885.8	29
14885.8	26
14885.9	32
14885.9	46
14886	56
14886	44
14886	53
14886.1	40
14886.1	41
14886.2	40
14886.2	46
14886.3	22
14886.3	34
14886.4	40
14886.4	56
14886.5	39
14886.5	37
14886.6	25
14886.6	36
14886.6	36
14886.7	57
14886.7	26
14886.8	26
14886.8	44
14886.9	22
14886.9	44
14887	45
14887	31
14887.1	36
14887.1	63
14887.2	46
14887.2	42
14887.2	37
14887.3	28
14887.3	33
14887.4	37
14887.4	45
14887.5	30
14887.5	30
14887.6	30
14887.6	36
14887.7	42
14887.7	51
14887.8	41
14887.8	49
14887.8	26
14887.9	59
14887.9	45
14888	34
14888	38
14888.1	55
14888.1	49
14888.2	54
14888.2	33
14888.3	45
14888.3	13
14888.4	32
14888.4	43
14888.4	42
14888.5	20
14888.5	44
14888.6	40
14888.6	37
14888.7	31
14888.7	30
14888.8	46
14888.8	20
14888.9	42
14888.9	29
14888.9	63
14889	31
14889	50
14889.1	33
14889.1	52
14889.2	43
14889.2	49
14889.3	35
14889.3	36
14889.4	30
14889.4	49
14889.5	48
14889.5	39
14889.5	56
14889.6	41
14889.6	42
14889.7	52
14889.7	45
14889.8	36
14889.8	40
14889.9	35
14889.9	48
14890	48
14890	34
14890.1	28
14890.1	29
14890.1	44
14890.2	42
14890.2	23
14890.3	72
14890.3	60
14890.4	48
14890.4	45
14890.5	59
14890.5	38
14890.6	50
14890.6	54
14890.6	42
14890.7	51
14890.7	39
14890.8	37
14890.8	43
14890.9	49
14890.9	43
14891	35
14891	38
14891.1	39
14891.1	26
14891.2	49
14891.2	45
14891.2	29
14891.3	55
14891.3	41
14891.4	44
14891.4	42
14891.5	52
14891.5	41
14891.6	32
14891.6	50
14891.7	43
14891.7	54
14891.7	38
14891.8	32
14891.8	35
14891.9	45
14891.9	49
14892	43
14892	44
14892.1	27
14892.1	26
14892.2	36
14892.2	49
14892.3	44
14892.3	41
14892.3	39
14892.4	42
14892.4	42
14892.5	50
14892.5	46
14892.6	41
14892.6	37
14892.7	49
14892.7	37
14892.8	47
14892.8	28
14892.8	38
14892.9	68
14892.9	30
14893	43
14893	42
14893.1	33
14893.1	46
14893.2	43
14893.2	57
14893.3	53
14893.3	30
14893.3	37
14893.4	45
14893.4	36
14893.5	34
14893.5	47
14893.6	20
14893.6	52
14893.7	56
14893.7	51
14893.8	49
14893.8	38
14893.8	28
14893.9	44
14893.9	33
14894	62
14894	33
14894.1	16
14894.1	34
14894.2	38
14894.2	59
14894.3	44
14894.3	54
14894.4	39
14894.4	47
14894.4	21
14894.5	52
14894.5	29
14894.6	43
14894.6	49
14894.7	40
14894.7	56
14894.8	38
14894.8	33
14894.9	48
14894.9	42
14894.9	64
14895	57
14895	50
14895.1	54
14895.1	39
14895.2	60
14895.2	52
14895.3	45
14895.3	43
14895.4	39
14895.4	52
14895.4	56
14895.5	40
14895.5	29
14895.6	45
14895.6	34
14895.7	54
14895.7	48
14895.8	40
14895.8	26
14895.9	43
14895.9	39
14895.9	42
14896	30
14896	35
14896.1	45
14896.1	49
14896.2	41
14896.2	53
14896.3	45
14896.3	44.5
14896.4	44
14896.4	50
14896.4	64
14896.5	44
14896.5	66
14896.6	66
14896.6	33
14896.7	40
14896.7	54
14896.8	53
14896.8	39
14896.9	28
14896.9	48
14896.9	43
14897	34
14897	39
14897.1	40
14897.1	32
14897.2	53
14897.2	47
14897.3	47
14897.3	38
14897.4	50
14897.4	36
14897.4	43
14897.5	59
14897.5	55
14897.6	57
14897.6	46
14897.7	61
14897.7	47
14897.8	39
14897.8	36
14897.9	49
14897.9	30
14897.9	35
14898	37
14898	56
14898.1	52
14898.1	57
14898.2	45
14898.2	56
14898.3	36
14898.3	52
14898.3	46
14898.4	52
14898.4	54
14898.5	38
14898.5	56
14898.6	49
14898.6	46
14898.7	53
14898.7	57
14898.8	50
14898.8	66
14898.8	53
14898.9	50
14898.9	60
14899	39
14899	45
14899.1	56
14899.1	59
14899.2	54
14899.2	43
14899.3	50
14899.3	14
14899.3	57
14899.4	55
14899.4	65
14899.5	47
14899.5	39
14899.6	32
14899.6	35
14899.7	38
14899.7	43
14899.8	39
14899.8	48
14899.8	51
14899.9	43
14899.9	61
14900	45
14900	40
14900.1	43
14900.1	43
14900.2	52
14900.2	60
14900.2	46
14900.3	59
14900.3	61
14900.4	42
14900.4	32
14900.5	41
14900.5	27
14900.6	42
14900.6	55
14900.7	26
14900.7	44
14900.7	55
14900.8	53
14900.8	47
14900.9	55
14900.9	30
14901	69
14901	44
14901.1	69
14901.1	57
14901.2	59
14901.2	52
14901.2	42
14901.3	44
14901.3	66
14901.4	43
14901.4	52
14901.5	23
14901.5	34
14901.6	45
14901.6	49
14901.6	34
14901.7	29
14901.7	35
14901.8	40
14901.8	56
14901.9	23
14901.9	52
14902	33
14902	28
14902.1	40
14902.1	43
14902.1	52
14902.2	58
14902.2	36
14902.3	48
14902.3	73
14902.4	50
14902.4	51
14902.5	54
14902.5	38
14902.5	54
14902.6	57
14902.6	51
14902.7	35
14902.7	53
14902.8	45
14902.8	54
14902.9	47
14902.9	23
14903	42
14903	40
14903	67
14903.1	41
14903.1	47
14903.2	49
14903.2	36
14903.3	35
14903.3	52
14903.4	57
14903.4	36
14903.4	52
14903.5	39
14903.5	74
14903.6	40
14903.6	42
14903.7	42
14903.7	55
14903.8	49
14903.8	54
14903.9	45
14903.9	45
14903.9	47
14904	60
14904	31
14904.1	60
14904.1	64
14904.2	53
14904.2	18
14904.3	47
14904.3	54
14904.3	38
14904.4	48
14904.4	43
14904.5	57
14904.5	53
14904.6	63
14904.6	62
14904.7	35
14904.7	20
14904.7	32
14904.8	51
14904.8	61
14904.9	43
14904.9	46
14905	30
14905	45
14905.1	48
14905.1	55
14905.2	37
14905.2	37
14905.2	52
14905.3	40
14905.3	39
14905.4	48
14905.4	42
14905.5	40
14905.5	30
14905.6	27
14905.6	56
14905.6	45
14905.7	56
14905.7	49
14905.8	51
14905.8	46
14905.9	44
14905.9	58
14906	60
14906	29
14906	53
14906.1	46
14906.1	43
14906.2	50
14906.2	52
14906.3	50
14906.3	41
14906.4	47
14906.4	73
14906.5	48
14906.5	69
14906.5	54
14906.6	55
14906.6	64
14906.7	32
14906.7	42
14906.8	49
14906.8	49
14906.9	46
14906.9	42
14906.9	41
14907	58
14907	36
14907.1	45
14907.1	53
14907.2	52
14907.2	45
14907.3	42
14907.3	36
14907.3	28
14907.4	40
14907.4	46
14907.5	33
14907.5	44
14907.6	44
14907.6	62
14907.7	45
14907.7	62
14907.7	58
14907.8	38
14907.8	35
14907.9	44
14907.9	43
14908	39
14908	45
14908.1	43
14908.1	40
14908.1	35
14908.2	67
14908.2	52
14908.3	43
14908.3	46
14908.4	45
14908.4	57
14908.5	54
14908.5	43
14908.5	37
14908.6	52
14908.6	22
14908.7	41
14908.7	35
14908.8	48
14908.8	50
14908.9	21
14908.9	50
14908.9	51
14909	46
14909	39
14909.1	36
14909.1	37
14909.2	67
14909.2	51
14909.3	55
14909.3	46
14909.3	30
14909.4	65
14909.4	47
14909.5	41
14909.5	47
14909.6	33
14909.6	50
14909.7	47
14909.7	52
14909.7	57
14909.8	40
14909.8	25
14909.9	33
14909.9	46
14910	44
14910	54
14910.1	28
14910.1	40
14910.1	43
14910.2	36
14910.2	45
14910.3	30
14910.3	34
14910.4	41
14910.4	42
14910.5	36
14910.5	45
14910.5	25
14910.6	40
14910.6	67
14910.7	34
14910.7	60
14910.8	32
14910.8	34
14910.9	43
14910.9	33
14910.9	46
14911	36
14911	37
14911.1	27
14911.1	54
14911.2	39
14911.2	46
14911.3	42
14911.3	45
14911.3	47
14911.4	39
14911.4	49
14911.5	47
14911.5	44
14911.6	59
14911.6	33
14911.7	56
14911.7	51
14911.7	44
14911.8	35
14911.8	56
14911.9	42
14911.9	51
14912	52
14912	35
14912.1	46
14912.1	41
14912.1	45
14912.2	38
14912.2	47
14912.3	29
14912.3	50
14912.4	34
14912.4	39
14912.5	31
14912.5	48
14912.5	37
14912.6	61
14912.6	35
14912.7	47
14912.7	50
14912.8	32
14912.8	28
14912.9	53
14912.9	55
14912.9	39
14913	58
14913	42
14913.1	46
14913.1	61
14913.2	39
14913.2	33
14913.3	43
14913.3	47
14913.3	54
14913.4	45
14913.4	38
14913.5	29
14913.5	21
14913.6	41
14913.6	48
14913.6	61
14913.7	44
14913.7	56
14913.8	48
14913.8	44
14913.9	52
14913.9	24
14914	24
14914	46
14914	46
14914.1	36
14914.1	54
14914.2	56
14914.2	49
14914.3	55
14914.3	44
14914.4	45
14914.4	62
14914.4	36
14914.5	35
14914.5	32
14914.6	42
14914.6	55
14914.7	42
14914.7	47
14914.8	42
14914.8	47
14914.8	43
14914.9	39
14914.9	31
14915	53
14915	57
14915.1	47
14915.1	47
14915.2	49
14915.2	58
14915.2	38
14915.3	31
14915.3	51
14915.4	30
14915.4	23
14915.5	61
14915.5	53
14915.5	41
14915.6	35
14915.6	53
14915.7	38
14915.7	54
14915.8	38
14915.8	55
14915.9	46
14915.9	27
14915.9	61
14916	45
14916	43
14916.1	45
14916.1	39
14916.2	30
14916.2	50
14916.3	29
14916.3	62
14916.3	43
14916.4	31
14916.4	49
14916.5	28
14916.5	69
14916.6	37
14916.6	23
14916.6	44
14916.7	26
14916.7	56
14916.8	46
14916.8	39
14916.9	42
14916.9	61
14917	40
14917	43
14917	27
14917.1	33
14917.1	18
14917.2	60
14917.2	49
14917.3	67
14917.3	34
14917.3	29
14917.4	40
14917.4	48
14917.5	49
14917.5	35
14917.6	36
14917.6	34
14917.7	32
14917.7	44
14917.7	65
14917.8	38
14917.8	37
14917.9	44
14917.9	36
14918	50
14918	37
14918.1	42
14918.1	50
14918.1	52
14918.2	51
14918.2	38
14918.3	33
14918.3	39
14918.4	56
14918.4	49
14918.4	39
14918.5	48
14918.5	27
14918.6	60
14918.6	48
14918.7	35
14918.7	48
14918.8	53
14918.8	54
14918.8	38
14918.9	41
14918.9	28
14919	38
14919	33
14919.1	39
14919.1	38
14919.1	54
14919.2	31
14919.2	34
14919.3	39
14919.3	41
14919.4	55
14919.4	43
14919.5	43
14919.5	33
14919.5	44
14919.6	51
14919.6	55
14919.7	31
14919.7	46
14919.8	38
14919.8	57
14919.8	51
14919.9	65
14919.9	23
14920	31
14920	40
14920.1	51
14920.1	48
14920.2	51
14920.2	51
14920.2	50
14920.3	45
14920.3	54
14920.4	39
14920.4	41
14920.5	25
14920.5	40
14920.5	47
14920.6	49
14920.6	52
14920.7	46
14920.7	54
14920.8	49
14920.8	58
14920.9	28
14920.9	33
14920.9	43
14921	46
14921	63
14921.1	32
14921.1	40
14921.2	35
14921.2	25
14921.2	45
14921.3	46
14921.3	34
14921.4	47
14921.4	32
14921.5	44
14921.5	41
14921.5	43
14921.6	51
14921.6	42
14921.7	36
14921.7	42
14921.8	39
14921.8	53
14921.9	51
14921.9	14
14921.9	37
14922	37
14922	56
14922.1	53
14922.1	31
14922.2	34
14922.2	34
14922.2	42
14922.3	48
14922.3	61
14922.4	40.9926
14922.4	33.1517
14922.5	48.7292
14922.5	36.3758
14922.6	47.5617
14922.6	31.5366
14922.6	39.2645
14922.7	30.4316
14922.7	37.4919
14922.8	43.6057
14922.8	42.6325
14922.9	39.4619
14922.9	50.2648
14922.9	31.9121
14923	42.5417
14923	27.4036
14923.1	46.1842
14923.1	27.9115
14923.2	41.9533
14923.2	45.7017
14923.2	51.9134
14923.3	35.6746
14923.3	36.9412
14923.4	36.5118
14923.4	50.6876
14923.5	48.565
14923.5	37.8807
14923.6	32.9986
14923.6	44.925
14923.6	24.5035
14923.7	33.0637
14923.7	53.1514
14923.8	26.6982
14923.8	48.9868
14923.9	25.3701
14923.9	28.2922
14923.9	35.3091
14924	40.1918
14924	28.1138
14924.1	48.1061
14924.1	36.033
14924.2	42.4254
14924.2	45.0576
14924.2	29.405
14924.3	45.2145
14924.3	32.7747
14924.4	36.3713
14924.4	45.5528
14924.5	38.5129
14924.5	39.4547
14924.5	42.5252
14924.6	51.5117
14924.6	32.8326
14924.7	36.3476
14924.7	34.4365
14924.8	33.7264
14924.8	30.0365
14924.9	32.7516
14924.9	42.6425
14924.9	23.9438
14925	29.9689
14925	32.058
14925.1	34.2857
14925.1	30.11
14925.2	35.457
14925.2	43.3483
14925.2	31.4401
14925.3	26.6656
14925.3	38.3484
14925.4	44.9072
14925.4	34.6967
14925.5	31.9773
14925.5	35.9896
14925.5	34.9159
14925.6	29.72
14925.6	30.7987
14925.7	25.2992
14925.7	38.124
14925.8	27.1917
14925.8	26.399
14925.8	36.6027
14925.9	39.7105
14925.9	24.3349
14926	23.7196
14926	36.1308
14926.1	35.5028
14926.1	29.2157
14926.2	37.9636
14926.2	43.2079
14926.2	24.1771
14926.3	21.117
14926.3	40.9412
14926.4	46.0931
14926.4	36.6503
14926.5	23.5403
14926.5	23.7875
14926.5	25.7147
14926.6	23.9171
14926.6	32.9527
14926.7	40.0758
14926.7	39.4978
14926.8	25.894
14926.8	18
14926.8	33
14926.9	36
14926.9	31
14927	29
14927	19
14927	28
14927.1	42
14927.1	39
14927.2	36
14927.2	39
14927.3	30
14927.3	33
14927.4	29
14927.4	44
14927.4	37
14927.5	33
14927.5	16
14927.6	32
14927.6	34
14927.7	24
14927.7	30
14927.8	24
14927.8	52
14927.8	41
14927.9	50
14927.9	23
14928	24
14928	32
14928.1	44
14928.1	43
14928.1	47
14928.2	34
14928.2	30
14928.3	26
14928.3	33
14928.4	65
14928.4	35
14928.5	31
14928.5	43
14928.5	34
14928.6	36
14928.6	31
14928.7	49
14928.7	33
14928.8	51
14928.8	40
14928.9	49
14928.9	20
14928.9	34
14929	45
14929	36
14929.1	52
14929.1	48
14929.2	37
14929.2	38
14929.3	42
14929.3	44
14929.3	52
14929.4	34
14929.4	33
14929.5	33
14929.5	38
14929.6	56
14929.6	23
14929.7	40
14929.7	42
14929.7	39
14929.8	38
14929.8	55
14929.9	32
14929.9	29
14930	23
14930	35
14930	41
14930.1	30
14930.1	42
14930.2	29
14930.2	53
14930.3	58
14930.3	45
14930.4	39
14930.4	22
14930.4	34
14930.5	39
14930.5	42
14930.6	25
14930.6	41
14930.7	37
14930.7	55
14930.8	25
14930.8	58
14930.8	28
14930.9	44
14930.9	55
14931	52
14931	43
14931.1	38
14931.1	42
14931.2	27
14931.2	64
14931.2	55
14931.3	59
14931.3	49
14931.4	35
14931.4	52
14931.5	55
14931.5	23
14931.5	40
14931.6	45
14931.6	40
14931.7	33
14931.7	51
14931.8	52
14931.8	48
14931.9	38
14931.9	38
14931.9	51
14932	36
14932	38
14932.1	45
14932.1	31
14932.2	37
14932.2	42
14932.3	35
14932.3	38
14932.3	39
14932.4	40
14932.4	29
14932.5	59
14932.5	31
14932.6	49
14932.6	36
14932.6	30
14932.7	45
14932.7	43
14932.8	50
14932.8	54
14932.9	49
14932.9	40
14933	45
14933	47
14933	33
14933.1	36
14933.1	36
14933.2	48
14933.2	51
14933.3	40
14933.3	46
14933.3	44
14933.4	40
14933.4	47
14933.5	28
14933.5	15
14933.6	36
14933.6	62
14933.7	43
14933.7	24
14933.7	47
14933.8	40
14933.8	33
14933.9	49
14933.9	72
14934	41
14934	26
14934.1	38
14934.1	68
14934.1	54
14934.2	24
14934.2	43
14934.3	37
14934.3	40
14934.4	35
14934.4	46
14934.4	31
14934.5	28
14934.5	40
14934.6	45
14934.6	27
14934.7	47
14934.7	38
14934.8	40
14934.8	46
14934.8	29
14934.9	59
14934.9	47
14935	36
14935	45
14935.1	42
14935.1	59
14935.1	57
14935.2	36
14935.2	36
14935.3	47
14935.3	35
14935.4	56
14935.4	28
14935.5	28
14935.5	45
14935.5	49
14935.6	36
14935.6	52
14935.7	60
14935.7	44
14935.8	46
14935.8	40
14935.8	48
14935.9	38
14935.9	38
14936	49
14936	50
14936.1	32
14936.1	51
14936.2	33
14936.2	44
14936.2	49
14936.3	36
14936.3	43
14936.4	44
14936.4	44
14936.5	58
14936.5	46
14936.5	59
14936.6	38
14936.6	34
14936.7	43
14936.7	37
14936.8	47
14936.8	51
14936.9	35
14936.9	25
14936.9	46
14937	47
14937	45
14937.1	37
14937.1	40
14937.2	39
14937.2	46.5
14937.2	54
14937.3	32
14937.3	42
14937.4	43
14937.4	34
14937.5	37
14937.5	60
14937.5	39
14937.6	35
14937.6	39
14937.7	44
14937.7	54
14937.8	47
14937.8	45
14937.9	57
14937.9	50
14937.9	47
14938	47
14938	28
14938.1	40
14938.1	37
14938.2	51
14938.2	45
14938.2	44
14938.3	40
14938.3	54
14938.4	49
14938.4	44
14938.5	52
14938.5	42
14938.5	41
14938.6	32
14938.6	52
14938.7	50
14938.7	55
14938.8	58
14938.8	52
14938.9	62
14938.9	41
14938.9	49
14939	49
14939	36
14939.1	53
14939.1	56
14939.2	46
14939.2	42
14939.2	52
14939.3	28
14939.3	58
14939.4	47
14939.4	49
14939.5	36
14939.5	54
14939.5	43
14939.6	49
14939.6	48
14939.7	56
14939.7	45
14939.8	37
14939.8	54
14939.9	48
14939.9	46
14939.9	48
14940	34
14940	55
14940.1	50
14940.1	41
14940.2	48
14940.2	51
14940.2	53
14940.3	59
14940.3	48
14940.4	70
14940.4	45
14940.5	30
14940.5	53
14940.5	54
14940.6	45
14940.6	56
14940.7	47
14940.7	46
14940.8	33
14940.8	50
14940.9	56
14940.9	61
14940.9	65
14941	62
14941	45
14941.1	44
14941.1	52
14941.2	46
14941.2	43
14941.2	52
14941.3	56
14941.3	48
14941.4	37
14941.4	69
14941.5	48
14941.5	40
14941.5	48
14941.6	38
14941.6	38
14941.7	40
14941.7	42
14941.8	46
14941.8	65
14941.8	55
14941.9	48
14941.9	41
14942	35
14942	46
14942.1	53
14942.1	48
14942.1	56
14942.2	51
14942.2	49
14942.3	48
14942.3	38
14942.4	46
14942.4	47
14942.5	50
14942.5	50
14942.5	37
14942.6	33
14942.6	51
14942.7	55
14942.7	43
14942.8	30
14942.8	26
14942.8	49
14942.9	63
14942.9	43
14943	49
14943	59
14943.1	44
14943.1	49
14943.1	57
14943.2	46
14943.2	35
14943.3	58
14943.3	48
14943.4	56
14943.4	43
14943.4	55
14943.5	45
14943.5	56
14943.6	58
14943.6	57
14943.7	37
14943.7	54
14943.7	66
14943.8	53
14943.8	66
14943.9	62
14943.9	75
14944	51
14944	36
14944	59
14944.1	53
14944.1	53
14944.2	57
14944.2	56
14944.3	57
14944.3	48
14944.4	62
14944.4	60
14944.4	42
14944.5	44
14944.5	70
14944.6	39
14944.6	30
14944.7	39
14944.7	36
14944.7	43
14944.8	43
14944.8	67
14944.9	53
14944.9	34
14945	53
14945	31
14945	61
14945.1	50
14945.1	57
14945.2	58
14945.2	35
14945.3	50
14945.3	45
14945.3	46
14945.4	45
14945.4	37
14945.5	53
14945.5	26
14945.6	33
14945.6	42
14945.6	48
14945.7	42
14945.7	47
14945.8	44
14945.8	49
14945.9	38
14945.9	41
14945.9	61
14946	44
14946	52
14946.1	45
14946.1	28
14946.2	34
14946.2	44
14946.2	44
14946.3	42
14946.3	40
14946.4	55
14946.4	40
14946.5	52
14946.5	47
14946.5	44
14946.6	21
14946.6	40
14946.7	34
14946.7	43
14946.8	40
14946.8	34
14946.8	58
14946.9	59
14946.9	53
14947	66
14947	51
14947.1	43
14947.1	41
14947.1	50
14947.2	51
14947.2	35
14947.3	43
14947.3	48
14947.4	57
14947.4	55
14947.4	39
14947.5	59
14947.5	34
14947.6	44
14947.6	49
14947.7	49
14947.7	55
14947.7	43
14947.8	50
14947.8	20
14947.9	56
14947.9	55
14948	43
14948	37
14948	56
14948.1	34
14948.1	63
14948.2	61
14948.2	42
14948.3	60
14948.3	57
14948.3	51
14948.4	56
14948.4	57
14948.5	26
14948.5	48
14948.6	45
14948.6	48
14948.6	52
14948.7	65
14948.7	40
14948.8	64
14948.8	64
14948.9	50
14948.9	36
14948.9	38
14949	68
14949	42
14949.1	33
14949.1	62
14949.2	43
14949.2	52
14949.2	51
14949.3	46
14949.3	35
14949.4	43
14949.4	26
14949.5	59
14949.5	43
14949.5	45
14949.6	55
14949.6	51
14949.7	59
14949.7	43
14949.8	54
14949.8	41
14949.8	35
14949.9	25
14949.9	49
14950	57
14950	60
14950.1	37
14950.1	38
14950.1	38
14950.2	54
14950.2	46
14950.3	48
14950.3	35
14950.4	27
14950.4	67
14950.4	67
14950.5	68
14950.5	43
14950.6	63
14950.6	45
14950.7	67
14950.7	62
14950.7	57
14950.8	39
14950.8	48
14950.9	43
14950.9	49
14950.9	58
14951	47
14951	36
14951.1	49
14951.1	44
14951.2	39
14951.2	57
14951.2	22
14951.3	46
14951.3	56
14951.4	51
14951.4	56
14951.5	35
14951.5	59
14951.5	38
14951.6	39
14951.6	54
14951.7	55
14951.7	67
14951.8	49
14951.8	61
14951.8	49
14951.9	61
14951.9	55
14952	50
14952	56
14952.1	48
14952.1	48
14952.1	59
14952.2	53
14952.2	74
14952.3	54
14952.3	66
14952.4	65
14952.4	48
14952.4	51
14952.5	61
14952.5	55
14952.6	66
14952.6	66
14952.7	27
14952.7	40
14952.7	77
14952.8	61
14952.8	55
14952.9	69
14952.9	52
14952.9	58
14953	48
14953	53
14953.1	40
14953.1	66
14953.2	53
14953.2	66
14953.2	76
14953.3	68
14953.3	65
14953.4	58
14953.4	79
14953.5	72
14953.5	74
14953.5	64
14953.6	63
14953.6	81
14953.7	92
14953.7	89
14953.8	80
14953.8	63
14953.8	66
14953.9	66
14953.9	66
14954	62
14954	89
14954	81
14954.1	87
14954.1	97
14954.2	81
14954.2	78
14954.3	92
14954.3	69
14954.3	92
14954.4	94
14954.4	111
14954.5	96
14954.5	108
14954.6	80
14954.6	95
14954.6	113
14954.7	102
14954.7	112
14954.8	104
14954.8	129
14954.9	114
14954.9	139
14954.9	108
14955	120
14955	126
14955.1	135
14955.1	139
14955.2	130
14955.2	118
14955.2	119
14955.3	141
14955.3	133
14955.4	149
14955.4	119
14955.4	113
14955.5	132
14955.5	124
14955.6	126
14955.6	121
14955.7	132
14955.7	118
14955.7	140
14955.8	161
14955.8	148
14955.9	98
14955.9	117
14956	130
14956	112
14956	112
14956.1	135
14956.1	122
14956.2	99
14956.2	104
14956.2	132
14956.3	109
14956.3	93
14956.4	83
14956.4	106
14956.5	92
14956.5	84
14956.5	114
14956.6	91
14956.6	91
14956.7	98
14956.7	94
14956.8	93
14956.8	65
14956.8	55
14956.9	61
14956.9	73
14957	94
14957	74
14957.1	81
14957.1	72
14957.1	72
14957.2	69
14957.2	85
14957.3	70
14957.3	76
14957.3	68
14957.4	74
14957.4	56
14957.5	59
14957.5	56
14957.6	52
14957.6	79
14957.6	78
14957.7	53
14957.7	48
14957.8	46
14957.8	63
14957.9	55
14957.9	58
14957.9	52
14958	59
14958	45
14958.1	61
14958.1	63
14958.1	58
14958.2	45
14958.2	46
14958.3	54
14958.3	59
14958.4	71
14958.4	52
14958.4	57
14958.5	35
14958.5	43
14958.6	81
14958.6	58
14958.6	56
14958.7	51
14958.7	61
14958.8	60
14958.8	63
14958.9	60
14958.9	63
14958.9	48
14959	46
14959	55
14959.1	56
14959.1	43
14959.2	38
14959.2	51
14959.2	61
14959.3	54
14959.3	57
14959.4	49
14959.4	43
14959.4	52
14959.5	71
14959.5	54
14959.6	48
14959.6	45
14959.7	52
14959.7	43
14959.7	55
14959.8	50
14959.8	60
14959.9	44
14959.9	45
14960	47
14960	43
14960	50
14960.1	42
14960.1	40
14960.2	45
14960.2	59
14960.2	45
14960.3	35
14960.3	34
14960.4	62
14960.4	49
14960.5	50
14960.5	39
14960.5	45
14960.6	45
14960.6	44
14960.7	49
14960.7	57
14960.7	36
14960.8	32
14960.8	52
14960.9	48
14960.9	28
14961	60
14961	62
14961	48
14961.1	40
14961.1	34
14961.2	62
14961.2	29
14961.2	38
14961.3	56
14961.3	41
14961.4	39
14961.4	46
14961.5	43
14961.5	60
14961.5	48
14961.6	55
14961.6	35
14961.7	23
14961.7	26
14961.8	50
14961.8	59
14961.8	39
14961.9	47
14961.9	61
14962	47
14962	35
14962	51
14962.1	41
14962.1	26
14962.2	42.957
14962.2	29.0654
14962.3	39.0251
14962.3	45.1528
14962.3	55.6999
14962.4	55.1266
14962.4	43.1754
14962.5	47.5924
14962.5	52.2684
14962.5	40.8825
14962.6	44.1262
14962.6	31.4246
14962.7	32.5316
14962.7	24.1578
14962.8	39.4531
14962.8	45.0143
14962.8	40.6155
14962.9	39.7152
14962.9	38.2897
14963	49.1158
14963	36.9851
14963	41.9897
14963.1	34.9709
14963.1	42.7544
14963.2	39.0862
14963.2	43.7756
14963.3	43.5731
14963.3	37.2755
14963.3	45.0801
14963.4	56.5439
14963.4	45.4984
14963.5	38.9019
14963.5	27.0649
14963.5	29.691
14963.6	40.3583
14963.6	37.1565
14963.7	43.8903
14963.7	59.2379
14963.8	33.4231
14963.8	51.261
14963.8	45.6125
14963.9	46.0307
14963.9	30.8627
14964	26.1536
14964	53.9434
14964	45.9989
14964.1	36.3347
14964.1	26.0186
14964.2	27.0658
14964.2	36.3853
14964.3	36.0083
14964.3	43.4375
14964.3	41.7458
14964.4	38.6367
14964.4	30.7686
14964.5	36.3
14964.5	37.3935
14964.5	33.6954
14964.6	31.4211
14964.6	38.5597
14964.7	30.7446
14964.7	37.5323
14964.8	34.162
14964.8	37.31
14964.8	30.004
14964.9	36.8603
14964.9	29.1146
14965	38.3485
14965	40.8167
14965	36.96
14965.1	23.7233
14965.1	22.4806
14965.2	24.3109
14965.2	35.295
14965.3	42.1367
14965.3	31.1026
14965.3	39.9524
14965.4	36.8076
14965.4	7.61997
14965.5	38.5449
14965.5	41.3267
14965.5	33.4793
14965.6	40.1152
14965.6	40.4193
14965.7	28.1771
14965.7	44.3926
14965.7	32.1602
14965.8	40.1962
14965.8	30.7515
14965.9	30.0971
14965.9	33.33
14966	26.5547
14966	14.8028
14966	30.3931
14966.1	34.996
14966.1	36.014
14966.2	32.2621
14966.2	30.1919
14966.2	35.4823
14966.3	39.6994
14966.3	20.6268
14966.4	21.8168
14966.4	33.4221
14966.4	31
14966.5	33
14966.5	28
14966.6	42
14966.6	32
14966.6	29
14966.7	32
14966.7	42
14966.8	17
14966.8	20
14966.9	28
14966.9	28
14966.9	23
14967	30
14967	32
14967.1	40
14967.1	36
14967.2	37
14967.2	31
14967.2	18
14967.3	16
14967.3	36
14967.4	44
14967.4	27
14967.5	39
14967.5	34
14967.5	34
14967.6	46
14967.6	25
14967.7	49
14967.7	47
14967.8	31
14967.8	45
14967.8	54
14967.9	32
14967.9	41
14968	35
14968	32
14968	33
14968.1	42
14968.1	32
14968.2	33
14968.2	38
14968.3	32
14968.3	25
14968.3	32
14968.4	16
14968.4	33
14968.5	26
14968.5	42
14968.6	52
14968.6	40
14968.6	22
14968.7	37
14968.7	27
14968.8	42
14968.8	52
14968.9	27
14968.9	18
14968.9	43
14969	55
14969	42
14969.1	43
14969.1	39
14969.2	35
14969.2	59
14969.2	35
14969.3	49
14969.3	19
14969.4	27
14969.4	21
14969.4	45
14969.5	30
14969.5	53
14969.6	35
14969.6	38
14969.7	40
14969.7	47
14969.7	26
14969.8	27
14969.8	35
14969.9	32
14969.9	39
14970	31
14970	31
14970	35
14970.1	50
14970.1	51
14970.2	35
14970.2	41
14970.3	35
14970.3	35
14970.3	43
14970.4	49
14970.4	10
14970.5	23
14970.5	53
14970.5	31
14970.6	38
14970.6	59
14970.7	35
14970.7	32
14970.8	31
14970.8	57
14970.8	35
14970.9	27
14970.9	36
14971	39
14971	42
14971.1	43
14971.1	51
14971.1	36
14971.2	39
14971.2	39
14971.3	41
14971.3	41
14971.4	66
14971.4	31
14971.4	31
14971.5	34
14971.5	54
14971.6	37
14971.6	55
14971.6	29
14971.7	27
14971.7	29
14971.8	48
14971.8	27
14971.9	38
14971.9	43
14971.9	26
14972	44
14972	27
14972.1	33
14972.1	35
14972.2	31
14972.2	46
14972.2	21
14972.3	58
14972.3	41
14972.4	57
14972.4	43
14972.4	34
14972.5	9
14972.5	38
14972.6	36
14972.6	41
14972.7	41
14972.7	30
14972.7	43
14972.8	52
14972.8	48
14972.9	50
14972.9	37
14973	35
14973	28
14973	36
14973.1	35
14973.1	48
14973.2	45
14973.2	54
14973.2	52
14973.3	35
14973.3	46
14973.4	40
14973.4	51
14973.5	50
14973.5	45
14973.5	55
14973.6	44
14973.6	41
14973.7	65
14973.7	46
14973.8	33
14973.8	46
14973.8	34
14973.9	52
14973.9	37
14974	30
14974	43
14974	47
14974.1	42
14974.1	42
14974.2	35
14974.2	29
14974.3	31
14974.3	55
14974.3	43
14974.4	47
14974.4	58
14974.5	47
14974.5	61
14974.6	35
14974.6	57
14974.6	45
14974.7	35
14974.7	32
14974.8	39
14974.8	34
14974.8	56
14974.9	43
14974.9	60
14975	49
14975	55
14975.1	58
14975.1	23
14975.1	28
14975.2	34
14975.2	47
14975.3	65
14975.3	55
14975.3	46
14975.4	43
14975.4	53
14975.5	42
14975.5	49
14975.6	31
14975.6	19
14975.6	54
14975.7	61
14975.7	34
14975.8	27
14975.8	75
14975.9	29
14975.9	42
14975.9	39
14976	49
14976	41
14976.1	36
14976.1	43
14976.1	59
14976.2	46
14976.2	62
14976.3	50
14976.3	29
14976.4	69
14976.4	63
14976.4	57
14976.5	29
14976.5	38
14976.6	40
14976.6	37
14976.6	46
14976.7	26
14976.7	45
14976.8	28
14976.8	46
14976.9	55
14976.9	59
14976.9	48
14977	24
14977	37
14977.1	33
14977.1	45
14977.1	34
14977.2	30
14977.2	44
14977.3	44
14977.3	46
14977.4	55
14977.4	47
14977.4	34
14977.5	50
14977.5	35
14977.6	39
14977.6	37
14977.7	43
14977.7	29
14977.7	55
14977.8	61
14977.8	52
14977.9	37
14977.9	60
14977.9	53
14978	34
14978	54
14978.1	52
14978.1	36
14978.2	38
14978.2	41
14978.2	47
14978.3	52
14978.3	48
14978.4	59
14978.4	50
14978.4	43
14978.5	46
14978.5	52
14978.6	15
14978.6	57
14978.7	57
14978.7	49
14978.7	34
14978.8	53
14978.8	46
14978.9	46
14978.9	48
14978.9	41
14979	42
14979	41
14979.1	47
14979.1	54
14979.2	56
14979.2	21
14979.2	50
14979.3	43
14979.3	57
14979.4	44
14979.4	46
14979.4	45
14979.5	43
14979.5	60
14979.6	22
14979.6	29
14979.7	40
14979.7	39
14979.7	44
14979.8	59
14979.8	54
14979.9	52
14979.9	39
14979.9	50
14980	17
14980	43
14980.1	58
14980.1	53
14980.2	43
14980.2	48
14980.2	43
14980.3	49
14980.3	50
14980.4	47
14980.4	40
14980.4	45
14980.5	60
14980.5	49
14980.6	35
14980.6	58
14980.6	38
14980.7	52
14980.7	54
14980.8	59
14980.8	55
14980.9	43
14980.9	58
14980.9	51
14981	51
14981	27
14981.1	55
14981.1	21
14981.1	45
14981.2	41
14981.2	57
14981.3	47
14981.3	42
14981.4	32
14981.4	36
14981.4	66
14981.5	33
14981.5	57
14981.6	32
14981.6	56
14981.6	55
14981.7	42
14981.7	48
14981.8	38
14981.8	38
14981.9	39
14981.9	47
14981.9	42
14982	35
14982	29
14982.1	45
14982.1	29
14982.1	43
14982.2	57
14982.2	44
14982.3	58
14982.3	60
14982.3	55
14982.4	54
14982.4	18
14982.5	41
14982.5	54
14982.6	25
14982.6	37
14982.6	35
14982.7	50
14982.7	43
14982.8	48
14982.8	50
14982.8	55
14982.9	31
14982.9	37
14983	48
14983	49
14983.1	65
14983.1	43
14983.1	30
14983.2	58
14983.2	34
14983.3	56
14983.3	31
14983.3	45
14983.4	49
14983.4	51
14983.5	40
14983.5	43
14983.5	42
14983.6	32
14983.6	57
14983.7	48
14983.7	67
14983.8	43
14983.8	20
14983.8	48
14983.9	48
14983.9	45
14984	63
14984	48
14984	36
14984.1	32
14984.1	50
14984.2	45
14984.2	58
14984.3	20
14984.3	54
14984.3	39
14984.4	62
14984.4	41
14984.5	30
14984.5	59
14984.5	41
14984.6	49
14984.6	44
14984.7	41
14984.7	31
14984.7	40
14984.8	40
14984.8	50
14984.9	40
14984.9	35
14985	54
14985	60
14985	61
14985.1	50
14985.1	45
14985.2	57
14985.2	52
14985.2	30
14985.3	57
14985.3	44
14985.4	46
14985.4	62
14985.4	55
14985.5	44
14985.5	48
14985.6	47
14985.6	57
14985.7	39
14985.7	46
14985.7	54
14985.8	39
14985.8	36
14985.9	55
14985.9	63
14985.9	57
14986	35
14986	42
14986.1	43
14986.1	57
14986.1	56
14986.2	55
14986.2	39
14986.3	35
14986.3	44
14986.4	44
14986.4	49
14986.4	25
14986.5	43
14986.5	26
14986.6	48
14986.6	50
14986.6	52
14986.7	51
14986.7	33
14986.8	38
14986.8	55
14986.8	58
14986.9	35
14986.9	42
14987	45
14987	49
14987.1	57
14987.1	35
14987.1	45
14987.2	48
14987.2	56
14987.3	28
14987.3	53
14987.3	42
14987.4	64
14987.4	56
14987.5	38
14987.5	30
14987.5	45
14987.6	48
14987.6	12
14987.7	37
14987.7	55
14987.7	40
14987.8	38
14987.8	34
14987.9	48
14987.9	45
14988	52
14988	61
14988	51
14988.1	34
14988.1	40
14988.2	62
14988.2	42
14988.2	45
14988.3	35
14988.3	34
14988.4	55
14988.4	41
14988.4	42
14988.5	69
14988.5	33
14988.6	35
14988.6	60
14988.7	47
14988.7	40
14988.7	38
14988.8	43
14988.8	56
14988.9	45
14988.9	34
14988.9	33
14989	45
14989	66
14989.1	46
14989.1	47
14989.1	54
14989.2	42
14989.2	39
14989.3	37
14989.3	33
14989.3	51
14989.4	45
14989.4	35
14989.5	50
14989.5	34
14989.6	57
14989.6	44
14989.6	37
14989.7	35
14989.7	39
14989.8	56
14989.8	34
14989.8	46
14989.9	43
14989.9	71
14990	36
14990	49
14990	55
14990.1	19
14990.1	47
14990.2	44
14990.2	40
14990.2	43
14990.3	39
14990.3	57
14990.4	46
14990.4	48
14990.4	53
14990.5	37
14990.5	32
14990.6	45
14990.6	48
14990.7	58
14990.7	58
14990.7	50
14990.8	52
14990.8	50
14990.9	37
14990.9	53
14990.9	31
14991	32
14991	25
14991.1	60
14991.1	48
14991.1	47
14991.2	48
14991.2	50
14991.3	30
14991.3	48
14991.3	51
14991.4	36
14991.4	27
14991.5	47
14991.5	34
14991.5	53
14991.6	40
14991.6	45
14991.7	45
14991.7	47
14991.8	64
14991.8	38
14991.8	26
14991.9	42
14991.9	47
14992	48
14992	43
14992	57
14992.1	47
14992.1	37
14992.2	58
14992.2	43
14992.2	34
14992.3	33
14992.3	28
14992.4	39
14992.4	49
14992.4	41
14992.5	36
14992.5	44
14992.6	39
14992.6	56
14992.6	34
14992.7	56
14992.7	46
14992.8	49
14992.8	38
14992.9	41
14992.9	42
14992.9	45
14993	52
14993	45
14993.1	48
14993.1	47
14993.1	24
14993.2	48
14993.2	32
14993.3	30
14993.3	43
14993.3	58
14993.4	48
14993.4	50
14993.5	45
14993.5	47
14993.5	41
14993.6	56
14993.6	45
14993.7	36
14993.7	41
14993.7	44
14993.8	48
14993.8	40
14993.9	38
14993.9	28
14993.9	42
14994	36
14994	50
14994.1	31
14994.1	52
14994.2	37
14994.2	40
14994.2	33
14994.3	45
14994.3	34
14994.4	28
14994.4	68
14994.4	36
14994.5	30
14994.5	37
14994.6	46
14994.6	42
14994.6	42
14994.7	39
14994.7	46
14994.8	29
14994.8	31
14994.8	41
14994.9	33
14994.9	53
14995	26
14995	39
14995	60
14995.1	52
14995.1	42
14995.2	51
14995.2	37
14995.2	46
14995.3	30
14995.3	41
14995.4	33
14995.4	22
14995.4	49
14995.5	35
14995.5	60
14995.6	42
14995.6	35
14995.6	20
14995.7	35
14995.7	44
14995.8	39
14995.8	37
14995.8	32
14995.9	53
14995.9	30
14996	53
14996	54
14996.1	28
14996.1	22
14996.1	19
14996.2	34
14996.2	39
14996.3	36
14996.3	35
14996.3	43
14996.4	53
14996.4	57
14996.5	64
14996.5	39
14996.5	23
14996.6	38
14996.6	52
14996.7	24
14996.7	41
14996.7	43
14996.8	61
14996.8	40
14996.9	34
14996.9	32
14996.9	49
14997	28
14997	42
14997.1	33
14997.1	42
14997.1	36
14997.2	30
14997.2	27
14997.3	30
14997.3	25
14997.3	44
14997.4	57
14997.4	29
14997.5	41
14997.5	32
14997.5	56
14997.6	36
14997.6	48
14997.7	34
14997.7	46
14997.7	46
14997.8	54
14997.8	46
14997.9	61
14997.9	49
14997.9	47
14998	45
14998	37
14998.1	32
14998.1	30
14998.1	49
14998.2	48
14998.2	48
14998.3	40
14998.3	39
14998.3	34
14998.4	50
14998.4	50
14998.5	38
14998.5	27
14998.5	33
14998.6	33
14998.6	45
14998.7	51
14998.7	35
14998.8	40
14998.8	36
14998.8	54
14998.9	39
14998.9	35
14999	36
14999	44
14999	43
14999.1	47
14999.1	33
14999.2	54
14999.2	52
14999.2	53
14999.3	41
14999.3	26
14999.4	47
14999.4	34
14999.4	60
14999.5	48
14999.5	45
14999.6	33
14999.6	45
14999.6	42
14999.7	44
14999.7	34
14999.8	32
14999.8	32
14999.8	29
14999.9	36
14999.9	39
15000	44
15000	26
15000	38
15000.1	36
15000.1	47
15000.2	40
15000.2	33
15000.2	45
15000.3	24.0571
15000.3	36.9766
15000.4	43.7135
15000.4	40.037
15000.4	18.8564
15000.5	25.8544
15000.5	31.3463
15000.6	66.8529
15000.6	53.6167
15000.6	31.7655
15000.7	29.7256
15000.7	24.4075
15000.8	43.7413
15000.8	37.4918
15000.8	40.6013
15000.9	43.1635
15000.9	45.5286
15001	45.547
15001	37.7281
15001	39.246
15001.1	51.9145
15001.1	42.2278
15001.2	33.9153
15001.2	37.5603
15001.2	25.3333
15001.3	38.0889
15001.3	46.2419
15001.4	42.0183
15001.4	32.0189
15001.4	44.1143
15001.5	28.6879
15001.5	43.9508
15001.6	42.8158
15001.6	16.6205
15001.6	10.0121
15001.7	28.1618
15001.7	41.8832
15001.8	29.0527
15001.8	24.441
15001.8	35.3836
15001.9	32.4033
15001.9	34.6564
15002	37.7179
15002	25.7814
15002	28.9773
15002.1	33.7237
15002.1	36.1619
15002.2	26.8021
15002.2	35.471
15002.2	34.0438
15002.3	41.08
15002.3	30.5549
15002.4	36.141
15002.4	37.8319
15002.4	29.5593
15002.5	28.6732
15002.5	38.2189
15002.6	40.73
15002.6	34.2
15002.6	32.4503
15002.7	36.3123
15002.7	38.8286
15002.8	29.3741
15002.8	31.5219
15002.8	25.1864
15002.9	26.7357
15002.9	30.3997
15003	46.5206
15003	44.026
15003	41.1021
15003.1	33.9785
15003.1	25.319
15003.2	34.0331
15003.2	41.6667
15003.2	36.1662
15003.3	42.5318
15003.3	39.3703
15003.4	41.0635
15003.4	40.5903
15003.4	37.5337
15003.5	33.963
15003.5	27.875
15003.6	30.7985
15003.6	31.9779
15003.6	32.1996
15003.7	33.4286
15003.7	26.9381
15003.8	31.0855
15003.8	37.7571
15003.8	40.755
15003.9	37.3352
15003.9	17.4383
15003.9	16.9961
15004	26.873
15004	32.6308
15004.1	34.6715
15004.1	29.5955
15004.1	27.7857
15004.2	47.5568
15004.2	39.385
15004.3	37.6187
15004.3	30.7455
15004.3	11.3561
15004.4	18.3476
15004.4	27.3062
15004.4	29
15004.5	28
15004.5	41
15004.6	37
15004.6	26
15004.6	6
15004.7	50
15004.7	12
15004.8	42
15004.8	31
15004.8	39
15004.9	39
15004.9	32
15005	43
15005	19
15005	23
15005.1	41
15005.1	36
15005.2	37
15005.2	57
15005.3	23
15005.3	22
15005.3	44
15005.4	24
15005.4	38
15005.5	19
15005.5	13
15005.5	48
15005.6	44
15005.6	37
15005.7	39
15005.7	30
15005.7	16
15005.8	34
15005.8	36
15005.9	35
15005.9	39
15005.9	32
15006	25
15006	40
15006.1	33
15006.1	47
15006.1	24
15006.2	28
15006.2	34
15006.3	40
15006.3	39
15006.4	32
15006.4	50
15006.4	37
15006.5	24
15006.5	35
15006.6	56
15006.6	37
15006.6	42
15006.7	34
15006.7	33
15006.8	36
15006.8	30
15006.8	43
15006.9	41
15006.9	20
15007	42
15007	41
15007	39
15007.1	26
15007.1	34
15007.2	55
15007.2	68
15007.2	33
15007.3	29
15007.3	29
15007.4	43
15007.4	42
15007.5	38
15007.5	62
15007.5	30
15007.6	57
15007.6	27
15007.7	41
15007.7	27
15007.7	21
15007.8	34
15007.8	41
15007.9	38
15007.9	43
15007.9	28
15008	35
15008	60
15008.1	43
15008.1	45
15008.1	32
15008.2	33
15008.2	38
15008.3	45
15008.3	44
15008.3	56
15008.4	50
15008.4	43
15008.5	52
15008.5	38
15008.5	48
15008.6	57
15008.6	13
15008.7	36
15008.7	53
15008.8	40
15008.8	42
15008.8	46
15008.9	30
15008.9	60
15009	48
15009	53
15009	39
15009.1	17
15009.1	40
15009.2	50
15009.2	38
15009.2	37
15009.3	52
15009.3	36
15009.4	39
15009.4	35
15009.4	52
15009.5	50
15009.5	24
15009.6	35
15009.6	39
15009.6	42
15009.7	37
15009.7	36
15009.8	25
15009.8	53
15009.8	45
15009.9	48
15009.9	32
15010	50
15010	34
15010	30
15010.1	48
15010.1	46
15010.2	45
15010.2	41
15010.3	37
15010.3	52
15010.3	55
15010.4	50
15010.4	40
15010.5	56
15010.5	26
15010.5	49
15010.6	53
15010.6	56
15010.7	36
15010.7	35
15010.7	42
15010.8	38
15010.8	50
15010.9	48
15010.9	49
15010.9	21
15011	41
15011	43
15011.1	40
15011.1	58
15011.1	52
15011.2	50
15011.2	49
15011.3	32
15011.3	31
15011.3	44
15011.4	55
15011.4	66
15011.5	38
15011.5	33
15011.5	34
15011.6	33
15011.6	49
15011.7	53
15011.7	42
15011.7	57
15011.8	68
15011.8	44
15011.9	62
15011.9	53
15011.9	34
15012	44
15012	52
15012.1	41
15012.1	48
15012.1	31
15012.2	26
15012.2	46
15012.3	56
15012.3	62
15012.3	41
15012.4	37
15012.4	39
15012.5	20
15012.5	43
15012.6	44
15012.6	44
15012.6	55
15012.7	54
15012.7	37
15012.8	56
15012.8	34
15012.8	25
15012.9	45
15012.9	46
15013	44
15013	39
15013	44
15013.1	40
15013.1	37
15013.2	28
15013.2	43
15013.2	48
15013.3	34
15013.3	26
15013.4	58
15013.4	57
15013.4	32
15013.5	39
15013.5	47
15013.6	33
15013.6	54
15013.6	32
15013.7	31
15013.7	47
15013.8	54
15013.8	51
15013.8	46
15013.9	33
15013.9	41
15014	49
15014	57
15014	51
15014.1	68
15014.1	42
15014.2	41
15014.2	50
15014.2	61
15014.3	40
15014.3	45
15014.4	62
15014.4	53
15014.4	46
15014.5	38
15014.5	56
15014.6	41
15014.6	42
15014.6	49
15014.7	51
15014.7	58
15014.8	56
15014.8	53
15014.8	30
15014.9	43
15014.9	53
15015	40
15015	36
15015	49
15015.1	45
15015.1	44
15015.2	50
15015.2	52
15015.2	52
15015.3	50
15015.3	48
15015.4	75
15015.4	42
15015.4	60
15015.5	35
15015.5	58
15015.6	37
15015.6	63
15015.6	46
15015.7	53
15015.7	47
15015.8	52
15015.8	51
15015.8	45
15015.9	52
15015.9	43
15016	54
15016	43
15016	64
15016.1	46
15016.1	43
15016.2	43
15016.2	59
15016.2	60
15016.3	63
15016.3	51
15016.4	39
15016.4	59
15016.4	54
15016.5	55
15016.5	51
15016.6	43
15016.6	43
15016.6	53
15016.7	41
15016.7	29
15016.8	43
15016.8	63
15016.8	56
15016.9	40
15016.9	68
15017	55
15017	23
15017	40
15017.1	50
15017.1	44
15017.2	47
15017.2	43
15017.2	44
15017.3	55
15017.3	42
15017.4	63
15017.4	51
15017.4	22
15017.5	59
15017.5	45
15017.6	37
15017.6	41
15017.6	41
15017.7	69
15017.7	54
15017.8	56
15017.8	64
15017.8	56
15017.9	40
15017.9	55
15018	54
15018	52
15018	52
15018.1	46
15018.1	43
15018.2	51
15018.2	62
15018.2	56
15018.3	43
15018.3	51
15018.4	55
15018.4	41
15018.4	44
15018.5	45
15018.5	55
15018.6	59
15018.6	56
15018.6	50
15018.7	50
15018.7	29
15018.8	23
15018.8	64
15018.8	61
15018.9	59
15018.9	36
15019	51
15019	40
15019	52
15019.1	55
15019.1	48
15019.2	47
15019.2	46
15019.2	48
15019.3	53
15019.3	64
15019.4	65
15019.4	45
15019.4	48
15019.5	54
15019.5	38
15019.6	50
15019.6	42
15019.6	38
15019.7	45
15019.7	51
15019.8	47
15019.8	35
15019.8	29
15019.9	44
15019.9	51
15020	31
15020	43
15020	44
15020.1	58
15020.1	39
15020.2	65
15020.2	57
15020.2	50
15020.3	39
15020.3	43
15020.3	32
15020.4	44
15020.4	45
15020.5	51
15020.5	43
15020.5	56
15020.6	46
15020.6	50
15020.7	41
15020.7	49
15020.7	44
15020.8	63
15020.8	45
15020.9	32
15020.9	36
15020.9	58
15021	55
15021	38
15021.1	80
15021.1	58
15021.1	53
15021.2	41
15021.2	65
15021.3	48
15021.3	57
15021.3	56
15021.4	60
15021.4	54
15021.5	42
15021.5	42
15021.5	46
15021.6	32
15021.6	49
15021.7	57
15021.7	39
15021.7	47
15021.8	56
15021.8	52
15021.9	44
15021.9	37
15021.9	57
15022	66
15022	40
15022.1	42
15022.1	44
15022.1	58
15022.2	47
15022.2	66
15022.3	39
15022.3	48
15022.3	61
15022.4	41
15022.4	35
15022.4	37
15022.5	40
15022.5	44
15022.6	56
15022.6	41
15022.6	46
15022.7	44
15022.7	52
15022.8	46
15022.8	42
15022.8	49
15022.9	42
15022.9	64
15023	57
15023	65
15023	50
15023.1	49
15023.1	50
15023.2	56
15023.2	44
15023.2	45
15023.3	44
15023.3	43
15023.4	46
15023.4	60
15023.4	54
15023.5	38
15023.5	57
15023.6	39
15023.6	62
15023.6	43
15023.7	61
15023.7	54
15023.8	27
15023.8	53
15023.8	63
15023.9	68
15023.9	37
15024	63
15024	44
15024	53
15024.1	38
15024.1	60
15024.1	47
15024.2	36
15024.2	40
15024.3	47
15024.3	46
15024.3	35
15024.4	34
15024.4	38
15024.5	55
15024.5	53
15024.5	49
15024.6	51
15024.6	39
15024.7	55
15024.7	46
15024.7	48
15024.8	39
15024.8	47
15024.9	55
15024.9	63
15024.9	58
15025	55
15025	45
15025.1	37
15025.1	51
15025.1	55
15025.2	77
15025.2	92
15025.3	46
15025.3	59
15025.3	51
15025.4	64
15025.4	56
15025.4	59
15025.5	53
15025.5	61
15025.6	46
15025.6	64
15025.6	47
15025.7	38
15025.7	40
15025.8	43
15025.8	38
15025.8	51
15025.9	37
15025.9	56
15026	51
15026	57
15026	63
15026.1	32
15026.1	34
15026.2	45
15026.2	40
15026.2	57
15026.3	52
15026.3	47
15026.3	50
15026.4	42
15026.4	54
15026.5	62
15026.5	49
15026.5	35
15026.6	31
15026.6	55
15026.7	47
15026.7	60
15026.7	53
15026.8	41
15026.8	51
15026.9	35
15026.9	56
15026.9	56
15027	56
15027	45
15027.1	51
15027.1	44
15027.1	58
15027.2	48
15027.2	52
15027.3	41
15027.3	58
15027.3	43
15027.4	56
15027.4	54
15027.4	46
15027.5	49
15027.5	59
15027.6	52
15027.6	53
15027.6	41
15027.7	36
15027.7	65
15027.8	42
15027.8	44
15027.8	32
15027.9	34
15027.9	44
15028	39
15028	44
15028	44
15028.1	47
15028.1	36
15028.2	45
15028.2	56
15028.2	42
15028.3	43
15028.3	50
15028.3	46
15028.4	78
15028.4	49
15028.5	59
15028.5	37
15028.5	55
15028.6	55
15028.6	32
15028.7	55
15028.7	46
15028.7	59
15028.8	59
15028.8	48
15028.9	61
15028.9	43
15028.9	55
15029	55
15029	54
15029.1	36
15029.1	61
15029.1	45
15029.2	37
15029.2	51
15029.2	58
15029.3	44
15029.3	26
15029.4	56
15029.4	57
15029.4	55
15029.5	38
15029.5	43
15029.6	46
15029.6	36
15029.6	63
15029.7	61
15029.7	29
15029.8	39
15029.8	52
15029.8	49
15029.9	34
15029.9	52
15029.9	73
15030	44
15030	38
15030.1	41
15030.1	56
15030.1	34
15030.2	42
15030.2	37
15030.3	58
15030.3	22
15030.3	57
15030.4	49
15030.4	50
15030.5	45
15030.5	51
15030.5	52
15030.6	50
15030.6	23
15030.6	46
15030.7	63
15030.7	54
15030.8	43
15030.8	51
15030.8	37
15030.9	41
15030.9	55
15031	43
15031	51
15031	44
15031.1	46
15031.1	71
15031.2	47
15031.2	51
15031.2	56
15031.3	47
15031.3	59
15031.3	53
15031.4	37
15031.4	60
15031.5	35
15031.5	37
15031.5	50
15031.6	46
15031.6	46
15031.7	63
15031.7	56
15031.7	45
15031.8	47
15031.8	57
15031.9	41
15031.9	52
15031.9	34
15032	55
15032	68
15032	42
15032.1	28
15032.1	51
15032.2	75
15032.2	46
15032.2	57
15032.3	32
15032.3	45
15032.4	47
15032.4	45
15032.4	62
15032.5	48
15032.5	38
15032.6	53
15032.6	36
15032.6	47
15032.7	54
15032.7	47
15032.7	48
15032.8	48
15032.8	53
15032.9	51
15032.9	39
15032.9	44
15033	56
15033	54
15033.1	61
15033.1	57
15033.1	40
15033.2	44
15033.2	37
15033.3	58
15033.3	40
15033.3	44
15033.4	48
15033.4	68
15033.4	51
15033.5	38
15033.5	20
15033.6	40
15033.6	40
15033.6	61
15033.7	61
15033.7	60
15033.8	36
15033.8	46
15033.8	48
15033.9	50
15033.9	54
15033.9	30
15034	45
15034	62
15034.1	67
15034.1	53
15034.1	39
15034.2	42
15034.2	49
15034.3	51
15034.3	56
15034.3	53
15034.4	59
15034.4	36
15034.4	33
15034.5	50
15034.5	74
15034.6	55
15034.6	54
15034.6	36
15034.7	47
15034.7	57
15034.8	47
15034.8	33
15034.8	40
15034.9	39
15034.9	42
15035	63
15035	54
15035	42
15035.1	39
15035.1	39
15035.1	49
15035.2	67
15035.2	51
15035.3	59
15035.3	67
15035.3	54
15035.4	69
15035.4	61
15035.5	51
15035.5	49
15035.5	35
15035.6	64
15035.6	48
15035.6	53
15035.7	54
15035.7	43
15035.8	44
15035.8	52
15035.8	50
15035.9	47
15035.9	31
15036	42
15036	68
15036	43
15036.1	43
15036.1	37
15036.1	59
15036.2	54
15036.2	65
15036.3	61
15036.3	38
15036.3	51
15036.4	61
15036.4	52
15036.5	50
15036.5	41
15036.5	57
15036.6	48
15036.6	54
15036.6	45
15036.7	70
15036.7	40
15036.8	56
15036.8	51
15036.8	44
15036.9	55
15036.9	34
15037	34
15037	50.9902
15037	57.7364
15037.1	74.1059
15037.1	52.5855
15037.1	42.7106
15037.2	37.1196
15037.2	38.841
15037.3	62.6179
15037.3	45.1304
15037.3	37.8815
15037.4	16.1036
15037.4	48.412
15037.5	58.6669
15037.5	42.3095
15037.5	50.8182
15037.6	29.1834
15037.6	50.4482
15037.6	34.1343
15037.7	32.9513
15037.7	55.7562
15037.8	44.3821
15037.8	42.5091
15037.8	48.5735
15037.9	48.6272
15037.9	42.5746
15038	38.5216
15038	42.9898
15038	41.3928
15038.1	50.5395
15038.1	47.7451
15038.1	41.5601
15038.2	49.1324
15038.2	36.1939
15038.3	46.7463
15038.3	52.5441
15038.3	40.4151
15038.4	45.0411
15038.4	52.4699
15038.5	39.5768
15038.5	47.5444
15038.5	39.2789
15038.6	57.472
15038.6	45.9312
15038.6	44.8257
15038.7	49.9301
15038.7	49.8534
15038.8	50.8742
15038.8	54.8391
15038.8	47.6467
15038.9	40.9184
15038.9	51.6812
15038.9	61.6511
15039	62.4904
15039	55.422
15039.1	30.1948
15039.1	51.1269
15039.1	56.7905
15039.2	43.3235
15039.2	37.1523
15039.3	44.1594
15039.3	38.5421
15039.3	43.0761
15039.4	52.8031
15039.4	32.9306
15039.4	45.415
15039.5	37.9111
15039.5	38.0882
15039.6	41.5077
15039.6	49.5912
15039.6	41.0975
15039.7	47.3494
15039.7	34.9235
15039.8	43.7474
15039.8	48.9185
15039.8	43.5671
15039.9	41.299
15039.9	43.1717
15039.9	40.0224
15040	37.3469
15040	44.1381
15040.1	46.1951
15040.1	49.1781
15040.1	50.7327
15040.2	54.2158
15040.2	44.2985
15040.2	45.9776
15040.3	40.3431
15040.3	39.3297
15040.4	36.1241
15040.4	46.1749
15040.4	47.4294
15040.5	48.6861
15040.5	65.9354
15040.6	28.6022
15040.6	48.3231
15040.6	56.3074
15040.7	54.9909
15040.7	41.3478
15040.7	36.4334
15040.8	47.6711
15040.8	34.6074
15040.9	35.4266
15040.9	37
15040.9	47
15040.9	31
15041	53
15041	31
15041.1	40
15041.1	47
15041.1	39
15041.2	58
15041.2	35
15041.3	46
15041.3	35
15041.3	55
15041.4	53
15041.4	53
15041.5	53
15041.5	49
15041.5	55
15041.6	32
15041.6	60
15041.7	42
15041.7	22
15041.7	41
15041.8	46
15041.8	54
15041.8	31
15041.9	35
15041.9	56
15042	53
15042	51
15042	45
15042.1	31
15042.1	50
15042.2	54
15042.2	43
15042.2	48
15042.3	41
15042.3	41
15042.4	63
15042.4	57
15042.4	58
15042.5	58
15042.5	58
15042.6	33
15042.6	66
15042.6	59
15042.7	51
15042.7	53
15042.8	46
15042.8	53
15042.8	37
15042.9	27
15042.9	46
15042.9	45
15043	62
15043	56
15043.1	59
15043.1	61
15043.1	28
15043.2	41
15043.2	48
15043.3	63
15043.3	76
15043.3	46
15043.4	72
15043.4	40
15043.5	59
15043.5	54
15043.5	45
15043.6	36
15043.6	38
15043.6	45
15043.7	83
15043.7	58
15043.8	48
15043.8	35
15043.8	42
15043.9	37
15043.9	49
15044	68
15044	51
15044	49
15044.1	50
15044.1	68
15044.2	46
15044.2	53
15044.2	44
15044.3	55
15044.3	50
15044.4	41
15044.4	46
15044.4	52
15044.5	59
15044.5	47
15044.5	44
15044.6	71
15044.6	54
15044.7	35
15044.7	35
15044.7	46
15044.8	61
15044.8	37
15044.9	49
15044.9	47
15044.9	49
15045	48
15045	76
15045.1	60
15045.1	71
15045.1	50
15045.2	60
15045.2	46
15045.2	66
15045.3	61
15045.3	61
15045.4	38
15045.4	75
15045.4	71
15045.5	38
15045.5	40
15045.6	51
15045.6	63
15045.6	45
15045.7	61
15045.7	44
15045.8	45
15045.8	47
15045.8	42
15045.9	60
15045.9	54
15045.9	60
15046	53
15046	47
15046.1	46
15046.1	75
15046.1	34
15046.2	32
15046.2	39
15046.3	65
15046.3	57
15046.3	67
15046.4	40
15046.4	67
15046.5	58
15046.5	50
15046.5	53
15046.6	40
15046.6	47
15046.6	53
15046.7	45
15046.7	46
15046.8	58
15046.8	41
15046.8	54
15046.9	50
15046.9	49
15047	57
15047	54
15047	53
15047.1	47
15047.1	64
15047.2	54
15047.2	55
15047.2	58
15047.3	61
15047.3	54
15047.3	77
15047.4	61
15047.4	69
15047.5	54
15047.5	63
15047.5	54
15047.6	66
15047.6	56
15047.7	51
15047.7	75
15047.7	75
15047.8	63
15047.8	60
15047.8	43
15047.9	51
15047.9	53
15048	49
15048	52
15048	51
15048.1	57
15048.1	52
15048.2	50
15048.2	56
15048.2	55
15048.3	76
15048.3	44
15048.4	57
15048.4	48
15048.4	67
15048.5	52
15048.5	74
15048.5	62
15048.6	60
15048.6	75
15048.7	72
15048.7	55
15048.7	47
15048.8	70
15048.8	49
15048.9	44
15048.9	49
15048.9	67
15049	55
15049	70
15049	46
15049.1	64
15049.1	73
15049.2	55
15049.2	49
15049.2	51
15049.3	68
15049.3	50
15049.4	61
15049.4	26
15049.4	51
15049.5	58
15049.5	57
15049.6	76
15049.6	63
15049.6	61
15049.7	57
15049.7	68
15049.7	64
15049.8	53
15049.8	40
15049.9	56
15049.9	50
15049.9	40
15050	72
15050	42
15050.1	54
15050.1	61
15050.1	60.5
15050.2	60
15050.2	69
15050.2	53
15050.3	62
15050.3	64
15050.4	56
15050.4	68
15050.4	50
15050.5	71
15050.5	70
15050.6	64
15050.6	66
15050.6	55
15050.7	59
15050.7	51
15050.7	56
15050.8	67
15050.8	39
15050.9	67
15050.9	77
15050.9	50
15051	61
15051	41
15051.1	39
15051.1	54
15051.1	57
15051.2	58
15051.2	54
15051.2	49
15051.3	69
15051.3	84
15051.4	37
15051.4	57
15051.4	38
15051.5	54
15051.5	68
15051.6	66
15051.6	40
15051.6	67
15051.7	47
15051.7	76
15051.7	69
15051.8	54
15051.8	65
15051.9	35
15051.9	30
15051.9	60
15052	59
15052	50
15052.1	71
15052.1	35
15052.1	60
15052.2	69
15052.2	47
15052.2	59
15052.3	37
15052.3	32
15052.4	70
15052.4	59
15052.4	73
15052.5	60
15052.5	54
15052.6	47
15052.6	61
15052.6	54
15052.7	54
15052.7	49
15052.7	47
15052.8	58
15052.8	51
15052.9	43
15052.9	60
15052.9	71
15053	49
15053	65
15053.1	75
15053.1	60
15053.1	59
15053.2	52
15053.2	50
15053.2	57
15053.3	70
15053.3	45
15053.4	50
15053.4	41
15053.4	66
15053.5	47
15053.5	58
15053.6	51
15053.6	50
15053.6	59
15053.7	33
15053.7	63
15053.7	45
15053.8	59
15053.8	61
15053.9	58
15053.9	59
15053.9	66
15054	53
15054	48
15054	53
15054.1	53
15054.1	69
15054.2	48
15054.2	32
15054.2	48
15054.3	60
15054.3	58
15054.4	52
15054.4	46
15054.4	46
15054.5	58
15054.5	57
15054.5	74
15054.6	61
15054.6	49
15054.7	45
15054.7	52
15054.7	47
15054.8	44
15054.8	44
15054.9	52
15054.9	40
15054.9	63
15055	70
15055	70
15055	50
15055.1	46
15055.1	55
15055.2	49
15055.2	35
15055.2	37
15055.3	47
15055.3	45
15055.3	52
15055.4	39
15055.4	52
15055.5	47
15055.5	40
15055.5	38
15055.6	53
15055.6	54
15055.7	35
15055.7	40
15055.7	59
15055.8	48
15055.8	57
15055.8	61
15055.9	42
15055.9	51
15056	46
15056	44
15056	54
15056.1	65
15056.1	49
15056.2	57
15056.2	58
15056.2	55
15056.3	46
15056.3	40
15056.3	52
15056.4	53
15056.4	65
15056.5	45
15056.5	62
15056.5	62
15056.6	46
15056.6	36
15056.6	50
15056.7	33
15056.7	37
15056.8	45
15056.8	52
15056.8	45
15056.9	26
15056.9	56
15057	46
15057	56
15057	68
15057.1	61
15057.1	44
15057.1	33
15057.2	64
15057.2	48
15057.3	50
15057.3	62
15057.3	60
15057.4	48
15057.4	56
15057.4	37
15057.5	47
15057.5	28
15057.6	42
15057.6	40
15057.6	50
15057.7	63
15057.7	60
15057.7	55
15057.8	44
15057.8	73
15057.9	55
15057.9	64
15057.9	63
15058	54
15058	46
15058.1	43
15058.1	40
15058.1	45
15058.2	51
15058.2	45
15058.2	57
15058.3	46
15058.3	40
15058.4	59
15058.4	48
15058.4	48
15058.5	37
15058.5	54
15058.5	31
15058.6	58
15058.6	72
15058.7	46
15058.7	35
15058.7	67
15058.8	41
15058.8	54
15058.8	57
15058.9	39
15058.9	53
15059	40
15059	39
15059	42
15059.1	35
15059.1	46
15059.2	22
15059.2	45
15059.2	61
15059.3	75
15059.3	65
15059.3	53
15059.4	60
15059.4	44
15059.5	49
15059.5	54
15059.5	66
15059.6	36
15059.6	44
15059.6	74
15059.7	65
15059.7	45
15059.8	44
15059.8	30
15059.8	39
15059.9	36
15059.9	64
15059.9	38
15060	51
15060	25
15060.1	56
15060.1	54
15060.1	43
15060.2	59
15060.2	52
15060.2	54
15060.3	43
15060.3	41
15060.4	57
15060.4	62
15060.4	49
15060.5	43
15060.5	30
15060.6	74
15060.6	57
15060.6	52
15060.7	53
15060.7	39
15060.7	37
15060.8	46
15060.8	52
15060.9	62
15060.9	41
15060.9	46
15061	57
15061	40
15061	53
15061.1	42
15061.1	43
15061.2	50
15061.2	52
15061.2	66
15061.3	51
15061.3	53
15061.3	47
15061.4	44
15061.4	65
15061.5	65
15061.5	56
15061.5	65
15061.6	34
15061.6	56
15061.6	48
15061.7	28
15061.7	52
15061.8	41
15061.8	56
15061.8	46
15061.9	36
15061.9	36
15061.9	36
15062	52
15062	61
15062.1	46
15062.1	18
15062.1	50
15062.2	50
15062.2	48
15062.2	35
15062.3	53
15062.3	43
15062.4	55
15062.4	52
15062.4	71
15062.5	58
15062.5	25
15062.5	35
15062.6	54
15062.6	67
15062.7	61
15062.7	54
15062.7	47
15062.8	57
15062.8	43
15062.9	66
15062.9	53
15062.9	41
15063	36
15063	31
15063	37
15063.1	42
15063.1	56
15063.2	44
15063.2	47
15063.2	38
15063.3	47
15063.3	38
15063.3	30
15063.4	47
15063.4	63
15063.5	49
15063.5	53
15063.5	47
15063.6	35
15063.6	43
15063.6	50
15063.7	54
15063.7	43
15063.8	45
15063.8	37
15063.8	49
15063.9	39
15063.9	45
15063.9	40
15064	46
15064	58
15064.1	57
15064.1	52
15064.1	58
15064.2	51
15064.2	43
15064.2	46
15064.3	44
15064.3	45
15064.4	51
15064.4	41
15064.4	57
15064.5	42
15064.5	62
15064.5	63
15064.6	16
15064.6	36
15064.7	53
15064.7	53
15064.7	47
15064.8	42
15064.8	42
15064.8	48
15064.9	66
15064.9	41
15065	39
15065	25
15065	28
15065.1	55
15065.1	52
15065.1	53
15065.2	46
15065.2	38
15065.3	35
15065.3	42
15065.3	52
15065.4	45
15065.4	29
15065.4	37
15065.5	53
15065.5	62
15065.6	32
15065.6	44
15065.6	36
15065.7	48
15065.7	47
15065.7	56
15065.8	24
15065.8	52
15065.8	42
15065.9	47
15065.9	74
15066	58
15066	26
15066	45
15066.1	29
15066.1	39
15066.1	45
15066.2	41
15066.2	64
15066.3	42
15066.3	63
15066.3	64
15066.4	46
15066.4	42
15066.4	49
15066.5	55
15066.5	44
15066.6	55
15066.6	35
15066.6	52
15066.7	53
15066.7	44
15066.7	45
15066.8	51
15066.8	38
15066.9	40
15066.9	48
15066.9	38
15067	19
15067	47
15067	52
15067.1	64
15067.1	49
15067.2	47
15067.2	31
15067.2	34
15067.3	46
15067.3	42
15067.3	53
15067.4	45
15067.4	51
15067.5	43
15067.5	49
15067.5	56
15067.6	74
15067.6	49
15067.6	29
15067.7	54
15067.7	36
15067.8	59
15067.8	40
15067.8	36
15067.9	41
15067.9	44
15067.9	49
15068	36
15068	36
15068	44
15068.1	42
15068.1	50
15068.2	40
15068.2	36
15068.2	42
15068.3	25
15068.3	59
15068.3	44
15068.4	50
15068.4	39
15068.5	42
15068.5	47
15068.5	46
15068.6	65
15068.6	37
15068.6	51
15068.7	45
15068.7	47
15068.8	54
15068.8	54
15068.8	27
15068.9	30
15068.9	53
15068.9	53
15069	23
15069	53
15069.1	51
15069.1	34
15069.1	36
15069.2	65
15069.2	56
15069.2	47
15069.3	25
15069.3	38
15069.3	38
15069.4	52
15069.4	49
15069.5	30
15069.5	31
15069.5	45
15069.6	38
15069.6	56
15069.6	35
15069.7	39
15069.7	36
15069.8	41
15069.8	38
15069.8	43
15069.9	29
15069.9	38
15069.9	42
15070	61
15070	37
15070.1	44
15070.1	55
15070.1	65
15070.2	54
15070.2	54
15070.2	52
15070.3	27
15070.3	36
15070.3	43
15070.4	35
15070.4	52
15070.5	29
15070.5	58
15070.5	43
15070.6	45
15070.6	46
15070.6	40
15070.7	19
15070.7	51
15070.8	46
15070.8	47
15070.8	28
15070.9	29
15070.9	41
15070.9	47
15071	33
15071	50
15071.1	46
15071.1	22
15071.1	53
15071.2	44
15071.2	35
15071.2	51
15071.3	41
15071.3	42
15071.3	60
15071.4	51
15071.4	51
15071.5	28
15071.5	41
15071.5	34
15071.6	49
15071.6	63
15071.6	28
15071.7	28
15071.7	49
15071.8	48
15071.8	43
15071.8	52
15071.9	26
15071.9	40
15071.9	40
15072	21
15072	46
15072	36.9439
15072.1	53.7516
15072.1	34.3599
15072.2	51.1866
15072.2	36.5634
15072.2	49.0748
15072.3	38.3554
15072.3	29.1929
15072.3	37.0566
15072.4	44.7094
15072.4	33.5931
15072.5	46.5471
15072.5	64.3656
15072.5	46.3002
15072.6	45.1536
15072.6	33.2884
15072.6	38.0778
15072.7	43.8667
15072.7	33.021
15072.8	38.8686
15072.8	30.0587
15072.8	39.5881
15072.9	24.8258
15072.9	40.4468
15072.9	25.2027
15073	39.214
15073	28.672
15073	53.8598
15073.1	39.2975
15073.1	24.603
15073.2	33.5513
15073.2	39.6127
15073.2	39.5971
15073.3	42.6174
15073.3	32.5789
15073.3	34.3973
15073.4	43.7958
15073.4	43.9504
15073.4	42.5359
15073.5	42.77
15073.5	36.293
15073.6	43.7175
15073.6	33.2512
15073.6	38.9581
15073.7	30.5202
15073.7	35.0511
15073.7	35.1655
15073.8	36.6051
15073.8	39.0799
15073.9	39.7901
15073.9	36.624
15073.9	41.9811
15074	38.2435
15074	34.7455
15074	28.7582
15074.1	34.0337
15074.1	32.2804
15074.1	37.7062
15074.2	47.5309
15074.2	35.1644
15074.3	27.3756
15074.3	38.9099
15074.3	32.2851
15074.4	42.1186
15074.4	38.4564
15074.4	29.2628
15074.5	46.743
15074.5	31.3677
15074.6	45.5445
15074.6	45.79
15074.6	48.7528
15074.7	33.1351
15074.7	32.1723
15074.7	37.2825
15074.8	41.8791
15074.8	37.4691
15074.8	37.9653
15074.9	37.6841
15074.9	36.8407
15075	36.5921
15075	35.4924
15075	29.1711
15075.1	33.742
15075.1	37.2153
15075.1	36.6167
15075.2	43.1317
15075.2	41.1061
15075.2	34.3537
15075.3	31.1841
15075.3	27.8229
15075.4	26.4251
15075.4	36.281
15075.4	31.2016
15075.5	27.5764
15075.5	41.599
15075.5	44.1309
15075.6	26.0034
15075.6	31.9582
15075.7	25.6519
15075.7	46.1907
15075.7	40.7634
15075.8	29.8294
15075.8	29.8938
15075.8	21.4938
15075.9	20.1484
15075.9	21.745
15075.9	28.8664
15076	32
15076	49
15076	29
15076.1	16
15076.1	33
15076.1	32
15076.2	4
15076.2	44
15076.3	4
15076.3	20
15076.3	14
15076.4	32
15076.4	42
15076.4	48
15076.5	34
15076.5	43
15076.6	44
15076.6	27
15076.6	28
15076.7	37
15076.7	23
15076.7	30
15076.8	41
15076.8	34
15076.9	20
15076.9	27
15076.9	43
15077	22
15077	35
15077	38
15077.1	39
15077.1	23
15077.2	37
15077.2	39
15077.2	49
15077.3	17
15077.3	37
15077.3	26
15077.4	31
15077.4	30
15077.5	44
15077.5	26
15077.5	39
15077.6	53
15077.6	35
15077.6	34
15077.7	25
15077.7	29
15077.8	34
15077.8	45
15077.8	55
15077.9	58
15077.9	10
15077.9	19
15078	40
15078	43
15078.1	45
15078.1	31
15078.1	37
15078.2	44
15078.2	33
15078.2	52
15078.3	37
15078.3	14
15078.4	34
15078.4	38
15078.4	46
15078.5	46
15078.5	39
15078.5	41
15078.6	23
15078.6	47
15078.7	29
15078.7	51
15078.7	40
15078.8	43
15078.8	21
15078.8	34
15078.9	49
15078.9	28
15079	37
15079	38
15079	25
15079.1	26
15079.1	34
15079.1	64
15079.2	41
15079.2	52
15079.3	39
15079.3	47
15079.3	42
15079.4	40
15079.4	30
15079.4	43
15079.5	39
15079.5	71
15079.6	28
15079.6	45
15079.6	49
15079.7	45
15079.7	25
15079.7	54
15079.8	24
15079.8	40
15079.9	46
15079.9	48
15079.9	43
15080	22
15080	48
15080	61
15080.1	40
15080.1	33
15080.2	33
15080.2	32
15080.2	34
15080.3	30
15080.3	48
15080.3	38
15080.4	56
15080.4	17
15080.5	53
15080.5	46
15080.5	55
15080.6	56
15080.6	38
15080.6	50
15080.7	43
15080.7	43
15080.8	52
15080.8	47
15080.8	59
15080.9	57
15080.9	53
15080.9	50
15081	39
15081	23
15081.1	60
15081.1	48
15081.1	51
15081.2	39
15081.2	49
15081.2	38
15081.3	48
15081.3	49
15081.4	49
15081.4	42
15081.4	27
15081.5	42
15081.5	36
15081.5	50
15081.6	29
15081.6	27
15081.7	47
15081.7	34
15081.7	45
15081.8	42
15081.8	29
15081.8	33
15081.9	65
15081.9	32
15082	59
15082	48
15082	46
15082.1	42
15082.1	52
15082.1	19
15082.2	52
15082.2	45
15082.2	53
15082.3	48
15082.3	37
15082.4	58
15082.4	40
15082.4	28
15082.5	22
15082.5	32
15082.5	49
15082.6	46
15082.6	40
15082.7	75
15082.7	52
15082.7	42
15082.8	45
15082.8	26
15082.8	37
15082.9	38
15082.9	43
15083	38
15083	53
15083	46
15083.1	53
15083.1	43
15083.1	43
15083.2	44
15083.2	39
15083.3	42
15083.3	59
15083.3	35
15083.4	54
15083.4	43
15083.4	39
15083.5	45
15083.5	33
15083.5	45
15083.6	53
15083.6	33
15083.7	32
15083.7	48
15083.7	54
15083.8	52
15083.8	36
15083.8	50
15083.9	32
15083.9	45
15084	54
15084	58
15084	47
15084.1	54
15084.1	64
15084.1	55
15084.2	47
15084.2	47
15084.3	47
15084.3	52
15084.3	53
15084.4	49
15084.4	47
15084.4	39
15084.5	26
15084.5	54
15084.5	44
15084.6	47
15084.6	47
15084.7	49
15084.7	51
15084.7	58
15084.8	59
15084.8	25
15084.8	45
15084.9	31
15084.9	45
15085	39
15085	46
15085	40
15085.1	43
15085.1	44
15085.1	41
15085.2	41
15085.2	48
15085.3	41
15085.3	44
15085.3	30
15085.4	36
15085.4	66
15085.4	58
15085.5	52
15085.5	43
15085.5	54
15085.6	39
15085.6	61
15085.7	40
15085.7	55
15085.7	55
15085.8	49
15085.8	38
15085.8	54
15085.9	51
15085.9	53
15086	42
15086	69
15086	39
15086.1	51
15086.1	46
15086.1	61
15086.2	62
15086.2	61
15086.3	43
15086.3	47
15086.3	42
15086.4	39
15086.4	48
15086.4	37
15086.5	53
15086.5	35
15086.5	53
15086.6	58
15086.6	62
15086.7	42
15086.7	57
15086.7	16
15086.8	51
15086.8	49
15086.8	61
15086.9	42
15086.9	40
15087	49
15087	42
15087	44
15087.1	49
15087.1	22
15087.1	32
15087.2	35
15087.2	56
15087.2	56
15087.3	37
15087.3	36
15087.4	47
15087.4	56
15087.4	66
15087.5	56
15087.5	36
15087.5	45
15087.6	46
15087.6	67
15087.7	46
15087.7	54
15087.7	54
15087.8	51
15087.8	39
15087.8	55
15087.9	51
15087.9	47
15087.9	47
15088	57
15088	65
15088.1	59
15088.1	25
15088.1	39
15088.2	44
15088.2	30
15088.2	53
15088.3	32
15088.3	55
15088.3	64
15088.4	45
15088.4	40
15088.5	44
15088.5	35
15088.5	46
15088.6	70
15088.6	54
15088.6	46
15088.7	39
15088.7	47
15088.8	47
15088.8	41
15088.8	37
15088.9	43
15088.9	35
15088.9	53
15089	56
15089	56
15089	57
15089.1	51
15089.1	34
15089.2	50
15089.2	38
15089.2	60
15089.3	67
15089.3	53
15089.3	65
15089.4	41
15089.4	58
15089.5	63
15089.5	38
15089.5	42
15089.6	42
15089.6	61
15089.6	57
15089.7	31
15089.7	49
15089.7	43
15089.8	48
15089.8	68
15089.9	31
15089.9	56
15089.9	61
15090	40
15090	58
15090	53
15090.1	34
15090.1	52
15090.1	46
15090.2	37
15090.2	68
15090.3	53
15090.3	40
15090.3	39
15090.4	58
15090.4	64
15090.4	64
15090.5	62
15090.5	51
15090.5	45
15090.6	56
15090.6	62
15090.7	43
15090.7	55
15090.7	50
15090.8	52
15090.8	49
15090.8	51
15090.9	53
15090.9	53
15091	56
15091	68
15091	47
15091.1	52
15091.1	50
15091.1	56
15091.2	60
15091.2	51
15091.2	64
15091.3	43
15091.3	36
15091.4	42
15091.4	61
15091.4	54
15091.5	45
15091.5	68
15091.5	47
15091.6	44
15091.6	37
15091.6	66
15091.7	50
15091.7	43
15091.8	36
15091.8	54
15091.8	49
15091.9	55
15091.9	29
15091.9	40
15092	59
15092	46
15092	63
15092.1	52
15092.1	44
15092.2	45
15092.2	57
15092.2	37
15092.3	64
15092.3	66
15092.3	50
15092.4	50
15092.4	34
15092.4	86
15092.5	41
15092.5	37
15092.6	65
15092.6	43
15092.6	49
15092.7	64
15092.7	40
15092.7	50
15092.8	67
15092.8	48
15092.8	52
15092.9	48
15092.9	53
15093	65
15093	54
15093	46
15093.1	50
15093.1	56
15093.1	52
15093.2	53
15093.2	43
15093.2	67
15093.3	52
15093.3	40
15093.4	56
15093.4	57
15093.4	47
15093.5	38
15093.5	56
15093.5	36
15093.6	44
15093.6	67
15093.6	53
15093.7	40
15093.7	42
15093.8	46
15093.8	49
15093.8	60
15093.9	64
15093.9	41
15093.9	37
15094	36
15094	36
15094	48
15094.1	74
15094.1	36
15094.2	40
15094.2	50
15094.2	64
15094.3	57
15094.3	46
15094.3	48
15094.4	49
15094.4	52
15094.4	42
15094.5	51
15094.5	62
15094.6	48
15094.6	42
15094.6	49
15094.7	37
15094.7	39
15094.7	46
15094.8	43
15094.8	46
15094.8	50
15094.9	65
15094.9	67
15095	63
15095	47
15095	47
15095.1	54
15095.1	55
15095.1	47
15095.2	51
15095.2	61
15095.2	61
15095.3	45
15095.3	57
15095.4	49
15095.4	50
15095.4	56
15095.5	34
15095.5	42
15095.5	60
15095.6	41
15095.6	50
15095.6	55
15095.7	45
15095.7	42
15095.8	50
15095.8	53
15095.8	59
15095.9	54
15095.9	27
15095.9	43
15096	74
15096	45
15096	53
15096.1	45
15096.1	39
15096.1	63
15096.2	40
15096.2	58
15096.3	40
15096.3	51
15096.3	55
15096.4	56
15096.4	43
15096.4	36
15096.5	39
15096.5	39
15096.5	70
15096.6	47
15096.6	74
15096.7	47
15096.7	37
15096.7	67
15096.8	43
15096.8	57
15096.8	49
15096.9	44
15096.9	41
15096.9	61
15097	50
15097	46
15097.1	56
15097.1	28
15097.1	30
15097.2	55
15097.2	63
15097.2	68
15097.3	60
15097.3	35
15097.3	57
15097.4	59
15097.4	46
15097.4	42
15097.5	41
15097.5	46
15097.6	47
15097.6	35
15097.6	53
15097.7	52
15097.7	27
15097.7	43
15097.8	33
15097.8	48
15097.8	50
15097.9	33
15097.9	51
15098	52
15098	28
15098	45
15098.1	32
15098.1	35
15098.1	46
15098.2	48
15098.2	38
15098.2	52
15098.3	49
15098.3	43
15098.3	46
15098.4	69
15098.4	52
15098.5	28
15098.5	55
15098.5	57
15098.6	38
15098.6	44
15098.6	50
15098.7	51
15098.7	60
15098.7	61
15098.8	46
15098.8	49
15098.9	43
15098.9	56
15098.9	60
15099	47
15099	50
15099	49
15099.1	54
15099.1	50
15099.1	45
15099.2	47
15099.2	44
15099.2	25
15099.3	53
15099.3	54
15099.4	49
15099.4	56
15099.4	48
15099.5	58
15099.5	39
15099.5	64
15099.6	66
15099.6	54
15099.6	41
15099.7	53
15099.7	42
15099.8	43
15099.8	45
15099.8	46
15099.9	58
15099.9	51
15099.9	43
15100	78
15100	45
15100	35
15100.1	61
15100.1	41
15100.1	47
15100.2	34
15100.2	41
15100.3	52
15100.3	60
15100.3	55
15100.4	59
15100.4	34
15100.4	42
15100.5	64
15100.5	51
15100.5	65
15100.6	51
15100.6	55
15100.6	50
15100.7	37
15100.7	66
15100.8	51
15100.8	49
15100.8	51
15100.9	56
15100.9	31
15100.9	39
15101	44
15101	55
15101	48
15101.1	45
15101.1	57
15101.1	64
15101.2	53
15101.2	50
15101.3	36
15101.3	58
15101.3	64
15101.4	32
15101.4	63
15101.4	64
15101.5	53
15101.5	54
15101.5	46
15101.6	47
15101.6	66
15101.6	52
15101.7	41
15101.7	55
15101.8	63
15101.8	23
15101.8	44
15101.9	50
15101.9	65
15101.9	39
15102	35
15102	72
15102	51
15102.1	52
15102.1	61
15102.1	59
15102.2	38
15102.2	35
15102.3	50
15102.3	42
15102.3	49
15102.4	57
15102.4	47
15102.4	65
15102.5	33
15102.5	34
15102.5	48
15102.6	37
15102.6	48
15102.6	58
15102.7	49
15102.7	40
15102.8	66
15102.8	58
15102.8	51
15102.9	40
15102.9	66
15102.9	67
15103	45
15103	65
15103	58
15103.1	55
15103.1	49
15103.1	40
15103.2	42
15103.2	43
15103.3	35
15103.3	50
15103.3	42
15103.4	27
15103.4	49
15103.4	69
15103.5	47
15103.5	39
15103.5	27
15103.6	56
15103.6	44
15103.6	57
15103.7	59
15103.7	47
15103.8	34
15103.8	52
15103.8	54
15103.9	41
15103.9	47
15103.9	37
15104	34
15104	57
15104	48
15104.1	35
15104.1	58
15104.1	35
15104.2	52
15104.2	40
15104.2	75
15104.3	49
15104.3	49
15104.4	48
15104.4	88
15104.4	41
15104.5	48
15104.5	48
15104.5	48
15104.6	56
15104.6	50
15104.6	68
15104.7	32
15104.7	52
15104.7	44
15104.8	57
15104.8	62
15104.9	66
15104.9	40
15104.9	44
15105	60
15105	65
15105	67
15105.1	46
15105.1	30
15105.1	52
15105.2	34
15105.2	51
15105.2	51
15105.3	43
15105.3	34
15105.3	55
15105.4	53
15105.4	55
15105.5	55
15105.5	37
15105.5	39
15105.6	34
15105.6	53
15105.6	61
15105.7	70
15105.7	25
15105.7	65
15105.8	62
15105.8	56
15105.8	49.0623
15105.9	24.6248
15105.9	40.5415
15105.9	54.8355
15106	57.2813
15106	59.1352
15106.1	52.3316
15106.1	45.2941
15106.1	49.7095
15106.2	58.5678
15106.2	48.1001
15106.2	35.3365
15106.3	20.7062
15106.3	51.4827
15106.3	62.0139
15106.4	60.3365
15106.4	51.5771
15106.4	32.3835
15106.5	41.6602
15106.5	47.2903
15106.5	43.4097
15106.6	58.5577
15106.6	52.1118
15106.7	42.2956
15106.7	46.3859
15106.7	41.9173
15106.8	55.7019
15106.8	27.8597
15106.8	42.3568
15106.9	37.7203
15106.9	63.8221
15106.9	36.6672
15107	55.2223
15107	41.1785
15107	44.8324
15107.1	48.6431
15107.1	46.8794
15107.1	46.1269
15107.2	30.868
15107.2	38.2115
15107.3	43.6359
15107.3	51.6106
15107.3	60.8616
15107.4	36.4973
15107.4	49.942
15107.4	49.2361
15107.5	50.6149
15107.5	62.4181
15107.5	44.8606
15107.6	37.3888
15107.6	45.815
15107.6	48.4567
15107.7	48.7527
15107.7	54.8788
15107.7	46.4154
15107.8	47.5955
15107.8	46.3459
15107.9	44.858
15107.9	52.7205
15107.9	55.5178
15108	47.7649
15108	33.4747
15108	29.203
15108.1	43.7207
15108.1	44.3067
15108.1	40.4479
15108.2	37.5188
15108.2	33.024
15108.2	46.5181
15108.3	47.3418
15108.3	56.1437
15108.3	46.2408
15108.4	46.6591
15108.4	39.5413
15108.5	47.8692
15108.5	42.2797
15108.5	33.9983
15108.6	39.252
15108.6	40.8354
15108.6	43.1775
15108.7	46.9269
15108.7	49.2308
15108.7	45.1463
15108.8	46.0029
15108.8	44.0673
15108.8	26.8817
15108.9	52.5614
15108.9	58.5947
15108.9	55.5941
15109	47.4448
15109	35.6937
15109.1	36.9366
15109.1	44.8228
15109.1	45.8348
15109.2	39.2471
15109.2	34.6102
15109.2	28.4574
15109.3	35.3518
15109.3	35.5958
15109.3	42.9368
15109.4	39.261
15109.4	29.236
15109.4	37.6379
15109.5	42
15109.5	44
15109.5	39
15109.6	46
15109.6	13
15109.6	61
15109.7	44
15109.7	45
15109.7	49
15109.8	30
15109.8	36
15109.9	56
15109.9	42
15109.9	40
15110	57
15110	34
15110	66
15110.1	37
15110.1	38
15110.1	52
15110.2	19
15110.2	37
15110.3	38
15110.3	31
15110.3	42
15110.4	51
15110.4	50
15110.4	49
15110.5	49
15110.5	55
15110.5	47
15110.6	41
15110.6	66
15110.7	30
15110.7	43
15110.7	67
15110.8	34
15110.8	63
15110.8	49
15110.9	55
15110.9	59
15110.9	61
15111	25
15111	68
15111	45
15111.1	39
15111.1	68
15111.2	42
15111.2	50
15111.2	68
15111.3	41
15111.3	54
15111.3	29
15111.4	55
15111.4	54
15111.4	46
15111.5	61
15111.5	38
15111.6	35
15111.6	47
15111.6	29
15111.7	38
15111.7	75
15111.7	35
15111.8	33
15111.8	48
15111.8	67
15111.9	61
15111.9	39
15111.9	44
15112	66
15112	51
15112.1	48
15112.1	67
15112.1	54
15112.2	45
15112.2	63
15112.2	52
15112.3	73
15112.3	51
15112.3	50
15112.4	53
15112.4	52
15112.5	58
15112.5	63
15112.5	45
15112.6	40
15112.6	68
15112.6	67
15112.7	51
15112.7	48
15112.7	48
15112.8	68
15112.8	55
15112.8	63
15112.9	62
15112.9	58
15113	34
15113	51
15113	53
15113.1	47
15113.1	51
15113.1	49
15113.2	43
15113.2	60
15113.2	39
15113.3	61
15113.3	46
15113.4	81
15113.4	44
15113.4	61
15113.5	68
15113.5	47
15113.5	56
15113.6	44
15113.6	60
15113.6	56
15113.7	61
15113.7	42
15113.7	58
15113.8	50
15113.8	76
15113.9	66
15113.9	39
15113.9	43
15114	55
15114	44
15114	73
15114.1	53
15114.1	37
15114.1	61
15114.2	54
15114.2	64
15114.2	58
15114.3	56
15114.3	54
15114.4	47
15114.4	40
15114.4	59
15114.5	54
15114.5	69
15114.5	57
15114.6	56
15114.6	57
15114.6	59
15114.7	54
15114.7	36
15114.7	34
15114.8	48
15114.8	61
15114.9	41
15114.9	66
15114.9	47
15115	24
15115	54
15115	44
15115.1	61
15115.1	37
15115.1	50
15115.2	75
15115.2	54
15115.3	50
15115.3	82
15115.3	65
15115.4	61
15115.4	59
15115.4	61
15115.5	69
15115.5	30
15115.5	66
15115.6	73
15115.6	58
15115.6	64
15115.7	57
15115.7	69
15115.8	62
15115.8	43
15115.8	48
15115.9	46
15115.9	44
15115.9	65
15116	73
15116	56
15116	51
15116.1	58
15116.1	68
15116.1	64
15116.2	58
15116.2	55
15116.3	63
15116.3	26
15116.3	52
15116.4	55
15116.4	59
15116.4	73
15116.5	43
15116.5	48
15116.5	65
15116.6	53
15116.6	70
15116.6	51
15116.7	48
15116.7	58
15116.7	56
15116.8	75
15116.8	69
15116.9	40
15116.9	71
15116.9	52
15117	55
15117	72
15117	36
15117.1	39
15117.1	52
15117.1	63
15117.2	78
15117.2	50
15117.2	67
15117.3	68
15117.3	55
15117.4	57
15117.4	65
15117.4	37
15117.5	46
15117.5	55
15117.5	44
15117.6	72
15117.6	40
15117.6	59
15117.7	63
15117.7	66
15117.7	48
15117.8	68
15117.8	43
15117.9	67
15117.9	59
15117.9	60.5
15118	62
15118	57
15118	31
15118.1	45
15118.1	50
15118.1	69
15118.2	50
15118.2	25
15118.2	48
15118.3	65
15118.3	74
15118.4	61
15118.4	52
15118.4	40
15118.5	48
15118.5	45
15118.5	72
15118.6	60
15118.6	54
15118.6	48
15118.7	44
15118.7	64
15118.7	54
15118.8	53
15118.8	56
15118.8	56
15118.9	52
15118.9	61
15119	76
15119	60
15119	66
15119.1	56
15119.1	52
15119.1	58
15119.2	58
15119.2	41
15119.2	62
15119.3	58
15119.3	63
15119.3	51
15119.4	60
15119.4	51
15119.5	47
15119.5	57
15119.5	57
15119.6	46
15119.6	47
15119.6	49
15119.7	62
15119.7	78
15119.7	63
15119.8	63
15119.8	44
15119.8	71
15119.9	63
15119.9	51
15119.9	69
15120	58
15120	55
15120.1	55
15120.1	57
15120.1	54
15120.2	65
15120.2	55
15120.2	59
15120.3	62
15120.3	57
15120.3	58
15120.4	57
15120.4	51
15120.4	59
15120.5	42
15120.5	41
15120.5	50
15120.6	41
15120.6	59
15120.7	43
15120.7	36
15120.7	53
15120.8	30
15120.8	67
15120.8	57
15120.9	52
15120.9	50
15120.9	49
15121	37
15121	58
15121	56
15121.1	49
15121.1	58
15121.1	52
15121.2	85
15121.2	66
15121.3	60
15121.3	49
15121.3	26
15121.4	68
15121.4	57
15121.4	50
15121.5	58
15121.5	57
15121.5	50
15121.6	56
15121.6	55
15121.6	53
15121.7	46
15121.7	23
15121.7	50
15121.8	83
15121.8	42
15121.9	43
15121.9	55
15121.9	47
15122	63
15122	63
15122	59
15122.1	67
15122.1	43
15122.1	63
15122.2	47
15122.2	35
15122.2	49
15122.3	59
15122.3	51
15122.3	65
15122.4	33
15122.4	72
15122.5	41
15122.5	27
15122.5	56
15122.6	58
15122.6	46
15122.6	54
15122.7	43
15122.7	50
15122.7	71
15122.8	47
15122.8	47
15122.8	43
15122.9	43
15122.9	47
15122.9	55
15123	59
15123	33
15123.1	39
15123.1	39
15123.1	63
15123.2	65
15123.2	44
15123.2	59
15123.3	53
15123.3	55
15123.3	60
15123.4	38
15123.4	37
15123.4	38
15123.5	59
15123.5	66
15123.5	55
15123.6	66
15123.6	51
15123.6	47
15123.7	47
15123.7	43
15123.8	47
15123.8	37
15123.8	47
15123.9	55
15123.9	41
15123.9	25
15124	52
15124	55
15124	59
15124.1	60
15124.1	36
15124.1	44
15124.2	37
15124.2	49
15124.2	46
15124.3	40
15124.3	54
15124.3	66
15124.4	70
15124.4	39
15124.5	30
15124.5	71
15124.5	67
15124.6	33
15124.6	59
15124.6	31
15124.7	47
15124.7	65
15124.7	44
15124.8	57
15124.8	53
15124.8	39
15124.9	52
15124.9	52
15124.9	34
15125	46
15125	57
15125	42
15125.1	64
15125.1	47
15125.2	53
15125.2	66
15125.2	31
15125.3	50
15125.3	63
15125.3	32
15125.4	39
15125.4	51
15125.4	53
15125.5	37
15125.5	32
15125.5	41
15125.6	55
15125.6	48
15125.6	70
15125.7	58
15125.7	50
15125.7	45
15125.8	46
15125.8	71
15125.9	53
15125.9	37
15125.9	72
15126	53
15126	63
15126	60
15126.1	42
15126.1	32
15126.1	34
15126.2	63
15126.2	54
15126.2	49
15126.3	24
15126.3	47
15126.3	29
15126.4	39
15126.4	52
15126.4	62
15126.5	45
15126.5	44
15126.6	51
15126.6	42
15126.6	43
15126.7	56
15126.7	48
15126.7	43
15126.8	45
15126.8	71
15126.8	40
15126.9	44
15126.9	29
15126.9	70
15127	57
15127	56
15127	40
15127.1	58
15127.1	55
15127.1	64
15127.2	56
15127.2	52
15127.2	49
15127.3	27
15127.3	58
15127.4	44
15127.4	32
15127.4	60
15127.5	45
15127.5	35
15127.5	62
15127.6	52
15127.6	44
15127.6	66
15127.7	17
15127.7	37
15127.7	54
15127.8	54
15127.8	41
15127.8	44
15127.9	40
15127.9	39
15127.9	29
15128	44
15128	46
15128	44
15128.1	49
15128.1	54
15128.2	40
15128.2	49
15128.2	38
15128.3	32
15128.3	57
15128.3	62
15128.4	56
15128.4	39
15128.4	30
15128.5	42
15128.5	43
15128.5	56
15128.6	63
15128.6	37
15128.6	53
15128.7	37
15128.7	22
15128.7	43
15128.8	50
15128.8	42
15128.8	50
15128.9	35
15128.9	55
15129	51
15129	23
15129	47
15129.1	43
15129.1	47
15129.1	43
15129.2	29
15129.2	47
15129.2	41
15129.3	55
15129.3	69
15129.3	10
15129.4	25
15129.4	74
15129.4	49
15129.5	52
15129.5	49
15129.5	28
15129.6	39
15129.6	46
15129.6	38
15129.7	62
15129.7	42
15129.7	23
15129.8	39
15129.8	43
15129.9	47
15129.9	59
15129.9	33
15130	39
15130	41
15130	41
15130.1	45
15130.1	56
15130.1	21
15130.2	52
15130.2	44
15130.2	46
15130.3	48
15130.3	54
15130.3	24
15130.4	44
15130.4	41
15130.4	50
15130.5	39
15130.5	34
15130.5	38
15130.6	50
15130.6	67
15130.6	47
15130.7	49
15130.7	27
15130.8	45
15130.8	35
15130.8	53
15130.9	38
15130.9	35
15130.9	38
15131	39
15131	44
15131	43
15131.1	53
15131.1	41
15131.1	39
15131.2	60
15131.2	45
15131.2	32
15131.3	32
15131.3	27
15131.3	62
15131.4	66
15131.4	38
15131.4	36
15131.5	35
15131.5	53
15131.5	53
15131.6	49
15131.6	60
15131.6	35
15131.7	56
15131.7	46
15131.8	36
15131.8	34
15131.8	41
15131.9	30
15131.9	47
15131.9	34
15132	51
15132	36
15132	59
15132.1	49
15132.1	57
15132.1	41
15132.2	42
15132.2	49
15132.2	30
15132.3	56
15132.3	42
15132.3	25
15132.4	50
15132.4	49
15132.4	30
15132.5	49
15132.5	40
15132.5	29
15132.6	36
15132.6	41
15132.6	50
15132.7	44
15132.7	30
15132.8	32
15132.8	42
15132.8	49
15132.9	50
15132.9	49
15132.9	28
15133	19
15133	40
15133	49
15133.1	44
15133.1	44
15133.1	53
15133.2	64
15133.2	52
15133.2	48
15133.3	38
15133.3	56
15133.3	26
15133.4	34
15133.4	44
15133.4	23
15133.5	32
15133.5	29
15133.5	33
15133.6	64
15133.6	41
15133.6	56
15133.7	42
15133.7	2
15133.7	46
15133.8	50
15133.8	28
15133.9	55
15133.9	35
15133.9	35
15134	47
15134	18
15134	37
15134.1	47
15134.1	17
15134.1	43
15134.2	31
15134.2	46
15134.2	49
15134.3	38
15134.3	61
15134.3	51
15134.4	43
15134.4	58
15134.4	37
15134.5	32
15134.5	53
15134.5	43
15134.6	37
15134.6	58
15134.6	50
15134.7	48
15134.7	39
15134.7	26
15134.8	37
15134.8	55
15134.8	32
15134.9	45
15134.9	35
15134.9	40
15135	49
15135	34
15135	36
15135.1	49
15135.1	42
15135.2	48
15135.2	41
15135.2	44
15135.3	36
15135.3	29
15135.3	46
15135.4	32
15135.4	42
15135.4	54
15135.5	38
15135.5	47
15135.5	46
15135.6	35
15135.6	21
15135.6	43
15135.7	55
15135.7	39
15135.7	51
15135.8	58
15135.8	47
15135.8	39
15135.9	59
15135.9	59
15135.9	43
15136	57
15136	51
15136	47
15136.1	45
15136.1	39
15136.1	36
15136.2	31
15136.2	37
15136.2	34
15136.3	47
15136.3	38
15136.3	45
15136.4	38
15136.4	47
15136.4	37
15136.5	43
15136.5	30
15136.6	43
15136.6	31
15136.6	42
15136.7	23
15136.7	43
15136.7	49
15136.8	43
15136.8	39
15136.8	47
15136.9	43
15136.9	40
15136.9	29
15137	37
15137	45
15137	31
15137.1	48
15137.1	24
15137.1	54
15137.2	62
15137.2	39
15137.2	30
15137.3	30
15137.3	37
15137.3	47
15137.4	27
15137.4	43
15137.4	47
15137.5	44
15137.5	55
15137.5	43
15137.6	45
15137.6	35
15137.6	44
15137.7	37
15137.7	37
15137.7	30
15137.8	45
15137.8	54
15137.8	42
15137.9	42
15137.9	57
15137.9	56
15138	35
15138	11
15138	41
15138.1	46
15138.1	50
15138.2	57
15138.2	43
15138.2	24
15138.3	43
15138.3	27
15138.3	45.9356
15138.4	54.8145
15138.4	24.2659
15138.4	50.2723
15138.5	51.8614
15138.5	28.9022
15138.5	35.1037
15138.6	28.7082
15138.6	35.5174
15138.6	36.4
15138.7	37.6022
15138.7	44.8272
15138.7	26.7082
15138.8	4.32673
15138.8	41.3355
15138.8	36.049
15138.9	36.5526
15138.9	41.4117
15138.9	31.958
15139	46.0396
15139	54.691
15139	31.4747
15139.1	51.1894
15139.1	33.912
15139.1	30.154
15139.2	40.5063
15139.2	44.4415
15139.2	40.9276
15139.3	45.5941
15139.3	35.4279
15139.3	39.0123
15139.4	40.7508
15139.4	30.8749
15139.4	42.925
15139.5	22.9888
15139.5	37.2031
15139.5	40.2048
15139.6	36.7957
15139.6	47.8045
15139.6	33.4641
15139.7	24.7933
15139.7	42.2898
15139.7	39.9324
15139.8	34.7141
15139.8	25.7475
15139.8	35.0221
15139.9	35.5537
15139.9	34.0255
15139.9	27.1503
15140	35.149
15140	35.6019
15140	31.3144
15140.1	37.8285
15140.1	33.6436
15140.1	35.5609
15140.2	28.7501
15140.2	32.0407
15140.3	39.7031
15140.3	33.837
15140.3	34.9381
15140.4	35.2114
15140.4	29.6991
15140.4	28.3475
15140.5	41.6217
15140.5	39.6789
15140.5	45.8215
15140.6	32.8306
15140.6	21.6623
15140.6	35.9622
15140.7	34.3344
15140.7	39.1157
15140.7	33.0881
15140.8	33.197
15140.8	27.3661
15140.8	38.2617
15140.9	39.1803
15140.9	33.539
15140.9	30.3375
15141	28.9786
15141	25.7548
15141	26.8341
15141.1	26.7508
15141.1	28.0907
15141.1	22.5729
15141.2	30.4181
15141.2	27.9758
15141.2	21.8705
15141.3	36.4859
15141.3	44.3812
15141.3	24.1655
15141.4	31.4192
15141.4	34.3698
15141.4	40.4211
15141.5	28.1383
15141.5	33.0119
15141.5	29.1441
15141.6	35.9915
15141.6	44.5575
15141.6	36.9024
15141.7	31.3704
15141.7	36.6472
15141.7	40
15141.7	15
15141.8	19
15141.8	34
15141.9	45
15141.9	24
15141.9	15
15142	27
15142	55
15142	18
15142.1	30
15142.1	27
15142.1	11
15142.2	33
15142.2	31
15142.2	47
15142.3	43
15142.3	1
15142.3	40
15142.4	47
15142.4	19
15142.4	35
15142.5	28
15142.5	28
15142.5	47
15142.6	45
15142.6	33
15142.7	28
15142.7	26
15142.7	29
15142.8	36
15142.8	26
15142.8	26
15142.9	31
15142.9	54
15142.9	32
15143	35
15143	59
15143	41
15143.1	17
15143.1	28
15143.1	43
15143.2	41
15143.2	36
15143.2	36
15143.3	40
15143.3	43
15143.3	42
15143.4	46
15143.4	44
15143.4	32
15143.5	31
15143.5	31
15143.6	35
15143.6	24
15143.6	36
15143.7	27
15143.7	69
15143.7	43
15143.8	58
15143.8	42
15143.8	29
15143.9	32
15143.9	37
15143.9	35
15144	35
15144	36
15144	58
15144.1	40
15144.1	25
15144.1	53
15144.2	44
15144.2	25
15144.2	46
15144.3	20
15144.3	52
15144.3	44
15144.4	32
15144.4	15
15144.5	30
15144.5	40
15144.5	58
15144.6	44
15144.6	21
15144.6	49
15144.7	48
15144.7	45
15144.7	44
15144.8	54
15144.8	38
15144.8	48
15144.9	34
15144.9	36
15144.9	39
15145	31
15145	36
15145	47
15145.1	42
15145.1	29
15145.1	35
15145.2	24
15145.2	33
15145.2	39
15145.3	46
15145.3	33
15145.4	46
15145.4	64
15145.4	55
15145.5	67
15145.5	34
15145.5	37
15145.6	36
15145.6	31
15145.6	55
15145.7	41
15145.7	40
15145.7	30
15145.8	43
15145.8	35
15145.8	46
15145.9	34
15145.9	31
15145.9	41
15146	27
15146	39
15146	53
15146.1	43
15146.1	34
15146.1	33
15146.2	45
15146.2	54
15146.2	37
15146.3	29
15146.3	24
15146.3	34
15146.4	65
15146.4	50
15146.5	44
15146.5	50
15146.5	17
15146.6	64
15146.6	31
15146.6	42
15146.7	39
15146.7	32
15146.7	42
15146.8	43
15146.8	39
15146.8	55
15146.9	54
15146.9	47
15146.9	57
15147	47
15147	43
15147	27
15147.1	33
15147.1	24
15147.1	43
15147.2	37
15147.2	45
15147.2	52
15147.3	36
15147.3	43
15147.3	54
15147.4	28
15147.4	8
15147.4	32
15147.5	35
15147.5	31
15147.6	36
15147.6	54
15147.6	42
15147.7	55
15147.7	37
15147.7	50
15147.8	39
15147.8	37
15147.8	45
15147.9	32
15147.9	19
15147.9	79
15148	50
15148	52
15148	58
15148.1	41
15148.1	41
15148.1	59
15148.2	32
15148.2	37
15148.2	60
15148.3	32
15148.3	47
15148.3	42
15148.4	34
15148.4	48
15148.4	48
15148.5	55
15148.5	23
15148.5	19
15148.6	48
15148.6	36
15148.6	41
15148.7	49
15148.7	49
15148.8	44
15148.8	58
15148.8	48
15148.9	42
15148.9	42
15148.9	34
15149	55
15149	40
15149	43
15149.1	41
15149.1	25
15149.1	33
15149.2	60
15149.2	41
15149.2	54
15149.3	36
15149.3	40
15149.3	40
15149.4	36
15149.4	49
15149.4	46
15149.5	18
15149.5	42
15149.5	40
15149.6	58
15149.6	57
15149.6	31
15149.7	41
15149.7	58
15149.7	29
15149.8	46
15149.8	29
15149.8	30
15149.9	41
15149.9	46
15149.9	37
15150	28
15150	59
15150	50
15150.1	53
15150.1	19
15150.2	46
15150.2	45
15150.2	41
15150.3	40
15150.3	33
15150.3	43
15150.4	60
15150.4	52
15150.4	52
15150.5	40
15150.5	29
15150.5	56
15150.6	36
15150.6	24
15150.6	32
15150.7	40
15150.7	34
15150.7	58
15150.8	58
15150.8	54
15150.8	50
15150.9	55
15150.9	55
15150.9	47
15151	33
15151	41
15151	51
15151.1	61
15151.1	39
15151.1	42
15151.2	56
15151.2	35
15151.2	62
15151.3	39
15151.3	51
15151.3	30
15151.4	59
15151.4	55
15151.4	41
15151.5	41
15151.5	41
15151.5	51
15151.6	31
15151.6	54
15151.7	46
15151.7	42
15151.7	45
15151.8	53
15151.8	39
15151.8	55
15151.9	25
15151.9	34
15151.9	54
15152	39
15152	35
15152	56
15152.1	43
15152.1	31
15152.1	39
15152.2	55
15152.2	20
15152.2	37
15152.3	57
15152.3	37
15152.3	53
15152.4	56
15152.4	38
15152.4	34
15152.5	36
15152.5	48
15152.5	58
15152.6	45
15152.6	31
15152.6	38
15152.7	34
15152.7	49
15152.7	46
15152.8	45
15152.8	43
15152.8	31
15152.9	48
15152.9	47
15152.9	28
15153	41
15153	49
15153	26
15153.1	39
15153.1	46
15153.1	32
15153.2	48
15153.2	47
15153.2	53
15153.3	55
15153.3	42
15153.3	44
15153.4	35
15153.4	48
15153.4	57
15153.5	63
15153.5	52
15153.5	57
15153.6	46
15153.6	50
15153.7	43
15153.7	64
15153.7	42
15153.8	37
15153.8	41
15153.8	49
15153.9	28
15153.9	41
15153.9	48
15154	58
15154	38
15154	40
15154.1	46
15154.1	42
15154.1	35
15154.2	49
15154.2	62
15154.2	59
15154.3	59
15154.3	43
15154.3	54
15154.4	49
15154.4	29
15154.4	33
15154.5	47
15154.5	25
15154.5	50
15154.6	52
15154.6	42
15154.6	23
15154.7	26
15154.7	45
15154.7	64
15154.8	55
15154.8	55
15154.8	51
15154.9	36
15154.9	52
15154.9	43
15155	59
15155	37
15155	34
15155.1	50
15155.1	45
15155.1	49
15155.2	40
15155.2	53
15155.2	19
15155.3	56
15155.3	48
15155.3	44
15155.4	46
15155.4	37
15155.4	40
15155.5	40
15155.5	58
15155.5	37
15155.6	36
15155.6	24
15155.6	56
15155.7	35
15155.7	64
15155.7	58
15155.8	38
15155.8	42
15155.8	47
15155.9	36
15155.9	49
15155.9	35
15156	41
15156	55
15156	54
15156.1	56
15156.1	49
15156.1	42
15156.2	47
15156.2	45
15156.2	40
15156.3	38
15156.3	31
15156.3	49
15156.4	26
15156.4	40
15156.5	43
15156.5	45
15156.5	50
15156.6	57
15156.6	22
15156.6	61
15156.7	44
15156.7	47
15156.7	46
15156.8	45
15156.8	46
15156.8	50
15156.9	33
15156.9	23
15156.9	36
15157	35
15157	61
15157	46
15157.1	53
15157.1	66
15157.1	55
15157.2	48
15157.2	45
15157.2	40
15157.3	61
15157.3	49
15157.3	44
15157.4	56
15157.4	58
15157.4	54
15157.5	44
15157.5	42
15157.5	34
15157.6	59
15157.6	35
15157.6	26
15157.7	29
15157.7	45
15157.7	33
15157.8	49
15157.8	49
15157.8	48
15157.9	46
15157.9	38
15157.9	36
15158	28
15158	10
15158	39
15158.1	39
15158.1	42
15158.1	44
15158.2	37
15158.2	43
15158.2	51
15158.3	43
15158.3	48
15158.3	50
15158.4	31
15158.4	45
15158.4	57
15158.5	48
15158.5	39
15158.5	51
15158.6	26
15158.6	52
15158.6	44
15158.7	39
15158.7	41
15158.7	39
15158.8	40
15158.8	36
15158.8	39
15158.9	40
15158.9	49
15158.9	30
15159	52
15159	33
15159	40
15159.1	46
15159.1	39
15159.1	66
15159.2	32
15159.2	36
15159.2	41
15159.3	29
15159.3	49
15159.3	48
15159.4	64
15159.4	46
15159.4	46
15159.5	32
15159.5	44
15159.5	34
15159.6	47
15159.6	47
15159.6	58
15159.7	46
15159.7	59
15159.7	35
15159.8	45
15159.8	45
15159.8	29
15159.9	49
15159.9	57
15159.9	68
15160	52
15160	42
15160	30
15160.1	22
15160.1	38
15160.1	44
15160.2	37
15160.2	35
15160.2	61
15160.3	47
15160.3	44
15160.3	36
15160.4	23
15160.4	50
15160.4	39
15160.5	38
15160.5	56
15160.5	45
15160.6	57
15160.6	51
15160.6	51
15160.7	54
15160.7	42
15160.7	36
15160.8	65
15160.8	45
15160.8	35
15160.9	41
15160.9	48
15160.9	58
15161	50
15161	37
15161	40
15161.1	34
15161.1	31
15161.1	45
15161.2	48
15161.2	30
15161.2	21
15161.3	45
15161.3	44
15161.3	44
15161.4	49
15161.4	60
15161.4	38
15161.5	32
15161.5	44
15161.5	40
15161.6	16
15161.6	23
15161.6	38
15161.7	34
15161.7	44
15161.7	42
15161.8	49
15161.8	51
15161.8	33
15161.9	58
15161.9	45
15161.9	42
15162	39
15162	38
15162	45
15162.1	42
15162.1	71
15162.1	59
15162.2	41
15162.2	42
15162.2	47
15162.3	49
15162.3	39
15162.3	44
15162.4	45
15162.4	29
15162.4	40
15162.5	31
15162.5	48
15162.5	40
15162.6	36
15162.6	48
15162.6	33
15162.7	48
15162.7	46
15162.7	64
15162.8	20
15162.8	46
15162.8	34
15162.9	37
15162.9	40
15162.9	26
15163	51
15163	31
15163	50
15163.1	28
15163.1	55
15163.1	33
15163.2	27
15163.2	37
15163.2	58
15163.3	27
15163.3	32
15163.3	47
15163.4	46
15163.4	51
15163.4	53
15163.5	42
15163.5	39
15163.5	43
15163.5	57
15163.6	54
15163.6	53
15163.6	27
15163.7	45
15163.7	40
15163.7	31
15163.8	36
15163.8	27
15163.8	36
15163.9	44
15163.9	53
15163.9	36
15164	27
15164	50
15164	62
15164.1	50
15164.1	44
15164.1	25
15164.2	39
15164.2	35
15164.2	25
15164.3	40
15164.3	54
15164.3	57
15164.4	45
15164.4	36
15164.4	42
15164.5	39
15164.5	42
15164.5	24
15164.6	40
15164.6	51
15164.6	33
15164.7	55
15164.7	48
15164.7	28
15164.8	37
15164.8	30
15164.8	57
15164.9	40
15164.9	42
15164.9	56
15165	43
15165	28
15165	42
15165.1	35
15165.1	42
15165.1	49
15165.2	32
15165.2	41
15165.2	33
15165.3	25
15165.3	56
15165.3	58
15165.4	26
15165.4	32
15165.4	52
15165.5	50
15165.5	37
15165.5	33
15165.6	54
15165.6	30
15165.6	31
15165.7	58
15165.7	36
15165.7	53
15165.8	49
15165.8	23
15165.8	41
15165.9	32
15165.9	60
15165.9	40
15166	43
15166	22
15166	62
15166.1	56
15166.1	40
15166.1	27
15166.2	29
15166.2	31
15166.2	42
15166.3	42
15166.3	47
15166.3	40
15166.3	37
15166.4	27
15166.4	37
15166.4	25
15166.5	36
15166.5	44
15166.5	19
15166.6	50
15166.6	52
15166.6	50
15166.7	36
15166.7	41
15166.7	45
15166.8	48
15166.8	57
15166.8	34
15166.9	30
15166.9	48
15166.9	30
15167	48
15167	83
15167	33
15167.1	36
15167.1	39
15167.1	38
15167.2	59
15167.2	32
15167.2	26
15167.3	45
15167.3	41
15167.3	47
15167.4	38
15167.4	33
15167.4	46
15167.5	32
15167.5	35
15167.5	31
15167.6	44
15167.6	41
15167.6	50
15167.7	27
15167.7	33
15167.7	40
15167.8	40
15167.8	31
15167.8	27
15167.9	48
15167.9	36
15167.9	40
15168	23
15168	29
15168	46
15168.1	30
15168.1	24
15168.1	47
15168.1	50
15168.2	37
15168.2	45
15168.2	38
15168.3	27
15168.3	33
15168.3	38
15168.4	48
15168.4	47
15168.4	33
15168.5	48
15168.5	33
15168.5	32
15168.6	47
15168.6	40
15168.6	28
15168.7	36
15168.7	42
15168.7	45
15168.8	38
15168.8	22
15168.8	38
15168.9	31
15168.9	42
15168.9	53
15169	39
15169	45
15169	11
15169.1	43
15169.1	36
15169.1	21
15169.2	32
15169.2	27
15169.2	21
15169.3	42
15169.3	44
15169.3	30
15169.4	31
15169.4	31.992
15169.4	40.7404
15169.5	41.4681
15169.5	36.0371
15169.5	57.6388
15169.6	28.339
15169.6	33.5077
15169.6	26.5505
15169.6	28.0231
15169.7	45.7514
15169.7	42.4651
15169.7	21.7375
15169.8	29.9717
15169.8	22.1735
15169.8	43.1193
15169.9	31.723
15169.9	51.3524
15169.9	40.1667
15170	27.7465
15170	36.0036
15170	32.5062
15170.1	39.2835
15170.1	31.1887
15170.1	45.0692
15170.2	37.2156
15170.2	28.0821
15170.2	32.4499
15170.3	44.4179
15170.3	43.483
15170.3	49.866
15170.4	39.6117
15170.4	49.7143
15170.4	45.1936
15170.5	41.6686
15170.5	33.095
15170.5	24.9944
15170.6	37.8413
15170.6	29.5714
15170.6	38.173
15170.7	30.6048
15170.7	31.6514
15170.7	33.2747
15170.8	39.585
15170.8	36.5237
15170.8	38.9143
15170.9	36.2432
15170.9	31.3458
15170.9	39.6519
15170.9	34.4267
15171	27.7984
15171	34.1687
15171	26.9727
15171.1	32.8905
15171.1	41.0937
15171.1	35.1745
15171.2	49.9838
15171.2	45.5469
15171.2	14.4327
15171.3	22.6661
15171.3	28.6
15171.3	34.9
15171.4	30.5571
15171.4	25.1361
15171.4	31.6433
15171.5	34.2951
15171.5	43.4002
15171.5	33.9159
15171.6	42.3
15171.6	28.7865
15171.6	33.3946
15171.7	21.7796
15171.7	37.9067
15171.7	41.4952
15171.8	24.9467
15171.8	31.1331
15171.8	40.6937
15171.9	35.8147
15171.9	44.5628
15171.9	33.2714
15172	29.5367
15172	36.5781
15172	29.4887
15172	40.7218
15172.1	43.1766
15172.1	22.482
15172.1	17.2291
15172.2	27.6718
15172.2	21.5476
15172.2	36.7341
15172.3	36.7889
15172.3	42.4915
15172.3	33.6
15172.4	30.5585
15172.4	34.0046
15172.4	33.0519
15172.5	50.8767
15172.5	27.0657
15172.5	19.6401
15172.6	13.8003
15172.6	26.1088
15172.6	25.2673
15172.7	25.3251
15172.7	33.2431
15172.7	26.6673
15172.8	21.8961
15172.8	21
15172.8	24
15172.8	24
15172.9	17
15172.9	34
15172.9	24
15173	44
15173	48
15173	36
15173.1	13
15173.1	34
15173.1	36
15173.2	38
15173.2	20
15173.2	24
15173.3	27
15173.3	22
15173.3	19
15173.4	24
15173.4	34
15173.4	27
15173.5	19
15173.5	47
15173.5	28
15173.6	23
15173.6	47
15173.6	29
15173.7	19
15173.7	38
15173.7	45
15173.8	43
15173.8	34
15173.8	21
15173.9	31
15173.9	24
15173.9	41
15174	35
15174	30
15174	37
15174.1	16
15174.1	28
15174.1	51
15174.2	39
15174.2	48
15174.2	42
15174.3	32
15174.3	31
15174.3	39
15174.4	14
15174.4	19
15174.4	46
15174.5	39
15174.5	47
15174.5	47
15174.6	31
15174.6	43
15174.6	37
15174.7	31
15174.7	35
15174.7	33
15174.8	15
15174.8	28
15174.8	41
15174.9	49
15174.9	52
15174.9	35
15175	62
15175	28
15175	52
15175.1	34
15175.1	25
15175.1	35
15175.2	38
15175.2	50
15175.2	39
15175.3	26
15175.3	35
15175.3	55
15175.4	33
15175.4	39
15175.4	31
15175.5	19
15175.5	27
15175.5	40
15175.6	31
15175.6	57
15175.6	31
15175.7	41
15175.7	40
15175.7	23
15175.8	52
15175.8	27
15175.8	22
15175.9	52
15175.9	39
15175.9	56
15176	39
15176	27
15176	42
15176.1	51
15176.1	36
15176.1	27
15176.2	31
15176.2	45
15176.2	35
15176.3	40
15176.3	55
15176.3	25
15176.4	36
15176.4	37
15176.4	30
15176.5	63
15176.5	34
15176.5	44
15176.6	22
15176.6	39
15176.6	47
15176.7	49
15176.7	28
15176.7	23
15176.8	37
15176.8	23
15176.8	52
15176.9	50
15176.9	19
15176.9	30
15177	39
15177	36
15177	45
15177.1	25
15177.1	31
15177.1	41
15177.2	28
15177.2	48
15177.2	52
15177.3	37
15177.3	30
15177.3	42
15177.4	52
15177.4	44
15177.4	48
15177.5	39
15177.5	15
15177.5	40
15177.5	36
15177.6	16
15177.6	35
15177.6	33
15177.7	38
15177.7	28
15177.7	40
15177.8	33
15177.8	60
15177.8	39
15177.9	46
15177.9	60
15177.9	50
15178	38
15178	25
15178	41
15178.1	34
15178.1	57
15178.1	37
15178.2	44
15178.2	16
15178.2	51
15178.3	60
15178.3	44
15178.3	48
15178.4	54
15178.4	37
15178.4	52
15178.5	38
15178.5	36
15178.5	31
15178.6	36
15178.6	52
15178.6	39
15178.7	54
15178.7	35
15178.7	46
15178.8	44
15178.8	31
15178.8	55
15178.9	47
15178.9	21
15178.9	46
15179	45
15179	47
15179	43
15179.1	32
15179.1	57
15179.1	46
15179.2	19
15179.2	39
15179.2	54
15179.3	16
15179.3	33
15179.3	55
15179.4	43
15179.4	53
15179.4	40
15179.5	34
15179.5	49
15179.5	39
15179.6	62
15179.6	40
15179.6	25
15179.7	46
15179.7	41
15179.7	57
15179.8	66
15179.8	34
15179.8	25
15179.9	34
15179.9	40
15179.9	33
15180	39
15180	12
15180	53
15180.1	46
15180.1	40
15180.1	47
15180.1	48
15180.2	58
15180.2	55
15180.2	36
15180.3	39
15180.3	34
15180.3	33
15180.4	43
15180.4	38
15180.4	35
15180.5	51
15180.5	32
15180.5	41.5
15180.6	51
15180.6	53
15180.6	39
15180.7	38
15180.7	23
15180.7	39
15180.8	54
15180.8	39
15180.8	29
15180.9	53
15180.9	33
15180.9	51
15181	31
15181	58
15181	22
15181.1	30
15181.1	47
15181.1	35
15181.2	49
15181.2	43
15181.2	33
15181.3	39
15181.3	35
15181.3	54
15181.4	47
15181.4	50
15181.4	49
15181.5	47
15181.5	27
15181.5	47
15181.6	45
15181.6	24
15181.6	37
15181.7	37
15181.7	45
15181.7	48
15181.8	26
15181.8	26
15181.8	38
15181.9	34
15181.9	44
15181.9	35
15181.9	29
15182	25
15182	35
15182	64
15182.1	43
15182.1	34
15182.1	48
15182.2	43
15182.2	46
15182.2	41
15182.3	37
15182.3	32
15182.3	53
15182.4	47
15182.4	42
15182.4	42
15182.5	32
15182.5	36
15182.5	29
15182.6	47
15182.6	53
15182.6	26
15182.7	24
15182.7	42
15182.7	47
15182.8	50
15182.8	33
15182.8	46
15182.9	63
15182.9	51
15182.9	51
15183	58
15183	41
15183	45
15183.1	59
15183.1	61
15183.1	33
15183.2	20
15183.2	48
15183.2	29
15183.3	60
15183.3	40
15183.3	42
15183.4	44
15183.4	24
15183.4	48
15183.4	38
15183.5	45
15183.5	28
15183.5	34
15183.6	30
15183.6	33
15183.6	50
15183.7	50
15183.7	49
15183.7	37
15183.8	50
15183.8	43
15183.8	47
15183.9	40
15183.9	38
15183.9	35
15184	55
15184	55
15184	44
15184.1	39
15184.1	31
15184.1	41
15184.2	57
15184.2	66
15184.2	39
15184.3	31
15184.3	40
15184.3	46
15184.4	35
15184.4	43
15184.4	35
15184.5	44
15184.5	47
15184.5	49
15184.6	45
15184.6	45
15184.6	42
15184.7	51
15184.7	52
15184.7	46
15184.7	48
15184.8	43
15184.8	47
15184.8	50
15184.9	53
15184.9	38
15184.9	53
15185	41
15185	49
15185	46
15185.1	27
15185.1	48
15185.1	54
15185.2	56
15185.2	55
15185.2	37
15185.3	38
15185.3	53
15185.3	24
15185.4	45
15185.4	54
15185.4	59
15185.5	48
15185.5	32
15185.5	50
15185.6	57
15185.6	41
15185.6	38
15185.7	40
15185.7	27
15185.7	52
15185.8	44
15185.8	25
15185.8	50
15185.8	39
15185.9	56
15185.9	64
15185.9	32
15186	53
15186	37
15186	30
15186.1	40
15186.1	52
15186.1	48
15186.2	50
15186.2	37
15186.2	38
15186.3	54
15186.3	46
15186.3	63
15186.4	42
15186.4	33
15186.4	17
15186.5	51
15186.5	53
15186.5	57
15186.6	44
15186.6	50
15186.6	37
15186.7	32
15186.7	54
15186.7	50
15186.8	29
15186.8	54
15186.8	50
15186.8	45
15186.9	25
15186.9	18
15186.9	29
15187	47
15187	60
15187	54
15187.1	47
15187.1	60
15187.1	45
15187.2	54
15187.2	47
15187.2	31
15187.3	48
15187.3	44
15187.3	35
15187.4	47
15187.4	51
15187.4	24
15187.5	22
15187.5	43
15187.5	35
15187.6	59
15187.6	24
15187.6	39
15187.7	35
15187.7	49
15187.7	41
15187.8	36
15187.8	39
15187.8	39
15187.8	32
15187.9	30
15187.9	48
15187.9	49
15188	25
15188	24
15188	19
15188.1	56
15188.1	40
15188.1	44
15188.2	46
15188.2	31
15188.2	52
15188.3	62
15188.3	32
15188.3	47
15188.4	39
15188.4	42
15188.4	45
15188.5	20
15188.5	45
15188.5	61
15188.6	47
15188.6	42
15188.6	48
15188.7	34
15188.7	16
15188.7	47
15188.7	49
15188.8	54
15188.8	23
15188.8	40
15188.9	53
15188.9	44
15188.9	43
15189	39
15189	52
15189	40
15189.1	46
15189.1	45
15189.1	37
15189.2	48
15189.2	48
15189.2	31
15189.3	36
15189.3	48
15189.3	38
15189.4	50
15189.4	33
15189.4	36
15189.5	60
15189.5	29
15189.5	31
15189.5	46
15189.6	32
15189.6	40
15189.6	44
15189.7	45
15189.7	43
15189.7	32
15189.8	46
15189.8	34
15189.8	38
15189.9	45
15189.9	46
15189.9	41
15190	51
15190	43
15190	42
15190.1	45
15190.1	18
15190.1	57
15190.2	49
15190.2	43
15190.2	40
15190.3	45
15190.3	34
15190.3	56
15190.3	45
15190.4	38
15190.4	48
15190.4	15
15190.5	36
15190.5	50
15190.5	37
15190.6	52
15190.6	23
15190.6	36
15190.7	49
15190.7	34
15190.7	52
15190.8	57
15190.8	42
15190.8	36
15190.9	51
15190.9	42
15190.9	50
15191	27
15191	42
15191	59
15191.1	35
15191.1	47
15191.1	27
15191.1	17
15191.2	33
15191.2	29
15191.2	61
15191.3	39
15191.3	34
15191.3	38
15191.4	54
15191.4	42
15191.4	39
15191.5	43
15191.5	51
15191.5	43
15191.6	29
15191.6	47
15191.6	41
15191.7	19
15191.7	43
15191.7	46
15191.8	43
15191.8	46
15191.8	39
15191.8	57
15191.9	29
15191.9	33
15191.9	67
15192	37
15192	8
15192	32
15192.1	38
15192.1	35
15192.1	38
15192.2	30
15192.2	58
15192.2	31
15192.3	53
15192.3	51
15192.3	25
15192.4	53
15192.4	51
15192.4	56
15192.5	59
15192.5	34
15192.5	38
15192.5	41
15192.6	52
15192.6	49
15192.6	53
15192.7	35
15192.7	34
15192.7	48
15192.8	36
15192.8	44
15192.8	45
15192.9	39
15192.9	58
15192.9	38
15193	44
15193	58
15193	41
15193.1	35
15193.1	35
15193.1	46
15193.2	49
15193.2	18
15193.2	41
15193.2	45
15193.3	53
15193.3	36
15193.3	31
15193.4	40
15193.4	16
15193.4	30
15193.5	40
15193.5	37
15193.5	42
15193.6	36
15193.6	25
15193.6	36
15193.7	32
15193.7	23
15193.7	52
15193.8	36
15193.8	50
15193.8	60
15193.9	41
15193.9	34
15193.9	44
15193.9	43
15194	64
15194	46
15194	41
15194.1	18
15194.1	23
15194.1	50
15194.2	55
15194.2	38
15194.2	31
15194.3	39
15194.3	35
15194.3	69
15194.4	43
15194.4	41
15194.4	43
15194.5	47
15194.5	46
15194.5	35
15194.5	34
15194.6	47
15194.6	23
15194.6	49
15194.7	53
15194.7	49
15194.7	33
15194.8	45
15194.8	30
15194.8	32
15194.9	46
15194.9	42
15194.9	58
15195	43
15195	38
15195	61
15195.1	31
15195.1	53
15195.1	45
15195.1	27
15195.2	52
15195.2	47
15195.2	38
15195.3	26
15195.3	15
15195.3	48
15195.4	41
15195.4	33
15195.4	47
15195.5	47
15195.5	32
15195.5	50
15195.6	40
15195.6	43
15195.6	41
15195.7	22
15195.7	63
15195.7	36
15195.7	39
15195.8	44
15195.8	43
15195.8	23
15195.9	34
15195.9	17
15195.9	46
15196	57
15196	23
15196	57
15196.1	44
15196.1	13
15196.1	44
15196.2	25
15196.2	22
15196.2	26
15196.3	20
15196.3	36
15196.3	36
15196.3	41
15196.4	43
15196.4	42
15196.4	42
15196.5	44
15196.5	48
15196.5	19
15196.6	33
15196.6	57
15196.6	42
15196.7	40
15196.7	49
15196.7	48
15196.8	34
15196.8	33
15196.8	34
15196.8	34
15196.9	44
15196.9	25
15196.9	46
15197	37
15197	45
15197	26
15197.1	52
15197.1	41
15197.1	56
15197.2	32
15197.2	33
15197.2	46
15197.3	38
15197.3	50
15197.3	50
15197.4	34
15197.4	23
15197.4	41
15197.4	41
15197.5	39
15197.5	41
15197.5	43
15197.6	42
15197.6	48
15197.6	31
15197.7	34
15197.7	27
15197.7	39
15197.8	38
15197.8	39
15197.8	53
15197.9	39
15197.9	35
15197.9	41
15197.9	45
15198	56
15198	59
15198	39
15198.1	38
15198.1	24
15198.1	36
15198.2	59
15198.2	31
15198.2	25
15198.3	30
15198.3	42
15198.3	51
15198.4	51
15198.4	36
15198.4	23
15198.4	35
15198.5	55
15198.5	53
15198.5	30
15198.6	31
15198.6	47
15198.6	29
15198.7	40
15198.7	41
15198.7	53
15198.8	45
15198.8	52
15198.8	40
15198.9	30
15198.9	44
15198.9	26
15199	42
15199	38
15199	45
15199	30
15199.1	33
15199.1	43
15199.1	55
15199.2	40
15199.2	45
15199.2	46
15199.3	35
15199.3	44.8824
15199.3	28.0311
15199.4	28.0819
15199.4	36.7658
15199.4	26.9255
15199.5	37.0524
15199.5	37.0942
15199.5	40.5237
15199.5	45.4595
15199.6	40.6996
15199.6	34.8632
15199.6	27.0175
15199.7	34.3901
15199.7	31.5091
15199.7	26.0656
15199.8	36.2069
15199.8	25.2026
15199.8	34.9251
15199.9	41.4939
15199.9	25
15199.9	36.3725
15199.9	24.2722
15200	20.1222
15200	36.018
15200	25.5998
15200.1	29.174
15200.1	30.2722
15200.1	21.6675
15200.2	39.688
15200.2	41.5791
15200.2	38.6854
15200.3	32.5581
15200.3	20.1423
15200.3	35.1709
15200.4	46.8786
15200.4	39.8104
15200.4	33.6856
15200.4	38.7119
15200.5	36.0746
15200.5	40.5138
15200.5	33.3932
15200.6	32.4152
15200.6	34.8819
15200.6	29.3401
15200.7	35.4011
15200.7	41.0403
15200.7	36.1075
15200.8	40.6276
15200.8	32.2387
15200.8	26.5558
15200.9	26.7766
15200.9	35.6551
15200.9	32.8063
15200.9	22.8688
15201	21.3374
15201	28.8758
15201	37.5043
15201.1	42.8686
15201.1	36.1285
15201.1	24.75
15201.2	34.3182
15201.2	24.5026
15201.2	27.26
15201.3	34.7141
15201.3	32.4222
15201.3	36.1057
15201.3	30.9241
15201.4	33.287
15201.4	40.5132
15201.4	33.8512
15201.5	27.3927
15201.5	25.4164
15201.5	23.4288
15201.6	21.9083
15201.6	35.4265
15201.6	29.0227
15201.7	34.0588
15201.7	32.9376
15201.7	32.9265
15201.8	35.8824
15201.8	17.9745
15201.8	27.7256
15201.8	29.8261
15201.9	28.5549
15201.9	28.6487
15201.9	24.7957
15202	20.1658
15202	19.8782
15202	21.5923
15202.1	28.9135
15202.1	32.6281
15202.1	26.7682
15202.2	32.621
15202.2	33.6176
15202.2	19.8123
15202.2	14.2659
15202.3	20.3961
15202.3	24.0285
15202.3	27.2987
15202.4	27.5236
15202.4	35.6955
15202.4	38.2368
15202.5	33
15202.5	36
15202.5	44
15202.6	29
15202.6	22
15202.6	36
15202.7	36
15202.7	32
15202.7	12
15202.7	25
15202.8	30
15202.8	16
15202.8	30
15202.9	36
15202.9	32
15202.9	23
15203	22
15203	33
15203	22
15203.1	22
15203.1	35
15203.1	31
15203.2	14
15203.2	37
15203.2	31
15203.3	35
15203.3	41
15203.3	15
15203.4	34
15203.4	21
15203.4	31
15203.5	34
15203.5	21
15203.5	23
15203.5	28
15203.6	33
15203.6	51
15203.6	18
15203.7	33
15203.7	34
15203.7	30
15203.8	23
15203.8	37
15203.8	22
15203.9	31
15203.9	49
15203.9	39
15204	26
15204	23
15204	39
15204.1	54
15204.1	39
15204.1	31
15204.2	39
15204.2	15
15204.2	39
15204.3	41
15204.3	31
15204.3	31
15204.3	29
15204.4	23
15204.4	50
15204.4	31
15204.5	41
15204.5	28
15204.5	19
15204.6	31
15204.6	31
15204.6	26
15204.7	34
15204.7	37
15204.7	35
15204.8	43
15204.8	35
15204.8	35
15204.9	18
15204.9	19
15204.9	47
15205	37
15205	35
15205	23
15205	27
15205.1	23
15205.1	46
15205.1	21
15205.2	45
15205.2	29
15205.2	15
15205.3	49
15205.3	28
15205.3	10
15205.4	26
15205.4	29
15205.4	42
15205.5	38
15205.5	53
15205.5	31
15205.6	34
15205.6	35
15205.6	23
15205.7	52
15205.7	19
15205.7	43
15205.7	33
15205.8	31
15205.8	30
15205.8	29
15205.9	41
15205.9	28
15205.9	25
15206	47
15206	42
15206	54
15206.1	36
15206.1	50
15206.1	35
15206.2	31
15206.2	55
15206.2	54
15206.3	39
15206.3	33
15206.3	23
15206.4	57
15206.4	51
15206.4	43
15206.4	30
15206.5	39
15206.5	26
15206.5	39
15206.6	45
15206.6	37
15206.6	35
15206.7	33
15206.7	41
15206.7	44
15206.8	36
15206.8	31
15206.8	38
15206.9	32
15206.9	46
15206.9	42
15207	35
15207	33
15207	50
15207	37
15207.1	45
15207.1	43
15207.1	20
15207.2	43
15207.2	42
15207.2	30
15207.3	45
15207.3	24
15207.3	27
15207.4	43
15207.4	59
15207.4	52
15207.5	18
15207.5	29
15207.5	45
15207.6	43
15207.6	42
15207.6	47
15207.7	44
15207.7	24
15207.7	35
15207.7	29
15207.8	51
15207.8	42
15207.8	26
15207.9	33
15207.9	42
15207.9	61
15208	37
15208	45
15208	38
15208.1	65
15208.1	44
15208.1	40
15208.2	30
15208.2	29
15208.2	42
15208.3	46
15208.3	56
15208.3	33
15208.3	44
15208.4	21
15208.4	67
15208.4	42
15208.5	36
15208.5	26
15208.5	24
15208.6	45
15208.6	43
15208.6	32
15208.7	47
15208.7	44
15208.7	44
15208.8	39
15208.8	50
15208.8	37
15208.9	28
15208.9	30
15208.9	53
15208.9	35
15209	38
15209	44
15209	37
15209.1	58
15209.1	49
15209.1	61
15209.2	46
15209.2	22
15209.2	37
15209.3	42
15209.3	42
15209.3	39
15209.4	33
15209.4	44
15209.4	31
15209.4	43
15209.5	53
15209.5	50
15209.5	44
15209.6	35
15209.6	35
15209.6	36
15209.7	31
15209.7	38
15209.7	29
15209.8	35
15209.8	54
15209.8	43
15209.9	51
15209.9	32
15209.9	39
15210	47
15210	47
15210	43.5
15210	40
15210.1	45
15210.1	39
15210.1	53
15210.2	42
15210.2	42
15210.2	28
15210.3	53
15210.3	50
15210.3	43
15210.4	43
15210.4	34
15210.4	26
15210.5	31
15210.5	39
15210.5	37
15210.6	59
15210.6	53
15210.6	51
15210.6	35
15210.7	40
15210.7	49
15210.7	36
15210.8	33
15210.8	45
15210.8	30
15210.9	56
15210.9	30
15210.9	38
15211	48
15211	39
15211	44
15211.1	49
15211.1	31
15211.1	34
15211.1	43
15211.2	58
15211.2	40
15211.2	51
15211.3	53
15211.3	49
15211.3	43
15211.4	34
15211.4	45
15211.4	40
15211.5	42
15211.5	55
15211.5	37
15211.6	46
15211.6	44
15211.6	31
15211.6	39
15211.7	58
15211.7	61
15211.7	26
15211.8	27
15211.8	37
15211.8	37
15211.9	42
15211.9	33
15211.9	43
15212	44
15212	54
15212	51
15212.1	60
15212.1	47
15212.1	48
15212.1	39
15212.2	33
15212.2	46
15212.2	35
15212.3	60
15212.3	53
15212.3	30
15212.4	45
15212.4	53
15212.4	54
15212.5	30
15212.5	27
15212.5	40
15212.6	34
15212.6	27
15212.6	33
15212.6	37
15212.7	44
15212.7	51
15212.7	31
15212.8	46
15212.8	44
15212.8	40
15212.9	53
15212.9	53
15212.9	31
15213	50
15213	44
15213	34
15213.1	34
15213.1	43
15213.1	47
15213.1	48
15213.2	33
15213.2	53
15213.2	27
15213.3	51
15213.3	42
15213.3	40
15213.4	40
15213.4	45
15213.4	41
15213.5	41
15213.5	44
15213.5	36
15213.6	52
15213.6	46
15213.6	52
15213.6	48
15213.7	38
15213.7	38
15213.7	39
15213.8	48
15213.8	54
15213.8	25
15213.9	33
15213.9	49
15213.9	44
15214	53
15214	60
15214	28
15214.1	44
15214.1	48
15214.1	38
15214.1	54
15214.2	22
15214.2	50
15214.2	38
15214.3	57
15214.3	47
15214.3	39
15214.4	19
15214.4	49
15214.4	60
15214.5	45
15214.5	43
15214.5	41
15214.5	50
15214.6	40
15214.6	42
15214.6	47
15214.7	26
15214.7	47
15214.7	50
15214.8	43
15214.8	49
15214.8	33
15214.9	41
15214.9	47
15214.9	51
15215	36
15215	46
15215	26
15215	45
15215.1	37
15215.1	44
15215.1	53
15215.2	41
15215.2	30
15215.2	36
15215.3	44
15215.3	68
15215.3	42
15215.4	41
15215.4	22
15215.4	30
15215.4	42
15215.5	45
15215.5	52
15215.5	41
15215.6	41
15215.6	29
15215.6	50
15215.7	26
15215.7	34
15215.7	22
15215.8	36
15215.8	45
15215.8	51
15215.9	55
15215.9	45
15215.9	50
15215.9	42
15216	33
15216	37
15216	46
15216.1	29
15216.1	47
15216.1	56
15216.2	64
15216.2	37
15216.2	48
15216.3	35
15216.3	46
15216.3	64
15216.3	64
15216.4	52
15216.4	15
15216.4	33
15216.5	24
15216.5	42
15216.5	52
15216.6	23
15216.6	22
15216.6	46
15216.7	39
15216.7	56
15216.7	35
15216.7	47
15216.8	53
15216.8	37
15216.8	34
15216.9	49
15216.9	43
15216.9	28
15217	44
15217	35
15217	44
15217.1	53
15217.1	52
15217.1	46
15217.2	47
15217.2	30
15217.2	46
15217.2	36
15217.3	43
15217.3	29
15217.3	43
15217.4	45
15217.4	34
15217.4	43
15217.5	54
15217.5	41
15217.5	54
15217.6	47
15217.6	37
15217.6	45
15217.6	50
15217.7	59
15217.7	27
15217.7	38
15217.8	56
15217.8	61
15217.8	25
15217.9	37
15217.9	47
15217.9	32
15218	18
15218	48
15218	44
15218	57
15218.1	28
15218.1	35
15218.1	40
15218.2	48
15218.2	42
15218.2	34
15218.3	23
15218.3	52
15218.3	46
15218.4	29
15218.4	37
15218.4	39
15218.4	32
15218.5	53
15218.5	44
15218.5	34
15218.6	37
15218.6	30
15218.6	32
15218.7	44
15218.7	31
15218.7	52
15218.8	39
15218.8	32
15218.8	42
15218.8	35
15218.9	50
15218.9	53
15218.9	28
15219	61
15219	43
15219	45
15219.1	54
15219.1	46
15219.1	34
15219.2	51
15219.2	40
15219.2	29
15219.2	35
15219.3	33
15219.3	53
15219.3	34
15219.4	46
15219.4	47
15219.4	44
15219.5	32
15219.5	29
15219.5	51
15219.6	53
15219.6	64
15219.6	20
15219.6	36
15219.7	33
15219.7	42
15219.7	36
15219.8	38
15219.8	44
15219.8	58
15219.9	41
15219.9	40
15219.9	35
15219.9	46
15220	43
15220	38
15220	44
15220.1	25
15220.1	25
15220.1	25
15220.2	41
15220.2	52
15220.2	42
15220.3	42
15220.3	52
15220.3	54
15220.3	34
15220.4	49
15220.4	27
15220.4	48
15220.5	37
15220.5	45
15220.5	40
15220.6	51
15220.6	30
15220.6	44
15220.7	52
15220.7	58
15220.7	41
15220.7	45
15220.8	36
15220.8	38
15220.8	43
15220.9	38
15220.9	20
15220.9	48
15221	47
15221	43
15221	63
15221	46
15221.1	30
15221.1	45
15221.1	23
15221.2	45
15221.2	43
15221.2	45
15221.3	32
15221.3	11
15221.3	60
15221.4	59
15221.4	58
15221.4	58
15221.4	41
15221.5	40
15221.5	33
15221.5	45
15221.6	25
15221.6	28
15221.6	46
15221.7	52
15221.7	36
15221.7	26
15221.8	22
15221.8	37
15221.8	42
15221.8	48
15221.9	41
15221.9	53
15221.9	46
15222	31
15222	46
15222	40
15222.1	30
15222.1	49
15222.1	21
15222.1	53
15222.2	48
15222.2	43
15222.2	26
15222.3	38
15222.3	28
15222.3	34
15222.4	47
15222.4	35
15222.4	41
15222.5	22
15222.5	35
15222.5	49
15222.5	43
15222.6	44
15222.6	33
15222.6	41
15222.7	40
15222.7	53
15222.7	50
15222.8	36
15222.8	14
15222.8	24
15222.8	30
15222.9	49
15222.9	48
15222.9	9
15223	24
15223	47
15223	30
15223.1	44
15223.1	36
15223.1	30
15223.2	55
15223.2	47
15223.2	58
15223.2	24
15223.3	19
15223.3	21
15223.3	35
15223.4	43
15223.4	48
15223.4	43
15223.5	32
15223.5	45
15223.5	41
15223.5	56
15223.6	31
15223.6	32
15223.6	38
15223.7	44
15223.7	36
15223.7	39
15223.8	36
15223.8	47
15223.8	40
15223.8	36
15223.9	43
15223.9	32
15223.9	31
15224	52
15224	56
15224	27
15224.1	50
15224.1	55
15224.1	36
15224.2	42
15224.2	33
15224.2	27
15224.2	37
15224.3	22
15224.3	41
15224.3	36
15224.4	51
15224.4	22
15224.4	19
15224.5	48
15224.5	40
15224.5	35
15224.5	47
15224.6	39
15224.6	44
15224.6	44
15224.7	31
15224.7	39
15224.7	37
15224.8	36
15224.8	36
15224.8	51
15224.8	61
15224.9	44
15224.9	48
15224.9	24
15225	37
15225	42
15225	34
15225.1	28
15225.1	36
15225.1	44
15225.1	37
15225.2	47
15225.2	48
15225.2	44
15225.3	28
15225.3	52
15225.3	47
15225.4	52
15225.4	38
15225.4	48
15225.5	40
15225.5	37
15225.5	38
15225.5	35
15225.6	24
15225.6	30
15225.6	46
15225.7	29
15225.7	49
15225.7	30
15225.8	33
15225.8	33
15225.8	34
15225.8	32
15225.9	39
15225.9	42
15225.9	32
15226	59
15226	32
15226	39
15226.1	41
15226.1	44
15226.1	23
15226.1	44
15226.2	49
15226.2	44
15226.2	42
15226.3	15
15226.3	50
15226.3	42
15226.4	48
15226.4	47
15226.4	43
15226.4	27
15226.5	35
15226.5	34
15226.5	41
15226.6	35
15226.6	39
15226.6	55
15226.7	49
15226.7	52
15226.7	41
15226.7	15
15226.8	35
15226.8	42
15226.8	54
15226.9	28
15226.9	41
15226.9	21
15227	49
15227	31
15227	44
15227	38
15227.1	22
15227.1	44
15227.1	55
15227.2	34
15227.2	33
15227.2	23
15227.3	38
15227.3	61
15227.3	45
15227.3	40
15227.4	25
15227.4	21
15227.4	28
15227.5	28
15227.5	26
15227.5	56
15227.6	24
15227.6	40
15227.6	46
15227.6	25
15227.7	58
15227.7	40
15227.7	34
15227.8	35
15227.8	38
15227.8	35
15227.9	34
15227.9	22.9434
15227.9	30.8053
15227.9	46.512
15228	52.2775
15228	36.81
15228	49.7101
15228.1	30.4038
15228.1	33.5976
15228.1	28.3613
15228.2	31.5519
15228.2	34.4492
15228.2	39.4993
15228.2	35.1368
15228.3	35.5519
15228.3	39.7924
15228.3	34.2773
15228.4	42.9795
15228.4	37.2429
15228.4	43.717
15228.5	39.3227
15228.5	55.3441
15228.5	34.3083
15228.5	16.7382
15228.6	34.3415
15228.6	39.5422
15228.6	34.5528
15228.7	41.3936
15228.7	25.82
15228.7	16.0382
15228.8	38.4182
15228.8	44.0259
15228.8	39.8545
15228.8	20.2142
15228.9	23.7319
15228.9	37.0236
15228.9	35.8257
15229	48.0749
15229	40.4517
15229	26.065
15229.1	46.7449
15229.1	35.736
15229.1	35.1568
15229.1	41.8411
15229.2	32.7652
15229.2	34.623
15229.2	39.3252
15229.3	26.4911
15229.3	33.1708
15229.3	39.7226
15229.4	38.0694
15229.4	30.1053
15229.4	35.1453
15229.4	18.346
15229.5	41.2182
15229.5	30.6453
15229.5	28.3086
15229.6	35.3209
15229.6	42.5946
15229.6	40.8275
15229.7	38.4402
15229.7	31.9374
15229.7	31.8542
15229.7	32.8868
15229.8	28.9898
15229.8	33.98
15229.8	31.7775
15229.9	35.1668
15229.9	42.5672
15229.9	32.4085
15229.9	24.9455
15230	18.0596
15230	28.7387
15230	34.4757
15230.1	32.5978
15230.1	32.6104
15230.1	13.0423
15230.2	31.313
15230.2	31.1179
15230.2	35.9111
15230.2	36.2625
15230.3	33.0277
15230.3	21.9267
15230.3	25.9736
15230.4	18.2585
15230.4	28.6491
15230.4	36.7104
15230.5	39.025
15230.5	34.7972
15230.5	27.4641
15230.5	34.9067
15230.6	35.2316
15230.6	26.03
15230.6	15.4255
15230.7	12.7113
15230.7	23.6467
15230.7	28.1075
15230.8	25.2604
15230.8	34.475
15230.8	34.3816
15230.8	26.893
15230.9	26.9142
15230.9	20.1693
15230.9	27.2922
15231	13.7042
15231	22.9033
15231	45.6333
15231	29
15231.1	38
15231.1	6
15231.1	18
15231.2	37
15231.2	20
15231.2	27
15231.3	25
15231.3	29
15231.3	24
15231.4	28
15231.4	31
15231.4	20
15231.4	36
15231.5	36
15231.5	16
15231.5	17
15231.6	36
15231.6	0
15231.6	30
15231.7	44
15231.7	32
15231.7	38
15231.8	24
15231.8	27
15231.8	24
15231.8	24
15231.9	37
15231.9	38
15231.9	19
15232	14
15232	24
15232	30
15232.1	33
15232.1	35
15232.1	19
15232.2	20
15232.2	35
15232.2	50
15232.2	43
15232.3	19
15232.3	36
15232.3	39
15232.4	43
15232.4	35
15232.4	31
15232.5	24
15232.5	25
15232.5	39
15232.6	37
15232.6	41
15232.6	32
15232.6	16
15232.7	29
15232.7	46
15232.7	44
15232.8	24
15232.8	50
15232.8	42
15232.9	31
15232.9	34
15232.9	32
15233	39
15233	13
15233	47
15233	23
15233.1	32
15233.1	47
15233.1	32
15233.2	45
15233.2	35
15233.2	50
15233.3	23
15233.3	40
15233.3	46
15233.3	39
15233.4	33
15233.4	35
15233.4	34
15233.5	35
15233.5	41
15233.5	36
15233.6	47
15233.6	45
15233.6	35
15233.7	32
15233.7	20
15233.7	27
15233.7	50
15233.8	43
15233.8	24
15233.8	42
15233.9	47
15233.9	33
15233.9	29
15234	36
15234	39
15234	43
15234.1	30
15234.1	50
15234.1	38
15234.1	33
15234.2	41
15234.2	41
15234.2	43
15234.3	31
15234.3	36
15234.3	28
15234.4	30
15234.4	35
15234.4	33
15234.4	52
15234.5	20
15234.5	39
15234.5	55
15234.6	42
15234.6	20
15234.6	20
15234.7	45
15234.7	41
15234.7	33
15234.8	34
15234.8	26
15234.8	28
15234.8	44
15234.9	32
15234.9	21
15234.9	25
15235	30
15235	40
15235	42
15235.1	32
15235.1	42
15235.1	25
15235.2	24
15235.2	37
15235.2	36
15235.2	29
15235.3	48
15235.3	24
15235.3	24
15235.4	54
15235.4	42
15235.4	48
15235.5	40
15235.5	18
15235.5	33
15235.5	37
15235.6	30
15235.6	34
15235.6	21
15235.7	46
15235.7	68
15235.7	45
15235.8	41
15235.8	28
15235.8	19
15235.8	32
15235.9	26
15235.9	46
15235.9	46
15236	19
15236	38
15236	37
15236.1	41
15236.1	35
15236.1	29
15236.2	39
15236.2	38
15236.2	30
15236.2	39
15236.3	24
15236.3	35
15236.3	47
15236.4	37
15236.4	35
15236.4	40
15236.5	39
15236.5	29
15236.5	34
15236.5	21
15236.6	50
15236.6	45
15236.6	50
15236.7	19
15236.7	20
15236.7	45
15236.8	38
15236.8	47
15236.8	41
15236.9	30
15236.9	44
15236.9	43
15236.9	41
15237	-2
15237	39
15237	46
15237.1	27
15237.1	64
15237.1	33
15237.2	41
15237.2	53
15237.2	37
15237.2	48
15237.3	20
15237.3	12
15237.3	42
15237.4	30
15237.4	28
15237.4	34
15237.5	52
15237.5	47
15237.5	47
15237.5	36
15237.6	45
15237.6	48
15237.6	29
15237.7	39
15237.7	36
15237.7	66
15237.8	40
15237.8	36
15237.8	45
15237.8	58
15237.9	35
15237.9	50
15237.9	34
15238	42
15238	49
15238	41
15238.1	39
15238.1	51
15238.1	45
15238.2	40
15238.2	37.5
15238.2	35
15238.2	45
15238.3	44
15238.3	34
15238.3	41
15238.4	51
15238.4	52
15238.4	40
15238.5	35
15238.5	40
15238.5	33
15238.5	32
15238.6	48
15238.6	39
15238.6	30
15238.7	32
15238.7	36
15238.7	38
15238.8	41
15238.8	39
15238.8	32
15238.8	54
15238.9	69
15238.9	54
15238.9	45
15239	26
15239	47
15239	40
15239.1	57
15239.1	34
15239.1	43
15239.1	43
15239.2	26
15239.2	44
15239.2	35
15239.3	37
15239.3	25
15239.3	39
15239.4	40
15239.4	55
15239.4	30
15239.4	52
15239.5	41
15239.5	28
15239.5	45
15239.6	45
15239.6	48
15239.6	36
15239.7	46
15239.7	34
15239.7	44
15239.7	54
15239.8	36
15239.8	37
15239.8	47
15239.9	40
15239.9	35
15239.9	40
15240	54
15240	51
15240	50
15240	53
15240.1	30
15240.1	19
15240.1	53
15240.2	49
15240.2	46
15240.2	55
15240.3	19
15240.3	38
15240.3	44
15240.3	41
15240.4	51
15240.4	43
15240.4	17
15240.5	38
15240.5	54
15240.5	47
15240.6	45
15240.6	44
15240.6	53
15240.6	31
15240.7	21
15240.7	64
15240.7	46
15240.8	38
15240.8	43
15240.8	36
15240.9	46
15240.9	49
15240.9	33
15240.9	43
15241	56
15241	37
15241	54
15241.1	48
15241.1	23
15241.1	38
15241.2	30
15241.2	45
15241.2	48
15241.2	29
15241.3	57
15241.3	37
15241.3	22
15241.4	58
15241.4	30
15241.4	36
15241.5	40
15241.5	49
15241.5	47
15241.5	41
15241.6	54
15241.6	54
15241.6	46
15241.7	55
15241.7	34
15241.7	39
15241.8	33
15241.8	43
15241.8	37
15241.8	45
15241.9	33
15241.9	28
15241.9	51
15242	54
15242	60
15242	52
15242.1	32
15242.1	41
15242.1	33
15242.1	44
15242.2	44
15242.2	50
15242.2	40
15242.3	46
15242.3	40
15242.3	54
15242.4	51
15242.4	34
15242.4	45
15242.4	46
15242.5	25
15242.5	43
15242.5	37
15242.6	10
15242.6	45
15242.6	48
15242.7	43
15242.7	52
15242.7	41
15242.7	34
15242.8	26
15242.8	35
15242.8	50
15242.9	44
15242.9	47
15242.9	25
15242.9	49
15243	41
15243	50
15243	37
15243.1	40
15243.1	30
15243.1	64
15243.2	37
15243.2	48
15243.2	32
15243.2	37
15243.3	46
15243.3	38
15243.3	42
15243.4	34
15243.4	34
15243.4	37
15243.5	57
15243.5	47
15243.5	33
15243.5	39
15243.6	32
15243.6	42
15243.6	41
15243.7	32
15243.7	43
15243.7	46
15243.8	39
15243.8	34
15243.8	46
15243.8	33
15243.9	23
15243.9	27
15243.9	33
15244	49
15244	36
15244	51
15244	31
15244.1	48
15244.1	48
15244.1	58
15244.2	55
15244.2	25
15244.2	48
15244.3	56
15244.3	45
15244.3	27
15244.3	38
15244.4	52
15244.4	48
15244.4	38
15244.5	27
15244.5	41
15244.5	22
15244.6	34
15244.6	55
15244.6	37
15244.6	52
15244.7	49
15244.7	41
15244.7	47
15244.8	32
15244.8	54
15244.8	44
15244.9	46
15244.9	41
15244.9	40
15244.9	35
15245	56
15245	37
15245	30
15245.1	44
15245.1	47
15245.1	52
15245.1	42
15245.2	19
15245.2	26
15245.2	25
15245.3	48
15245.3	53
15245.3	45
15245.4	59
15245.4	40
15245.4	46
15245.4	28
15245.5	36
15245.5	29
15245.5	32
15245.6	35
15245.6	34
15245.6	38
15245.6	38
15245.7	30
15245.7	43
15245.7	57
15245.8	49
15245.8	33
15245.8	7
15245.9	29
15245.9	36
15245.9	44
15245.9	32
15246	27
15246	56
15246	74
15246.1	40
15246.1	32
15246.1	27
15246.2	36
15246.2	47
15246.2	32
15246.2	32
15246.3	29
15246.3	14
15246.3	39
15246.4	38
15246.4	48
15246.4	28
15246.4	37
15246.5	41
15246.5	63
15246.5	50
15246.6	56
15246.6	42
15246.6	44
15246.7	47
15246.7	41
15246.7	40
15246.7	51
15246.8	46
15246.8	51
15246.8	56
15246.9	20
15246.9	47
15246.9	45
15246.9	25
15247	56
15247	40
15247	49
15247.1	40
15247.1	28
15247.1	50
15247.2	44
15247.2	36
15247.2	46
15247.2	38
15247.3	9
15247.3	28
15247.3	28
15247.4	35
15247.4	55
15247.4	36
15247.4	52
15247.5	64
15247.5	37
15247.5	47
15247.6	26
15247.6	22
15247.6	32
15247.7	58
15247.7	39
15247.7	31
15247.7	47
15247.8	56
15247.8	43
15247.8	51
15247.9	35
15247.9	45
15247.9	42
15247.9	45
15248	49
15248	37
15248	44
15248.1	43
15248.1	64
15248.1	48
15248.2	50
15248.2	48
15248.2	45
15248.2	28
15248.3	44
15248.3	43
15248.3	50
15248.4	20
15248.4	46
15248.4	32
15248.4	39
15248.5	47
15248.5	36
15248.5	53
15248.6	34
15248.6	21
15248.6	31
15248.7	48
15248.7	58
15248.7	37
15248.7	38
15248.8	43
15248.8	38
15248.8	43
15248.9	42
15248.9	29
15248.9	43
15248.9	25
15249	53
15249	47
15249	42
15249.1	21
15249.1	56
15249.1	34
15249.1	39
15249.2	37
15249.2	30
15249.2	54
15249.3	57
15249.3	45
15249.3	32
15249.4	49
15249.4	13
15249.4	42
15249.4	28
15249.5	42
15249.5	34
15249.5	40
15249.6	47
15249.6	44
15249.6	55
15249.6	39
15249.7	48
15249.7	39
15249.7	48
15249.8	35
15249.8	61
15249.8	38
15249.9	39
15249.9	62
15249.9	35
15249.9	48
15250	45
15250	23
15250	47
15250.1	33
15250.1	46
15250.1	44
15250.1	35
15250.2	39
15250.2	34
15250.2	41
15250.3	56
15250.3	23
15250.3	23
15250.3	39
15250.4	56
15250.4	60
15250.4	45
15250.5	33
15250.5	31
15250.5	36
15250.6	38
15250.6	48
15250.6	32
15250.6	19
15250.7	36
15250.7	35
15250.7	30
15250.8	40
15250.8	29
15250.8	54
15250.8	41
15250.9	29
15250.9	40
15250.9	38
15251	33
15251	36
15251	44
15251	32
15251.1	41
15251.1	30
15251.1	32
15251.2	50
15251.2	36
15251.2	44
15251.3	31
15251.3	18
15251.3	55
15251.3	36
15251.4	54
15251.4	47
15251.4	41
15251.5	47
15251.5	10
15251.5	51
15251.5	53
15251.6	48
15251.6	27
15251.6	55
15251.7	33
15251.7	42
15251.7	38
15251.7	33
15251.8	51
15251.8	28
15251.8	45
15251.9	51
15251.9	34
15251.9	33
15251.9	44
15252	28
15252	47
15252	47
15252.1	30
15252.1	14
15252.1	34
15252.2	53
15252.2	45
15252.2	13
15252.2	51
15252.3	25
15252.3	38
15252.3	50
15252.4	38
15252.4	51
15252.4	42
15252.4	53
15252.5	35
15252.5	39
15252.5	49
15252.6	63
15252.6	32
15252.6	25
15252.6	49
15252.7	16
15252.7	17
15252.7	26
15252.8	46
15252.8	60
15252.8	32
15252.8	48
15252.9	45
15252.9	47
15252.9	24
15253	54
15253	40
15253	10
15253	23
15253.1	36
15253.1	35
15253.1	30
15253.2	35
15253.2	31
15253.2	52
15253.3	39
15253.3	49
15253.3	23
15253.3	31
15253.4	44
15253.4	49
15253.4	50
15253.5	33
15253.5	13
15253.5	46
15253.5	44
15253.6	43
15253.6	24
15253.6	40
15253.7	25
15253.7	38
15253.7	39
15253.7	22
15253.8	38
15253.8	28
15253.8	47
15253.9	37
15253.9	43
15253.9	45
15253.9	36
15254	19
15254	50
15254	45
15254.1	34
15254.1	14
15254.1	55
15254.1	35
15254.2	34
15254.2	61
15254.2	41
15254.3	39
15254.3	17
15254.3	21
15254.3	56
15254.4	40
15254.4	35
15254.4	48
15254.5	34
15254.5	44
15254.5	44
15254.6	49
15254.6	42
15254.6	23
15254.6	44
15254.7	54
15254.7	26
15254.7	39
15254.8	37
15254.8	30
15254.8	39
15254.8	45
15254.9	37
15254.9	46
15254.9	23
15255	39
15255	40
15255	50
15255	53
15255.1	47
15255.1	49
15255.1	48
15255.2	23
15255.2	48
15255.2	29
15255.2	28
15255.3	46
15255.3	35
15255.3	42
15255.4	36
15255.4	24
15255.4	51
15255.4	54.8922
15255.5	38.8704
15255.5	59.2647
15255.5	37.4576
15255.6	40.3
15255.6	58.5977
15255.6	35.2937
15255.6	51.9697
15255.7	36.6097
15255.7	36.4182
15255.7	17.0945
15255.8	53.4741
15255.8	28.9892
15255.8	38.567
15255.8	35.8618
15255.9	30.5843
15255.9	34.2186
15255.9	30.4895
15256	36.8914
15256	18.1471
15256	22.5817
15256	49.9945
15256.1	49.9271
15256.1	29.2954
15256.1	39.4338
15256.2	23.8571
15256.2	42.2022
15256.2	35.81
15256.2	23.6864
15256.3	40.7696
15256.3	30.6062
15256.3	21.4691
15256.4	34.5875
15256.4	27.2932
15256.4	44.7866
15256.4	41.7522
15256.5	23.8471
15256.5	41.7321
15256.5	49.0385
15256.6	32.4312
15256.6	35.2703
15256.6	35.8113
15256.6	30.8428
15256.7	33.8408
15256.7	35.7429
15256.7	19.2868
15256.8	28.9163
15256.8	24.8417
15256.8	43.0908
15256.8	37.2603
15256.9	24.7159
15256.9	31.7514
15256.9	30.8516
15257	26.6572
15257	35.2853
15257	47.1029
15257	31.2912
15257.1	21.3764
15257.1	21.292
15257.1	31.5833
15257.2	22.3678
15257.2	30.8214
15257.2	34.1612
15257.2	32.961
15257.3	25.4265
15257.3	40.2401
15257.3	43.437
15257.4	39.6305
15257.4	29.1326
15257.4	30.3023
15257.4	36.7537
15257.5	35.4771
15257.5	34.5069
15257.5	29.1176
15257.6	34.2272
15257.6	29.1842
15257.6	22.567
15257.6	30.1642
15257.7	36.4297
15257.7	27.6587
15257.7	26.5763
15257.8	35.2488
15257.8	32.1294
15257.8	22.914
15257.8	27.2462
15257.9	40.6463
15257.9	27.8442
15257.9	26.1239
15258	27.116
15258	25.4921
15258	13.5996
15258	19.253
15258.1	25.1589
15258.1	30.994
15258.1	30.481
15258.2	24.2108
15258.2	26.083
15258.2	24.8607
15258.2	26.9191
15258.3	31.7549
15258.3	35.9175
15258.3	37.6141
15258.4	27
15258.4	19
15258.4	36
15258.4	23
15258.5	25
15258.5	27
15258.5	31
15258.6	22
15258.6	35
15258.6	28
15258.6	33
15258.7	21
15258.7	19
15258.7	21
15258.8	32
15258.8	26
15258.8	40
15258.9	37
15258.9	26
15258.9	32
15258.9	19
15259	6
15259	32
15259	15
15259.1	24
15259.1	27
15259.1	37
15259.1	28
15259.2	31
15259.2	40
15259.2	39
15259.3	28
15259.3	40
15259.3	21
15259.4	16
15259.4	31
15259.4	50
15259.4	34
15259.5	54
15259.5	34
15259.5	27
15259.6	27
15259.6	41
15259.6	39
15259.6	15
15259.7	23
15259.7	33
15259.7	36
15259.8	33
15259.8	31
15259.8	43
15259.9	30
15259.9	52
15259.9	40
15259.9	47
15260	29
15260	39
15260	32
15260.1	56
15260.1	49
15260.1	22
15260.1	15
15260.2	26
15260.2	38
15260.2	44
15260.3	43
15260.3	55
15260.3	25
15260.4	41
15260.4	36
15260.4	33
15260.4	41
15260.5	32
15260.5	32
15260.5	32
15260.6	48
15260.6	38
15260.6	42
15260.6	40
15260.7	32
15260.7	38
15260.7	53
15260.8	37
15260.8	28
15260.8	48
15260.9	35
15260.9	28
15260.9	30
15260.9	42
15261	26
15261	21
15261	44
15261.1	35
15261.1	63
15261.1	39
15261.1	46
15261.2	26
15261.2	11
15261.2	17
15261.3	25
15261.3	35
15261.3	33
15261.4	51
15261.4	38
15261.4	34
15261.4	17
15261.5	30
15261.5	45
15261.5	19
15261.6	25
15261.6	58
15261.6	33
15261.6	52
15261.7	45
15261.7	54
15261.7	33
15261.8	24
15261.8	46
15261.8	54
15261.8	23
15261.9	36
15261.9	44
15261.9	39
15262	35
15262	21
15262	26
15262.1	36
15262.1	33
15262.1	47
15262.1	48
15262.2	37
15262.2	40
15262.2	40
15262.3	29
15262.3	50
15262.3	40
15262.3	28
15262.4	42
15262.4	26
15262.4	23
15262.5	56
15262.5	48
15262.5	37
15262.6	33
15262.6	39
15262.6	40
15262.6	38
15262.7	30
15262.7	44
15262.7	47
15262.8	38
15262.8	43
15262.8	35
15262.8	12
15262.9	31
15262.9	39
15262.9	49
15263	47
15263	58
15263	31
15263	25
15263.1	32
15263.1	45
15263.1	45
15263.2	37
15263.2	18
15263.2	28
15263.3	46
15263.3	40
15263.3	54
15263.3	35
15263.4	50
15263.4	55
15263.4	28
15263.5	63
15263.5	33
15263.5	23
15263.5	47
15263.6	42
15263.6	19
15263.6	54
15263.7	21
15263.7	45
15263.7	37
15263.7	25
15263.8	39
15263.8	38
15263.8	4
15263.9	42
15263.9	36
15263.9	13
15263.9	49
15264	30
15264	37
15264	42
15264.1	56
15264.1	38
15264.1	41
15264.2	32
15264.2	19
15264.2	56
15264.2	55
15264.3	34
15264.3	32
15264.3	29
15264.4	36
15264.4	39
15264.4	53
15264.4	24
15264.5	26
15264.5	46
15264.5	41
15264.6	38
15264.6	44
15264.6	37
15264.6	47
15264.7	32
15264.7	49
15264.7	56
15264.8	32
15264.8	39
15264.8	50
15264.8	30
15264.9	52
15264.9	50
15264.9	39
15265	41
15265	49
15265	68
15265.1	47
15265.1	31
15265.1	26
15265.1	36
15265.2	38
15265.2	39
15265.2	41
15265.3	35
15265.3	30
15265.3	32.5
15265.3	35
15265.4	56
15265.4	43
15265.4	29
15265.5	49
15265.5	53
15265.5	40
15265.5	35
15265.6	42
15265.6	46
15265.6	52
15265.7	24
15265.7	41
15265.7	45
15265.7	41
15265.8	44
15265.8	46
15265.8	38
15265.9	30
15265.9	34
15265.9	54
15266	45
15266	35
15266	45
15266	35
15266.1	29
15266.1	46
15266.1	61
15266.2	50
15266.2	29
15266.2	56
15266.2	57
15266.3	52
15266.3	45
15266.3	48
15266.4	46
15266.4	38
15266.4	46
15266.4	44
15266.5	36
15266.5	37
15266.5	7
15266.6	55
15266.6	44
15266.6	42
15266.6	56
15266.7	37
15266.7	45
15266.7	44
15266.8	53
15266.8	44
15266.8	44
15266.8	18
15266.9	32
15266.9	42
15266.9	46
15267	50
15267	37
15267	32
15267	49
15267.1	57
15267.1	37
15267.1	44
15267.2	28
15267.2	40
15267.2	34
15267.2	26
15267.3	28
15267.3	54
15267.3	32
15267.4	55
15267.4	47
15267.4	38
15267.5	39
15267.5	24
15267.5	51
15267.5	45
15267.6	27
15267.6	49
15267.6	32
15267.7	29
15267.7	64
15267.7	51
15267.7	46
15267.8	34
15267.8	22
15267.8	58
15267.9	53
15267.9	33
15267.9	55
15267.9	43
15268	57
15268	40
15268	38
15268.1	49
15268.1	51
15268.1	24
15268.1	58
15268.2	41
15268.2	56
15268.2	37
15268.3	54
15268.3	21
15268.3	46
15268.3	20
15268.4	48
15268.4	29
15268.4	46
15268.5	51
15268.5	36
15268.5	56
15268.5	46
15268.6	41
15268.6	55
15268.6	64
15268.7	46
15268.7	63
15268.7	32
15268.7	37
15268.8	56
15268.8	57
15268.8	47
15268.9	52
15268.9	36
15268.9	26
15268.9	36
15269	53
15269	50
15269	36
15269.1	53
15269.1	56
15269.1	42
15269.1	61
15269.2	42
15269.2	30
15269.2	56
15269.3	45
15269.3	44
15269.3	35
15269.3	47
15269.4	40
15269.4	24
15269.4	54
15269.5	53
15269.5	43
15269.5	38
15269.5	26
15269.6	23
15269.6	46
15269.6	43
15269.7	43
15269.7	39
15269.7	45
15269.7	37
15269.8	39
15269.8	41
15269.8	35
15269.9	46
15269.9	40
15269.9	41
15269.9	40
15270	45
15270	43
15270	32
15270.1	30
15270.1	50
15270.1	36
15270.1	43
15270.2	44
15270.2	51
15270.2	35
15270.3	30
15270.3	47
15270.3	50
15270.3	37
15270.4	57
15270.4	51
15270.4	39
15270.5	33
15270.5	42
15270.5	34
15270.5	45
15270.6	41
15270.6	50
15270.6	53
15270.7	47
15270.7	52
15270.7	38
15270.7	47
15270.8	22
15270.8	33
15270.8	56
15270.9	31
15270.9	37
15270.9	51
15270.9	38
15271	40
15271	41
15271	42
15271.1	41
15271.1	43
15271.1	26
15271.1	38
15271.2	43
15271.2	40
15271.2	51
15271.3	47
15271.3	29
15271.3	41
15271.3	40
15271.4	43
15271.4	49
15271.4	60
15271.5	48
15271.5	50
15271.5	31
15271.5	36
15271.6	38
15271.6	50
15271.6	29
15271.7	31
15271.7	22
15271.7	37
15271.7	43
15271.8	44
15271.8	51
15271.8	45
15271.9	18
15271.9	19
15271.9	46
15271.9	41
15272	36
15272	29
15272	39
15272.1	55
15272.1	36
15272.1	40
15272.1	52
15272.2	43
15272.2	39
15272.2	58
15272.3	58
15272.3	54
15272.3	31
15272.3	55
15272.4	47
15272.4	37
15272.4	53
15272.5	41
15272.5	17
15272.5	55
15272.5	56
15272.6	52
15272.6	36
15272.6	40
15272.6	29
15272.7	52
15272.7	38
15272.7	44
15272.8	44
15272.8	12
15272.8	48
15272.8	45
15272.9	66
15272.9	50
15272.9	38
15273	46
15273	42
15273	33
15273	53
15273.1	25
15273.1	35
15273.1	45
15273.2	34
15273.2	38
15273.2	48
15273.2	39
15273.3	46
15273.3	35
15273.3	45
15273.4	46
15273.4	43
15273.4	41
15273.4	39
15273.5	46
15273.5	49
15273.5	41
15273.6	40
15273.6	31
15273.6	43
15273.6	56
15273.7	36
15273.7	60
15273.7	29
15273.8	39
15273.8	40
15273.8	58
15273.8	22
15273.9	46
15273.9	31
15273.9	40
15274	49
15274	59
15274	39
15274	27
15274.1	38
15274.1	38
15274.1	51
15274.1	37
15274.2	49
15274.2	45
15274.2	37
15274.3	55
15274.3	40
15274.3	32
15274.3	46
15274.4	40
15274.4	43
15274.4	36
15274.5	42
15274.5	41
15274.5	30
15274.5	49
15274.6	56
15274.6	47
15274.6	40
15274.7	53
15274.7	38
15274.7	38
15274.7	43
15274.8	40
15274.8	44
15274.8	29
15274.9	51
15274.9	57
15274.9	38
15274.9	38
15275	66
15275	35
15275	48
15275	45
15275.1	21
15275.1	33
15275.1	49
15275.2	44
15275.2	54
15275.2	34
15275.2	30
15275.3	38
15275.3	26
15275.3	49
15275.4	45
15275.4	53
15275.4	33
15275.4	33
15275.5	40
15275.5	42
15275.5	44
15275.6	34
15275.6	44
15275.6	46
15275.6	61
15275.7	40
15275.7	41
15275.7	18
15275.8	31
15275.8	50
15275.8	44
15275.8	48
15275.9	57
15275.9	31
15275.9	35
15275.9	48
15276	52
15276	36
15276	27
15276.1	35
15276.1	42
15276.1	24
15276.1	42
15276.2	49
15276.2	49
15276.2	37
15276.3	48
15276.3	35
15276.3	40
15276.3	28
15276.4	60
15276.4	44
15276.4	41
15276.5	24
15276.5	40
15276.5	36
15276.5	60
15276.6	42
15276.6	40
15276.6	44
15276.6	24
15276.7	44
15276.7	21
15276.7	52
15276.8	50
15276.8	40
15276.8	34
15276.8	32
15276.9	58
15276.9	57
15276.9	18
15277	31
15277	48
15277	47
15277	46
15277.1	43
15277.1	43
15277.1	34
15277.2	31
15277.2	57
15277.2	59
15277.2	39
15277.3	9
15277.3	55
15277.3	50
15277.3	35
15277.4	33
15277.4	38
15277.4	45
15277.5	37
15277.5	29
15277.5	28
15277.5	49
15277.6	22
15277.6	66
15277.6	34
15277.7	58
15277.7	40
15277.7	3
15277.7	47
15277.8	51
15277.8	41
15277.8	50
15277.9	55
15277.9	43
15277.9	31
15277.9	22
15278	33
15278	45
15278	31
15278	37
15278.1	31
15278.1	36
15278.1	34
15278.2	47
15278.2	36
15278.2	45
15278.2	40
15278.3	47
15278.3	33
15278.3	38
15278.4	34
15278.4	36
15278.4	33
15278.4	38
15278.5	35
15278.5	49
15278.5	38
15278.5	34
15278.6	57
15278.6	33
15278.6	30
15278.7	43
15278.7	45
15278.7	40
15278.7	24
15278.8	51
15278.8	59
15278.8	44
15278.9	36
15278.9	44
15278.9	55
15278.9	61
15279	26
15279	30
15279	20
15279	39
15279.1	24
15279.1	31
15279.1	59
15279.2	30
15279.2	43
15279.2	44
15279.2	27
15279.3	49
15279.3	27
15279.3	53
15279.4	40
15279.4	41
15279.4	40
15279.4	31
15279.5	52
15279.5	56
15279.5	36
15279.5	38
15279.6	37
15279.6	38
15279.6	42
15279.7	30
15279.7	25
15279.7	44
15279.7	55
15279.8	49
15279.8	51
15279.8	32
15279.9	18
15279.9	41
15279.9	64
15279.9	53
15280	22
15280	45
15280	42
15280	56
15280.1	38
15280.1	51
15280.1	36
15280.2	33
15280.2	22
15280.2	33
15280.2	43
15280.3	48
15280.3	40
15280.3	57
15280.4	50
15280.4	39
15280.4	32
15280.4	24
15280.5	40
15280.5	53
15280.5	51
15280.5	52
15280.6	48
15280.6	46
15280.6	36
15280.7	41
15280.7	44
15280.7	34
15280.7	39
15280.8	36
15280.8	42
15280.8	38
15280.8	37
15280.9	21
15280.9	18
15280.9	37
15281	53
15281	44
15281	42
15281	29
15281.1	24
15281.1	42
15281.1	44
15281.2	43
15281.2	30
15281.2	14
15281.2	31
15281.3	34
15281.3	41
15281.3	49
15281.3	41
15281.4	47
15281.4	47
15281.4	46
15281.5	46
15281.5	40
15281.5	7
15281.5	31
15281.6	51
15281.6	29
15281.6	36
15281.6	31
15281.7	19
15281.7	31
15281.7	54
15281.8	31.9764
15281.8	19.2099
15281.8	29.1572
15281.8	34.714
15281.9	23.004
15281.9	46.585
15281.9	28.4126
15282	53.6386
15282	42.7716
15282	35.0834
15282	41.5236
15282.1	39.8062
15282.1	46.3675
15282.1	28.6102
15282.1	41.2419
15282.2	36.7927
15282.2	39.6486
15282.2	31.0214
15282.3	31.1254
15282.3	27.6135
15282.3	38.6544
15282.3	44.8232
15282.4	39.967
15282.4	28.6453
15282.4	30.8766
15282.4	27.1643
15282.5	42.3237
15282.5	26.5868
15282.5	37.0274
15282.6	22.3302
15282.6	35.0943
15282.6	35.5708
15282.6	35.3208
15282.7	39.2727
15282.7	25.362
15282.7	25.3924
15282.7	28.5192
15282.8	44.4459
15282.8	49.4859
15282.8	29.2334
15282.9	20.9595
15282.9	33.2155
15282.9	42.0199
15282.9	48.6406
15283	34.5089
15283	33.7433
15283	39.4957
15283.1	34.5
15283.1	29.6491
15283.1	38.52
15283.1	35.3305
15283.2	29.3829
15283.2	39.4898
15283.2	34.4323
15283.2	30.3935
15283.3	26.1892
15283.3	36.1392
15283.3	25.9794
15283.4	35.7455
15283.4	46.2356
15283.4	42.1631
15283.4	21.5802
15283.5	21.5827
15283.5	34.9742
15283.5	41.4707
15283.5	38.3062
15283.6	34.1462
15283.6	30.7934
15283.6	32.0956
15283.7	33.3898
15283.7	34.0142
15283.7	37.3106
15283.7	25.0017
15283.8	31.0578
15283.8	25.6116
15283.8	31.8126
15283.8	36.8962
15283.9	28.8113
15283.9	22.7078
15283.9	17.0079
15284	32.4901
15284	34.1378
15284	29.5829
15284	23.3827
15284.1	21.4479
15284.1	19.2962
15284.1	24.5261
15284.1	25.6005
15284.2	26.219
15284.2	29.1996
15284.2	31.9352
15284.3	18.4568
15284.3	15.8103
15284.3	29.2962
15284.3	37.7798
15284.4	41.3195
15284.4	25.558
15284.4	20.9409
15284.4	11.9198
15284.5	12.9623
15284.5	30.8982
15284.5	18.725
15284.6	11.214
15284.6	19.5481
15284.6	24.6642
15284.6	25.7638
15284.6	26
15284.7	28
15284.7	16
15284.7	28
15284.8	32
15284.8	31
15284.8	26
15284.8	24
15284.9	-2
15284.9	36
15284.9	13
15285	15
15285	32
15285	33
15285	6
15285.1	20
15285.1	21
15285.1	32
15285.2	24
15285.2	17
15285.2	30
15285.2	26
15285.3	36
15285.3	26
15285.3	34
15285.4	29
15285.4	15
15285.4	32
15285.4	41
15285.5	43
15285.5	38
15285.5	33
15285.6	38
15285.6	34
15285.6	23
15285.6	27
15285.7	22
15285.7	35
15285.7	35
15285.7	45
15285.8	15
15285.8	23
15285.8	41
15285.9	21
15285.9	34
15285.9	39
15285.9	27
15286	38
15286	34
15286	29
15286.1	47
15286.1	23
15286.1	49
15286.1	35
15286.2	30
15286.2	43
15286.2	33
15286.3	34
15286.3	31
15286.3	35
15286.3	35
15286.4	48
15286.4	35
15286.4	47
15286.5	51
15286.5	17
15286.5	30
15286.5	25
15286.6	33
15286.6	35
15286.6	38
15286.7	29
15286.7	38
15286.7	14
15286.7	27
15286.8	51
15286.8	34
15286.8	33
15286.8	29
15286.9	-1
15286.9	31
15286.9	37
15287	38
15287	24
15287	15
15287	43
15287.1	16
15287.1	33
15287.1	42
15287.2	25
15287.2	11
15287.2	30
15287.2	24
15287.3	43
15287.3	34
15287.3	35
15287.4	33
15287.4	26
15287.4	43
15287.4	57
15287.5	37
15287.5	30
15287.5	37
15287.6	31
15287.6	42
15287.6	36
15287.6	33
15287.7	38
15287.7	39
15287.7	49
15287.8	50
15287.8	46
15287.8	25
15287.8	39
15287.9	42
15287.9	27
15287.9	27
15287.9	36
15288	37
15288	59
15288	43
15288.1	27
15288.1	44
15288.1	30
15288.1	43
15288.2	37
15288.2	47
15288.2	46
15288.3	33
15288.3	51
15288.3	40
15288.3	55
15288.4	39
15288.4	34
15288.4	47
15288.5	50
15288.5	47
15288.5	49
15288.5	15
15288.6	37
15288.6	25
15288.6	39
15288.6	44
15288.7	49
15288.7	40
15288.7	38
15288.8	47
15288.8	42
15288.8	34
15288.8	30
15288.9	31
15288.9	35
15288.9	49
15289	29
15289	51
15289	33
15289	35
15289.1	38
15289.1	42
15289.1	45
15289.2	34
15289.2	49
15289.2	43
15289.2	47
15289.3	26
15289.3	55
15289.3	24
15289.3	37
15289.4	29
15289.4	41
15289.4	31
15289.5	46
15289.5	18
15289.5	46
15289.5	52
15289.6	33
15289.6	39
15289.6	39
15289.7	29
15289.7	54
15289.7	40
15289.7	49
15289.8	43
15289.8	32
15289.8	41
15289.8	30
15289.9	48
15289.9	31
15289.9	40
15290	40
15290	53
15290	34
15290	45
15290.1	44
15290.1	28
15290.1	34
15290.2	53
15290.2	36
15290.2	34
15290.2	44
15290.3	39
15290.3	42
15290.3	24
15290.4	35
15290.4	30
15290.4	19
15290.4	31
15290.5	34
15290.5	39
15290.5	45
15290.5	33
15290.6	27
15290.6	49
15290.6	45
15290.7	34
15290.7	50
15290.7	33
15290.7	24
15290.8	38
15290.8	31
15290.8	43
15290.9	50
15290.9	56
15290.9	51
15290.9	47
15291	47
15291	27
15291	48
15291	31
15291.1	39
15291.1	31
15291.1	37
15291.2	44
15291.2	43
15291.2	43
15291.2	44.5
15291.3	46
15291.3	40
15291.3	27
15291.4	57
15291.4	59
15291.4	37
15291.4	52
15291.5	35
15291.5	48
15291.5	51
15291.5	42
15291.6	60
15291.6	47
15291.6	32
15291.7	39
15291.7	39
15291.7	40
15291.7	45
15291.8	36
15291.8	31
15291.8	49
15291.9	28
15291.9	42
15291.9	44
15291.9	35
15292	48
15292	32
15292	45
15292	26
15292.1	55
15292.1	30
15292.1	44
15292.2	34
15292.2	43
15292.2	39
15292.2	37
15292.3	40
15292.3	31
15292.3	55
15292.4	33
15292.4	24
15292.4	32
15292.4	23
15292.5	51
15292.5	46
15292.5	34
15292.5	44
15292.6	37
15292.6	47
15292.6	41
15292.7	41
15292.7	40
15292.7	44
15292.7	41
15292.8	38
15292.8	42
15292.8	52
15292.9	60
15292.9	40
15292.9	43
15292.9	57
15293	38
15293	24
15293	32
15293	41
15293.1	40
15293.1	25
15293.1	38
15293.2	48
15293.2	48
15293.2	50
15293.2	58
15293.3	35
15293.3	28
15293.3	38
15293.3	39
15293.4	45
15293.4	49
15293.4	34
15293.5	33
15293.5	41
15293.5	32
15293.5	42
15293.6	37
15293.6	40
15293.6	42
15293.7	44
15293.7	31
15293.7	30
15293.7	52
15293.8	63
15293.8	46
15293.8	43
15293.8	25
15293.9	44
15293.9	45
15293.9	51
15294	47
15294	54
15294	44
15294	30
15294.1	35
15294.1	51
15294.1	53
15294.1	32
15294.2	55
15294.2	43
15294.2	39
15294.3	34
15294.3	44
15294.3	59
15294.3	27
15294.4	39
15294.4	59
15294.4	56
15294.5	49
15294.5	41
15294.5	29
15294.5	33
15294.6	60
15294.6	56
15294.6	40
15294.6	38
15294.7	30
15294.7	44
15294.7	36
15294.8	52
15294.8	35
15294.8	29
15294.8	56
15294.9	42
15294.9	44
15294.9	39
15294.9	42
15295	44
15295	43
15295	44
15295.1	29
15295.1	41
15295.1	26
15295.1	59
15295.2	54
15295.2	58
15295.2	38
15295.2	29
15295.3	45
15295.3	35
15295.3	29
15295.4	37
15295.4	52
15295.4	54
15295.4	51
15295.5	30
15295.5	54
15295.5	52
15295.5	31
15295.6	51
15295.6	47
15295.6	37
15295.7	42
15295.7	25
15295.7	53
15295.7	29
15295.8	48
15295.8	39
15295.8	34
15295.9	16
15295.9	28
15295.9	58
15295.9	39
15296	39
15296	48
15296	56
15296	57
15296.1	25
15296.1	47
15296.1	48
15296.2	14
15296.2	26
15296.2	36
15296.2	41
15296.3	26
15296.3	33
15296.3	43
15296.3	52
15296.4	58
15296.4	49
15296.4	28
15296.5	27
15296.5	36
15296.5	43
15296.5	28
15296.6	44
15296.6	53
15296.6	44
15296.6	53
15296.7	54
15296.7	64
15296.7	22
15296.8	44
15296.8	42
15296.8	47
15296.8	44
15296.9	23
15296.9	38
15296.9	37
15296.9	37
15297	40
15297	41
15297	35
15297.1	38
15297.1	22
15297.1	36
15297.1	56
15297.2	23
15297.2	45
15297.2	43
15297.2	54
15297.3	32
15297.3	39
15297.3	36
15297.4	33
15297.4	33
15297.4	34
15297.4	59
15297.5	30
15297.5	34
15297.5	46
15297.5	25
15297.6	37
15297.6	35
15297.6	37
15297.7	41
15297.7	36
15297.7	40
15297.7	33
15297.8	42
15297.8	50
15297.8	48
15297.8	54
15297.9	22
15297.9	39
15297.9	29
15298	38
15298	41
15298	49
15298	41
15298.1	20
15298.1	39
15298.1	50
15298.1	56
15298.2	60
15298.2	46
15298.2	51
15298.3	43
15298.3	28
15298.3	42
15298.3	31
15298.4	21
15298.4	33
15298.4	34
15298.4	47
15298.5	47
15298.5	44
15298.5	40
15298.6	31
15298.6	57
15298.6	35
15298.6	48
15298.7	46
15298.7	9
15298.7	36
15298.7	55
15298.8	28
15298.8	39
15298.8	36
15298.9	40
15298.9	49
15298.9	38
15298.9	51
15299	54
15299	32
15299	38
15299	45
15299.1	49
15299.1	45
15299.1	40
15299.1	43
15299.2	30
15299.2	36
15299.2	48
15299.3	40
15299.3	29
15299.3	55
15299.3	38
15299.4	34
15299.4	20
15299.4	40
15299.4	55
15299.5	33
15299.5	65
15299.5	48
15299.6	52
15299.6	33
15299.6	54
15299.6	52
15299.7	42
15299.7	44
15299.7	26
15299.7	37
15299.8	56
15299.8	27
15299.8	48
15299.9	45
15299.9	26
15299.9	44
15299.9	49
15300	32
15300	40
15300	49
15300	42
15300.1	54
15300.1	54
15300.1	44
15300.2	34
15300.2	15
15300.2	33
15300.2	35
15300.3	48
15300.3	41
15300.3	29
15300.3	28
15300.4	47
15300.4	34
15300.4	18
15300.4	50
15300.5	34
15300.5	27
15300.5	39
15300.6	65
15300.6	39
15300.6	35
15300.6	29
15300.7	29
15300.7	48
15300.7	49
15300.7	35
15300.8	46
15300.8	66
15300.8	54
15300.9	44
15300.9	35
15300.9	33
15300.9	39
15301	53
15301	48
15301	41
15301	42
15301.1	47
15301.1	18
15301.1	26
15301.1	64
15301.2	39
15301.2	23
15301.2	39
15301.3	41
15301.3	52
15301.3	39
15301.3	17
15301.4	49
15301.4	56
15301.4	46
15301.4	49
15301.5	30
15301.5	20
15301.5	36
15301.6	49
15301.6	50
15301.6	41
15301.6	40
15301.7	28
15301.7	44
15301.7	43
15301.7	60
15301.8	30
15301.8	34
15301.8	32
15301.8	57
15301.9	52
15301.9	31
15301.9	27
15302	26
15302	60
15302	52
15302	43
15302.1	53
15302.1	45
15302.1	34
15302.1	52
15302.2	41
15302.2	30
15302.2	46
15302.3	37
15302.3	46
15302.3	36
15302.3	55
15302.4	53
15302.4	50
15302.4	35
15302.4	52
15302.5	45
15302.5	52
15302.5	37
15302.5	33
15302.6	36
15302.6	28
15302.6	50
15302.7	34
15302.7	30
15302.7	42
15302.7	34
15302.8	35
15302.8	39
15302.8	33
15302.8	51
15302.9	47
15302.9	57
15302.9	33
15302.9	40
15303	33
15303	51
15303	50
15303.1	48
15303.1	40
15303.1	38
15303.1	47
15303.2	47
15303.2	62
15303.2	32
15303.2	17
15303.3	37
15303.3	31
15303.3	43
15303.3	34
15303.4	38
15303.4	48
15303.4	35
15303.5	47
15303.5	39
15303.5	41
15303.5	36
15303.6	43
15303.6	61
15303.6	37
15303.6	58
15303.7	44
15303.7	39
15303.7	48
15303.7	32
15303.8	35
15303.8	36
15303.8	13
15303.9	44
15303.9	40
15303.9	41
15303.9	36
15304	26
15304	24
15304	30
15304	42
15304.1	44
15304.1	57
15304.1	60
15304.1	27
15304.2	27
15304.2	34
15304.2	46
15304.3	34
15304.3	29
15304.3	33
15304.3	43
15304.4	47
15304.4	39
15304.4	30
15304.4	32
15304.5	39
15304.5	31
15304.5	51
15304.5	41
15304.6	18
15304.6	33
15304.6	43
15304.7	35
15304.7	52
15304.7	21
15304.7	48
15304.8	25
15304.8	29
15304.8	30
15304.8	22
15304.9	44
15304.9	48
15304.9	54
15304.9	41
15305	25
15305	34
15305	56
15305.1	39
15305.1	42
15305.1	20
15305.1	37
15305.2	18
15305.2	33
15305.2	33
15305.2	22
15305.3	38
15305.3	29
15305.3	24
15305.3	34
15305.4	39
15305.4	57
15305.4	32
15305.5	22
15305.5	37
15305.5	35
15305.5	62
15305.6	30
15305.6	55
15305.6	26
15305.6	37
15305.7	23
15305.7	35
15305.7	25
15305.7	15
15305.8	38
15305.8	51
15305.8	67
15305.9	36
15305.9	43
15305.9	45
15305.9	39
15306	49
15306	26
15306	37
15306	30
15306.1	35
15306.1	48
15306.1	39
15306.1	40
15306.2	35
15306.2	43
15306.2	64
15306.2	39
15306.3	34
15306.3	39
15306.3	31
15306.4	50
15306.4	37
15306.4	51
15306.4	33
15306.5	55
15306.5	33
15306.5	24
15306.5	33
15306.6	44
15306.6	37
15306.6	24
15306.6	22
15306.7	38
15306.7	42
15306.7	20
15306.8	40
15306.8	31
15306.8	19
15306.8	31
15306.9	38
15306.9	24
15306.9	43
15306.9	46.8578
15307	28.8278
15307	46.5087
15307	47.3654
15307	17.2113
15307.1	36.7813
15307.1	34.1193
15307.1	37.1088
15307.1	38.322
15307.2	40.8276
15307.2	37.2853
15307.2	39.5459
15307.3	41.0664
15307.3	35.8581
15307.3	26.9831
15307.3	30.7064
15307.4	35.5129
15307.4	39.6289
15307.4	26.6751
15307.4	30.9522
15307.5	40.0869
15307.5	33.565
15307.5	37.0348
15307.5	29.1873
15307.6	43.5028
15307.6	37.0241
15307.6	23.0497
15307.6	38.6032
15307.7	46.3143
15307.7	29.5784
15307.7	26.6658
15307.8	35.0963
15307.8	36.1699
15307.8	33.0555
15307.8	24.3693
15307.9	35.5279
15307.9	25.7614
15307.9	12.5741
15307.9	40.3357
15308	32.4453
15308	39.2248
15308	43.7307
15308	30.4301
15308.1	39.6756
15308.1	25.2353
15308.1	36.5482
15308.1	44.6605
15308.2	35.2365
15308.2	28.0221
15308.2	24.9819
15308.3	25.447
15308.3	32.4983
15308.3	34.4766
15308.3	32.2189
15308.4	33.2065
15308.4	29.0432
15308.4	31.0474
15308.4	29.1055
15308.5	29.108
15308.5	26.0924
15308.5	28.3456
15308.5	28.9725
15308.6	23.5609
15308.6	35.9158
15308.6	28.5553
15308.6	38.9908
15308.7	33.4404
15308.7	24.7564
15308.7	39.0652
15308.8	29.3035
15308.8	33.4914
15308.8	31.1817
15308.8	39.1816
15308.9	21.6572
15308.9	28.8785
15308.9	41.139
15308.9	36.9825
15309	27.7323
15309	37.5638
15309	30.5413
15309	24.8108
15309.1	29.8509
15309.1	38.8371
15309.1	23.6543
15309.1	29.7434
15309.2	26.5044
15309.2	29.9448
15309.2	38.2826
15309.3	40.0067
15309.3	35.7974
15309.3	32.0466
15309.3	24.5513
15309.4	22.9861
15309.4	39.8929
15309.4	27.6529
15309.4	24.2694
15309.5	14.9624
15309.5	19.0938
15309.5	24.0857
15309.5	25.2336
15309.6	22.7097
15309.6	25.1189
15309.6	28.1484
15309.6	30.8066
15309.7	22.566
15309.7	20.6665
15309.7	20.6308
15309.7	17.6352
15309.8	24.9384
15309.8	20
15309.8	14
15309.8	32
15309.9	27
15309.9	26
15309.9	30
15310	29
15310	18
15310	41
15310	11
15310.1	11
15310.1	46
15310.1	41
15310.1	40
15310.2	31
15310.2	17
15310.2	31
15310.3	34
15310.3	42
15310.3	35
15310.3	16
15310.4	23
15310.4	31
15310.4	23
15310.4	27
15310.5	24
15310.5	47
15310.5	29
15310.6	13
15310.6	35
15310.6	40
15310.6	17
15310.7	50
15310.7	32
15310.7	29
15310.7	32
15310.8	38
15310.8	43
15310.8	44
15310.9	22
15310.9	44
15310.9	31
15310.9	33
15311	38
15311	31
15311	36
15311	47
15311.1	44
15311.1	19
15311.1	33
15311.1	38
15311.2	35
15311.2	50
15311.2	35
15311.3	38
15311.3	23
15311.3	31
15311.3	37
15311.4	33
15311.4	33
15311.4	39
15311.4	43
15311.5	44
15311.5	36
15311.5	44
15311.6	49
15311.6	27
15311.6	42
15311.6	34
15311.7	36
15311.7	36
15311.7	37
15311.7	33
15311.8	43
15311.8	28
15311.8	10
15311.9	58
15311.9	50
15311.9	51
15311.9	24
15312	21
15312	41
15312	17
15312	37
15312.1	42
15312.1	24
15312.1	44
15312.2	50
15312.2	20
15312.2	41
15312.2	28
15312.3	28
15312.3	33
15312.3	48
15312.3	34
15312.4	36
15312.4	34
15312.4	60
15312.4	42
15312.5	29
15312.5	46
15312.5	37
15312.6	28
15312.6	29
15312.6	34
15312.6	27
15312.7	32
15312.7	22
15312.7	50
15312.7	51
15312.8	31
15312.8	42
15312.8	25
15312.9	31
15312.9	39
15312.9	27
15312.9	41
15313	42
15313	33
15313	57
15313	49
15313.1	36
15313.1	49
15313.1	28
15313.1	30
15313.2	40
15313.2	20
15313.2	32
15313.3	30
15313.3	27
15313.3	50
15313.3	32
15313.4	22
15313.4	27
15313.4	29
15313.4	39
15313.5	46
15313.5	65
15313.5	45
15313.6	26
15313.6	41
15313.6	35
15313.6	40
15313.7	46
15313.7	35
15313.7	34
15313.7	29
15313.8	42
15313.8	43
15313.8	49
15313.8	33
15313.9	36
15313.9	33
15313.9	45
15314	38
15314	26
15314	50
15314	42
15314.1	42
15314.1	43
15314.1	37
15314.1	31
15314.2	43
15314.2	37
15314.2	29
15314.3	36
15314.3	31
15314.3	29
15314.3	32
15314.4	38
15314.4	42
15314.4	43
15314.4	44
15314.5	24
15314.5	27
15314.5	31
15314.5	41
15314.6	44
15314.6	36
15314.6	31
15314.7	47
15314.7	34
15314.7	44
15314.7	46
15314.8	27
15314.8	31
15314.8	45
15314.8	56
15314.9	41
15314.9	39
15314.9	27
15314.9	50
15315	36
15315	44
15315	33
15315.1	21
15315.1	31
15315.1	48
15315.1	30
15315.2	40
15315.2	36
15315.2	53
15315.2	36
15315.3	33
15315.3	40
15315.3	30
15315.3	26
15315.4	64
15315.4	28
15315.4	40
15315.5	65
15315.5	57
15315.5	60
15315.5	56
15315.6	36
15315.6	32
15315.6	24
15315.6	26
15315.7	48
15315.7	38
15315.7	52
15315.7	24
15315.8	23
15315.8	44
15315.8	55
15315.9	54
15315.9	42
15315.9	25
15315.9	36
15316	55
15316	37
15316	41
15316	49.5
15316.1	58
15316.1	35
15316.1	30
15316.1	42
15316.2	47
15316.2	27
15316.2	37
15316.3	51
15316.3	41
15316.3	53
15316.3	43
15316.4	34
15316.4	63
15316.4	52
15316.4	54
15316.5	49
15316.5	53
15316.5	53
15316.5	46
15316.6	43
15316.6	42
15316.6	46
15316.7	36
15316.7	29
15316.7	27
15316.7	51
15316.8	27
15316.8	30
15316.8	40
15316.8	51
15316.9	29
15316.9	55
15316.9	63
15316.9	36
15317	37
15317	44
15317	63
15317.1	41
15317.1	30
15317.1	20
15317.1	40
15317.2	53
15317.2	60
15317.2	43
15317.2	68
15317.3	28
15317.3	46
15317.3	32
15317.3	41
15317.4	50
15317.4	44
15317.4	39
15317.5	60
15317.5	60
15317.5	47
15317.5	34
15317.6	41
15317.6	44
15317.6	56
15317.6	47
15317.7	29
15317.7	36
15317.7	42
15317.7	40
15317.8	43
15317.8	44
15317.8	46
15317.8	43
15317.9	42
15317.9	39
15317.9	46
15318	19
15318	23
15318	57
15318	37
15318.1	35
15318.1	63
15318.1	37
15318.1	34
15318.2	40
15318.2	37
15318.2	41
15318.2	34
15318.3	47
15318.3	46
15318.3	46
15318.4	48
15318.4	49
15318.4	25
15318.4	31
15318.5	45
15318.5	34
15318.5	38
15318.5	30
15318.6	31
15318.6	44
15318.6	49
15318.6	55
15318.7	37
15318.7	27
15318.7	54
15318.8	48
15318.8	47
15318.8	52
15318.8	53
15318.9	45
15318.9	48
15318.9	35
15318.9	48
15319	44
15319	44
15319	32
15319	47
15319.1	24
15319.1	30
15319.1	36
15319.1	50
15319.2	41
15319.2	52
15319.2	35
15319.3	34
15319.3	33
15319.3	58
15319.3	54
15319.4	43
15319.4	25
15319.4	54
15319.4	41
15319.5	55
15319.5	49
15319.5	54
15319.5	35
15319.6	12
15319.6	47
15319.6	36
15319.6	63
15319.7	33
15319.7	36
15319.7	53
15319.8	44
15319.8	39
15319.8	38
15319.8	44
15319.9	34
15319.9	42
15319.9	35
15319.9	33
15320	36
15320	43
15320	33
15320	41
15320.1	52
15320.1	52
15320.1	31
15320.1	54
15320.2	50
15320.2	48
15320.2	60
15320.3	49
15320.3	55
15320.3	49
15320.3	46
15320.4	40
15320.4	52
15320.4	43
15320.4	46
15320.5	51
15320.5	36
15320.5	48
15320.5	41
15320.6	15
15320.6	31
15320.6	46
15320.6	52
15320.7	30
15320.7	57
15320.7	45
15320.8	41
15320.8	56
15320.8	73
15320.8	40
15320.9	36
15320.9	46
15320.9	32
15320.9	64
15321	38
15321	46
15321	53
15321	40
15321.1	60
15321.1	53
15321.1	49
15321.1	32
15321.2	44
15321.2	52
15321.2	56
15321.3	34
15321.3	52
15321.3	46
15321.3	40
15321.4	46
15321.4	35
15321.4	42
15321.4	39
15321.5	24
15321.5	39
15321.5	43
15321.5	35
15321.6	57
15321.6	50
15321.6	45
15321.6	49
15321.7	43
15321.7	58
15321.7	27
15321.7	30
15321.8	46
15321.8	31
15321.8	45
15321.9	39
15321.9	37
15321.9	45
15321.9	41
15322	26
15322	37
15322	42
15322	32
15322.1	38
15322.1	35
15322.1	44
15322.1	37
15322.2	46
15322.2	37
15322.2	35
15322.2	38
15322.3	48
15322.3	25
15322.3	42
15322.3	43
15322.4	35
15322.4	28
15322.4	46
15322.5	37
15322.5	51
15322.5	33
15322.5	24
15322.6	43
15322.6	40
15322.6	49
15322.6	36
15322.7	46
15322.7	51
15322.7	36
15322.7	34
15322.8	34
15322.8	41
15322.8	51
15322.8	42
15322.9	17
15322.9	43
15322.9	28
15322.9	53
15323	33
15323	42
15323	45
15323.1	44
15323.1	28
15323.1	38
15323.1	35
15323.2	50
15323.2	50
15323.2	64
15323.2	45
15323.3	41
15323.3	51
15323.3	47
15323.3	50
15323.4	38
15323.4	58
15323.4	31
15323.4	55
15323.5	39
15323.5	37
15323.5	51
15323.5	49
15323.6	25
15323.6	43
15323.6	50
15323.7	33
15323.7	40
15323.7	40
15323.7	41
15323.8	35
15323.8	36
15323.8	56
15323.8	36
15323.9	16
15323.9	33
15323.9	32
15323.9	42
15324	46
15324	42
15324	38
15324	54
15324.1	37
15324.1	43
15324.1	41
15324.1	35
15324.2	39
15324.2	44
15324.2	55
15324.2	32
15324.3	49
15324.3	51
15324.3	36
15324.4	47
15324.4	42
15324.4	48
15324.4	19
15324.5	42
15324.5	35
15324.5	33
15324.5	44
15324.6	37
15324.6	47
15324.6	27
15324.6	44
15324.7	42
15324.7	32
15324.7	41
15324.7	51
15324.8	34
15324.8	59
15324.8	40
15324.8	38
15324.9	39
15324.9	35
15324.9	53
15324.9	42
15325	39
15325	31
15325	35
15325.1	52
15325.1	49
15325.1	41
15325.1	37
15325.2	45
15325.2	20
15325.2	50
15325.2	42
15325.3	44
15325.3	42
15325.3	38
15325.3	37
15325.4	37
15325.4	44
15325.4	39
15325.4	23
15325.5	28
15325.5	52
15325.5	34
15325.5	51
15325.6	33
15325.6	22
15325.6	44
15325.6	45
15325.7	33
15325.7	34
15325.7	43
15325.7	42
15325.8	64
15325.8	40
15325.8	43
15325.9	43
15325.9	51
15325.9	42
15325.9	40
15326	33
15326	45
15326	33
15326	55
15326.1	36
15326.1	46
15326.1	32
15326.1	42
15326.2	31
15326.2	36
15326.2	43
15326.2	44
15326.3	33
15326.3	45
15326.3	60
15326.3	45
15326.4	60
15326.4	38
15326.4	20
15326.4	48
15326.5	38
15326.5	64
15326.5	53
15326.5	16
15326.6	50
15326.6	65
15326.6	46
15326.7	36
15326.7	40
15326.7	29
15326.7	26
15326.8	19
15326.8	50
15326.8	52
15326.8	14
15326.9	17
15326.9	31
15326.9	59
15326.9	14
15327	41
15327	38
15327	39
15327	35
15327.1	47
15327.1	30
15327.1	25
15327.1	45
15327.2	31
15327.2	37
15327.2	41
15327.2	26
15327.3	52
15327.3	53
15327.3	32
15327.3	32
15327.4	37
15327.4	34
15327.4	32
15327.4	48
15327.5	34
15327.5	28
15327.5	25
15327.5	38
15327.6	50
15327.6	53
15327.6	30
15327.7	34
15327.7	33
15327.7	41
15327.7	42
15327.8	47
15327.8	47
15327.8	30
15327.8	34
15327.9	35
15327.9	53
15327.9	43
15327.9	23
15328	33
15328	35
15328	30
15328	39
15328.1	27
15328.1	38
15328.1	39
15328.1	45
15328.2	35
15328.2	31
15328.2	43
15328.2	35
15328.3	36
15328.3	55
15328.3	53
15328.3	41
15328.4	51
15328.4	42
15328.4	35
15328.4	36
15328.5	38
15328.5	43
15328.5	35
15328.5	39
15328.6	38
15328.6	49
15328.6	39
15328.6	7
15328.7	47
15328.7	61
15328.7	46
15328.8	43
15328.8	41
15328.8	39
15328.8	40
15328.9	47
15328.9	57
15328.9	22
15328.9	15
15329	40
15329	53
15329	52
15329	43
15329.1	35
15329.1	40
15329.1	54
15329.1	42
15329.2	37
15329.2	31
15329.2	18
15329.2	45
15329.3	45
15329.3	50
15329.3	35
15329.3	31
15329.4	46
15329.4	44
15329.4	37
15329.4	21
15329.5	21
15329.5	47
15329.5	46
15329.5	28
15329.6	16
15329.6	28
15329.6	53
15329.6	43
15329.7	38
15329.7	42
15329.7	54
15329.7	42
15329.8	27
15329.8	19
15329.8	41
15329.8	43
15329.9	33
15329.9	37
15329.9	35
15329.9	52
15330	33
15330	52
15330	42
15330.1	29
15330.1	44
15330.1	42
15330.1	36
15330.2	41
15330.2	38
15330.2	40
15330.2	41
15330.3	56
15330.3	38
15330.3	27
15330.3	46
15330.4	46
15330.4	44
15330.4	35
15330.4	37
15330.5	35
15330.5	55
15330.5	42
15330.5	63
15330.6	48
15330.6	45
15330.6	27
15330.6	51
15330.7	47
15330.7	42
15330.7	42
15330.7	35
15330.8	35
15330.8	55
15330.8	41
15330.8	41
15330.9	57
15330.9	53
15330.9	55
15330.9	52
15331	38
15331	56
15331	32
15331	31
15331.1	56
15331.1	43
15331.1	40
15331.1	16
15331.2	31
15331.2	48
15331.2	52.8296
15331.2	37.6388
15331.3	17.8568
15331.3	11.1624
15331.3	37.7663
15331.3	41.3445
15331.4	44.475
15331.4	59.6923
15331.4	20.365
15331.4	51.7481
15331.5	39.0407
15331.5	55.152
15331.5	44.8116
15331.5	44.8327
15331.6	27.8272
15331.6	32.0805
15331.6	29.149
15331.6	51.9301
15331.7	27.5849
15331.7	15.3125
15331.7	36.4375
15331.7	50.3417
15331.8	40.1418
15331.8	43.4595
15331.8	46.7651
15331.8	17.2337
15331.9	37.2331
15331.9	29.9583
15331.9	32.5596
15332	42.2513
15332	29.4649
15332	39.9034
15332	45.0556
15332.1	28.1132
15332.1	37.9846
15332.1	29.6459
15332.1	36.9403
15332.2	44.6908
15332.2	24.8287
15332.2	35.9228
15332.2	29.4952
15332.3	31.6104
15332.3	36.0588
15332.3	35.7476
15332.3	48.1651
15332.4	34.2125
15332.4	29.2516
15332.4	17.0497
15332.4	29.9471
15332.5	42.6279
15332.5	41.1125
15332.5	35.1398
15332.5	33.387
15332.6	38.063
15332.6	36.6282
15332.6	33.6859
15332.6	43.2412
15332.7	26.2772
15332.7	27.125
15332.7	22.3517
15332.7	29.6682
15332.8	34.0061
15332.8	25.1971
15332.8	31.4396
15332.8	29.1288
15332.9	19.2205
15332.9	27.5988
15332.9	36.226
15332.9	42.5143
15333	33.6587
15333	24.7054
15333	19.4792
15333	34.1538
15333.1	30.399
15333.1	23.2839
15333.1	15.4296
15333.1	40.7298
15333.2	34.3894
15333.2	33.8476
15333.2	39.641
15333.2	27.3229
15333.3	24.262
15333.3	37.5865
15333.3	26.9958
15333.3	23.4479
15333.4	30.8144
15333.4	31.3474
15333.4	32.2041
15333.4	23.3832
15333.5	22.4751
15333.5	40.4668
15333.5	45.3766
15333.5	30.2452
15333.6	33.833
15333.6	33.4423
15333.6	27.4717
15333.6	28.3696
15333.7	24.3125
15333.7	30.5098
15333.7	27.428
15333.7	24.8627
15333.8	31.3553
15333.8	27.1587
15333.8	40.3856
15333.8	41
15333.8	39
15333.9	20
15333.9	35
15333.9	45
15333.9	26
15334	15
15334	24
15334	23
15334	32
15334.1	27
15334.1	27
15334.1	34
15334.2	-1
15334.2	32
15334.2	39
15334.2	39
15334.3	25
15334.3	35
15334.3	32
15334.3	39
15334.4	27
15334.4	34
15334.4	31
15334.4	20
15334.5	37
15334.5	45
15334.5	29
15334.5	27
15334.6	38
15334.6	30
15334.6	44
15334.6	36
15334.7	47
15334.7	13
15334.7	31
15334.8	44
15334.8	34
15334.8	39
15334.8	34
15334.9	27
15334.9	44
15334.9	37
15334.9	31
15335	29
15335	27
15335	48
15335	28
15335.1	33
15335.1	42
15335.1	25
15335.1	16
15335.2	24
15335.2	32
15335.2	41
15335.2	42
15335.3	30
15335.3	16
15335.3	28
15335.3	36
15335.4	59
15335.4	29
15335.4	18
15335.5	32
15335.5	28
15335.5	35
15335.5	6
15335.6	25
15335.6	28
15335.6	46
15335.6	45
15335.7	49
15335.7	38
15335.7	26
15335.7	37
15335.8	58
15335.8	46
15335.8	57
15335.8	29
15335.9	22
15335.9	41
15335.9	37
15335.9	24
15336	30
15336	37
15336	44
15336	38
15336.1	34
15336.1	33
15336.1	30
15336.2	40
15336.2	43
15336.2	59
15336.2	34
15336.3	43
15336.3	36
15336.3	31
15336.3	35
15336.4	35
15336.4	31
15336.4	44
15336.4	27
15336.5	39
15336.5	55
15336.5	33
15336.5	40
15336.6	31
15336.6	43
15336.6	35
15336.6	48
15336.7	38
15336.7	19
15336.7	25
15336.7	41
15336.8	38
15336.8	45
15336.8	27
15336.9	32
15336.9	30
15336.9	39
15336.9	44
15337	47
15337	40
15337	19
15337	47
15337.1	36
15337.1	33
15337.1	32
15337.1	35
15337.2	41
15337.2	36
15337.2	52
15337.2	42
15337.3	19
15337.3	38
15337.3	52
15337.3	58
15337.4	31
15337.4	37
15337.4	49
15337.4	44
15337.5	27
15337.5	35
15337.5	42
15337.5	40
15337.6	32
15337.6	43
15337.6	35
15337.7	49
15337.7	40
15337.7	48
15337.7	55
15337.8	47
15337.8	52
15337.8	40
15337.8	32
15337.9	49
15337.9	41
15337.9	42
15337.9	42
15338	14
15338	40
15338	52
15338	33
15338.1	41
15338.1	37
15338.1	16
15338.1	24
15338.2	22
15338.2	48
15338.2	46
15338.2	20
15338.3	28
15338.3	49
15338.3	28
15338.3	63
15338.4	32
15338.4	20
15338.4	34
15338.5	58
15338.5	37
15338.5	52
15338.5	20
15338.6	45
15338.6	61
15338.6	48
15338.6	66
15338.7	38
15338.7	46
15338.7	38
15338.7	48
15338.8	27
15338.8	17
15338.8	33
15338.8	47
15338.9	44
15338.9	39
15338.9	32
15338.9	38
15339	39
15339	42
15339	41
15339	58
15339.1	33
15339.1	37
15339.1	35
15339.1	50
15339.2	47
15339.2	40
15339.2	36
15339.2	25
15339.3	23
15339.3	41
15339.3	54
15339.3	20
15339.4	42
15339.4	27
15339.4	34
15339.5	37
15339.5	20
15339.5	45
15339.5	19
15339.6	41
15339.6	36
15339.6	42
15339.6	40
15339.7	43
15339.7	38
15339.7	48
15339.7	57
15339.8	48
15339.8	45
15339.8	45
15339.8	52
15339.9	50
15339.9	52
15339.9	40
15339.9	31
15340	22
15340	37
15340	44
15340	40
15340.1	12
15340.1	37
15340.1	30
15340.1	62
15340.2	38
15340.2	34
15340.2	32
15340.2	47
15340.3	43
15340.3	45
15340.3	37
15340.3	30
15340.4	51
15340.4	51
15340.4	44
15340.4	38
15340.5	35
15340.5	33
15340.5	25
15340.6	42
15340.6	47
15340.6	29
15340.6	30
15340.7	42
15340.7	33
15340.7	45
15340.7	36
15340.8	23
15340.8	29
15340.8	34
15340.8	46
15340.9	54
15340.9	37
15340.9	34
15340.9	41
15341	37
15341	37
15341	50
15341	47
15341.1	30
15341.1	44
15341.1	34
15341.1	29
15341.2	47
15341.2	23
15341.2	46
15341.2	43
15341.3	48
15341.3	41
15341.3	57
15341.3	35
15341.4	25
15341.4	34
15341.4	16
15341.4	48
15341.5	43
15341.5	20
15341.5	59
15341.5	48
15341.6	40
15341.6	21
15341.6	28
15341.6	45
15341.7	50
15341.7	60
15341.7	40
15341.7	34
15341.8	40
15341.8	39
15341.8	48
15341.9	48
15341.9	45
15341.9	32
15341.9	47
15342	32
15342	44
15342	22
15342	42
15342.1	43
15342.1	56
15342.1	40
15342.1	39
15342.2	41
15342.2	31
15342.2	46
15342.2	36
15342.3	47
15342.3	54
15342.3	35
15342.3	23
15342.4	48
15342.4	49
15342.4	39
15342.4	49
15342.5	51
15342.5	60
15342.5	30
15342.5	47
15342.6	38
15342.6	25
15342.6	24
15342.6	45
15342.7	49
15342.7	55
15342.7	38
15342.7	48
15342.8	30
15342.8	46
15342.8	39
15342.8	39
15342.9	36
15342.9	55
15342.9	49
15342.9	45
15343	43
15343	34
15343	41
15343	68
15343.1	36
15343.1	43
15343.1	41
15343.1	24
15343.2	44
15343.2	28
15343.2	35
15343.2	44
15343.3	32
15343.3	38
15343.3	46
15343.3	31
15343.4	44
15343.4	46
15343.4	33
15343.4	43
15343.5	37
15343.5	50
15343.5	47
15343.5	28
15343.6	47
15343.6	40
15343.6	49
15343.6	41
15343.7	46
15343.7	39
15343.7	36
15343.7	42
15343.8	48
15343.8	43
15343.8	51
15343.8	42
15343.9	45
15343.9	36
15343.9	33
15344	39
15344	25
15344	44
15344	44
15344.1	52
15344.1	35
15344.1	14
15344.1	38
15344.2	40
15344.2	50
15344.2	49
15344.2	41
15344.3	33
15344.3	54
15344.3	35
15344.3	40
15344.4	48
15344.4	38
15344.4	61
15344.4	45
15344.5	48
15344.5	28
15344.5	61
15344.5	30
15344.6	42
15344.6	36
15344.6	42
15344.6	44
15344.7	33
15344.7	45
15344.7	48
15344.7	59
15344.8	48
15344.8	34
15344.8	28
15344.8	44
15344.9	25
15344.9	38
15344.9	49
15344.9	42
15345	42
15345	54
15345	33
15345	38
15345.1	35
15345.1	25
15345.1	53
15345.1	42
15345.2	35
15345.2	33
15345.2	26
15345.2	36
15345.3	39
15345.3	45
15345.3	38
15345.3	45
15345.4	36
15345.4	47
15345.4	32
15345.4	57
15345.5	46
15345.5	24
15345.5	39
15345.5	52
15345.6	60
15345.6	47
15345.6	38
15345.6	47
15345.7	52
15345.7	30
15345.7	57
15345.7	31
15345.8	23
15345.8	40
15345.8	45
15345.8	36
15345.9	29
15345.9	33
15345.9	22
15345.9	58
15346	42
15346	58
15346	22
15346	39
15346.1	49
15346.1	37
15346.1	35
15346.1	59
15346.2	33
15346.2	40
15346.2	44
15346.2	23
15346.3	53
15346.3	56
15346.3	26
15346.3	30
15346.4	41
15346.4	48
15346.4	54
15346.4	47
15346.5	53
15346.5	28
15346.5	48
15346.5	31
15346.6	35
15346.6	46
15346.6	56
15346.6	40
15346.7	39
15346.7	45
15346.7	23
15346.7	52
15346.8	52
15346.8	33
15346.8	50
15346.8	35
15346.9	10
15346.9	52
15346.9	38
15346.9	33
15347	27
15347	37
15347	42
15347	41
15347.1	56
15347.1	57
15347.1	40
15347.1	41
15347.2	56
15347.2	36
15347.2	46
15347.2	42
15347.3	48
15347.3	48
15347.3	30
15347.3	45
15347.4	41
15347.4	56
15347.4	32
15347.4	41
15347.5	42
15347.5	36
15347.5	48
15347.5	48
15347.6	28
15347.6	49
15347.6	58
15347.6	48
15347.7	30
15347.7	34
15347.7	46
15347.7	39
15347.8	60
15347.8	53
15347.8	23
15347.8	33
15347.9	35
15347.9	38
15347.9	50
15347.9	41
15348	38
15348	43
15348	61
15348	43
15348.1	42
15348.1	37
15348.1	47
15348.1	42
15348.2	29
15348.2	39
15348.2	32
15348.2	51
15348.3	49
15348.3	50
15348.3	49
15348.3	48
15348.4	27
15348.4	30
15348.4	53
15348.4	46
15348.5	36
15348.5	41
15348.5	43
15348.5	50
15348.6	39
15348.6	58
15348.6	50
15348.6	15
15348.7	43
15348.7	43
15348.7	43
15348.7	43
15348.7	33
15348.8	53
15348.8	41
15348.8	45
15348.8	49
15348.9	34
15348.9	18
15348.9	44
15348.9	54
15349	62
15349	25
15349	43
15349	30
15349.1	57
15349.1	33
15349.1	54
15349.1	31
15349.2	39
15349.2	58
15349.2	26
15349.2	27
15349.3	39
15349.3	33
15349.3	65
15349.3	41
15349.4	55
15349.4	43
15349.4	40
15349.4	24
15349.5	50
15349.5	39
15349.5	39
15349.5	46
15349.6	42
15349.6	35
15349.6	55
15349.6	33
15349.7	47
15349.7	29
15349.7	25
15349.7	59
15349.8	38
15349.8	55
15349.8	34
15349.8	36
15349.9	49
15349.9	69
15349.9	45
15349.9	57
15350	34
15350	28
15350	38
15350	40
15350.1	52
15350.1	39
15350.1	42
15350.1	55
15350.2	42
15350.2	20
15350.2	51
15350.2	29
15350.3	35
15350.3	23
15350.3	36
15350.3	49
15350.4	26
15350.4	49
15350.4	33
15350.4	48
15350.5	42
15350.5	23
15350.5	44
15350.5	42
15350.6	36
15350.6	37
15350.6	39
15350.6	26
15350.7	33
15350.7	24
15350.7	42
15350.7	41
15350.7	39
15350.8	52
15350.8	52
15350.8	27
15350.8	50
15350.9	61
15350.9	30
15350.9	42
15350.9	39
15351	37
15351	40
15351	37
15351	51
15351.1	47
15351.1	36
15351.1	46
15351.1	50
15351.2	41
15351.2	23
15351.2	28
15351.2	43
15351.3	43
15351.3	48
15351.3	33
15351.3	30
15351.4	35
15351.4	25
15351.4	42
15351.4	46
15351.5	35
15351.5	49
15351.5	56
15351.5	37
15351.6	33
15351.6	37
15351.6	48
15351.6	38
15351.7	54
15351.7	42
15351.7	66
15351.7	30
15351.8	61
15351.8	53
15351.8	51
15351.8	35
15351.9	57
15351.9	62
15351.9	52
15351.9	35
15352	31
15352	42
15352	37
15352	36
15352	37
15352.1	45
15352.1	47
15352.1	38
15352.1	34
15352.2	56
15352.2	44
15352.2	29
15352.2	55
15352.3	31
15352.3	40
15352.3	48
15352.3	50
15352.4	49
15352.4	35
15352.4	58
15352.4	28
15352.5	29
15352.5	38
15352.5	13
15352.5	21
15352.6	44
15352.6	44
15352.6	35
15352.6	36
15352.7	24
15352.7	44
15352.7	48
15352.7	37
15352.8	32
15352.8	32
15352.8	52
15352.8	58
15352.9	48
15352.9	50
15352.9	38
15352.9	28
15353	51
15353	54
15353	41
15353	47
15353	26
15353.1	59
15353.1	57
15353.1	50
15353.1	41
15353.2	39
15353.2	19
15353.2	48
15353.2	47
15353.3	22
15353.3	55
15353.3	35
15353.3	34
15353.4	49
15353.4	59
15353.4	57
15353.4	39
15353.5	35
15353.5	30
15353.5	39
15353.5	58
15353.6	51
15353.6	39
15353.6	57
15353.6	49
15353.7	35
15353.7	45
15353.7	45
15353.7	34
15353.8	26
15353.8	51
15353.8	50
15353.8	48
15353.9	35
15353.9	31
15353.9	33
15353.9	39
15354	64
15354	53
15354	31
15354	32
15354	39
15354.1	42
15354.1	42
15354.1	63
15354.1	48
15354.2	49
15354.2	47
15354.2	47
15354.2	23
15354.3	38
15354.3	36
15354.3	37
15354.3	43
15354.4	25
15354.4	27
15354.4	49.9953
15354.4	41.7978
15354.5	46.5173
15354.5	35.2536
15354.5	26.3586
15354.5	30.229
15354.6	23.4183
15354.6	28.7467
15354.6	36.4112
15354.6	32.2978
15354.7	40.6939
15354.7	28.3539
15354.7	27.7491
15354.7	44.5125
15354.8	58.4932
15354.8	34.0567
15354.8	37.889
15354.8	46.2571
15354.8	41.3493
15354.9	35.7675
15354.9	36.0665
15354.9	41.3992
15354.9	27.8972
15355	34.8413
15355	52.2063
15355	37.8423
15355	34.2871
15355.1	31.2305
15355.1	44.9083
15355.1	44.1776
15355.1	28.8173
15355.2	34.229
15355.2	36.2192
15355.2	23.6708
15355.2	34.4632
15355.3	35.0528
15355.3	49.7747
15355.3	30.4067
15355.3	42.302
15355.4	30.761
15355.4	34.5783
15355.4	34.4516
15355.4	33.9261
15355.5	42.0145
15355.5	40.5715
15355.5	45.9139
15355.5	30.2504
15355.5	31.9038
15355.6	48.2981
15355.6	31.965
15355.6	30.5139
15355.6	35.8215
15355.7	48.8884
15355.7	24.3621
15355.7	27.0178
15355.7	28.9206
15355.8	37.8707
15355.8	29.8123
15355.8	28.5619
15355.8	30.398
15355.9	35.2185
15355.9	30.1444
15355.9	30.9657
15355.9	39.2476
15356	31.5769
15356	23.828
15356	32.2033
15356	41.7383
15356.1	32.7525
15356.1	18.1964
15356.1	20.8783
15356.1	31.5713
15356.2	28.9502
15356.2	21.4003
15356.2	30.4422
15356.2	31.637
15356.2	33.9741
15356.3	33.6984
15356.3	30.2638
15356.3	35.8247
15356.3	29.0828
15356.4	29.097
15356.4	33.5864
15356.4	30.5089
15356.4	26.3002
15356.5	37.0166
15356.5	28.3854
15356.5	31.1151
15356.5	22.7486
15356.6	16.1347
15356.6	27.7385
15356.6	24.9792
15356.6	27.6582
15356.7	26.1336
15356.7	35.538
15356.7	27.3064
15356.7	14.9037
15356.8	30.2426
15356.8	27.7828
15356.8	36.3512
15356.8	26.5063
15356.8	23.0234
15356.9	23.8713
15356.9	19.1323
15356.9	21.8689
15356.9	26.2523
15357	26.485
15357	27
15357	29
15357	29
15357.1	31
15357.1	39
15357.1	19
15357.1	18
15357.2	38
15357.2	41
15357.2	31
15357.2	33
15357.3	37
15357.3	29
15357.3	30
15357.3	25
15357.4	32
15357.4	28
15357.4	20
15357.4	17
15357.5	16
15357.5	26
15357.5	22
15357.5	22
15357.6	28
15357.6	40
15357.6	31
15357.6	37
15357.7	33
15357.7	38
15357.7	38
15357.7	45
15357.8	30
15357.8	40
15357.8	27
15357.8	25
15357.9	44
15357.9	39
15357.9	50
15357.9	17
15358	14
15358	42
15358	43
15358	41
15358.1	32
15358.1	29
15358.1	37
15358.1	33
15358.2	26
15358.2	58
15358.2	26
15358.2	30
15358.3	44
15358.3	43
15358.3	35
15358.3	37
15358.4	29
15358.4	32
15358.4	31
15358.4	35
15358.5	24
15358.5	22
15358.5	26
15358.5	39
15358.6	25
15358.6	32
15358.6	33
15358.6	21
15358.7	23
15358.7	18
15358.7	36
15358.7	36
15358.8	28
15358.8	23
15358.8	37
15358.8	50
15358.9	18
15358.9	26
15358.9	37
15358.9	20
15359	37
15359	33
15359	39
15359	42
15359.1	34
15359.1	32
15359.1	40
15359.1	21
15359.2	33
15359.2	39
15359.2	36
15359.2	24
15359.3	34
15359.3	48
15359.3	45
15359.3	24
15359.4	50
15359.4	29
15359.4	46
15359.4	20
15359.5	28
15359.5	33
15359.5	36
15359.5	31
15359.6	44
15359.6	16
15359.6	32
15359.6	44
15359.7	37
15359.7	36
15359.7	38
15359.7	40
15359.8	38
15359.8	46
15359.8	30
15359.8	35
15359.8	26
15359.9	29
15359.9	49
15359.9	51
15359.9	37
15360	49
15360	10
15360	40
15360	43
15360.1	48
15360.1	38
15360.1	59
15360.1	64
15360.2	39
15360.2	50
15360.2	31
15360.2	41
15360.3	10
15360.3	25
15360.3	47
15360.3	37
15360.4	42
15360.4	27
15360.4	32
15360.4	37
15360.5	38
15360.5	59
15360.5	35
15360.5	6
15360.6	38
15360.6	37
15360.6	29
15360.6	37
15360.7	35
15360.7	19
15360.7	46
15360.7	38
15360.8	48
15360.8	45
15360.8	27
15360.8	41
15360.9	37
15360.9	40
15360.9	24
15360.9	27
15361	42
15361	60
15361	38
15361	32
15361.1	25
15361.1	27
15361.1	38
15361.1	29
15361.2	28
15361.2	44
15361.2	45
15361.2	45
15361.3	44
15361.3	30
15361.3	28
15361.3	48
15361.4	22
15361.4	30
15361.4	31
15361.4	48
15361.5	54
15361.5	41
15361.5	49
15361.5	47
15361.6	42
15361.6	49
15361.6	30
15361.6	26
15361.7	33
15361.7	43
15361.7	52
15361.7	45
15361.8	35
15361.8	38
15361.8	27
15361.8	28
15361.9	46
15361.9	43
15361.9	23
15361.9	57
15361.9	40
15362	49
15362	27
15362	29
15362	34
15362.1	34
15362.1	32
15362.1	47
15362.1	26
15362.2	43
15362.2	27
15362.2	38
15362.2	37
15362.3	47
15362.3	35
15362.3	33
15362.3	45
15362.4	40
15362.4	43
15362.4	35
15362.4	52
15362.5	56
15362.5	40
15362.5	57
15362.5	33
15362.6	10
15362.6	28
15362.6	30
15362.6	34
15362.7	34
15362.7	43
15362.7	56
15362.7	47
15362.8	43
15362.8	39
15362.8	35
15362.8	26
15362.9	47
15362.9	45
15362.9	40
15362.9	29
15363	41
15363	47
15363	40
15363	44
15363.1	54
15363.1	26
15363.1	9
15363.1	38
15363.2	44
15363.2	27
15363.2	33
15363.2	26
15363.2	45
15363.3	62
15363.3	55
15363.3	42
15363.3	35
15363.4	30
15363.4	45
15363.4	53
15363.4	45
15363.5	21
15363.5	59
15363.5	36
15363.5	42
15363.6	42
15363.6	46
15363.6	33
15363.6	18
15363.7	27
15363.7	37
15363.7	45
15363.7	32
15363.8	45
15363.8	37
15363.8	32
15363.8	58
15363.9	44
15363.9	50
15363.9	38
15363.9	40
15364	49
15364	44
15364	43
15364	57
15364.1	38
15364.1	36
15364.1	38
15364.1	53
15364.2	68
15364.2	51
15364.2	30
15364.2	23
15364.3	40
15364.3	32
15364.3	51
15364.3	19
15364.3	39
15364.4	32
15364.4	42
15364.4	41
15364.4	39
15364.5	55
15364.5	32
15364.5	41
15364.5	36
15364.6	55
15364.6	37
15364.6	56
15364.6	32
15364.7	48
15364.7	47
15364.7	42
15364.7	40
15364.8	40
15364.8	44
15364.8	29
15364.8	39
15364.9	60
15364.9	24
15364.9	40
15364.9	58
15365	37
15365	44
15365	54
15365	50
15365.1	45
15365.1	32
15365.1	36
15365.1	39
15365.2	31
15365.2	32
15365.2	46
15365.2	44
15365.2	37
15365.3	51
15365.3	24
15365.3	49
15365.3	34
15365.4	36
15365.4	55
15365.4	38
15365.4	36
15365.5	45
15365.5	34
15365.5	43
15365.5	47
15365.6	36
15365.6	50
15365.6	41
15365.6	17
15365.7	49
15365.7	44
15365.7	43
15365.7	42
15365.8	28
15365.8	50
15365.8	42
15365.8	27
15365.9	43
15365.9	34
15365.9	23
15365.9	45
15366	35
15366	31
15366	41
15366	43
15366	44
15366.1	29
15366.1	49
15366.1	54
15366.1	25
15366.2	22
15366.2	56
15366.2	54
15366.2	45
15366.3	56
15366.3	47
15366.3	46
15366.3	51
15366.4	56
15366.4	58
15366.4	31
15366.4	43
15366.5	57
15366.5	34
15366.5	59
15366.5	31
15366.6	47
15366.6	36
15366.6	47
15366.6	41
15366.7	49
15366.7	19
15366.7	28
15366.7	33
15366.8	48
15366.8	40
15366.8	51
15366.8	50
15366.8	32
15366.9	40
15366.9	32
15366.9	47
15366.9	43
15367	40
15367	36
15367	46
15367	47
15367.1	33
15367.1	30
15367.1	44
15367.1	39
15367.2	53
15367.2	38
15367.2	55
15367.2	26
15367.3	31
15367.3	40
15367.3	35
15367.3	45
15367.4	37
15367.4	39
15367.4	40
15367.4	45
15367.5	24
15367.5	40
15367.5	35
15367.5	36
15367.5	42
15367.6	48
15367.6	18
15367.6	27
15367.6	32
15367.7	49
15367.7	48
15367.7	45
15367.7	31
15367.8	24
15367.8	42
15367.8	44
15367.8	54
15367.9	49
15367.9	38
15367.9	35
15367.9	34
15368	47
15368	24
15368	31
15368	33
15368.1	59
15368.1	61
15368.1	48
15368.1	37
15368.1	30
15368.2	35
15368.2	32
15368.2	32
15368.2	50
15368.3	33
15368.3	31
15368.3	28
15368.3	60
15368.4	65
15368.4	60
15368.4	45
15368.4	30
15368.5	44
15368.5	34
15368.5	52
15368.5	46
15368.6	41
15368.6	44
15368.6	45
15368.6	46
15368.7	25
15368.7	20
15368.7	44
15368.7	34
15368.7	33
15368.8	42
15368.8	34
15368.8	44
15368.8	37
15368.9	34
15368.9	41
15368.9	35
15368.9	22
15369	40
15369	35
15369	48
15369	33
15369.1	57
15369.1	48
15369.1	39
15369.1	32
15369.2	36
15369.2	42
15369.2	46
15369.2	45
15369.3	28
15369.3	42
15369.3	49
15369.3	55
15369.3	42
15369.4	44
15369.4	27
15369.4	38
15369.4	37
15369.5	47
15369.5	50
15369.5	27
15369.5	45
15369.6	34
15369.6	21
15369.6	31
15369.6	53
15369.7	42
15369.7	27
15369.7	30
15369.7	45
15369.8	62
15369.8	33
15369.8	47
15369.8	23
15369.8	28
15369.9	43
15369.9	50
15369.9	39
15369.9	51
15370	34
15370	43
15370	43
15370	41
15370.1	53
15370.1	51
15370.1	41
15370.1	45
15370.2	32
15370.2	44
15370.2	31
15370.2	40
15370.3	36
15370.3	46
15370.3	36
15370.3	45
15370.3	26
15370.4	34
15370.4	31
15370.4	34
15370.4	64
15370.5	27
15370.5	39
15370.5	47
15370.5	31
15370.6	56
15370.6	61
15370.6	59
15370.6	43
15370.7	27
15370.7	28
15370.7	38
15370.7	53
15370.8	39
15370.8	51
15370.8	42
15370.8	55
15370.8	46
15370.9	39
15370.9	25
15370.9	45
15370.9	39
15371	57
15371	43
15371	38
15371	28
15371.1	35
15371.1	52
15371.1	49
15371.1	35
15371.2	36
15371.2	65
15371.2	36
15371.2	54
15371.3	29
15371.3	56
15371.3	54
15371.3	48
15371.3	47
15371.4	38
15371.4	22
15371.4	17
15371.4	36
15371.5	35
15371.5	43
15371.5	37
15371.5	22
15371.6	34
15371.6	51
15371.6	29
15371.6	34
15371.7	47
15371.7	15
15371.7	39
15371.7	52
15371.8	33
15371.8	35
15371.8	39
15371.8	35
15371.8	46
15371.9	44
15371.9	47
15371.9	49
15371.9	17
15372	45
15372	50
15372	45
15372	54
15372.1	26
15372.1	42
15372.1	49
15372.1	32
15372.2	51
15372.2	35
15372.2	53
15372.2	54
15372.2	52
15372.3	53
15372.3	27
15372.3	32
15372.3	37
15372.4	38
15372.4	44
15372.4	47
15372.4	40
15372.5	46
15372.5	41
15372.5	24
15372.5	27
15372.6	44
15372.6	39
15372.6	44
15372.6	36
15372.6	33
15372.7	46
15372.7	41
15372.7	54
15372.7	50
15372.8	52
15372.8	39
15372.8	46
15372.8	19
15372.9	47
15372.9	38
15372.9	43
15372.9	25
15373	33
15373	37
15373	37
15373	35
15373.1	42
15373.1	34
15373.1	40
15373.1	36
15373.1	47
15373.2	29
15373.2	45
15373.2	34
15373.2	32
15373.3	59
15373.3	46
15373.3	42
15373.3	27
15373.4	24
15373.4	35
15373.4	31
15373.4	43
15373.5	45
15373.5	32
15373.5	29
15373.5	47
15373.5	57
15373.6	48
15373.6	44
15373.6	44
15373.6	41
15373.7	54
15373.7	50
15373.7	46
15373.7	50
15373.8	42
15373.8	45
15373.8	47
15373.8	49
15373.9	35
15373.9	49
15373.9	50
15373.9	31
15373.9	48
15374	45
15374	64
15374	45
15374	49
15374.1	34
15374.1	34
15374.1	40
15374.1	46
15374.2	50
15374.2	41
15374.2	49
15374.2	40
15374.2	47
15374.3	39
15374.3	44
15374.3	42
15374.3	52
15374.4	25
15374.4	41
15374.4	32
15374.4	47
15374.5	62
15374.5	32
15374.5	20
15374.5	22
15374.6	51
15374.6	53
15374.6	32
15374.6	14
15374.6	55
15374.7	51
15374.7	54
15374.7	16
15374.7	45
15374.8	37
15374.8	45
15374.8	55
15374.8	54
15374.9	52
15374.9	50
15374.9	52
15374.9	55
15375	29
15375	28
15375	39
15375	32
15375	27
15375.1	52
15375.1	38
15375.1	49
15375.1	38
15375.2	37
15375.2	48
15375.2	27
15375.2	56
15375.3	45
15375.3	20
15375.3	42
15375.3	45
15375.3	40
15375.4	46
15375.4	46
15375.4	53
15375.4	64
15375.5	48
15375.5	43
15375.5	47
15375.5	26
15375.6	40
15375.6	44
15375.6	45
15375.6	53
15375.7	29
15375.7	20
15375.7	46
15375.7	46
15375.7	50
15375.8	34
15375.8	20
15375.8	49
15375.8	27
15375.9	47
15375.9	59
15375.9	44
15375.9	18
15376	53
15376	45
15376	41
15376	44
15376	49
15376.1	52
15376.1	44
15376.1	36
15376.1	54
15376.2	46
15376.2	38
15376.2	48
15376.2	56
15376.3	49
15376.3	31
15376.3	37
15376.3	40
15376.4	30
15376.4	48
15376.4	37
15376.4	32
15376.4	42
15376.5	53
15376.5	50
15376.5	44
15376.5	34
15376.6	47
15376.6	50
15376.6	31
15376.6	54
15376.7	53
15376.7	29
15376.7	41
15376.7	57
15376.7	49
15376.8	36.0049
15376.8	55.5573
15376.8	29.9869
15376.8	49.283
15376.9	44.7909
15376.9	52.2745
15376.9	36.8826
15376.9	24.1211
15377	36.124
15377	41.7947
15377	30.6647
15377	38.4347
15377	46.5451
15377.1	39.6488
15377.1	44.0881
15377.1	46.7518
15377.1	48.3382
15377.2	23.1661
15377.2	22.7378
15377.2	44.9254
15377.2	44.344
15377.3	23.1127
15377.3	45.8642
15377.3	45.7005
15377.3	53.6998
15377.3	44.5912
15377.4	34.7043
15377.4	46.1949
15377.4	42.0035
15377.4	37.4153
15377.5	30.6634
15377.5	39.2676
15377.5	42.3549
15377.5	36.5752
15377.6	46.3901
15377.6	31.4123
15377.6	49.2925
15377.6	42.1791
15377.6	34.8959
15377.7	28.5861
15377.7	29.5742
15377.7	40.9058
15377.7	41.2647
15377.8	32.0317
15377.8	42.0754
15377.8	35.7696
15377.8	34.0574
15377.9	42.1707
15377.9	36.0111
15377.9	44.7183
15377.9	37.1149
15377.9	36.4567
15378	25.372
15378	32.7122
15378	31.4363
15378	28.976
15378.1	40.7889
15378.1	38.6479
15378.1	37.2396
15378.1	45.2667
15378.2	27.923
15378.2	33.1517
15378.2	30.5055
15378.2	25.4698
15378.3	46.9069
15378.3	30.8305
15378.3	15.169
15378.3	24.0121
15378.3	28.7029
15378.4	34.032
15378.4	32.9502
15378.4	30.861
15378.4	20.8573
15378.5	19.7128
15378.5	43.6101
15378.5	44.4035
15378.5	30.1412
15378.5	15.25
15378.6	19.5194
15378.6	25.9384
15378.6	21.027
15378.6	32.3065
15378.7	35.6194
15378.7	27.2326
15378.7	28.7836
15378.7	23.7439
15378.8	21.4329
15378.8	29.5706
15378.8	17.2863
15378.8	28.3927
15378.8	41.3714
15378.9	26.096
15378.9	18.0559
15378.9	20.8333
15378.9	26.5844
15379	16.9543
15379	24.3943
15379	28.776
15379	28.7551
15379.1	25.0467
15379.1	15.45
15379.1	22.6003
15379.1	40
15379.1	16
15379.2	27
15379.2	36
15379.2	18
15379.2	28
15379.3	34
15379.3	41
15379.3	34
15379.3	13
15379.4	6
15379.4	23
15379.4	10
15379.4	19
15379.5	22
15379.5	19
15379.5	31
15379.5	25
15379.5	15
15379.6	39
15379.6	31
15379.6	31
15379.6	36
15379.7	11
15379.7	37
15379.7	35
15379.7	33
15379.8	28
15379.8	25
15379.8	32
15379.8	33
15379.9	0
15379.9	20
15379.9	34
15379.9	52
15380	30
15380	34
15380	22
15380	31
15380.1	16
15380.1	35
15380.1	51
15380.1	29
15380.1	19
15380.2	40
15380.2	35
15380.2	37
15380.2	36
15380.3	33
15380.3	30
15380.3	33
15380.3	34
15380.4	38
15380.4	34
15380.4	27
15380.4	36
15380.5	39
15380.5	49
15380.5	39
15380.5	29
15380.6	34
15380.6	9
15380.6	30
15380.6	35
15380.7	46
15380.7	43
15380.7	36
15380.7	29
15380.7	33
15380.8	19
15380.8	9
15380.8	28
15380.8	46
15380.9	36
15380.9	43
15380.9	44
15380.9	38
15381	33
15381	42
15381	33
15381	36
15381.1	21
15381.1	48
15381.1	33
15381.1	24
15381.2	30
15381.2	40
15381.2	14
15381.2	32
15381.2	36
15381.3	49
15381.3	28
15381.3	11
15381.3	38
15381.4	46
15381.4	30
15381.4	40
15381.4	29
15381.5	41
15381.5	49
15381.5	45
15381.5	36
15381.6	34
15381.6	20
15381.6	34
15381.6	54
15381.7	42
15381.7	41
15381.7	42
15381.7	21
15381.7	45
15381.8	51
15381.8	40
15381.8	27
15381.8	32
15381.9	36
15381.9	49
15381.9	42
15381.9	41
15382	32
15382	28
15382	42
15382	63
15382.1	34
15382.1	32
15382.1	18
15382.1	49
15382.2	39
15382.2	53
15382.2	48
15382.2	23
15382.2	48
15382.3	31
15382.3	34
15382.3	54
15382.3	41
15382.4	32
15382.4	47
15382.4	29
15382.4	45
15382.5	38
15382.5	18
15382.5	25
15382.5	52
15382.6	28
15382.6	41
15382.6	29
15382.6	34
15382.6	52
15382.7	40
15382.7	32
15382.7	42
15382.7	31
15382.8	38
15382.8	40
15382.8	30
15382.8	49
15382.9	37
15382.9	41
15382.9	38
15382.9	35
15383	46
15383	42
15383	44
15383	47
15383.1	45
15383.1	45
15383.1	43
15383.1	22
15383.1	45
15383.2	46
15383.2	42
15383.2	61
15383.2	33
15383.3	28
15383.3	49
15383.3	41
15383.3	42
15383.4	36
15383.4	22
15383.4	12
15383.4	44
15383.5	57
15383.5	40
15383.5	19
15383.5	36
15383.5	46
15383.6	44
15383.6	46
15383.6	43
15383.6	48
15383.7	35
15383.7	38
15383.7	35
15383.7	63
15383.8	40
15383.8	25
15383.8	39
15383.8	39
15383.9	49
15383.9	42
15383.9	36
15383.9	41
15383.9	51
15384	36
15384	47
15384	32
15384	42
15384.1	41
15384.1	40
15384.1	17
15384.1	34
15384.2	39
15384.2	42
15384.2	46
15384.2	44
15384.3	43
15384.3	45
15384.3	37
15384.3	35
15384.3	36
15384.4	43
15384.4	30
15384.4	60
15384.4	51
15384.5	50
15384.5	39
15384.5	37
15384.5	52
15384.6	25
15384.6	29
15384.6	43
15384.6	48
15384.7	36
15384.7	44
15384.7	28
15384.7	51
15384.8	44
15384.8	26
15384.8	20
15384.8	14
15384.8	55
15384.9	58
15384.9	57
15384.9	38
15384.9	39
15385	23
15385	35
15385	44
15385	49
15385.1	53
15385.1	41
15385.1	63
15385.1	28
15385.1	50
15385.2	42
15385.2	20
15385.2	19
15385.2	36
15385.3	39
15385.3	33
15385.3	52
15385.3	41
15385.4	50
15385.4	41
15385.4	44
15385.4	42
15385.5	54
15385.5	53
15385.5	50
15385.5	40
15385.5	49
15385.6	29
15385.6	42
15385.6	33
15385.6	34
15385.7	36
15385.7	46
15385.7	31
15385.7	42
15385.8	49
15385.8	40
15385.8	29
15385.8	43
15385.9	33
15385.9	44
15385.9	38
15385.9	46
15385.9	39
15386	32
15386	34
15386	43
15386	57
15386.1	55
15386.1	48
15386.1	25
15386.1	55
15386.2	48
15386.2	41
15386.2	20
15386.2	18
15386.3	53
15386.3	36
15386.3	52
15386.3	32
15386.3	41
15386.4	34
15386.4	50
15386.4	46
15386.4	44
15386.5	40
15386.5	33
15386.5	39
15386.5	35
15386.6	42
15386.6	46
15386.6	20
15386.6	43
15386.6	43
15386.7	47
15386.7	43
15386.7	56
15386.7	37
15386.8	35
15386.8	51
15386.8	57
15386.8	38
15386.9	50
15386.9	45
15386.9	25
15386.9	52
15387	41
15387	37
15387	32
15387	36
15387	52
15387.1	28
15387.1	38
15387.1	40
15387.1	38
15387.2	34
15387.2	52
15387.2	39
15387.2	40
15387.3	49
15387.3	51
15387.3	32
15387.3	59
15387.3	30
15387.4	50
15387.4	35
15387.4	36
15387.4	45
15387.5	43
15387.5	51
15387.5	39
15387.5	46
15387.6	42
15387.6	39
15387.6	33
15387.6	23
15387.6	33
15387.7	67
15387.7	39
15387.7	38
15387.7	33
15387.8	58
15387.8	55
15387.8	43
15387.8	41
15387.9	50
15387.9	33
15387.9	55
15387.9	57
15387.9	44
15388	19
15388	56
15388	45
15388	66
15388.1	50
15388.1	55
15388.1	28
15388.1	10
15388.2	25
15388.2	37
15388.2	47
15388.2	40
15388.3	37
15388.3	14
15388.3	34
15388.3	49
15388.3	44
15388.4	38
15388.4	153
15388.4	941
15388.4	1132
15388.5	46
15388.5	47
15388.5	38
15388.5	34
15388.6	30
15388.6	29
15388.6	49
15388.6	41
15388.6	11
15388.7	37
15388.7	30
15388.7	38
15388.7	42
15388.8	27
15388.8	30
15388.8	65
15388.8	55
15388.9	41
15388.9	27
15388.9	39
15388.9	58
15388.9	37
15389	28
15389	29
15389	61
15389	39
15389.1	34
15389.1	48
15389.1	28
15389.1	32
15389.2	37
15389.2	43
15389.2	28
15389.2	46
15389.2	52
15389.3	42
15389.3	35
15389.3	32
15389.3	47
15389.4	32
15389.4	33
15389.4	35
15389.4	52
15389.5	45
15389.5	60
15389.5	56
15389.5	51
15389.5	40
15389.6	32
15389.6	46
15389.6	36
15389.6	41
15389.7	14
15389.7	48
15389.7	39
15389.7	40
15389.8	40
15389.8	41
15389.8	34
15389.8	51
15389.8	54
15389.9	28
15389.9	58
15389.9	51
15389.9	31
15390	19
15390	56
15390	39
15390	33
15390.1	43
15390.1	39
15390.1	38
15390.1	35
15390.1	38
15390.2	51
15390.2	51
15390.2	49
15390.2	53
15390.3	15
15390.3	25
15390.3	29
15390.3	40
15390.4	40
15390.4	37
15390.4	54
15390.4	46
15390.4	52
15390.5	30
15390.5	40
15390.5	15
15390.5	29
15390.6	36
15390.6	51
15390.6	36
15390.6	35
15390.6	50
15390.7	46
15390.7	55
15390.7	48
15390.7	45
15390.8	31
15390.8	35
15390.8	59
15390.8	44
15390.9	54
15390.9	31
15390.9	37
15390.9	45
15390.9	50
15391	39
15391	61
15391	20
15391	32
15391.1	39
15391.1	43
15391.1	42
15391.1	28
15391.2	46
15391.2	45
15391.2	31
15391.2	29
15391.2	40
15391.3	51
15391.3	40
15391.3	29
15391.3	48
15391.4	42
15391.4	35
15391.4	54
15391.4	40
15391.5	54
15391.5	37
15391.5	43
15391.5	49
15391.5	24
15391.6	33
15391.6	40
15391.6	49
15391.6	32
15391.7	50
15391.7	32
15391.7	36
15391.7	52
15391.7	46
15391.8	43
15391.8	26
15391.8	54
15391.8	32
15391.9	41
15391.9	45
15391.9	45
15391.9	45
15392	50
15392	32
15392	40
15392	40
15392	42
15392.1	33
15392.1	42
15392.1	42
15392.1	30
15392.2	29
15392.2	38
15392.2	43
15392.2	41
15392.3	57
15392.3	36
15392.3	45
15392.3	35
15392.3	32
15392.4	36
15392.4	44
15392.4	30
15392.4	31
15392.5	40
15392.5	42
15392.5	46
15392.5	49
15392.5	49
15392.6	54
15392.6	45
15392.6	47
15392.6	44
15392.7	40
15392.7	35
15392.7	38
15392.7	35
15392.8	40
15392.8	44
15392.8	43
15392.8	53
15392.8	47
15392.9	46
15392.9	40
15392.9	25
15392.9	56
15393	35
15393	35
15393	46
15393	30
15393	52
15393.1	39
15393.1	39
15393.1	53
15393.1	29
15393.2	34
15393.2	47
15393.2	45
15393.2	52
15393.3	28
15393.3	29
15393.3	59
15393.3	42
15393.3	32
15393.4	34
15393.4	46
15393.4	17
15393.4	49
15393.5	48
15393.5	33
15393.5	37
15393.5	22
15393.5	28
15393.6	34
15393.6	50
15393.6	50
15393.6	33
15393.7	38
15393.7	45
15393.7	39
15393.7	45
15393.8	44
15393.8	35
15393.8	44
15393.8	41
15393.8	38
15393.9	34
15393.9	35
15393.9	26
15393.9	40
15394	37
15394	43
15394	43
15394	57
15394	46
15394.1	52
15394.1	51
15394.1	33
15394.1	52
15394.2	27
15394.2	36
15394.2	45
15394.2	56
15394.2	42
15394.3	27
15394.3	34
15394.3	46
15394.3	62
15394.4	37
15394.4	49
15394.4	19
15394.4	45
15394.5	41
15394.5	50
15394.5	36
15394.5	35
15394.5	22
15394.6	36
15394.6	45
15394.6	36
15394.6	43
15394.7	39
15394.7	42
15394.7	30
15394.7	48
15394.7	37
15394.8	41
15394.8	37
15394.8	51
15394.8	42
15394.9	36
15394.9	24
15394.9	34
15394.9	59
15394.9	39
15395	46
15395	66
15395	45
15395	43
15395.1	47
15395.1	49
15395.1	29
15395.1	48
15395.1	33
15395.2	45
15395.2	42
15395.2	48
15395.2	44
15395.3	16
15395.3	38
15395.3	53
15395.3	52
15395.4	50
15395.4	40
15395.4	51
15395.4	52
15395.4	24
15395.5	43
15395.5	38
15395.5	29
15395.5	62
15395.6	42
15395.6	39
15395.6	33
15395.6	40
15395.6	35
15395.7	51
15395.7	53
15395.7	62
15395.7	50
15395.8	29
15395.8	53
15395.8	42
15395.8	51
15395.8	67
15395.9	42
15395.9	36
15395.9	37
15395.9	35
15396	39
15396	49
15396	30
15396	58
15396	47
15396.1	29
15396.1	48
15396.1	45
15396.1	55
15396.2	33
15396.2	38
15396.2	38
15396.2	54
15396.3	35
15396.3	32
15396.3	31
15396.3	33
15396.3	49
15396.4	35
15396.4	36
15396.4	41
15396.4	46
15396.5	44
15396.5	31
15396.5	30
15396.5	34
15396.5	61
15396.6	48
15396.6	45
15396.6	37
15396.6	53
15396.7	34
15396.7	44
15396.7	66
15396.7	40
15396.7	42
15396.8	45
15396.8	38
15396.8	49
15396.8	34
15396.9	47
15396.9	62
15396.9	47
15396.9	70
15396.9	35
15397	33
15397	27
15397	49
15397	61
15397.1	41
15397.1	40
15397.1	39
15397.1	42
15397.1	40
15397.2	42
15397.2	36
15397.2	53
15397.2	41
15397.3	52
15397.3	37
15397.3	44
15397.3	28
15397.3	18
15397.4	56
15397.4	46
15397.4	42
15397.4	50
15397.5	49
15397.5	42
15397.5	41
15397.5	51
15397.5	53
15397.6	30
15397.6	33
15397.6	52
15397.6	43
15397.7	46
15397.7	53
15397.7	30
15397.7	48
15397.7	43
15397.8	43
15397.8	46
15397.8	51
15397.8	32
15397.9	39
15397.9	45
15397.9	27
15397.9	41
15397.9	36
15398	39
15398	48
15398	45
15398	60
15398.1	36
15398.1	41
15398.1	34
15398.1	46
15398.1	35.9279
15398.2	41.6363
15398.2	41.5496
15398.2	32.9862
15398.2	44.0444
15398.3	41.6585
15398.3	51.3411
15398.3	45.5985
15398.3	35.0035
15398.3	32.0817
15398.4	42.6244
15398.4	17.5912
15398.4	27.6634
15398.4	58.0239
15398.5	39.4976
15398.5	32.6964
15398.5	41.6991
15398.5	35.0836
15398.5	39.3844
15398.6	33.7214
15398.6	44.9183
15398.6	53.6497
15398.6	31.9423
15398.7	37.6994
15398.7	33.0226
15398.7	41.0654
15398.7	37.6666
15398.7	30.5448
15398.8	43.8948
15398.8	39.8073
15398.8	18.6074
15398.8	40.5387
15398.9	35.3878
15398.9	26.0014
15398.9	40.0784
15398.9	29.0307
15398.9	32.1774
15399	38.0534
15399	42.0797
15399	29.8184
15399	40.4333
15399.1	31.8345
15399.1	31.3532
15399.1	37.8705
15399.1	27.8484
15399.1	34.7056
15399.2	38.5746
15399.2	37.0575
15399.2	39.3866
15399.2	43.0035
15399.3	35.3379
15399.3	26.0325
15399.3	28.2358
15399.3	32.2899
15399.3	37.681
15399.4	38.4202
15399.4	29.3609
15399.4	17.2145
15399.4	37.5429
15399.5	40.9522
15399.5	27.2232
15399.5	32.654
15399.5	16.6452
15399.5	26.296
15399.6	28.1278
15399.6	50.2396
15399.6	37.7578
15399.6	19.039
15399.7	17.714
15399.7	28.5042
15399.7	42.8536
15399.7	44.298
15399.7	22.6865
15399.8	20.8659
15399.8	27.7957
15399.8	27.3729
15399.8	24.3462
15399.8	32.4561
15399.9	35.3859
15399.9	31.8172
15399.9	37.6177
15399.9	39.0313
15400	46.8187
15400	26.4718
15400	16.2515
15400	25.7083
15400	37.5209
15400.1	35.5417
15400.1	30.6842
15400.1	24.1136
15400.1	28.363
15400.2	30.9013
15400.2	29.4102
15400.2	21.8753
15400.2	8.75897
15400.2	0.0337118
15400.3	20.2214
15400.3	29.6551
15400.3	24.1726
15400.3	18.3272
15400.4	11.2686
15400.4	17.6936
15400.4	34.9958
15400.4	41.5322
15400.4	23
15400.5	46
15400.5	21
15400.5	10
15400.5	12
15400.6	17
15400.6	45
15400.6	34
15400.6	23
15400.6	16
15400.7	12
15400.7	34
15400.7	31
15400.7	25
15400.8	24
15400.8	18
15400.8	33
15400.8	27
15400.9	24
15400.9	20
15400.9	13
15400.9	34
15400.9	43
15401	40
15401	30
15401	22
15401	25
15401.1	31
15401.1	24
15401.1	25
15401.1	41
15401.2	42
15401.2	21
15401.2	10
15401.2	36
15401.2	34
15401.3	9
15401.3	38
15401.3	27
15401.3	24
15401.4	29
15401.4	30
15401.4	33
15401.4	33
15401.5	32
15401.5	34
15401.5	23
15401.5	14
15401.5	46
15401.6	22
15401.6	21
15401.6	31
15401.6	37
15401.7	37
15401.7	23
15401.7	28
15401.7	45
15401.7	32
15401.8	24
15401.8	41
15401.8	34
15401.8	26
15401.9	24
15401.9	34
15401.9	26
15401.9	31
15402	33
15402	40
15402	37
15402	13
15402	47
15402.1	42
15402.1	44
15402.1	26
15402.1	24
15402.2	39
15402.2	39
15402.2	30
15402.2	39
15402.3	12
15402.3	39
15402.3	55
15402.3	53
15402.3	25
15402.4	38
15402.4	11
15402.4	19
15402.4	40
15402.5	44
15402.5	41
15402.5	21
15402.5	3
15402.5	28
15402.6	44
15402.6	26
15402.6	30
15402.6	21
15402.7	36
15402.7	38
15402.7	37
15402.7	35
15402.8	36
15402.8	38
15402.8	55
15402.8	38
15402.8	49
15402.9	34
15402.9	13
15402.9	37
15402.9	37
15403	48
15403	29
15403	38
15403	28
15403.1	22
15403.1	26
15403.1	38
15403.1	25
15403.1	14
15403.2	41
15403.2	43
15403.2	35
15403.2	36
15403.3	29
15403.3	36
15403.3	39
15403.3	33
15403.3	48
15403.4	26
15403.4	16
15403.4	31
15403.4	32
15403.5	30
15403.5	43
15403.5	24
15403.5	27
15403.6	36
15403.6	59
15403.6	49
15403.6	28
15403.6	11
15403.7	44
15403.7	41
15403.7	30
15403.7	50
15403.8	29
15403.8	32
15403.8	24
15403.8	63
15403.8	31
15403.9	46
15403.9	26
15403.9	36
15403.9	29
15404	25
15404	23
15404	39
15404	34
15404.1	40
15404.1	24
15404.1	41
15404.1	31
15404.1	31
15404.2	30
15404.2	26
15404.2	42
15404.2	37
15404.3	39
15404.3	37
15404.3	41
15404.3	41
15404.3	32
15404.4	25
15404.4	50
15404.4	56
15404.4	40
15404.5	40
15404.5	48
15404.5	29
15404.5	40
15404.5	40
15404.6	36
15404.6	32
15404.6	36
15404.6	36
15404.7	32
15404.7	42
15404.7	34
15404.7	36
15404.8	26
15404.8	52
15404.8	35
15404.8	33
15404.8	38
15404.9	43
15404.9	44
15404.9	51
15404.9	38
15405	37
15405	27
15405	30
15405	35
15405	27
15405.1	30
15405.1	39
15405.1	43
15405.1	39
15405.2	19
15405.2	45
15405.2	53
15405.2	35
15405.3	23
15405.3	29
15405.3	52
15405.3	44
15405.3	37
15405.4	35
15405.4	34
15405.4	30
15405.4	34
15405.5	38
15405.5	31
15405.5	39
15405.5	33
15405.5	39
15405.6	31
15405.6	47
15405.6	43
15405.6	30
15405.7	43
15405.7	57
15405.7	33
15405.7	43
15405.7	25
15405.8	31
15405.8	48
15405.8	36
15405.8	40
15405.9	44
15405.9	25
15405.9	44
15405.9	30
15405.9	31
15406	30
15406	38
15406	44
15406	35
15406.1	47
15406.1	45
15406.1	31
15406.1	26
15406.2	35
15406.2	37
15406.2	52
15406.2	39
15406.2	27
15406.3	41
15406.3	56
15406.3	46
15406.3	51
15406.4	27
15406.4	26
15406.4	44
15406.4	41
15406.4	37
15406.5	33
15406.5	11
15406.5	44
15406.5	46
15406.6	30
15406.6	38
15406.6	47
15406.6	22
15406.6	41
15406.7	49
15406.7	41
15406.7	47
15406.7	41
15406.8	34
15406.8	32
15406.8	46
15406.8	33
15406.8	40
15406.9	35
15406.9	32
15406.9	41
15406.9	16
15407	26
15407	45
15407	46
15407	28
15407	46
15407.1	29
15407.1	46
15407.1	39
15407.1	44
15407.2	33
15407.2	36
15407.2	33
15407.2	51
15407.3	36
15407.3	52
15407.3	56
15407.3	44
15407.3	27
15407.4	54
15407.4	46
15407.4	14
15407.4	36
15407.5	45
15407.5	67
15407.5	41
15407.5	41
15407.5	48
15407.6	16
15407.6	21
15407.6	22
15407.6	26
15407.7	68
15407.7	32
15407.7	46
15407.7	37
15407.7	27
15407.8	42
15407.8	44
15407.8	27
15407.8	24
15407.9	41
15407.9	45
15407.9	46
15407.9	37
15407.9	48
15408	54
15408	50
15408	35
15408	48
15408.1	18
15408.1	23
15408.1	49
15408.1	45
15408.1	54
15408.2	45
15408.2	27
15408.2	42
15408.2	56
15408.3	51
15408.3	50
15408.3	27
15408.3	37
15408.3	46
15408.4	29
15408.4	45
15408.4	39
15408.4	42
15408.5	35
15408.5	52
15408.5	44
15408.5	37
15408.5	31
15408.6	39
15408.6	42
15408.6	48
15408.6	42
15408.7	47
15408.7	29
15408.7	23
15408.7	54
15408.7	59
15408.8	39
15408.8	24
15408.8	37
15408.8	47
15408.9	41
15408.9	31
15408.9	38
15408.9	32
15408.9	25
15409	36
15409	41
15409	49
15409	40
15409.1	28
15409.1	56
15409.1	56
15409.1	46
15409.1	34
15409.2	30
15409.2	38
15409.2	54
15409.2	49
15409.3	35
15409.3	29
15409.3	29
15409.3	51
15409.3	42
15409.4	37
15409.4	42
15409.4	34
15409.4	49
15409.5	41
15409.5	26
15409.5	35
15409.5	55
15409.5	50
15409.6	50
15409.6	27
15409.6	37
15409.6	29
15409.7	21
15409.7	27
15409.7	31
15409.7	28
15409.7	38
15409.8	24
15409.8	43
15409.8	55
15409.8	44
15409.9	39
15409.9	42
15409.9	35
15409.9	51
15409.9	24
15410	35
15410	57
15410	37
15410	43
15410.1	34
15410.1	31
15410.1	44
15410.1	28
15410.1	25
15410.2	33
15410.2	53
15410.2	38
15410.2	30
15410.3	44
15410.3	36
15410.3	50
15410.3	35
15410.3	47
15410.4	46
15410.4	20
15410.4	47
15410.4	45
15410.5	59
15410.5	49
15410.5	42
15410.5	31
15410.5	60
15410.6	33
15410.6	44
15410.6	37
15410.6	13
15410.6	66
15410.7	50
15410.7	28
15410.7	32
15410.7	30
15410.8	49
15410.8	35
15410.8	52
15410.8	36
15410.8	35
15410.9	32
15410.9	47
15410.9	36
15410.9	48
15411	45
15411	36
15411	39
15411	38
15411	64
15411.1	48
15411.1	38
15411.1	27
15411.1	33
15411.2	28
15411.2	58
15411.2	37
15411.2	27
15411.2	30
15411.3	64
15411.3	49
15411.3	30
15411.3	27
15411.4	35
15411.4	36
15411.4	32
15411.4	39
15411.4	37
15411.5	39
15411.5	28
15411.5	48
15411.5	39
15411.6	60
15411.6	23
15411.6	44
15411.6	34
15411.6	53
15411.7	42
15411.7	51
15411.7	36
15411.7	27
15411.7	50
15411.8	41
15411.8	47
15411.8	40
15411.8	25
15411.9	53
15411.9	40
15411.9	59
15411.9	50
15411.9	20
15412	28
15412	38
15412	59
15412	47
15412.1	36
15412.1	44
15412.1	57
15412.1	49
15412.1	41
15412.2	34
15412.2	42
15412.2	42
15412.2	58
15412.3	42
15412.3	43
15412.3	29
15412.3	31
15412.3	25
15412.4	35
15412.4	45
15412.4	36
15412.4	35
15412.5	36
15412.5	59
15412.5	28
15412.5	36
15412.5	57
15412.6	48
15412.6	49
15412.6	42
15412.6	46
15412.6	48
15412.7	16
15412.7	24
15412.7	43
15412.7	43
15412.8	46
15412.8	40
15412.8	34
15412.8	45
15412.8	57
15412.9	25
15412.9	22
15412.9	39
15412.9	46
15413	40
15413	52
15413	15
15413	33
15413	27
15413.1	54
15413.1	48
15413.1	45
15413.1	38
15413.1	21
15413.2	37
15413.2	44
15413.2	36
15413.2	45
15413.3	24
15413.3	26
15413.3	40
15413.3	42
15413.3	32
15413.4	36
15413.4	25
15413.4	40
15413.4	49
15413.5	40
15413.5	42
15413.5	42
15413.5	36
15413.5	46
15413.6	42
15413.6	41
15413.6	27
15413.6	34
15413.7	43
15413.7	17
15413.7	50
15413.7	47
15413.7	39
15413.8	25
15413.8	58
15413.8	41
15413.8	37
15413.8	39
15413.9	28
15413.9	51
15413.9	34
15413.9	38
15414	37
15414	12
15414	27
15414	43
15414	35
15414.1	30
15414.1	30
15414.1	47
15414.1	41
15414.1	33
15414.2	51
15414.2	23
15414.2	33
15414.2	44
15414.3	54
15414.3	37
15414.3	47
15414.3	38
15414.3	46
15414.4	45
15414.4	38
15414.4	49
15414.4	45
15414.5	17
15414.5	38
15414.5	57
15414.5	24
15414.5	54
15414.6	50
15414.6	23
15414.6	44
15414.6	44
15414.6	59
15414.7	49
15414.7	19
15414.7	32
15414.7	38
15414.8	55
15414.8	28
15414.8	35
15414.8	56
15414.8	45
15414.9	39
15414.9	60
15414.9	39
15414.9	28
15415	36
15415	35
15415	38
15415	35
15415	44
15415.1	60
15415.1	53
15415.1	37
15415.1	51
15415.1	42
15415.2	32
15415.2	48
15415.2	52
15415.2	43
15415.3	51
15415.3	34
15415.3	44
15415.3	42
15415.3	35
15415.4	39
15415.4	29
15415.4	52
15415.4	43
15415.4	31
15415.5	57
15415.5	48
15415.5	36
15415.5	33
15415.6	33
15415.6	50
15415.6	44
15415.6	40
15415.6	46
15415.7	44
15415.7	41
15415.7	48
15415.7	32
15415.8	33
15415.8	20
15415.8	50
15415.8	42
15415.8	48
15415.9	28
15415.9	40
15415.9	51
15415.9	45
15415.9	30
15416	44
15416	32
15416	23
15416	54
15416.1	37
15416.1	30
15416.1	38
15416.1	35
15416.1	51
15416.2	50
15416.2	37
15416.2	47
15416.2	19
15416.2	47
15416.3	29
15416.3	36
15416.3	35
15416.3	57
15416.4	49
15416.4	56
15416.4	42
15416.4	49
15416.4	48
15416.5	-2
15416.5	30
15416.5	53
15416.5	22
15416.5	46
15416.6	43
15416.6	41
15416.6	38
15416.6	39
15416.7	33
15416.7	43
15416.7	34
15416.7	29
15416.7	57
15416.8	36
15416.8	59
15416.8	23
15416.8	34
15416.8	32
15416.9	32
15416.9	59
15416.9	31
15416.9	27
15417	48
15417	54
15417	47
15417	39
15417	41
15417.1	60
15417.1	39
15417.1	43
15417.1	31
15417.1	42
15417.2	30
15417.2	31
15417.2	41
15417.2	33
15417.3	45
15417.3	41
15417.3	25
15417.3	52
15417.3	40
15417.4	58
15417.4	32
15417.4	16
15417.4	32
15417.4	38
15417.5	31
15417.5	28
15417.5	40
15417.5	36
15417.6	35
15417.6	41
15417.6	56
15417.6	22
15417.6	26
15417.7	35
15417.7	20
15417.7	32
15417.7	33
15417.7	43
15417.8	39
15417.8	50
15417.8	34
15417.8	40
15417.9	35
15417.9	31
15417.9	49
15417.9	37
15417.9	36
15418	43
15418	45
15418	28
15418	28
15418	38
15418.1	39
15418.1	34
15418.1	16
15418.1	36
15418.1	33
15418.2	53
15418.2	33
15418.2	36
15418.2	44
15418.3	36
15418.3	54
15418.3	44
15418.3	38
15418.3	38
15418.4	38
15418.4	37
15418.4	48
15418.4	25
15418.4	35
15418.5	35
15418.5	44
15418.5	60
15418.5	44
15418.6	21
15418.6	41
15418.6	47.7466
15418.6	23.8677
15418.6	57.0878
15418.7	26.0074
15418.7	14.2333
15418.7	44.1562
15418.7	55.5261
15418.7	43.3357
15418.8	37.7827
15418.8	39.5524
15418.8	48.1161
15418.8	40.6519
15418.9	46.03
15418.9	52.7089
15418.9	39.0896
15418.9	42.3945
15418.9	41.2579
15419	40.5103
15419	43.1552
15419	45.9952
15419	50.3295
15419	50.4179
15419.1	36.8571
15419.1	28.0529
15419.1	51.9792
15419.1	26.2922
15419.1	36.6023
15419.2	29.9656
15419.2	46.7857
15419.2	30.9568
15419.2	34.609
15419.3	30.005
15419.3	35.3048
15419.3	38.2803
15419.3	44.1593
15419.3	40.3321
15419.4	30.0987
15419.4	35.125
15419.4	31.7288
15419.4	40.0132
15419.4	22.2971
15419.5	30.5042
15419.5	29.7158
15419.5	32.4636
15419.5	41.818
15419.5	46.1437
15419.6	25.7514
15419.6	26.9918
15419.6	29.5429
15419.6	29.5179
15419.7	31.3749
15419.7	31.0763
15419.7	28.2875
15419.7	35.8351
15419.7	35.5705
15419.8	33.3532
15419.8	36.4029
15419.8	37.622
15419.8	25.7511
15419.8	26.08
15419.9	37.318
15419.9	38.5827
15419.9	41.058
15419.9	23.8486
15420	34.8643
15420	23.8905
15420	30.9671
15420	31.3054
15420	33.5731
15420.1	37.5954
15420.1	30.6016
15420.1	27.973
15420.1	30.4256
15420.1	38.225
15420.2	36.131
15420.2	24.7345
15420.2	20.6784
15420.2	30.561
15420.2	27.4581
15420.3	24.4214
15420.3	29.1367
15420.3	28.3313
15420.3	31.2478
15420.4	30.2048
15420.4	18.1805
15420.4	27.9509
15420.4	25.1041
15420.4	21.8854
15420.5	29.9339
15420.5	29.919
15420.5	36.7679
15420.5	34.8479
15420.5	27.4726
15420.6	25.9914
15420.6	28.05
15420.6	30.1781
15420.6	34.0764
15420.6	24.2143
15420.7	13.7352
15420.7	19.3495
15420.7	26.7564
15420.7	18.7875
15420.8	19.1307
15420.8	33.5761
15420.8	35.2474
15420.8	36
15420.8	30
15420.9	29
15420.9	18
15420.9	11
15420.9	24
15420.9	39
15421	22
15421	35
15421	31
15421	26
15421.1	13
15421.1	29
15421.1	27
15421.1	35
15421.1	27
15421.2	40
15421.2	38
15421.2	57
15421.2	27
15421.3	31
15421.3	24
15421.3	29
15421.3	40
15421.3	45
15421.4	53
15421.4	38
15421.4	14
15421.4	22
15421.5	30
15421.5	28
15421.5	35
15421.5	35
15421.5	25
15421.6	25
15421.6	42
15421.6	17
15421.6	17
15421.6	32
15421.7	30
15421.7	49
15421.7	24
15421.7	30
15421.8	30
15421.8	25
15421.8	32
15421.8	50
15421.8	51
15421.9	21
15421.9	28
15421.9	40
15421.9	43
15422	61
15422	22
15422	22
15422	34
15422	29
15422.1	34
15422.1	35
15422.1	19
15422.1	57
15422.2	48
15422.2	27
15422.2	51
15422.2	27
15422.2	28
15422.3	30
15422.3	53
15422.3	19
15422.3	37
15422.4	30
15422.4	33
15422.4	40
15422.4	45
15422.4	62
15422.5	9
15422.5	22
15422.5	32
15422.5	48
15422.5	31
15422.6	38
15422.6	33
15422.6	36
15422.6	40
15422.7	39
15422.7	25
15422.7	36
15422.7	24
15422.7	34
15422.8	41
15422.8	36
15422.8	36
15422.8	16
15422.9	29
15422.9	38
15422.9	48
15422.9	28
15422.9	26
15423	40
15423	41
15423	38
15423	26
15423.1	29
15423.1	38
15423.1	32
15423.1	37
15423.1	45
15423.2	50
15423.2	39
15423.2	36
15423.2	24
15423.2	18
15423.3	27
15423.3	41
15423.3	34
15423.3	26
15423.4	29
15423.4	19
15423.4	42
15423.4	31
15423.4	31
15423.5	42
15423.5	35
15423.5	33
15423.5	43
15423.6	23
15423.6	25
15423.6	39
15423.6	28
15423.6	41
15423.7	25
15423.7	22
15423.7	45
15423.7	46
15423.8	24
15423.8	22
15423.8	27
15423.8	42
15423.8	43
15423.9	26
15423.9	39
15423.9	41
15423.9	11
15423.9	47
15424	55
15424	25
15424	38
15424	39
15424.1	39
15424.1	43
15424.1	20
15424.1	39
15424.1	45
15424.2	29
15424.2	51
15424.2	48
15424.2	29
15424.3	36
15424.3	18
15424.3	49
15424.3	46
15424.3	42
15424.4	46
15424.4	41
15424.4	46
15424.4	31
15424.4	65
15424.5	33
15424.5	30
15424.5	31
15424.5	29
15424.6	42
15424.6	44
15424.6	39
15424.6	33
15424.6	30
15424.7	39
15424.7	46
15424.7	63
15424.7	40
15424.8	17
15424.8	11
15424.8	49
15424.8	43
15424.8	48
15424.9	32
15424.9	55
15424.9	42
15424.9	43
15424.9	60
15425	50
15425	41
15425	39
15425	43
15425.1	40
15425.1	53
15425.1	24
15425.1	57
15425.1	47
15425.2	40
15425.2	50
15425.2	36
15425.2	32
15425.2	47
15425.3	14
15425.3	29
15425.3	36
15425.3	50
15425.4	51
15425.4	45
15425.4	36
15425.4	48
15425.4	31
15425.5	25
15425.5	60
15425.5	18
15425.5	46
15425.6	41
15425.6	48
15425.6	30
15425.6	41
15425.6	31
15425.7	32
15425.7	40
15425.7	19
15425.7	54
15425.7	49
15425.8	46
15425.8	36
15425.8	39
15425.8	45
15425.9	34
15425.9	49
15425.9	40
15425.9	17
15425.9	14
15426	20
15426	26
15426	40
15426	30
15426	33
15426.1	39
15426.1	47
15426.1	52
15426.1	25
15426.2	42
15426.2	31
15426.2	41
15426.2	38
15426.2	54
15426.3	49
15426.3	29
15426.3	36
15426.3	65
15426.3	53
15426.4	42
15426.4	44
15426.4	32
15426.4	56
15426.5	32
15426.5	53
15426.5	26
15426.5	44
15426.5	32
15426.6	50
15426.6	38
15426.6	53
15426.6	42
15426.7	48
15426.7	39
15426.7	39
15426.7	54
15426.7	43
15426.8	52
15426.8	37
15426.8	47
15426.8	35
15426.8	49
15426.9	22
15426.9	42
15426.9	49
15426.9	39
15427	46
15427	21
15427	35
15427	38
15427	35
15427.1	45
15427.1	26
15427.1	27
15427.1	41
15427.1	37
15427.2	50
15427.2	33
15427.2	51
15427.2	36
15427.3	40
15427.3	43
15427.3	40
15427.3	31
15427.3	34
15427.4	42
15427.4	51
15427.4	38
15427.4	35
15427.4	35
15427.5	31
15427.5	43
15427.5	49
15427.5	33
15427.6	43
15427.6	35
15427.6	51
15427.6	44
15427.6	50
15427.7	39
15427.7	49
15427.7	33
15427.7	34
15427.7	35
15427.8	31
15427.8	40
15427.8	34
15427.8	21
15427.9	27
15427.9	63
15427.9	58
15427.9	51
15427.9	26
15428	15
15428	33
15428	29
15428	43
15428	45
15428.1	37
15428.1	48
15428.1	38
15428.1	59
15428.1	58
15428.2	16
15428.2	42
15428.2	29
15428.2	37
15428.3	33
15428.3	38
15428.3	37
15428.3	28
15428.3	42
15428.4	44
15428.4	31
15428.4	34
15428.4	54
15428.4	25
15428.5	24
15428.5	39
15428.5	19
15428.5	51
15428.6	56
15428.6	44
15428.6	53
15428.6	25
15428.6	29
15428.7	50
15428.7	48
15428.7	58
15428.7	52
15428.7	40
15428.8	35
15428.8	26
15428.8	43
15428.8	38
15428.9	24
15428.9	35
15428.9	41
15428.9	37
15428.9	53
15429	38
15429	37
15429	32
15429	20
15429	44
15429.1	41
15429.1	38
15429.1	42
15429.1	36
15429.2	54
15429.2	60
15429.2	29
15429.2	27
15429.2	38
15429.3	33
15429.3	28
15429.3	38
15429.3	25
15429.3	35
15429.4	40
15429.4	34
15429.4	37
15429.4	36
15429.4	23
15429.5	34
15429.5	57
15429.5	42
15429.5	34
15429.6	29
15429.6	45
15429.6	58
15429.6	39
15429.6	33
15429.7	54
15429.7	30
15429.7	53
15429.7	51
15429.7	32
15429.8	47
15429.8	35
15429.8	52
15429.8	33
15429.9	44
15429.9	45
15429.9	39
15429.9	42
15429.9	48
15430	42
15430	38
15430	43
15430	39
15430	32
15430.1	31
15430.1	33
15430.1	43
15430.1	35
15430.1	34
15430.2	31
15430.2	34
15430.2	41
15430.2	25
15430.3	43
15430.3	39
15430.3	41
15430.3	56
15430.3	42
15430.4	37
15430.4	17
15430.4	38
15430.4	54
15430.4	55
15430.5	32
15430.5	30
15430.5	41
15430.5	39
15430.5	49
15430.6	60
15430.6	51
15430.6	20
15430.6	55
15430.7	46
15430.7	48
15430.7	33
15430.7	30
15430.7	37
15430.8	39
15430.8	52
15430.8	34
15430.8	43
15430.8	34
15430.9	39
15430.9	52
15430.9	49
15430.9	41
15430.9	47
15431	29
15431	40
15431	32
15431	58
15431.1	55
15431.1	38
15431.1	40
15431.1	34
15431.1	63
15431.2	45
15431.2	43
15431.2	22
15431.2	45
15431.2	37
15431.3	40
15431.3	19
15431.3	49
15431.3	38
15431.3	36
15431.4	44
15431.4	45
15431.4	40
15431.4	43
15431.5	42
15431.5	36
15431.5	24
15431.5	36
15431.5	33
15431.6	61
15431.6	38
15431.6	42
15431.6	26
15431.6	26
15431.7	42
15431.7	39
15431.7	45
15431.7	49
15431.7	33
15431.8	35
15431.8	37
15431.8	40
15431.8	46
15431.9	32
15431.9	39
15431.9	60
15431.9	48
15431.9	47
15432	44
15432	25
15432	38
15432	34
15432	45
15432.1	52
15432.1	56
15432.1	23
15432.1	27
15432.1	38
15432.2	48
15432.2	40
15432.2	45
15432.2	21
15432.3	39
15432.3	58
15432.3	46
15432.3	46
15432.3	28
15432.4	37
15432.4	39
15432.4	55
15432.4	51
15432.4	34
15432.5	34
15432.5	29
15432.5	59
15432.5	45
15432.5	33
15432.6	33
15432.6	44
15432.6	33
15432.6	24
15432.6	40
15432.7	36
15432.7	66
15432.7	52
15432.7	48
15432.8	56
15432.8	26
15432.8	37
15432.8	52
15432.8	42
15432.9	52
15432.9	33
15432.9	42
15432.9	42
15432.9	53
15433	50
15433	28
15433	31
15433	49
15433	30
15433.1	43
15433.1	62
15433.1	19
15433.1	30
15433.1	29
15433.2	23
15433.2	67
15433.2	49
15433.2	33
15433.3	42
15433.3	31
15433.3	31
15433.3	58
15433.3	50
15433.4	51
15433.4	65
15433.4	43
15433.4	67
15433.4	41
15433.5	37
15433.5	52
15433.5	57
15433.5	55
15433.5	64
15433.6	54
15433.6	26
15433.6	28
15433.6	27
15433.6	46
15433.7	39
15433.7	37
15433.7	50
15433.7	45
15433.8	45
15433.8	43
15433.8	14
15433.8	31
15433.8	28
15433.9	38
15433.9	43
15433.9	51
15433.9	33
15433.9	44
15434	31
15434	49
15434	43
15434	36
15434	30
15434.1	47
15434.1	46
15434.1	55
15434.1	32
15434.1	33
15434.2	55
15434.2	49
15434.2	39
15434.2	34
15434.3	20
15434.3	25
15434.3	24
15434.3	27
15434.3	47
15434.4	32
15434.4	40
15434.4	44
15434.4	35
15434.4	47
15434.5	64
15434.5	36
15434.5	28
15434.5	39
15434.5	57
15434.6	34
15434.6	28
15434.6	32
15434.6	39
15434.6	50
15434.7	37
15434.7	46
15434.7	30
15434.7	17
15434.7	29
15434.8	56
15434.8	37
15434.8	43
15434.8	36
15434.9	40
15434.9	56
15434.9	48
15434.9	47
15434.9	40
15435	20
15435	40
15435	54
15435	41
15435	32
15435.1	54
15435.1	34
15435.1	49
15435.1	50
15435.1	46
15435.2	35
15435.2	27
15435.2	52
15435.2	53
15435.2	63
15435.3	41
15435.3	39
15435.3	34
15435.3	36
15435.3	27
15435.4	52
15435.4	47
15435.4	39
15435.4	48
15435.4	41
15435.5	42
15435.5	47
15435.5	23
15435.5	40
15435.6	26
15435.6	39
15435.6	39
15435.6	29
15435.6	22
15435.7	53
15435.7	33
15435.7	39
15435.7	46
15435.7	13
15435.8	50
15435.8	38
15435.8	39
15435.8	49
15435.8	40
15435.9	39
15435.9	43
15435.9	37
15435.9	34
15435.9	16
15436	33
15436	41
15436	50
15436	35
15436	28
15436.1	40
15436.1	34
15436.1	45
15436.1	39
15436.1	38
15436.2	48
15436.2	31
15436.2	38
15436.2	39
15436.3	69
15436.3	40
15436.3	33
15436.3	43
15436.3	37
15436.4	34
15436.4	42
15436.4	40
15436.4	31
15436.4	40
15436.5	37
15436.5	29
15436.5	30
15436.5	49
15436.5	22
15436.6	22
15436.6	48
15436.6	55
15436.6	46
15436.6	35
15436.7	51
15436.7	44
15436.7	65
15436.7	25
15436.7	21
15436.8	49
15436.8	42
15436.8	40
15436.8	42
15436.8	46
15436.9	46
15436.9	45
15436.9	62
15436.9	41
15436.9	41
15437	31
15437	32
15437	51
15437	66
15437	42
15437.1	35
15437.1	44
15437.1	47
15437.1	45
15437.2	49
15437.2	41
15437.2	46
15437.2	31
15437.2	56
15437.3	46
15437.3	44
15437.3	47
15437.3	29
15437.3	40
15437.4	47
15437.4	52
15437.4	43
15437.4	46
15437.4	26
15437.5	49
15437.5	38
15437.5	45
15437.5	39
15437.5	45
15437.6	54
15437.6	41
15437.6	38
15437.6	37
15437.6	40
15437.7	33
15437.7	42
15437.7	31
15437.7	48
15437.7	44
15437.8	28
15437.8	31
15437.8	59
15437.8	42
15437.8	48
15437.9	18
15437.9	33
15437.9	41
15437.9	23
15437.9	44
15438	65
15438	48
15438	40
15438	37
15438	44
15438.1	28
15438.1	42
15438.1	40
15438.1	52
15438.2	43.9292
15438.2	53.4953
15438.2	25.0726
15438.2	51.238
15438.2	43.3763
15438.3	35.6774
15438.3	43.8192
15438.3	42.9224
15438.3	22.8821
15438.3	42.8648
15438.4	39.1512
15438.4	49.8941
15438.4	54.1206
15438.4	33.0766
15438.4	31.4686
15438.5	30.8026
15438.5	40.2999
15438.5	40.1422
15438.5	32.9594
15438.5	14.3204
15438.6	41.6618
15438.6	41.6796
15438.6	26.8774
15438.6	31.6451
15438.6	30.8293
15438.7	36.471
15438.7	38.7885
15438.7	33.0754
15438.7	42.3028
15438.7	28.6737
15438.8	32.4848
15438.8	38.6542
15438.8	36.5314
15438.8	44.1046
15438.8	35.6172
15438.9	47.2778
15438.9	44.9121
15438.9	38.5118
15438.9	34.5158
15438.9	48.9198
15439	34.8168
15439	22.4782
15439	43.795
15439	32.0958
15439	40.3487
15439.1	28.1368
15439.1	32.1092
15439.1	22.7135
15439.1	30.5946
15439.1	37.2473
15439.2	26.6339
15439.2	25.2524
15439.2	23.8218
15439.2	31.8596
15439.2	26.2401
15439.3	36.1943
15439.3	35.8021
15439.3	36.5575
15439.3	38.6439
15439.3	29.9454
15439.4	22.3113
15439.4	37.5483
15439.4	26.2582
15439.4	28.9647
15439.4	33.4898
15439.5	24.4953
15439.5	35.0922
15439.5	36.158
15439.5	23.367
15439.5	31.3722
15439.6	23.3135
15439.6	26.6462
15439.6	30.9664
15439.6	24.0392
15439.6	28.8268
15439.7	26.9446
15439.7	32.6099
15439.7	16.9303
15439.7	40.3462
15439.8	26.1442
15439.8	21.0024
15439.8	31.8881
15439.8	17.7259
15439.8	29.3094
15439.9	32.7909
15439.9	27.4569
15439.9	37.5581
15439.9	30.3495
15439.9	25.4839
15440	33.0217
15440	22.7738
15440	25.2683
15440	28.0648
15440	32.1809
15440.1	26.1887
15440.1	27.1792
15440.1	28.6633
15440.1	21.4057
15440.1	6.59495
15440.2	8.19896
15440.2	23.6543
15440.2	32.2588
15440.2	24.399
15440.2	28.022
15440.3	28.2776
15440.3	25.8619
15440.3	25
15440.3	39
15440.3	40
15440.3	31
15440.4	47
15440.4	20
15440.4	41
15440.4	28
15440.5	19
15440.5	21
15440.5	24
15440.5	20
15440.5	44
15440.6	31
15440.6	40
15440.6	30
15440.6	28
15440.6	22
15440.7	29
15440.7	32
15440.7	39
15440.7	10
15440.7	39
15440.8	30
15440.8	28
15440.8	29
15440.8	31
15440.9	43
15440.9	33
15440.9	36
15440.9	32
15440.9	31
15441	23
15441	24
15441	30
15441	36
15441	35
15441.1	41
15441.1	24
15441.1	29
15441.1	28
15441.1	39
15441.2	50
15441.2	28
15441.2	40
15441.2	42
15441.3	45
15441.3	53
15441.3	38
15441.3	32
15441.3	35
15441.4	40
15441.4	48
15441.4	41
15441.4	16
15441.4	23
15441.5	30
15441.5	36
15441.5	40
15441.5	32
15441.5	27
15441.6	41
15441.6	18
15441.6	36
15441.6	32
15441.7	31
15441.7	40
15441.7	39
15441.7	34
15441.7	14
15441.8	23
15441.8	22
15441.8	49
15441.8	37
15441.8	43
15441.9	13
15441.9	31
15441.9	44
15441.9	56
15441.9	47
15442	32
15442	33
15442	40
15442	22
15442	49
15442.1	36
15442.1	30
15442.1	30
15442.1	47
15442.2	44
15442.2	42
15442.2	33
15442.2	35
15442.2	23
15442.3	52
15442.3	29
15442.3	38
15442.3	47
15442.3	29
15442.4	36
15442.4	50
15442.4	39
15442.4	47
15442.4	30
15442.5	40
15442.5	21
15442.5	27
15442.5	31
15442.6	43
15442.6	28
15442.6	20
15442.6	53
15442.6	43
15442.7	21
15442.7	36
15442.7	34
15442.7	62
15442.7	45
15442.8	42
15442.8	24
15442.8	43
15442.8	29
15442.8	34
15442.9	45
15442.9	24
15442.9	47
15442.9	28
15442.9	37
15443	34
15443	28
15443	33
15443	44
15443.1	36
15443.1	37
15443.1	40
15443.1	38
15443.1	30
15443.2	14
15443.2	28
15443.2	50
15443.2	23
15443.2	57
15443.3	37
15443.3	24
15443.3	29
15443.3	41
15443.3	54
15443.4	26
15443.4	38
15443.4	46
15443.4	58
15443.4	55
15443.5	23
15443.5	33
15443.5	43
15443.5	43
15443.6	63
15443.6	29
15443.6	40
15443.6	25
15443.6	21
15443.7	35
15443.7	38
15443.7	22
15443.7	36
15443.7	32
15443.8	31
15443.8	35
15443.8	29
15443.8	12
15443.8	32
15443.9	39
15443.9	35
15443.9	42
15443.9	34
15443.9	32
15444	51
15444	31
15444	53
15444	45
15444.1	12
15444.1	49
15444.1	47
15444.1	44
15444.1	44
15444.2	40
15444.2	32
15444.2	29
15444.2	58
15444.2	48
15444.3	50
15444.3	36
15444.3	44
15444.3	45
15444.3	44
15444.4	45
15444.4	30
15444.4	32
15444.4	30
15444.4	34
15444.5	42
15444.5	33
15444.5	40
15444.5	59
15444.5	61
15444.6	39
15444.6	38
15444.6	28
15444.6	51
15444.7	58
15444.7	45
15444.7	31
15444.7	36
15444.7	37
15444.8	39
15444.8	44
15444.8	51
15444.8	30
15444.8	24
15444.9	43
15444.9	48
15444.9	39
15444.9	37
15444.9	28
15445	61
15445	50
15445	35
15445	48
15445	42
15445.1	46
15445.1	43
15445.1	39
15445.1	30
15445.2	27
15445.2	29
15445.2	39
15445.2	41
15445.2	43
15445.3	53
15445.3	30
15445.3	19
15445.3	39
15445.3	33
15445.4	36
15445.4	33
15445.4	35
15445.4	45
15445.4	52
15445.5	24
15445.5	50
15445.5	39
15445.5	26
15445.5	28
15445.6	34
15445.6	35
15445.6	39
15445.6	37
15445.6	38
15445.7	39
15445.7	37
15445.7	49
15445.7	22
15445.7	19
15445.8	41
15445.8	40
15445.8	48
15445.8	33
15445.9	41
15445.9	54
15445.9	46
15445.9	32
15445.9	40
15446	16
15446	25
15446	33
15446	46
15446	54
15446.1	20
15446.1	44
15446.1	50
15446.1	75
15446.1	31
15446.2	32
15446.2	42
15446.2	49
15446.2	35
15446.2	33
15446.3	40
15446.3	55
15446.3	54
15446.3	41
15446.3	44
15446.4	58
15446.4	45
15446.4	21
15446.4	22
15446.4	38
15446.5	49
15446.5	52
15446.5	26
15446.5	33
15446.5	39
15446.6	44
15446.6	44
15446.6	61
15446.6	50
15446.7	33
15446.7	40
15446.7	48
15446.7	54
15446.7	35
15446.8	28
15446.8	18
15446.8	48
15446.8	55
15446.8	23
15446.9	38
15446.9	15
15446.9	48
15446.9	63
15446.9	45
15447	39
15447	27
15447	48
15447	57
15447	42
15447.1	41
15447.1	45
15447.1	38
15447.1	30
15447.1	61
15447.2	56
15447.2	36
15447.2	39
15447.2	31
15447.2	44
15447.3	32
15447.3	42
15447.3	41
15447.3	31
15447.3	48
15447.4	34
15447.4	29
15447.4	28
15447.4	39
15447.5	42
15447.5	57
15447.5	46
15447.5	50
15447.5	43
15447.6	35
15447.6	32
15447.6	43
15447.6	45
15447.6	41
15447.7	25
15447.7	28
15447.7	43
15447.7	44
15447.7	34
15447.8	50
15447.8	32
15447.8	53
15447.8	36
15447.8	57
15447.9	35
15447.9	26
15447.9	32
15447.9	54
15447.9	42
15448	43
15448	45
15448	46
15448	49
15448	39
15448.1	41
15448.1	42
15448.1	29
15448.1	42
15448.1	41
15448.2	42
15448.2	29
15448.2	42
15448.2	43
15448.2	48
15448.3	41
15448.3	30
15448.3	17
15448.3	29
15448.3	46
15448.4	38
15448.4	55
15448.4	52
15448.4	32
15448.4	47
15448.5	49
15448.5	45
15448.5	60
15448.5	44
15448.5	37
15448.6	36
15448.6	32
15448.6	36
15448.6	36
15448.7	48
15448.7	34
15448.7	38
15448.7	44
15448.7	54
15448.8	30
15448.8	31
15448.8	35
15448.8	52
15448.8	37
15448.9	33
15448.9	33
15448.9	51
15448.9	30
15448.9	46
15449	48
15449	26
15449	15
15449	51
15449	39
15449.1	62
15449.1	35
15449.1	43
15449.1	41
15449.1	37
15449.2	39
15449.2	47
15449.2	35
15449.2	28
15449.2	38
15449.3	33
15449.3	57
15449.3	25
15449.3	46
15449.3	17
15449.4	44
15449.4	56
15449.4	32
15449.4	27
15449.4	50
15449.5	16
15449.5	26
15449.5	30
15449.5	35
15449.5	27
15449.6	60
15449.6	37
15449.6	43
15449.6	57
15449.6	33
15449.7	40
15449.7	50
15449.7	33
15449.7	38
15449.7	52
15449.8	36
15449.8	27
15449.8	38
15449.8	53
15449.8	50
15449.9	40
15449.9	45
15449.9	43
15449.9	70
15449.9	39
15450	36
15450	30
15450	37
15450	33
15450	43
15450.1	50
15450.1	39
15450.1	36
15450.1	40
15450.1	27
15450.2	53
15450.2	41
15450.2	10
15450.2	34
15450.2	41
15450.3	38
15450.3	30
15450.3	25
15450.3	39
15450.3	34
15450.4	49
15450.4	45
15450.4	40
15450.4	47
15450.4	41
15450.5	38
15450.5	34
15450.5	44
15450.5	17
15450.5	48
15450.6	37
15450.6	47
15450.6	34
15450.6	34
15450.6	42
15450.7	56
15450.7	59
15450.7	39
15450.7	19
15450.8	15
15450.8	30
15450.8	19
15450.8	67
15450.8	41
15450.8	53
15450.9	29
15450.9	35
15450.9	45
15450.9	58
15451	26
15451	24
15451	37
15451	46
15451	41
15451.1	45
15451.1	48
15451.1	26
15451.1	41
15451.1	34
15451.2	42
15451.2	40
15451.2	31
15451.2	30
15451.2	35
15451.3	35
15451.3	32
15451.3	45
15451.3	45
15451.3	33
15451.4	35
15451.4	44
15451.4	34
15451.4	38
15451.4	44
15451.5	43
15451.5	30
15451.5	35
15451.5	13
15451.5	28
15451.6	39
15451.6	41
15451.6	51
15451.6	38
15451.6	22
15451.7	47
15451.7	28
15451.7	39
15451.7	45
15451.7	37
15451.8	49
15451.8	42
15451.8	45
15451.8	46
15451.8	36
15451.9	6
15451.9	15
15451.9	30
15451.9	31
15451.9	56
15452	45
15452	29
15452	27
15452	35
15452	56
15452	30
15452.1	24
15452.1	27
15452.1	37
15452.1	22
15452.1	33
15452.2	26
15452.2	61
15452.2	52
15452.2	35
15452.2	60
15452.3	33
15452.3	36
15452.3	50
15452.3	21
15452.3	38
15452.4	40
15452.4	32
15452.4	37
15452.4	32
15452.4	37
15452.5	34
15452.5	22
15452.5	24
15452.5	36
15452.5	36
15452.6	41
15452.6	41
15452.6	40
15452.6	28
15452.6	38
15452.7	38
15452.7	54
15452.7	42
15452.7	32
15452.7	41
15452.8	35
15452.8	53
15452.8	29
15452.8	42
15452.8	56
15452.9	27
15452.9	30
15452.9	52
15452.9	37
15452.9	14
15453	41
15453	41
15453	42
15453	26
15453	31
15453.1	14
15453.1	28
15453.1	53
15453.1	37
15453.1	39
15453.2	21
15453.2	16
15453.2	30
15453.2	38
15453.2	19
15453.3	38
15453.3	34
15453.3	41
15453.3	47
15453.3	51
15453.4	45
15453.4	27
15453.4	34
15453.4	59
15453.4	59
15453.5	40
15453.5	37
15453.5	23
15453.5	45
15453.5	37
15453.6	40
15453.6	36
15453.6	47
15453.6	30
15453.6	58
15453.7	48
15453.7	44
15453.7	31
15453.7	39
15453.7	41
15453.8	30
15453.8	34
15453.8	55
15453.8	23
15453.8	34
15453.9	41
15453.9	43
15453.9	29
15453.9	33
15453.9	43
15454	34
15454	35
15454	44
15454	34
15454	49
15454.1	37
15454.1	45
15454.1	60
15454.1	45
15454.1	22
15454.2	36
15454.2	50
15454.2	18
15454.2	22
15454.2	37
15454.3	38
15454.3	43
15454.3	25
15454.3	51
15454.3	32
15454.3	31
15454.4	31
15454.4	40
15454.4	33
15454.4	40
15454.4	35
15454.5	41
15454.5	38
15454.5	32
15454.5	42
15454.5	15
15454.6	40
15454.6	31
15454.6	44
15454.6	55
15454.6	25
15454.7	40
15454.7	31
15454.7	38
15454.7	71
15454.7	42
15454.8	36
15454.8	25
15454.8	47
15454.8	59
15454.8	33
15454.9	44
15454.9	52
15454.9	15
15454.9	25
15454.9	36
15455	40
15455	50
15455	3
15455	38
15455	40
15455.1	44
15455.1	37
15455.1	23
15455.1	19
15455.1	44
15455.2	44
15455.2	42
15455.2	33
15455.2	17
15455.2	34
15455.3	36
15455.3	31
15455.3	44
15455.3	56
15455.3	33
15455.4	30
15455.4	47
15455.4	44
15455.4	40
15455.4	12
15455.4	25
15455.5	37
15455.5	48
15455.5	36
15455.5	56
15455.5	48
15455.6	30
15455.6	32
15455.6	26
15455.6	42
15455.6	62
15455.7	39
15455.7	54
15455.7	45
15455.7	37
15455.7	27
15455.8	29
15455.8	41
15455.8	40
15455.8	42
15455.8	49
15455.9	40
15455.9	26
15455.9	30
15455.9	51
15455.9	34
15456	46
15456	35
15456	33
15456	39
15456	61
15456.1	51
15456.1	69
15456.1	58
15456.1	47
15456.1	48
15456.2	21
15456.2	26
15456.2	39
15456.2	59
15456.2	44
15456.2	32
15456.3	27
15456.3	35
15456.3	23
15456.3	32
15456.3	40
15456.4	31
15456.4	23
15456.4	59
15456.4	36
15456.4	46
15456.5	37
15456.5	41
15456.5	37
15456.5	48
15456.5	43
15456.6	58
15456.6	28
15456.6	34
15456.6	60
15456.6	53
15456.7	21
15456.7	40
15456.7	27
15456.7	48
15456.7	40
15456.8	40
15456.8	60
15456.8	43
15456.8	28
15456.8	32
15456.9	43.9486
15456.9	41.7755
15456.9	52.1847
15456.9	45.1303
15456.9	31.6154
15456.9	44.8349
15457	40.2806
15457	32.0996
15457	23.806
15457	28.5514
15457	33.5064
15457.1	20.3305
15457.1	21.4265
15457.1	26.3355
15457.1	25.2876
15457.1	32.052
15457.2	43.9652
15457.2	37.5639
15457.2	46.8021
15457.2	22.0817
15457.2	15.1712
15457.3	39.1822
15457.3	51.6224
15457.3	37.5438
15457.3	30.4641
15457.3	48.1885
15457.4	22.6323
15457.4	39.4916
15457.4	25.5673
15457.4	35.2505
15457.4	33.188
15457.5	31.3918
15457.5	33.591
15457.5	27.7509
15457.5	43.4561
15457.5	34.9395
15457.5	29.9619
15457.6	10.8551
15457.6	26.3971
15457.6	32.1131
15457.6	33.4878
15457.6	30.1978
15457.7	22.4642
15457.7	25.5664
15457.7	36.2127
15457.7	27.9993
15457.7	39.59
15457.8	34.0072
15457.8	29.1852
15457.8	32.972
15457.8	31.5224
15457.8	38.3194
15457.9	38.3542
15457.9	36.5921
15457.9	34.4209
15457.9	31.5888
15457.9	30.9112
15458	33.5389
15458	31.6191
15458	27.7822
15458	18.5074
15458	22.125
15458.1	38.2648
15458.1	44.1029
15458.1	41.2245
15458.1	34.5481
15458.1	31.1938
15458.1	37.4206
15458.2	37.3907
15458.2	34.5807
15458.2	40.0512
15458.2	16.6122
15458.2	21.7355
15458.3	25.5966
15458.3	27.9202
15458.3	37.3207
15458.3	33.9944
15458.3	26.3075
15458.4	39.9026
15458.4	32.0436
15458.4	34.8655
15458.4	46.3961
15458.4	41.3693
15458.5	27.2022
15458.5	23.4735
15458.5	26.7219
15458.5	25.4726
15458.5	33.1791
15458.6	30.072
15458.6	23.1628
15458.6	8.56953
15458.6	20.2858
15458.6	30.0748
15458.6	24.3316
15458.7	26.2639
15458.7	15.9491
15458.7	17.3682
15458.7	27.3112
15458.7	31.3556
15458.8	25.0428
15458.8	23.1054
15458.8	26.2215
15458.8	27.5003
15458.8	31.2469
15458.9	39.015
15458.9	27.5442
15458.9	15.3151
15458.9	16
15458.9	38
15459	23
15459	26
15459	15
15459	46
15459	25
15459.1	37
15459.1	37
15459.1	9
15459.1	33
15459.1	22
15459.2	22
15459.2	28
15459.2	36
15459.2	20
15459.2	19
15459.3	23
15459.3	22
15459.3	46
15459.3	30
15459.3	41
15459.4	17
15459.4	41
15459.4	27
15459.4	29
15459.4	30
15459.5	54
15459.5	24
15459.5	61
15459.5	8
15459.5	23
15459.6	47
15459.6	28
15459.6	40
15459.6	34
15459.6	17
15459.7	41
15459.7	-4
15459.7	48
15459.7	37
15459.7	34
15459.8	26
15459.8	32
15459.8	24
15459.8	36
15459.8	45
15459.9	35
15459.9	32
15459.9	18
15459.9	30
15459.9	24
15460	33
15460	44
15460	45
15460	43
15460	36
15460.1	22
15460.1	22
15460.1	38
15460.1	33
15460.1	34
15460.2	27
15460.2	21
15460.2	49
15460.2	26
15460.2	33
15460.3	37
15460.3	30
15460.3	32
15460.3	39
15460.3	20
15460.4	30
15460.4	39
15460.4	36
15460.4	37
15460.4	30
15460.5	33
15460.5	31
15460.5	36
15460.5	38
15460.5	17
15460.6	16
15460.6	39
15460.6	42
15460.6	47
15460.6	28
15460.7	18
15460.7	27
15460.7	43
15460.7	43
15460.7	38
15460.8	33
15460.8	13
15460.8	37
15460.8	43
15460.8	55
15460.9	40
15460.9	42
15460.9	42
15460.9	45
15460.9	49
15461	24
15461	41
15461	35
15461	34
15461	32
15461.1	44
15461.1	40
15461.1	27
15461.1	47
15461.1	40
15461.2	34
15461.2	38
15461.2	33
15461.2	21
15461.3	48
15461.3	29
15461.3	45
15461.3	30
15461.3	42
15461.3	50
15461.4	34
15461.4	36
15461.4	33
15461.4	27
15461.4	29
15461.5	57
15461.5	26
15461.5	48
15461.5	21
15461.5	8
15461.6	44
15461.6	19
15461.6	30
15461.6	34
15461.6	26
15461.7	40
15461.7	29
15461.7	39
15461.7	55
15461.7	49
15461.8	8
15461.8	20
15461.8	23
15461.8	37
15461.8	32
15461.9	34
15461.9	50
15461.9	35
15461.9	34
15461.9	54
15462	19
15462	45
15462	39
15462	33
15462	53
15462.1	41
15462.1	18
15462.1	45
15462.1	32
15462.1	18
15462.2	40
15462.2	15
15462.2	36
15462.2	28
15462.2	17
15462.3	38
15462.3	31
15462.3	46
15462.3	52
15462.3	40
15462.4	39
15462.4	55
15462.4	39
15462.4	28
15462.4	26
15462.5	41
15462.5	47
15462.5	13
15462.5	44
15462.5	55
15462.6	26
15462.6	59
15462.6	46
15462.6	32
15462.6	33
15462.7	23
15462.7	17
15462.7	49
15462.7	12
15462.7	48
15462.8	21
15462.8	32
15462.8	50
15462.8	36
15462.8	44
15462.9	48
15462.9	30
15462.9	29
15462.9	48
15462.9	36
15463	42
15463	27
15463	48
15463	52
15463	26
15463.1	53
15463.1	49
15463.1	46
15463.1	58
15463.1	47
15463.2	56
15463.2	42
15463.2	43
15463.2	31
15463.2	41
15463.3	54
15463.3	47
15463.3	21
15463.3	25
15463.3	46
15463.4	51
15463.4	41
15463.4	52
15463.4	36
15463.4	43
15463.5	77
15463.5	50
15463.5	42
15463.5	14
15463.5	39
15463.6	36
15463.6	53
15463.6	37
15463.6	42
15463.6	47
15463.7	48
15463.7	32
15463.7	26
15463.7	35
15463.7	27
15463.8	36
15463.8	46
15463.8	37
15463.8	35
15463.8	33
15463.9	40
15463.9	61
15463.9	30
15463.9	45
15463.9	34
15464	32
15464	34
15464	41
15464	68
15464	37
15464	32
15464.1	45
15464.1	42
15464.1	28
15464.1	54
15464.1	28
15464.2	40
15464.2	57
15464.2	30
15464.2	41
15464.2	36
15464.3	20
15464.3	50
15464.3	41
15464.3	52
15464.3	34
15464.4	36
15464.4	45
15464.4	44
15464.4	48
15464.4	39
15464.5	44
15464.5	30
15464.5	34
15464.5	36
15464.5	27
15464.6	52
15464.6	33
15464.6	27
15464.6	56
15464.6	45
15464.7	42
15464.7	50
15464.7	45
15464.7	48
15464.7	42
15464.8	47
15464.8	43
15464.8	34
15464.8	50
15464.8	49
15464.9	51
15464.9	53
15464.9	27
15464.9	25
15464.9	50
15465	31
15465	46
15465	53
15465	26
15465	31
15465.1	51
15465.1	47
15465.1	50
15465.1	25
15465.1	15
15465.1	53
15465.2	27
15465.2	57
15465.2	36
15465.2	39
15465.2	54
15465.3	41
15465.3	50
15465.3	52
15465.3	37
15465.3	41
15465.4	40
15465.4	43
15465.4	52
15465.4	56
15465.4	46
15465.5	38
15465.5	53
15465.5	34
15465.5	46
15465.5	37
15465.6	43
15465.6	48
15465.6	41
15465.6	53
15465.6	34
15465.7	51
15465.7	36
15465.7	46
15465.7	54
15465.7	33
15465.8	39
15465.8	20
15465.8	51
15465.8	45
15465.8	62
15465.9	31
15465.9	46
15465.9	45
15465.9	42
15465.9	43
15466	43
15466	39
15466	58
15466	37
15466	51
15466	53
15466.1	33
15466.1	45
15466.1	50
15466.1	51
15466.1	58
15466.2	30
15466.2	34
15466.2	25
15466.2	33
15466.2	53
15466.3	45
15466.3	55
15466.3	32
15466.3	40
15466.3	34
15466.4	54
15466.4	33
15466.4	42
15466.4	50
15466.4	41
15466.5	23
15466.5	52
15466.5	23
15466.5	41
15466.5	48
15466.6	45
15466.6	40
15466.6	39
15466.6	58
15466.6	40
15466.7	32
15466.7	28
15466.7	51
15466.7	45
15466.7	42
15466.7	54
15466.8	42
15466.8	25
15466.8	30
15466.8	51
15466.8	47
15466.9	59
15466.9	50
15466.9	45
15466.9	29
15466.9	29
15467	43
15467	37
15467	14
15467	40
15467	44
15467.1	27
15467.1	36
15467.1	37
15467.1	44
15467.1	42
15467.2	25
15467.2	46
15467.2	52
15467.2	44
15467.2	35
15467.3	26
15467.3	49
15467.3	38
15467.3	38
15467.3	45
15467.4	41
15467.4	32
15467.4	53
15467.4	55
15467.4	56
15467.4	40
15467.5	46
15467.5	18
15467.5	27
15467.5	34
15467.5	44
15467.6	41
15467.6	19
15467.6	61
15467.6	45
15467.6	42
15467.7	42
15467.7	53
15467.7	38
15467.7	54
15467.7	43
15467.8	43
15467.8	36
15467.8	41
15467.8	43
15467.8	29
15467.9	31
15467.9	46
15467.9	34
15467.9	33
15467.9	40
15467.9	31
15468	45
15468	41
15468	42
15468	54
15468	31
15468.1	38
15468.1	44
15468.1	35
15468.1	15
15468.1	47
15468.2	41
15468.2	34
15468.2	33
15468.2	41
15468.2	47
15468.3	34
15468.3	41
15468.3	34
15468.3	36
15468.3	45
15468.4	33
15468.4	30
15468.4	43
15468.4	30
15468.4	34
15468.5	48
15468.5	45
15468.5	47
15468.5	25
15468.5	27
15468.5	46
15468.6	48
15468.6	45
15468.6	58
15468.6	33
15468.6	39
15468.7	42
15468.7	44
15468.7	35
15468.7	46
15468.7	45
15468.8	35
15468.8	32
15468.8	29
15468.8	49
15468.8	36
15468.9	43
15468.9	40
15468.9	56
15468.9	50
15468.9	26
15469	49
15469	58
15469	34
15469	37
15469	35
15469	46
15469.1	33
15469.1	31
15469.1	30
15469.1	31
15469.1	31
15469.2	30
15469.2	47
15469.2	41
15469.2	47
15469.2	49
15469.3	39
15469.3	49
15469.3	34
15469.3	55
15469.3	38
15469.4	33
15469.4	34
15469.4	35
15469.4	43
15469.4	27
15469.4	42
15469.5	23
15469.5	39
15469.5	39
15469.5	43
15469.5	45
15469.6	43
15469.6	27
15469.6	47
15469.6	29
15469.6	58
15469.7	33
15469.7	37
15469.7	41
15469.7	56
15469.7	35
15469.8	40
15469.8	36
15469.8	26
15469.8	50
15469.8	37
15469.8	46
15469.9	34
15469.9	31
15469.9	47
15469.9	38
15469.9	43
15470	21
15470	19
15470	55
15470	25
15470	33
15470.1	38
15470.1	29
15470.1	47
15470.1	20
15470.1	34
15470.2	37
15470.2	50
15470.2	39
15470.2	58
15470.2	25
15470.3	26
15470.3	27
15470.3	19
15470.3	37
15470.3	38
15470.3	27
15470.4	31
15470.4	25
15470.4	14
15470.4	35
15470.4	39
15470.5	45
15470.5	34
15470.5	31
15470.5	29
15470.5	37
15470.6	36
15470.6	45
15470.6	45
15470.6	30
15470.6	32
15470.6	28
15470.7	46
15470.7	50
15470.7	33
15470.7	32
15470.7	30
15470.8	43
15470.8	25
15470.8	44
15470.8	50
15470.8	31
15470.9	57
15470.9	40
15470.9	42
15470.9	35
15470.9	27
15471	36
15471	52
15471	31
15471	47
15471	25
15471	34
15471.1	42
15471.1	51
15471.1	37
15471.1	58
15471.1	29
15471.2	43
15471.2	25
15471.2	30
15471.2	45
15471.2	30
15471.3	33
15471.3	42
15471.3	45
15471.3	46
15471.3	41
15471.4	16
15471.4	29
15471.4	36
15471.4	63
15471.4	44
15471.4	34
15471.5	18
15471.5	50
15471.5	49
15471.5	28
15471.5	31
15471.6	33
15471.6	49
15471.6	36
15471.6	36
15471.6	49
15471.7	36
15471.7	16
15471.7	56
15471.7	44
15471.7	60
15471.7	40
15471.8	26
15471.8	48
15471.8	42
15471.8	40
15471.8	46
15471.9	17
15471.9	34
15471.9	41
15471.9	40
15471.9	49
15472	34
15472	35
15472	42
15472	20
15472	38
15472.1	43
15472.1	23
15472.1	47
15472.1	34
15472.1	43
15472.1	43
15472.2	47
15472.2	49
15472.2	47
15472.2	17
15472.2	41
15472.3	13
15472.3	44
15472.3	41
15472.3	48
15472.3	62
15472.4	52
15472.4	32
15472.4	32
15472.4	44
15472.4	37
15472.4	34
15472.5	30
15472.5	12
15472.5	46
15472.5	62
15472.5	55
15472.6	43
15472.6	30
15472.6	29
15472.6	39
15472.6	25
15472.7	39
15472.7	37
15472.7	26
15472.7	27
15472.7	38
15472.7	21
15472.8	38
15472.8	23
15472.8	29
15472.8	43
15472.8	58
15472.9	41
15472.9	45
15472.9	14
15472.9	39
15472.9	59
15473	52
15473	22
15473	31
15473	41
15473	51
15473	40
15473.1	57
15473.1	49
15473.1	48
15473.1	51
15473.1	32
15473.2	56
15473.2	26
15473.2	26
15473.2	31
15473.2	34
15473.3	38
15473.3	59
15473.3	33
15473.3	35
15473.3	25
15473.3	45
15473.4	41
15473.4	30
15473.4	31
15473.4	30
15473.4	42
15473.5	40
15473.5	39
15473.5	29
15473.5	27
15473.5	37
15473.6	42
15473.6	43
15473.6	30
15473.6	45
15473.6	44
15473.6	47
15473.7	39
15473.7	35
15473.7	40
15473.7	30
15473.7	57
15473.8	31
15473.8	41
15473.8	52
15473.8	25
15473.8	40
15473.9	35
15473.9	32
15473.9	34
15473.9	36
15473.9	40
15473.9	45
15474	28
15474	31
15474	44
15474	32
15474	40
15474.1	18
15474.1	33
15474.1	40
15474.1	32
15474.1	38
15474.1	33
15474.2	48
15474.2	40
15474.2	38
15474.2	37
15474.2	30
15474.3	44
15474.3	46
15474.3	21
15474.3	36
15474.3	39
15474.4	40
15474.4	35
15474.4	48
15474.4	54
15474.4	31
15474.4	28
15474.5	45
15474.5	42
15474.5	35
15474.5	33
15474.5	44
15474.6	54
15474.6	35
15474.6	37
15474.6	36
15474.6	38
15474.7	53
15474.7	53
15474.7	20
15474.7	24
15474.7	39
15474.7	33.8224
15474.8	45.5986
15474.8	55.3559
15474.8	47.1258
15474.8	32.6417
15474.8	15.5035
15474.9	30.5315
15474.9	28.1575
15474.9	44.291
15474.9	42.4323
15474.9	40.8465
15474.9	28.2477
15475	41.4295
15475	34.0013
15475	36.4741
15475	28.8849
15475	20.123
15475.1	41.7395
15475.1	30.6495
15475.1	44.6861
15475.1	35.6484
15475.1	36.2189
15475.2	21.2841
15475.2	36.4737
15475.2	31.913
15475.2	36.4034
15475.2	21.6557
15475.2	28.7469
15475.3	40.0312
15475.3	34.1095
15475.3	36.8692
15475.3	34.1605
15475.3	30.552
15475.4	34.4704
15475.4	40.7024
15475.4	30.3923
15475.4	23.3364
15475.4	26.963
15475.4	33.3334
15475.5	37.0037
15475.5	26.7297
15475.5	39.3398
15475.5	35.0292
15475.5	31.1424
15475.6	36.7011
15475.6	24.73
15475.6	38.5819
15475.6	28.1909
15475.6	34.2758
15475.7	22.0467
15475.7	37.2893
15475.7	17.7978
15475.7	37.0571
15475.7	30.7917
15475.7	33.3389
15475.8	38.9524
15475.8	30.933
15475.8	34.3855
15475.8	26.7535
15475.8	21.3204
15475.9	35.1442
15475.9	33.9062
15475.9	33.991
15475.9	31.1062
15475.9	31.6846
15475.9	35.1588
15476	41.1153
15476	33.8112
15476	34.5981
15476	34.1873
15476	27.0903
15476.1	33.121
15476.1	17.9796
15476.1	25.0016
15476.1	27.1961
15476.1	29.3071
15476.1	23.7174
15476.2	26.1437
15476.2	30.624
15476.2	30.9013
15476.2	41.4851
15476.2	34.7658
15476.3	27.4904
15476.3	24.2539
15476.3	18.5734
15476.3	35.1086
15476.3	21.0339
15476.3	22.9319
15476.4	23.0152
15476.4	31.6043
15476.4	26.4626
15476.4	24.046
15476.4	26.2986
15476.5	22.5436
15476.5	26.068
15476.5	35.1578
15476.5	41.2916
15476.5	24.0654
15476.6	6.50685
15476.6	20.1729
15476.6	21.4673
15476.6	26.0722
15476.6	24.0326
15476.6	19.7441
15476.7	6.49299
15476.7	38.5657
15476.7	25.4986
15476.7	25
15476.7	30
15476.7	43
15476.8	25
15476.8	-5
15476.8	28
15476.8	33
15476.8	21
15476.9	24
15476.9	19
15476.9	26
15476.9	32
15476.9	28
15477	26
15477	27
15477	17
15477	28
15477	44
15477	45
15477.1	31
15477.1	26
15477.1	20
15477.1	28
15477.1	10
15477.2	15
15477.2	35
15477.2	6
15477.2	36
15477.2	39
15477.3	41
15477.3	11
15477.3	65
15477.3	24
15477.3	47
15477.4	44
15477.4	39
15477.4	32
15477.4	14
15477.4	37
15477.5	44
15477.5	19
15477.5	36
15477.5	25
15477.5	10
15477.5	28
15477.6	35
15477.6	40
15477.6	36
15477.6	19
15477.6	20
15477.7	39
15477.7	32
15477.7	40
15477.7	33
15477.7	30
15477.8	39
15477.8	26
15477.8	32
15477.8	44
15477.8	13
15477.9	33
15477.9	23
15477.9	54
15477.9	30
15477.9	10
15478	18
15478	63
15478	41
15478	17
15478	31
15478	19
15478.1	35
15478.1	16
15478.1	32
15478.1	15
15478.1	37
15478.2	37
15478.2	20
15478.2	32
15478.2	37
15478.2	56
15478.3	28
15478.3	30
15478.3	40
15478.3	44
15478.3	40
15478.4	30
15478.4	35
15478.4	10
15478.4	24
15478.4	40
15478.5	31
15478.5	37
15478.5	21
15478.5	36
15478.5	40
15478.5	23
15478.6	30
15478.6	42
15478.6	48
15478.6	30
15478.6	31
15478.7	31
15478.7	27
15478.7	24
15478.7	51
15478.7	55
15478.8	21
15478.8	17
15478.8	32
15478.8	37
15478.8	37
15478.9	24
15478.9	50
15478.9	46
15478.9	34
15478.9	36
15479	50
15479	33
15479	29
15479	29
15479	44
15479	31
15479.1	34
15479.1	24
15479.1	42
15479.1	44
15479.1	35
15479.2	39
15479.2	22
15479.2	17
15479.2	32
15479.2	47
15479.3	43
15479.3	39
15479.3	44
15479.3	32
15479.3	37
15479.4	37
15479.4	35
15479.4	36
15479.4	38
15479.4	64
15479.4	30
15479.5	33
15479.5	44
15479.5	35
15479.5	30
15479.5	49
15479.6	56
15479.6	38
15479.6	33
15479.6	29
15479.6	20
15479.7	46
15479.7	37
15479.7	24
15479.7	36
15479.7	44
15479.8	25
15479.8	42
15479.8	52
15479.8	26
15479.8	40
15479.8	52
15479.9	29
15479.9	16
15479.9	39
15479.9	34
15479.9	48
15480	34
15480	44
15480	39
15480	39
15480	38
15480.1	45
15480.1	24
15480.1	35
15480.1	35
15480.1	33
15480.2	34
15480.2	50
15480.2	49
15480.2	51
15480.2	8
15480.2	33
15480.3	23
15480.3	44
15480.3	47
15480.3	28
15480.3	20
15480.4	39
15480.4	42
15480.4	37
15480.4	36
15480.4	34
15480.5	41
15480.5	41
15480.5	44
15480.5	34
15480.5	33
15480.6	26
15480.6	50
15480.6	54
15480.6	43
15480.6	34
15480.6	37
15480.7	39
15480.7	55
15480.7	43
15480.7	53
15480.7	28
15480.8	11
15480.8	59
15480.8	37
15480.8	34
15480.8	32
15480.9	43
15480.9	31
15480.9	42
15480.9	33
15480.9	56
15480.9	43
15481	37
15481	31
15481	44
15481	30
15481	27
15481.1	40
15481.1	47
15481.1	50
15481.1	33
15481.1	41
15481.2	48
15481.2	19
15481.2	41
15481.2	41.5
15481.2	42
15481.3	32
15481.3	33
15481.3	46
15481.3	25
15481.3	41
15481.3	36
15481.4	34
15481.4	27
15481.4	52
15481.4	44
15481.4	32
15481.5	35
15481.5	39
15481.5	38
15481.5	46
15481.5	46
15481.6	45
15481.6	37
15481.6	21
15481.6	35
15481.6	37
15481.6	42
15481.7	38
15481.7	40
15481.7	51
15481.7	34
15481.7	55
15481.8	49
15481.8	32
15481.8	33
15481.8	47
15481.8	45
15481.9	40
15481.9	40
15481.9	36
15481.9	33
15481.9	66
15481.9	42
15482	52
15482	28
15482	44
15482	37
15482	23
15482.1	40
15482.1	50
15482.1	30
15482.1	46
15482.1	43
15482.2	32
15482.2	33
15482.2	37
15482.2	49
15482.2	49
15482.3	30
15482.3	34
15482.3	36
15482.3	6
15482.3	46
15482.3	33
15482.4	53
15482.4	42
15482.4	45
15482.4	41
15482.4	42
15482.5	40
15482.5	43
15482.5	24
15482.5	62
15482.5	33
15482.6	50
15482.6	33
15482.6	28
15482.6	25
15482.6	46
15482.6	35
15482.7	48
15482.7	48
15482.7	34
15482.7	23
15482.7	51
15482.8	54
15482.8	36
15482.8	23
15482.8	31
15482.8	43
15482.9	47
15482.9	34
15482.9	61
15482.9	37
15482.9	33
15482.9	37
15483	29
15483	60
15483	34
15483	32
15483	56
15483.1	36
15483.1	42
15483.1	65
15483.1	38
15483.1	12
15483.1	28
15483.2	43
15483.2	36
15483.2	43
15483.2	42
15483.2	56
15483.3	47
15483.3	38
15483.3	57
15483.3	37
15483.3	32
15483.4	47
15483.4	51
15483.4	46
15483.4	32
15483.4	26
15483.4	47
15483.5	49
15483.5	37
15483.5	66
15483.5	37
15483.5	41
15483.6	30
15483.6	18
15483.6	11
15483.6	48
15483.6	54
15483.7	31
15483.7	27
15483.7	39
15483.7	42
15483.7	61
15483.7	53
15483.8	45
15483.8	33
15483.8	33
15483.8	36
15483.8	38
15483.9	46
15483.9	38
15483.9	72
15483.9	34
15483.9	43
15484	19
15484	47
15484	60
15484	45
15484	29
15484	31
15484.1	39
15484.1	44
15484.1	22
15484.1	42
15484.1	49
15484.2	57
15484.2	36
15484.2	31
15484.2	39
15484.2	38
15484.2	20
15484.3	48
15484.3	45
15484.3	37
15484.3	55
15484.3	50
15484.4	52
15484.4	50
15484.4	56
15484.4	45
15484.4	45
15484.5	28
15484.5	49
15484.5	26
15484.5	34
15484.5	42
15484.5	30
15484.6	36
15484.6	45
15484.6	41
15484.6	41
15484.6	33
15484.7	36
15484.7	32
15484.7	36
15484.7	30
15484.7	20
15484.7	40
15484.8	50
15484.8	38
15484.8	21
15484.8	38
15484.8	48
15484.9	27
15484.9	51
15484.9	40
15484.9	25
15484.9	40
15485	31
15485	45
15485	48
15485	52
15485	46
15485	39
15485.1	18
15485.1	58
15485.1	58
15485.1	53
15485.1	39
15485.2	51
15485.2	35
15485.2	37
15485.2	38
15485.2	51
15485.2	41
15485.3	25
15485.3	38
15485.3	39
15485.3	29
15485.3	36
15485.4	36
15485.4	39
15485.4	39
15485.4	56
15485.4	44
15485.5	36
15485.5	29
15485.5	43
15485.5	42
15485.5	52
15485.5	38
15485.6	30
15485.6	41
15485.6	53
15485.6	46
15485.6	43
15485.7	35
15485.7	16
15485.7	38
15485.7	49
15485.7	47
15485.7	29
15485.8	44
15485.8	45
15485.8	56
15485.8	35
15485.8	52
15485.9	56
15485.9	46
15485.9	44
15485.9	37
15485.9	54
15485.9	38
15486	51
15486	34
15486	40
15486	55
15486	33
15486.1	29
15486.1	25
15486.1	42
15486.1	45
15486.1	32
15486.1	24
15486.2	22
15486.2	33
15486.2	46
15486.2	48
15486.2	42
15486.3	43
15486.3	38
15486.3	47
15486.3	46
15486.3	43
15486.4	41
15486.4	25
15486.4	31
15486.4	29
15486.4	43
15486.4	40
15486.5	38
15486.5	45
15486.5	40
15486.5	47
15486.5	50
15486.6	57
15486.6	20
15486.6	54
15486.6	37
15486.6	29
15486.6	40
15486.7	34
15486.7	37
15486.7	38
15486.7	38
15486.7	42
15486.8	33
15486.8	32
15486.8	55
15486.8	47
15486.8	45
15486.8	44
15486.9	44
15486.9	37
15486.9	31
15486.9	22
15486.9	32
15487	38
15487	48
15487	39
15487	43
15487	38
15487	57
15487.1	40
15487.1	23
15487.1	41
15487.1	59
15487.1	48
15487.2	36
15487.2	29
15487.2	46
15487.2	37
15487.2	50
15487.2	36
15487.3	36
15487.3	43
15487.3	32
15487.3	53
15487.3	22
15487.4	30
15487.4	33
15487.4	36
15487.4	30
15487.4	29
15487.4	17
15487.5	16
15487.5	30
15487.5	55
15487.5	36
15487.5	36
15487.6	30
15487.6	21
15487.6	49
15487.6	38
15487.6	32
15487.6	41
15487.7	26
15487.7	18
15487.7	27
15487.7	38
15487.7	42
15487.8	49
15487.8	27
15487.8	49
15487.8	35
15487.8	43
15487.8	34
15487.9	49
15487.9	40
15487.9	41
15487.9	23
15487.9	37
15488	42
15488	42
15488	46
15488	47
15488	46
15488	31
15488.1	19
15488.1	41
15488.1	37
15488.1	23
15488.1	47
15488.2	25
15488.2	42
15488.2	36
15488.2	57
15488.2	35
15488.2	36
15488.3	33
15488.3	48
15488.3	32
15488.3	49
15488.3	30
15488.4	24
15488.4	38
15488.4	44
15488.4	38
15488.4	31
15488.4	30
15488.5	35
15488.5	36
15488.5	37
15488.5	39
15488.5	37
15488.6	27
15488.6	58
15488.6	52
15488.6	31
15488.6	38
15488.6	35
15488.7	39
15488.7	32
15488.7	39
15488.7	39
15488.7	49
15488.8	39
15488.8	32
15488.8	29
15488.8	33
15488.8	46
15488.8	33
15488.9	26
15488.9	44
15488.9	56
15488.9	39
15488.9	18
15489	41
15489	30
15489	26
15489	43
15489	55
15489	28
15489.1	15
15489.1	41
15489.1	39
15489.1	39
15489.1	30
15489.1	43
15489.2	24
15489.2	27
15489.2	45
15489.2	49
15489.2	19
15489.3	24
15489.3	45
15489.3	46
15489.3	30
15489.3	41
15489.3	26
15489.4	30
15489.4	31
15489.4	25
15489.4	38
15489.4	33
15489.5	27
15489.5	49
15489.5	48
15489.5	27
15489.5	32
15489.5	31
15489.6	28
15489.6	46
15489.6	29
15489.6	42
15489.6	35
15489.7	34
15489.7	47
15489.7	30
15489.7	29
15489.7	39
15489.7	27
15489.8	35
15489.8	49
15489.8	52
15489.8	27
15489.8	29
15489.9	65
15489.9	48
15489.9	30
15489.9	31
15489.9	14
15489.9	20
15490	24
15490	45
15490	61
15490	53
15490	26
15490	44
15490.1	38
15490.1	58
15490.1	28
15490.1	35
15490.1	26
15490.2	37
15490.2	41
15490.2	32
15490.2	43
15490.2	27
15490.2	26
15490.3	36
15490.3	32
15490.3	37
15490.3	49
15490.3	21
15490.4	32
15490.4	12
15490.4	38
15490.4	46
15490.4	48
15490.4	26
15490.5	36
15490.5	31
15490.5	47
15490.5	30
15490.5	19
15490.5	38
15490.6	25
15490.6	41
15490.6	45
15490.6	41
15490.6	25
15490.7	40
15490.7	24
15490.7	44
15490.7	38
15490.7	38
15490.7	38
15490.8	26
15490.8	28
15490.8	21
15490.8	31
15490.8	51
15490.9	41
15490.9	40
15490.9	42
15490.9	37
15490.9	43
15490.9	38
15491	48
15491	21
15491	28
15491	27
15491	43
15491	38
15491.1	50
15491.1	30
15491.1	45
15491.1	21
15491.1	37
15491.2	35
15491.2	57
15491.2	24
15491.2	50
15491.2	40
15491.2	35
15491.3	40
15491.3	30
15491.3	23
15491.3	32
15491.3	51
15491.3	38
15491.4	45
15491.4	41
15491.4	44
15491.4	45
15491.4	33
15491.5	34
15491.5	38
15491.5	36
15491.5	36
15491.5	28
15491.5	29
15491.6	35
15491.6	42
15491.6	34
15491.6	22
15491.6	48
15491.7	37
15491.7	33
15491.7	27
15491.7	43
15491.7	30
15491.7	42
15491.8	18
15491.8	41
15491.8	45
15491.8	43
15491.8	31
15491.8	21
15491.9	43.9057
15491.9	37.6594
15491.9	36.515
15491.9	36.5782
15491.9	45.2456
15492	38.9637
15492	40.3997
15492	35.3841
15492	36.7777
15492	39.6165
15492	38.7388
15492.1	24.6354
15492.1	31.1098
15492.1	35.0268
15492.1	37.7019
15492.1	52.9047
15492.1	41.8651
15492.2	29.0377
15492.2	21.6189
15492.2	14.1192
15492.2	34.9053
15492.2	26.377
15492.3	32.5948
15492.3	35.9735
15492.3	31.8632
15492.3	31.2792
15492.3	16.4714
15492.3	21.1899
15492.4	28.281
15492.4	31.1954
15492.4	31.1197
15492.4	34.8481
15492.4	24.9864
15492.4	44.2775
15492.5	39.7289
15492.5	30.1156
15492.5	26.5236
15492.5	34.7904
15492.5	32.8915
15492.6	34.3492
15492.6	28.7943
15492.6	26.1365
15492.6	23.6631
15492.6	22.3354
15492.6	37.8392
15492.7	43.0727
15492.7	29.4521
15492.7	29.3379
15492.7	43.5745
15492.7	31.0173
15492.7	26.7177
15492.8	13.9107
15492.8	36.1132
15492.8	32.8518
15492.8	18.4292
15492.8	27.609
15492.9	35.4168
15492.9	33.5443
15492.9	34.2248
15492.9	33.2264
15492.9	27.8405
15492.9	29.2594
15493	25.6935
15493	37.4908
15493	32.5135
15493	37.6747
15493	23.192
15493	30.3929
15493.1	29.966
15493.1	25.1192
15493.1	23.9929
15493.1	30.3854
15493.1	38.7358
15493.2	28.3865
15493.2	33.3447
15493.2	36.2272
15493.2	24.9572
15493.2	16.9906
15493.2	22.174
15493.3	27.1714
15493.3	29.8549
15493.3	29.6208
15493.3	20.4532
15493.3	19.792
15493.3	24.289
15493.4	27.0794
15493.4	23.8797
15493.4	20.7146
15493.4	18.0024
15493.4	24.643
15493.5	17.7283
15493.5	31.0886
15493.5	32.8915
15493.5	16.9823
15493.5	28.2047
15493.5	33.8915
15493.6	29.279
15493.6	25.8255
15493.6	23.3363
15493.6	18.4671
15493.6	16.2365
15493.6	19.667
15493.7	32.6203
15493.7	29.5377
15493.7	14.9033
15493.7	32.1171
15493.7	38
15493.7	29
15493.8	22
15493.8	31
15493.8	29
15493.8	17
15493.8	32
15493.9	17
15493.9	15
15493.9	4
15493.9	14
15493.9	22
15494	30
15494	5
15494	32
15494	19
15494	29
15494	25
15494.1	40
15494.1	32
15494.1	21
15494.1	18
15494.1	28
15494.2	36
15494.2	42
15494.2	50
15494.2	31
15494.2	20
15494.2	32
15494.3	27
15494.3	33
15494.3	19
15494.3	24
15494.3	30
15494.4	33
15494.4	36
15494.4	49
15494.4	34
15494.4	15
15494.4	26
15494.5	32
15494.5	30
15494.5	43
15494.5	41
15494.5	47
15494.6	34
15494.6	43
15494.6	33
15494.6	24
15494.6	33
15494.7	45
15494.7	27
15494.7	42
15494.7	32
15494.7	24
15494.7	40
15494.8	49
15494.8	39
15494.8	32
15494.8	44
15494.8	16
15494.9	44
15494.9	37
15494.9	22
15494.9	30
15494.9	26
15494.9	26
15495	14
15495	41
15495	41
15495	37
15495	29
15495.1	47
15495.1	24
15495.1	44
15495.1	46
15495.1	20
15495.1	29
15495.2	50
15495.2	48
15495.2	19
15495.2	42
15495.2	48
15495.3	39
15495.3	26
15495.3	41
15495.3	33
15495.3	20
15495.4	43
15495.4	27
15495.4	36
15495.4	44
15495.4	24
15495.4	47
15495.5	57
15495.5	34
15495.5	22
15495.5	26
15495.5	19
15495.6	34
15495.6	51
15495.6	35
15495.6	41
15495.6	27
15495.6	31
15495.7	23
15495.7	39
15495.7	38
15495.7	41
15495.7	17
15495.8	33
15495.8	41
15495.8	39
15495.8	36
15495.8	24
15495.8	32
15495.9	34
15495.9	33
15495.9	42
15495.9	40
15495.9	30
15496	43
15496	26
15496	19
15496	28
15496	39
15496	55
15496.1	41
15496.1	19
15496.1	54
15496.1	25
15496.1	25
15496.2	24
15496.2	31
15496.2	37
15496.2	42
15496.2	42
15496.2	24
15496.3	41
15496.3	34
15496.3	33
15496.3	41
15496.3	40
15496.4	26
15496.4	65
15496.4	22
15496.4	40
15496.4	30
15496.4	55
15496.5	46
15496.5	43
15496.5	46
15496.5	3
15496.5	33
15496.6	45
15496.6	45
15496.6	39
15496.6	21
15496.6	30
15496.6	42
15496.7	48
15496.7	47
15496.7	54
15496.7	31
15496.7	21
15496.8	36
15496.8	31
15496.8	61
15496.8	45
15496.8	32
15496.8	34
15496.9	37
15496.9	38
15496.9	42
15496.9	30
15496.9	53
15497	24
15497	53
15497	53
15497	47
15497	28
15497	22
15497.1	30
15497.1	46
15497.1	47
15497.1	36
15497.1	41
15497.2	25
15497.2	35
15497.2	31
15497.2	42
15497.2	28
15497.2	32
15497.3	27
15497.3	49
15497.3	39
15497.3	44
15497.3	28
15497.4	49
15497.4	32
15497.4	51
15497.4	28
15497.4	18
15497.4	44
15497.5	34
15497.5	41
15497.5	46
15497.5	37
15497.5	36
15497.6	41
15497.6	36
15497.6	37
15497.6	48
15497.6	32
15497.6	36
15497.7	66
15497.7	46
15497.7	28
15497.7	64
15497.7	26
15497.8	29
15497.8	31
15497.8	36
15497.8	42
15497.8	33
15497.8	28
15497.9	41
15497.9	44
15497.9	29
15497.9	32
15497.9	42
15498	48
15498	42
15498	42
15498	34
15498	15
15498	22
15498.1	29
15498.1	41
15498.1	43
15498.1	41
15498.1	31
15498.2	38
15498.2	28
15498.2	45
15498.2	44
15498.2	41
15498.2	43
15498.3	36
15498.3	42
15498.3	58
15498.3	46
15498.3	45
15498.4	38
15498.4	49
15498.4	43
15498.4	45
15498.4	42
15498.4	27
15498.5	28
15498.5	45
15498.5	42
15498.5	23
15498.5	25
15498.5	54
15498.6	38
15498.6	37
15498.6	29
15498.6	30
15498.6	25
15498.7	39
15498.7	24
15498.7	54
15498.7	49
15498.7	40
15498.7	39
15498.8	36
15498.8	37
15498.8	28
15498.8	56
15498.8	51
15498.9	50
15498.9	52
15498.9	54
15498.9	28
15498.9	19
15498.9	43
15499	46
15499	31
15499	44
15499	23
15499	43
15499.1	37
15499.1	57
15499.1	32
15499.1	37
15499.1	51
15499.1	54
15499.2	46
15499.2	30
15499.2	36
15499.2	43
15499.2	49
15499.3	37
15499.3	59
15499.3	38
15499.3	25
15499.3	32
15499.3	66
15499.4	49
15499.4	39
15499.4	36
15499.4	42
15499.4	31
15499.4	54
15499.5	49
15499.5	28
15499.5	27
15499.5	33
15499.5	49
15499.6	60
15499.6	38
15499.6	53
15499.6	42
15499.6	56
15499.6	46
15499.7	59
15499.7	40
15499.7	27
15499.7	32
15499.7	39
15499.8	27
15499.8	40
15499.8	41
15499.8	20
15499.8	31
15499.8	41
15499.9	64
15499.9	56
15499.9	34
15499.9	39
15499.9	54
15499.9	40
15500	40
15500	43
15500	41
15500	41
15500	52
15500.1	42
15500.1	43
15500.1	22
15500.1	40
15500.1	60
15500.1	47
15500.2	43
15500.2	37
15500.2	24
15500.2	36
15500.2	47
15500.3	35
15500.3	48
15500.3	40
15500.3	60
15500.3	45
15500.3	37
15500.4	36
15500.4	38
15500.4	34
15500.4	66
15500.4	36
15500.4	32
15500.5	33
15500.5	37
15500.5	41
15500.5	40
15500.5	30
15500.6	36
15500.6	46
15500.6	40
15500.6	44
15500.6	37
15500.6	44
15500.7	35
15500.7	32
15500.7	40
15500.7	50
15500.7	46
15500.7	31
15500.8	40
15500.8	28
15500.8	33
15500.8	29
15500.8	33
15500.9	32
15500.9	38
15500.9	38
15500.9	54
15500.9	44
15500.9	42
15501	25
15501	49
15501	51
15501	52
15501	47
15501	48
15501.1	50
15501.1	43
15501.1	38
15501.1	69
15501.1	44
15501.2	37
15501.2	33
15501.2	45
15501.2	46
15501.2	50
15501.2	30
15501.3	68
15501.3	44
15501.3	37
15501.3	49
15501.3	35
15501.4	28
15501.4	46
15501.4	38
15501.4	38
15501.4	37
15501.4	28
15501.5	53
15501.5	39
15501.5	41
15501.5	28
15501.5	40
15501.5	24
15501.6	43
15501.6	34
15501.6	36
15501.6	40
15501.6	40
15501.7	45
15501.7	53
15501.7	48
15501.7	50
15501.7	32
15501.7	26
15501.8	40
15501.8	26
15501.8	61
15501.8	48
15501.8	41
15501.8	32
15501.9	49
15501.9	54
15501.9	42
15501.9	40
15501.9	30
15502	44
15502	37
15502	27
15502	28
15502	37
15502	30
15502.1	62
15502.1	47
15502.1	60
15502.1	38
15502.1	29
15502.1	41
15502.2	53
15502.2	40
15502.2	31
15502.2	28
15502.2	38
15502.3	50
15502.3	64
15502.3	57
15502.3	30
15502.3	39
15502.3	29
15502.4	30
15502.4	42
15502.4	35
15502.4	39
15502.4	26
15502.4	37
15502.5	25
15502.5	49
15502.5	47
15502.5	33
15502.5	46
15502.5	52
15502.6	30
15502.6	21
15502.6	38
15502.6	33
15502.6	46
15502.7	39
15502.7	32
15502.7	39
15502.7	24
15502.7	23
15502.7	55
15502.8	42
15502.8	37
15502.8	26
15502.8	31
15502.8	49
15502.8	45
15502.9	36
15502.9	37
15502.9	27
15502.9	44
15502.9	40
15503	40
15503	36
15503	25
15503	32
15503	32
15503	54
15503.1	34
15503.1	26
15503.1	32
15503.1	48
15503.1	43
15503.1	41
15503.2	49
15503.2	30
15503.2	34
15503.2	43
15503.2	28
15503.2	44
15503.3	31
15503.3	29
15503.3	51
15503.3	34
15503.3	36
15503.4	31
15503.4	34
15503.4	23
15503.4	31
15503.4	56
15503.4	29
15503.5	37
15503.5	21
15503.5	29
15503.5	54
15503.5	22
15503.5	34
15503.6	30
15503.6	28
15503.6	37
15503.6	37
15503.6	21
15503.7	39
15503.7	46
15503.7	52
15503.7	46
15503.7	50
15503.7	43
15503.8	35
15503.8	16
15503.8	43
15503.8	45
15503.8	25
15503.8	33
15503.9	34
15503.9	47
15503.9	36
15503.9	48
15503.9	28
15503.9	35
15504	57
15504	60
15504	44
15504	18
15504	45
15504.1	36
15504.1	50
15504.1	42
15504.1	47
15504.1	32
15504.1	38
15504.2	41
15504.2	31
15504.2	25
15504.2	26
15504.2	41
15504.2	44
15504.3	57
15504.3	22
15504.3	25
15504.3	28
15504.3	20
15504.3	38
15504.4	63
15504.4	68
15504.4	32
15504.4	2
15504.4	39
15504.5	47
15504.5	44
15504.5	56
15504.5	33
15504.5	31
15504.5	45
15504.6	48
15504.6	44
15504.6	16
15504.6	1
15504.6	26
15504.6	40
15504.7	40
15504.7	22
15504.7	34
15504.7	45
15504.7	44
15504.7	40
15504.8	51
15504.8	33
15504.8	14
15504.8	32
15504.8	32
15504.8	49
15504.9	36
15504.9	33
15504.9	28
15504.9	42
15504.9	30
15505	28
15505	26
15505	22
15505	25
15505	31
15505	30
15505.1	35
15505.1	25
15505.1	46
15505.1	37
15505.1	37
15505.1	29
15505.2	30
15505.2	21
15505.2	36
15505.2	34
15505.2	12
15505.2	31
15505.3	42
15505.3	38
15505.3	45
15505.3	40
15505.3	43
15505.3	27
15505.4	43
15505.4	34
15505.4	46
15505.4	43
15505.4	37
15505.5	37
15505.5	23
15505.5	45
15505.5	43
15505.5	52
15505.5	44
15505.6	7
15505.6	50
15505.6	35
15505.6	18
15505.6	32
15505.6	39
15505.7	29
15505.7	37
15505.7	49
15505.7	46
15505.7	33
15505.7	32
15505.8	46
15505.8	58
15505.8	43
15505.8	28
15505.8	40
15505.8	47
15505.9	39
15505.9	33
15505.9	40
15505.9	14
15505.9	19
15506	45
15506	40
15506	54
15506	37
15506	39
15506	28
15506.1	46
15506.1	25
15506.1	40
15506.1	35
15506.1	46
15506.1	35
15506.2	36
15506.2	52
15506.2	37
15506.2	17
15506.2	35
15506.2	36
15506.3	38
15506.3	40
15506.3	34
15506.3	41
15506.3	38
15506.3	29
15506.4	46
15506.4	47
15506.4	52
15506.4	37
15506.4	44
15506.4	41
15506.5	31
15506.5	30
15506.5	40
15506.5	48
15506.5	40
15506.5	49
15506.6	21
15506.6	30
15506.6	56
15506.6	34
15506.6	40
15506.7	12
15506.7	21
15506.7	44
15506.7	37
15506.7	40
15506.7	52
15506.8	26
15506.8	22
15506.8	36
15506.8	36
15506.8	34
15506.8	41
15506.9	49
15506.9	42
15506.9	40
15506.9	33
15506.9	50
15506.9	46
15507	37
15507	30
15507	32
15507	45
15507	35
15507	32
15507.1	31
15507.1	22
15507.1	38
15507.1	31
15507.1	32
15507.1	21
15507.2	23
15507.2	61
15507.2	35
15507.2	22
15507.2	50
15507.2	27
15507.3	38
15507.3	27
15507.3	23
15507.3	37
15507.3	23
15507.3	31
15507.4	41
15507.4	43
15507.4	30
15507.4	47
15507.4	45
15507.5	46
15507.5	45
15507.5	43
15507.5	41
15507.5	36
15507.5	27
15507.6	42
15507.6	37
15507.6	38
15507.6	52
15507.6	31
15507.6	59
15507.7	38
15507.7	39
15507.7	40
15507.7	3
15507.7	43
15507.7	39
15507.8	31
15507.8	38
15507.8	53
15507.8	45
15507.8	19
15507.8	17
15507.9	49
15507.9	36
15507.9	42
15507.9	31
15507.9	24
15507.9	38
15508	34
15508	21
15508	33
15508	54
15508	45
15508	39
15508.1	24
15508.1	30
15508.1	27
15508.1	48
15508.1	35
15508.1	26
15508.2	25
15508.2	37
15508.2	46
15508.2	43
15508.2	34.9381
15508.2	31.7153
15508.3	35.4387
15508.3	25.1222
15508.3	31.1973
15508.3	42.262
15508.3	18.3867
15508.3	26.2931
15508.4	39.9929
15508.4	30.4438
15508.4	34.3174
15508.4	44.7318
15508.4	29.119
15508.5	27.5643
15508.5	50.3169
15508.5	27.798
15508.5	34.5752
15508.5	29.4583
15508.5	24.8574
15508.6	31.3528
15508.6	25.5472
15508.6	19.0025
15508.6	25.4034
15508.6	35.8655
15508.6	29.271
15508.7	35.3179
15508.7	30.893
15508.7	40.9132
15508.7	31.1462
15508.7	22.3134
15508.7	37.9
15508.8	29.0043
15508.8	25.3992
15508.8	21.6434
15508.8	29.9849
15508.8	47.9056
15508.8	41.2092
15508.9	29.5021
15508.9	40.2324
15508.9	32.0252
15508.9	29.6118
15508.9	36.1185
15508.9	35
15509	34.9393
15509	35.8102
15509	25.8917
15509	31.0498
15509	34.3666
15509	46.4981
15509.1	40.8086
15509.1	25.8013
15509.1	26.828
15509.1	35.1397
15509.1	32.8027
15509.1	27.6115
15509.2	23.321
15509.2	26.1524
15509.2	27.3676
15509.2	23.079
15509.2	26.1333
15509.2	31.7483
15509.3	25.1782
15509.3	23.8242
15509.3	38.5357
15509.3	30.7975
15509.3	21.3678
15509.3	27.0468
15509.4	33.3908
15509.4	29.4989
15509.4	30.0357
15509.4	30.9597
15509.4	27.4861
15509.4	16.8207
15509.5	31.3
15509.5	48.1343
15509.5	41.1192
15509.5	37.2
15509.5	25.923
15509.5	26.7889
15509.6	40.5603
15509.6	20.7436
15509.6	29.3187
15509.6	30.9062
15509.6	40.9179
15509.6	39.9283
15509.7	23.0735
15509.7	28.975
15509.7	23.9129
15509.7	17.4462
15509.7	29.9027
15509.7	36.7312
15509.8	34.0571
15509.8	34.1061
15509.8	28.7857
15509.8	18.4603
15509.8	20.1354
15509.8	17.2387
15509.9	20.7458
15509.9	37.3385
15509.9	28.8203
15509.9	33.4429
15509.9	26.2181
15509.9	10.3554
15510	10.3087
15510	28.3067
15510	36
15510	45
15510	24
15510	43
15510.1	29
15510.1	28
15510.1	10
15510.1	20
15510.1	23
15510.1	16
15510.2	24
15510.2	19
15510.2	26
15510.2	11
15510.2	36
15510.2	26
15510.3	25
15510.3	21
15510.3	29
15510.3	24
15510.3	33
15510.4	42
15510.4	46
15510.4	20
15510.4	24
15510.4	32
15510.4	23
15510.5	39
15510.5	54
15510.5	26
15510.5	24
15510.5	37
15510.5	31
15510.6	35
15510.6	25
15510.6	36
15510.6	36
15510.6	31
15510.7	49
15510.7	34
15510.7	8
15510.7	42
15510.7	35
15510.7	48
15510.8	33
15510.8	50
15510.8	29
15510.8	37
15510.8	36
15510.8	40
15510.9	29
15510.9	26
15510.9	48
15510.9	28
15510.9	38
15511	32
15511	39
15511	12
15511	20
15511	41
15511	26
15511.1	25
15511.1	12
15511.1	28
15511.1	30
15511.1	39
15511.1	40
15511.2	26
15511.2	38
15511.2	35
15511.2	41
15511.2	30
15511.3	23
15511.3	37
15511.3	43
15511.3	14
15511.3	43
15511.3	27
15511.4	16
15511.4	25
15511.4	27
15511.4	41
15511.4	33
15511.4	26
15511.5	58
15511.5	49
15511.5	44
15511.5	36
15511.5	19
15511.5	15
15511.6	30
15511.6	24
15511.6	12
15511.6	27
15511.6	39
15511.7	43
15511.7	58
15511.7	22
15511.7	37
15511.7	35
15511.7	25
15511.8	33
15511.8	35
15511.8	38
15511.8	27
15511.8	26
15511.8	32
15511.9	63
15511.9	45
15511.9	41
15511.9	37
15511.9	24
15512	37
15512	24
15512	40
15512	38
15512	40
15512	20
15512.1	26
15512.1	42
15512.1	41
15512.1	30
15512.1	32
15512.1	31
15512.2	47
15512.2	36
15512.2	41
15512.2	38
15512.2	53
15512.3	35
15512.3	32
15512.3	34
15512.3	25
15512.3	26
15512.3	39
15512.4	30
15512.4	55
15512.4	32
15512.4	19
15512.4	15
15512.4	31
15512.5	49
15512.5	30
15512.5	43
15512.5	25
15512.5	37
15512.5	30
15512.6	31
15512.6	33
15512.6	42
15512.6	30
15512.6	61
15512.7	25
15512.7	36
15512.7	29
15512.7	21
15512.7	46
15512.7	32
15512.8	54
15512.8	24
15512.8	38
15512.8	51
15512.8	40
15512.8	37
15512.9	34
15512.9	55
15512.9	27
15512.9	36
15512.9	42
15512.9	49
15513	39
15513	39
15513	42
15513	55
15513	56
15513.1	33
15513.1	31
15513.1	31
15513.1	41
15513.1	42
15513.1	52
15513.2	21
15513.2	-7
15513.2	38
15513.2	39
15513.2	40
15513.2	50
15513.3	32
15513.3	37
15513.3	41
15513.3	38
15513.3	45
15513.3	36
15513.4	30
15513.4	48
15513.4	51
15513.4	56
15513.4	44
15513.5	27
15513.5	16
15513.5	35
15513.5	34
15513.5	44
15513.5	39
15513.6	28
15513.6	57
15513.6	33
15513.6	38
15513.6	51
15513.6	52
15513.7	30
15513.7	28
15513.7	33
15513.7	59
15513.7	46
15513.7	23
15513.8	46
15513.8	52
15513.8	45
15513.8	39
15513.8	39
15513.8	35
15513.9	60
15513.9	46
15513.9	47
15513.9	43
15513.9	29
15514	42
15514	25
15514	29
15514	33
15514	34
15514	43
15514.1	44
15514.1	50
15514.1	38
15514.1	33
15514.1	33
15514.1	37
15514.2	41
15514.2	45
15514.2	38
15514.2	32
15514.2	33
15514.2	40
15514.3	42
15514.3	39
15514.3	24
15514.3	16
15514.3	34
15514.3	45
15514.4	47
15514.4	36
15514.4	36
15514.4	41
15514.4	50
15514.5	43
15514.5	50
15514.5	18
15514.5	4
15514.5	47
15514.5	43
15514.6	47
15514.6	23
15514.6	38
15514.6	43
15514.6	21
15514.6	29
15514.7	37
15514.7	39
15514.7	41
15514.7	38
15514.7	26
15514.7	44
15514.8	25
15514.8	38
15514.8	37
15514.8	29
15514.8	36
15514.8	40
15514.9	47
15514.9	52
15514.9	50
15514.9	46
15514.9	64
15515	27
15515	42
15515	23
15515	37
15515	28
15515	25
15515.1	29
15515.1	51
15515.1	52
15515.1	30
15515.1	58
15515.1	28
15515.2	27
15515.2	38
15515.2	63
15515.2	37
15515.2	34
15515.2	45
15515.3	47
15515.3	57
15515.3	38
15515.3	35
15515.3	26
15515.3	15
15515.4	36
15515.4	37
15515.4	33
15515.4	41
15515.4	51
15515.4	52
15515.5	50
15515.5	64
15515.5	58
15515.5	51
15515.5	30
15515.5	43
15515.6	48
15515.6	45
15515.6	11
15515.6	49
15515.6	41
15515.7	24
15515.7	52
15515.7	47
15515.7	48
15515.7	22
15515.7	8
15515.8	56
15515.8	41
15515.8	34
15515.8	53
15515.8	42
15515.8	44
15515.9	44
15515.9	53
15515.9	54
15515.9	17
15515.9	38
15515.9	48
15516	36
15516	35
15516	22
15516	35
15516	44
15516	26
15516.1	49
15516.1	35
15516.1	21
15516.1	44
15516.1	43
15516.1	32
15516.2	25
15516.2	42
15516.2	44
15516.2	53
15516.2	30
15516.2	48
15516.3	41
15516.3	18
15516.3	48
15516.3	33
15516.3	42
15516.3	30
15516.4	41
15516.4	36
15516.4	48
15516.4	35
15516.4	41
15516.5	52
15516.5	40
15516.5	46
15516.5	59
15516.5	42
15516.5	42
15516.6	38
15516.6	43
15516.6	31
15516.6	47
15516.6	55
15516.6	43
15516.7	27
15516.7	43
15516.7	47
15516.7	43
15516.7	25
15516.7	31
15516.8	29
15516.8	41
15516.8	37
15516.8	26
15516.8	43
15516.8	48
15516.9	52
15516.9	40
15516.9	53
15516.9	27
15516.9	38
15516.9	38
15517	38
15517	46
15517	39
15517	35
15517	43
15517	47
15517.1	43
15517.1	51
15517.1	29
15517.1	39
15517.1	49
15517.1	51
15517.2	49
15517.2	36
15517.2	29
15517.2	42
15517.2	29
15517.2	36
15517.3	42
15517.3	40
15517.3	45
15517.3	44
15517.3	46
15517.3	55
15517.4	34
15517.4	30
15517.4	38
15517.4	47
15517.4	39
15517.4	47
15517.5	37
15517.5	27
15517.5	57
15517.5	45
15517.5	41
15517.6	22
15517.6	45
15517.6	32
15517.6	50
15517.6	54
15517.6	31
15517.7	34
15517.7	22
15517.7	45
15517.7	57
15517.7	45
15517.7	37
15517.8	59
15517.8	38
15517.8	34
15517.8	34
15517.8	42
15517.8	41
15517.9	19
15517.9	33
15517.9	47
15517.9	53
15517.9	36
15517.9	47
15518	46
15518	55
15518	48
15518	32
15518	31
15518	35
15518.1	49
15518.1	56
15518.1	44
15518.1	47
15518.1	65
15518.1	36
15518.2	44
15518.2	38
15518.2	35
15518.2	40
15518.2	46
15518.2	40
15518.3	49
15518.3	61
15518.3	14
15518.3	19
15518.3	44
15518.3	52
15518.4	48
15518.4	37
15518.4	39
15518.4	16
15518.4	38
15518.4	28
15518.5	48
15518.5	33
15518.5	42
15518.5	35
15518.5	56
15518.5	44
15518.6	52
15518.6	47
15518.6	27
15518.6	40
15518.6	54
15518.6	56
15518.7	37
15518.7	13
15518.7	42
15518.7	53
15518.7	32
15518.7	38
15518.8	48
15518.8	43
15518.8	40
15518.8	36
15518.8	55
15518.8	48
15518.9	21
15518.9	48
15518.9	30
15518.9	29
15518.9	32
15518.9	48
15519	16
15519	31
15519	50
15519	52
15519	30
15519	36
15519.1	49
15519.1	27
15519.1	30
15519.1	43
15519.1	58
15519.1	32
15519.2	41
15519.2	19
15519.2	31
15519.2	15
15519.2	26
15519.2	44
15519.3	37
15519.3	39
15519.3	35
15519.3	29
15519.3	38
15519.3	28
15519.4	49
15519.4	39
15519.4	14
15519.4	49
15519.4	26
15519.4	38
15519.5	33
15519.5	45
15519.5	42
15519.5	33
15519.5	37
15519.5	30
15519.6	24
15519.6	21
15519.6	34
15519.6	36
15519.6	37
15519.6	34
15519.7	36
15519.7	39
15519.7	38
15519.7	36
15519.7	35
15519.7	26
15519.8	33
15519.8	39
15519.8	26
15519.8	27
15519.8	47
15519.8	40
15519.9	47
15519.9	39
15519.9	39
15519.9	39
15519.9	42
15519.9	39
15520	47
15520	23
15520	51
15520	51
15520	39
15520	21
15520.1	19
15520.1	43
15520.1	51
15520.1	35
15520.1	42
15520.1	47
15520.2	47
15520.2	33
15520.2	43
15520.2	37
15520.2	39
15520.2	47
15520.3	52
15520.3	43
15520.3	42
15520.3	39
15520.3	35
15520.3	30
15520.4	43
15520.4	55
15520.4	35
15520.4	21
15520.4	35
15520.4	47
15520.5	29
15520.5	31
15520.5	38
15520.5	35
15520.5	55
15520.5	44
15520.6	39
15520.6	45
15520.6	33
15520.6	39
15520.6	54
15520.6	35
15520.7	34
15520.7	32
15520.7	23
15520.7	31
15520.7	35
15520.7	27
15520.7	22
15520.8	9
15520.8	47
15520.8	51
15520.8	35
15520.8	47
15520.8	42
15520.9	49
15520.9	43
15520.9	41
15520.9	43
15520.9	25
15520.9	10
15521	43
15521	32
15521	29
15521	42
15521	41
15521	35
15521.1	38
15521.1	56
15521.1	35
15521.1	34
15521.1	25
15521.1	35
15521.2	22
15521.2	41
15521.2	51
15521.2	22
15521.2	45
15521.2	39
15521.3	44
15521.3	53
15521.3	33
15521.3	16
15521.3	43
15521.3	38
15521.4	28
15521.4	42
15521.4	34
15521.4	45
15521.4	19
15521.4	46
15521.5	59
15521.5	23
15521.5	22
15521.5	39
15521.5	11
15521.5	51
15521.6	39
15521.6	39
15521.6	51
15521.6	15
15521.6	45
15521.6	51
15521.7	41
15521.7	31
15521.7	21
15521.7	32
15521.7	39
15521.7	26
15521.8	43
15521.8	26
15521.8	18
15521.8	35
15521.8	33
15521.8	43
15521.8	19
15521.9	35
15521.9	39
15521.9	42
15521.9	19
15521.9	23
15521.9	15
15522	31
15522	21
15522	43
15522	33
15522	49
15522	29
15522.1	46
15522.1	47
15522.1	16
15522.1	12
15522.1	22
15522.1	31
15522.2	31
15522.2	44
15522.2	26
15522.2	35
15522.2	45
15522.2	47
15522.3	50
15522.3	27
15522.3	19
15522.3	30
15522.3	31
15522.3	65
15522.4	43
15522.4	25
15522.4	15
15522.4	49
15522.4	44
15522.4	45
15522.5	22
15522.5	17
15522.5	14
15522.5	44
15522.5	44
15522.5	37
15522.5	34
15522.6	23
15522.6	50
15522.6	50
15522.6	38
15522.6	41
15522.6	15
15522.7	47
15522.7	23
15522.7	29
15522.7	30
15522.7	17
15522.7	25
15522.8	41
15522.8	42
15522.8	29
15522.8	32
15522.8	26
15522.8	44
15522.9	49
15522.9	42
15522.9	36
15522.9	33
15522.9	20
15522.9	32
15523	23
15523	30
15523	44
15523	42
15523	62
15523	49
15523.1	33
15523.1	38
15523.1	37
15523.1	15
15523.1	32
15523.1	24
15523.1	27
15523.2	26
15523.2	15
15523.2	34
15523.2	42
15523.2	27
15523.2	31
15523.3	63
15523.3	37
15523.3	31
15523.3	37
15523.3	33
15523.3	47
15523.4	38
15523.4	47
15523.4	46
15523.4	32
15523.4	35
15523.4	35
15523.5	41
15523.5	37
15523.5	46
15523.5	19
15523.5	17
15523.5	48
15523.6	42
15523.6	39
15523.6	47
15523.6	18
15523.6	34
15523.6	33
15523.6	27
15523.7	45
15523.7	35
15523.7	27
15523.7	28
15523.7	45
15523.7	50
15523.8	41
15523.8	7
15523.8	10
15523.8	30
15523.8	29
15523.8	34
15523.9	45
15523.9	35
15523.9	40.8835
15523.9	37.7136
15523.9	28.9632
15523.9	55.3297
15524	30.9047
15524	21.7864
15524	43.3191
15524	29.2211
15524	57.1592
15524	29.8826
15524.1	15.519
15524.1	33.1508
15524.1	27.5437
15524.1	31.128
15524.1	31.5044
15524.1	29.9903
15524.1	26.6602
15524.2	42.2991
15524.2	37.6962
15524.2	30.7648
15524.2	31.5778
15524.2	24.0702
15524.2	26.165
15524.3	35.1289
15524.3	42.9673
15524.3	44.7259
15524.3	36.5157
15524.3	27.5704
15524.3	31.1584
15524.4	24.1253
15524.4	41.2202
15524.4	31.8571
15524.4	19.4486
15524.4	23.1752
15524.4	33.8447
15524.5	36.3264
15524.5	39.4295
15524.5	28.6156
15524.5	25.4882
15524.5	27.5858
15524.5	20.2643
15524.5	30.5804
15524.6	30.1724
15524.6	23.0199
15524.6	25.9475
15524.6	35.5146
15524.6	39.6505
15524.6	31.7949
15524.7	35.8264
15524.7	33.8932
15524.7	30.874
15524.7	33.8939
15524.7	26.8323
15524.7	22.9404
15524.8	24.192
15524.8	15.6845
15524.8	24.0291
15524.8	23.6072
15524.8	26.3151
15524.8	32.2167
15524.9	25.4302
15524.9	17.0777
15524.9	22.3026
15524.9	21.9854
15524.9	15.2083
15524.9	30.8029
15524.9	20.5605
15525	24.5881
15525	35.6845
15525	34.3734
15525	31.1302
15525	27.3126
15525	37.5459
15525.1	27.979
15525.1	26.4146
15525.1	42.7295
15525.1	34.0462
15525.1	21.6352
15525.1	43.9977
15525.2	7.00844
15525.2	26.0439
15525.2	22.7609
15525.2	26.0168
15525.2	37.1287
15525.2	33.8116
15525.3	29.0832
15525.3	24.8786
15525.3	30.6318
15525.3	30.4353
15525.3	28.8466
15525.3	43.5431
15525.3	26.6801
15525.4	29.4627
15525.4	34.1397
15525.4	14.7972
15525.4	44.3599
15525.4	36.1476
15525.4	23.2573
15525.5	32.3914
15525.5	31.8302
15525.5	25.9993
15525.5	28.9358
15525.5	27.1513
15525.5	22
15525.5	14
15525.6	23
15525.6	31
15525.6	26
15525.6	25
15525.6	3
15525.6	49
15525.7	29
15525.7	33
15525.7	22
15525.7	29
15525.7	10
15525.7	20
15525.8	36
15525.8	45
15525.8	28
15525.8	-1
15525.8	32
15525.9	26
15525.9	36
15525.9	46
15525.9	19
15525.9	26
15525.9	21
15526	30
15526	47
15526	29
15526	35
15526	16
15526	55
15526.1	45
15526.1	56
15526.1	19
15526.1	16
15526.1	29
15526.1	42
15526.2	48
15526.2	31
15526.2	36
15526.2	38
15526.2	33
15526.2	24
15526.3	33
15526.3	34
15526.3	29
15526.3	28
15526.3	50
15526.3	38
15526.4	27
15526.4	30
15526.4	44
15526.4	21
15526.4	25
15526.4	35
15526.5	27
15526.5	34
15526.5	26
15526.5	38
15526.5	35
15526.5	49
15526.6	53
15526.6	33
15526.6	41
15526.6	35
15526.6	36
15526.6	44
15526.7	22
15526.7	34
15526.7	39
15526.7	28
15526.7	28
15526.7	19
15526.8	33
15526.8	37
15526.8	20
15526.8	40
15526.8	33
15526.8	28
15526.9	34
15526.9	30
15526.9	34
15526.9	40
15526.9	40
15526.9	37
15527	39
15527	41
15527	34
15527	38
15527	26
15527	29
15527.1	24
15527.1	33
15527.1	29
15527.1	31
15527.1	38
15527.1	30
15527.2	40
15527.2	22
15527.2	35
15527.2	39
15527.2	33
15527.2	44
15527.3	49
15527.3	37
15527.3	25
15527.3	32
15527.3	36
15527.3	42
15527.4	48
15527.4	22
15527.4	40
15527.4	40
15527.4	29
15527.4	44
15527.5	35
15527.5	16
15527.5	28
15527.5	24
15527.5	64
15527.5	51
15527.6	34
15527.6	32
15527.6	20
15527.6	48
15527.6	41
15527.6	31
15527.7	10
15527.7	42
15527.7	38
15527.7	36
15527.7	39
15527.7	45
15527.8	41
15527.8	31
15527.8	28
15527.8	43
15527.8	16
15527.8	34
15527.9	31
15527.9	48
15527.9	51
15527.9	36
15527.9	49
15527.9	35
15528	56
15528	37
15528	46
15528	20
15528	33
15528	24
15528.1	34
15528.1	37
15528.1	30
15528.1	44
15528.1	42
15528.1	55
15528.2	42
15528.2	49
15528.2	44
15528.2	29
15528.2	23
15528.2	51
15528.3	46
15528.3	28
15528.3	26
15528.3	43
15528.3	39
15528.3	39
15528.4	30
15528.4	27
15528.4	35
15528.4	33
15528.4	49
15528.4	47
15528.5	33
15528.5	33
15528.5	24
15528.5	38
15528.5	57
15528.5	52
15528.6	32
15528.6	44
15528.6	37
15528.6	48
15528.6	44
15528.6	36
15528.7	30
15528.7	30
15528.7	48
15528.7	46
15528.7	58
15528.7	55
15528.8	43
15528.8	44
15528.8	33
15528.8	43
15528.8	43
15528.8	63
15528.9	36
15528.9	56
15528.9	55
15528.9	19
15528.9	37
15528.9	34
15529	50
15529	39
15529	39
15529	34
15529	57
15529	29
15529.1	31
15529.1	43
15529.1	31
15529.1	56
15529.1	34
15529.1	45
15529.2	33
15529.2	43
15529.2	48
15529.2	29
15529.2	40
15529.2	32
15529.3	31
15529.3	36
15529.3	34
15529.3	54
15529.3	54
15529.3	41
15529.4	42
15529.4	35
15529.4	41
15529.4	29
15529.4	46
15529.4	37
15529.5	33
15529.5	40
15529.5	50
15529.5	53
15529.5	54
15529.5	46
15529.6	38
15529.6	35
15529.6	32
15529.6	35
15529.6	45
15529.6	51
15529.7	33
15529.7	34
15529.7	45
15529.7	52
15529.7	43
15529.7	30
15529.7	43
15529.8	48
15529.8	50
15529.8	35
15529.8	43
15529.8	25
15529.8	52
15529.9	35
15529.9	53
15529.9	43
15529.9	36
15529.9	30
15529.9	45
15530	18
15530	41
15530	44
15530	41
15530	36
15530	25
15530.1	14
15530.1	62
15530.1	44
15530.1	12
15530.1	48
15530.1	47
15530.2	39
15530.2	40
15530.2	32
15530.2	28
15530.2	55
15530.2	63
15530.3	56
15530.3	48
15530.3	36
15530.3	37
15530.3	37
15530.3	48
15530.4	50
15530.4	28
15530.4	34
15530.4	30
15530.4	40
15530.4	57
15530.5	22
15530.5	45
15530.5	53
15530.5	56
15530.5	56
15530.5	43
15530.6	36
15530.6	32
15530.6	44
15530.6	28
15530.6	71
15530.6	40
15530.6	36
15530.7	42
15530.7	30
15530.7	39
15530.7	36
15530.7	38
15530.7	37
15530.8	47
15530.8	27
15530.8	48
15530.8	51
15530.8	46
15530.8	59
15530.9	49
15530.9	58
15530.9	45
15530.9	35
15530.9	39
15530.9	40
15531	47
15531	36
15531	35
15531	43
15531	50
15531	49
15531.1	60
15531.1	33
15531.1	27
15531.1	45
15531.1	44
15531.1	42
15531.2	50
15531.2	55
15531.2	34
15531.2	28
15531.2	33
15531.2	43
15531.3	45
15531.3	41
15531.3	38
15531.3	34
15531.3	47
15531.3	20
15531.3	48
15531.4	23
15531.4	33
15531.4	29
15531.4	44
15531.4	20
15531.4	33
15531.5	46
15531.5	42
15531.5	38
15531.5	48
15531.5	28
15531.5	27
15531.6	49
15531.6	57
15531.6	54
15531.6	26
15531.6	35
15531.6	38
15531.7	44
15531.7	49
15531.7	33
15531.7	29
15531.7	35
15531.7	42
15531.8	26
15531.8	28
15531.8	50
15531.8	27
15531.8	45
15531.8	49
15531.9	44
15531.9	37
15531.9	41
15531.9	22
15531.9	46
15531.9	50
15531.9	42
15532	44
15532	37
15532	39
15532	41
15532	33
15532	32
15532.1	58
15532.1	53
15532.1	36
15532.1	40
15532.1	44
15532.1	43
15532.2	22
15532.2	34
15532.2	44
15532.2	40
15532.2	47
15532.2	35
15532.3	45
15532.3	40
15532.3	48
15532.3	43
15532.3	37
15532.3	36
15532.4	50
15532.4	46
15532.4	39
15532.4	48
15532.4	52
15532.4	43
15532.4	35
15532.5	45
15532.5	38
15532.5	60
15532.5	33
15532.5	45
15532.5	44
15532.6	53
15532.6	18
15532.6	40
15532.6	34
15532.6	40
15532.6	40
15532.7	37
15532.7	38
15532.7	67
15532.7	46
15532.7	32
15532.7	28
15532.8	37
15532.8	25
15532.8	31
15532.8	28
15532.8	50
15532.8	46
15532.9	32
15532.9	39
15532.9	40
15532.9	55
15532.9	39
15532.9	40
15532.9	35
15533	52
15533	49
15533	55
15533	40
15533	33
15533	52
15533.1	48
15533.1	49
15533.1	44
15533.1	44
15533.1	34
15533.1	64
15533.2	46
15533.2	52
15533.2	42
15533.2	43
15533.2	50
15533.2	33
15533.3	44
15533.3	47
15533.3	43
15533.3	31
15533.3	28
15533.3	34
15533.3	31
15533.4	43
15533.4	55
15533.4	48
15533.4	27
15533.4	35
15533.4	47
15533.5	19
15533.5	28
15533.5	31
15533.5	29
15533.5	33
15533.5	21
15533.6	46
15533.6	33
15533.6	20
15533.6	44
15533.6	54
15533.6	37
15533.7	28
15533.7	40
15533.7	38
15533.7	35
15533.7	44
15533.7	34
15533.7	52
15533.8	31
15533.8	35
15533.8	36
15533.8	31
15533.8	24
15533.8	39
15533.9	41
15533.9	46
15533.9	45
15533.9	44
15533.9	31
15533.9	54
15534	41
15534	40
15534	26
15534	35
15534	45
15534	44
15534	60
15534.1	23
15534.1	15
15534.1	24
15534.1	36
15534.1	42
15534.1	39
15534.2	31
15534.2	24
15534.2	52
15534.2	41
15534.2	41
15534.2	45
15534.3	22
15534.3	14
15534.3	44
15534.3	42
15534.3	52
15534.3	47
15534.4	33
15534.4	42
15534.4	21
15534.4	32
15534.4	41
15534.4	36
15534.4	47
15534.5	24
15534.5	46
15534.5	36
15534.5	52
15534.5	41
15534.5	20
15534.6	21
15534.6	46
15534.6	26
15534.6	8
15534.6	32
15534.6	46
15534.7	47
15534.7	37
15534.7	44
15534.7	52
15534.7	37
15534.7	37
15534.7	50
15534.8	36
15534.8	30
15534.8	44
15534.8	58
15534.8	37
15534.8	12
15534.9	43
15534.9	40
15534.9	47
15534.9	54
15534.9	52
15534.9	57
15535	30
15535	21
15535	47
15535	28
15535	34
15535	37
15535	32
15535.1	39
15535.1	50
15535.1	41
15535.1	34
15535.1	24
15535.1	49
15535.2	37
15535.2	52
15535.2	19
15535.2	34
15535.2	26
15535.2	48
15535.3	62
15535.3	51
15535.3	41
15535.3	23
15535.3	34
15535.3	45
15535.3	41
15535.4	52
15535.4	53
15535.4	35
15535.4	46
15535.4	60
15535.4	54
15535.5	42
15535.5	25
15535.5	31
15535.5	32
15535.5	51
15535.5	41
15535.6	32
15535.6	41
15535.6	52
15535.6	39
15535.6	34
15535.6	46
15535.6	18
15535.7	42
15535.7	35
15535.7	41
15535.7	37
15535.7	23
15535.7	21
15535.8	45
15535.8	42
15535.8	38
15535.8	43
15535.8	30
15535.8	38
15535.9	53
15535.9	45
15535.9	25
15535.9	19
15535.9	37
15535.9	22
15535.9	40
15536	44
15536	25
15536	50
15536	39
15536	26
15536	52
15536.1	4
15536.1	43
15536.1	39
15536.1	39
15536.1	30
15536.1	44
15536.1	37
15536.2	43
15536.2	47
15536.2	45
15536.2	28
15536.2	20
15536.2	9
15536.3	27
15536.3	40
15536.3	20
15536.3	38
15536.3	44
15536.3	29
15536.4	16
15536.4	48
15536.4	53
15536.4	36
15536.4	26
15536.4	44
15536.4	36
15536.5	42
15536.5	24
15536.5	45
15536.5	50
15536.5	36
15536.5	27
15536.6	44
15536.6	40
15536.6	23
15536.6	28
15536.6	43
15536.6	34
15536.6	46
15536.7	39
15536.7	26
15536.7	25
15536.7	43
15536.7	23
15536.7	39
15536.8	45
15536.8	18
15536.8	35
15536.8	43
15536.8	39
15536.8	34
15536.9	27
15536.9	15
15536.9	41
15536.9	45
15536.9	27
15536.9	19
15536.9	35
15537	44
15537	46
15537	33
15537	35
15537	39
15537	56
15537.1	39
15537.1	22
15537.1	41
15537.1	41
15537.1	42
15537.1	35
15537.1	33
15537.2	34
15537.2	42
15537.2	39
15537.2	35
15537.2	28
15537.2	37
15537.3	43
15537.3	25
15537.3	29
15537.3	44
15537.3	46
15537.3	29
15537.3	36
15537.4	26
15537.4	38
15537.4	31
15537.4	30
15537.4	38
15537.4	21
15537.5	35
15537.5	41
15537.5	35
15537.5	27
15537.5	18
15537.5	25
15537.5	50
15537.6	37
15537.6	29
15537.6	27
15537.6	38
15537.6	43
15537.6	36
15537.7	52
15537.7	47
15537.7	27
15537.7	31
15537.7	36
15537.7	36
15537.8	27
15537.8	43
15537.8	41
15537.8	42
15537.8	48
15537.8	53
15537.8	35
15537.9	28
15537.9	41
15537.9	30
15537.9	24
15537.9	23
15537.9	38
15538	36
15538	33
15538	28
15538	37
15538	23
15538	28
15538	40
15538.1	28
15538.1	28
15538.1	43
15538.1	36
15538.1	34
15538.1	42
15538.2	60
15538.2	39
15538.2	38
15538.2	31
15538.2	31
15538.2	22
15538.2	27
15538.3	41
15538.3	31
15538.3	27
15538.3	37
15538.3	49
15538.3	54
15538.4	37
15538.4	27
15538.4	38
15538.4	44
15538.4	55
15538.4	20
15538.4	35
15538.5	45
15538.5	38
15538.5	51
15538.5	38
15538.5	23
15538.5	24
15538.6	43
15538.6	39
15538.6	27
15538.6	25
15538.6	38
15538.6	47
15538.6	15
15538.7	33
15538.7	54
15538.7	39
15538.7	45
15538.7	43
15538.7	26
15538.8	31
15538.8	33
15538.8	44
15538.8	41
15538.8	1
15538.8	19
15538.8	32
15538.9	45.9356
15538.9	55.5875
15538.9	33.9226
15538.9	42.5341
15538.9	39.2899
15538.9	32.1676
15538.9	36.7199
15539	15.9948
15539	28.4766
15539	37.4455
15539	47.9224
15539	47.7306
15539	41.1318
15539.1	40.7448
15539.1	37.4052
15539.1	27.0097
15539.1	33.7067
15539.1	38.4587
15539.1	46.636
15539.1	46.8965
15539.2	42.9004
15539.2	38.0298
15539.2	40.8989
15539.2	42.9711
15539.2	33.6848
15539.2	35.4752
15539.3	39.5641
15539.3	36.1403
15539.3	28.2487
15539.3	19.6575
15539.3	29.3678
15539.3	34.9356
15539.3	23.7877
15539.4	28.5893
15539.4	34.3734
15539.4	29.1986
15539.4	35.9367
15539.4	36.8392
15539.4	21.8449
15539.5	22.7768
15539.5	33.9816
15539.5	30.6103
15539.5	25.6919
15539.5	18.7281
15539.5	28.8885
15539.5	31.2415
15539.6	34.3729
15539.6	22.223
15539.6	31.7766
15539.6	29.5615
15539.6	28.9286
15539.6	28.2041
15539.7	27.6106
15539.7	31.7234
15539.7	42.4734
15539.7	37.5424
15539.7	32.2909
15539.7	33.2526
15539.7	30.9795
15539.8	28.4505
15539.8	13.5628
15539.8	19.959
15539.8	33.702
15539.8	35.0959
15539.8	24.5743
15539.8	24.9752
15539.9	22.951
15539.9	29.6167
15539.9	30.5431
15539.9	15.054
15539.9	27.3586
15539.9	35.1331
15540	26.6407
15540	48.3317
15540	31.4408
15540	33.4964
15540	22.2779
15540	26.5396
15540	31.1276
15540.1	33.0926
15540.1	28.0077
15540.1	28.3012
15540.1	16.4943
15540.1	13.5655
15540.1	23.347
15540.2	27.5806
15540.2	22.055
15540.2	33.0908
15540.2	36.2322
15540.2	24.1761
15540.2	39.104
15540.2	35.326
15540.3	13.1499
15540.3	22.7591
15540.3	24.5198
15540.3	33.8516
15540.3	33.3053
15540.3	30.1386
15540.3	19.7244
15540.4	17.3635
15540.4	32.2192
15540.4	40
15540.4	31
15540.4	15
15540.4	32
15540.5	16
15540.5	18
15540.5	27
15540.5	15
15540.5	38
15540.5	26
15540.6	31
15540.6	27
15540.6	39
15540.6	45
15540.6	39
15540.6	23
15540.6	31
15540.7	39
15540.7	34
15540.7	29
15540.7	31
15540.7	21
15540.7	17
15540.8	29
15540.8	32
15540.8	35
15540.8	24
15540.8	26
15540.8	24
15540.9	48
15540.9	43
15540.9	18
15540.9	31
15540.9	30
15540.9	22
15541	45
15541	35
15541	15
15541	17
15541	47
15541	46
15541	25
15541.1	23
15541.1	28
15541.1	35
15541.1	37
15541.1	62
15541.1	33
15541.2	22
15541.2	41
15541.2	36
15541.2	27
15541.2	50
15541.2	29
15541.3	44
15541.3	42
15541.3	39
15541.3	33
15541.3	38
15541.3	14
15541.4	39
15541.4	31
15541.4	34
15541.4	47
15541.4	43
15541.4	41
15541.5	37
15541.5	37
15541.5	37
15541.5	29
15541.5	16
15541.5	52
15541.5	38
15541.6	26
15541.6	28
15541.6	38
15541.6	16
15541.6	47
15541.6	37
15541.7	46
15541.7	11
15541.7	30
15541.7	25
15541.7	30
15541.7	55
15541.8	39
15541.8	23
15541.8	28
15541.8	41
15541.8	53
15541.8	39
15541.9	43
15541.9	26
15541.9	34
15541.9	56
15541.9	61
15541.9	35
15541.9	27
15542	37
15542	36
15542	52
15542	41
15542	27
15542	44
15542.1	36
15542.1	38
15542.1	50
15542.1	13
15542.1	18
15542.1	36
15542.2	41
15542.2	41
15542.2	36
15542.2	21
15542.2	40
15542.2	42
15542.3	16
15542.3	40
15542.3	26
15542.3	48
15542.3	39
15542.3	32
15542.3	24
15542.4	35
15542.4	40
15542.4	51
15542.4	14
15542.4	38
15542.4	41
15542.5	42
15542.5	31
15542.5	9
15542.5	35
15542.5	28
15542.5	43
15542.6	31
15542.6	34
15542.6	45
15542.6	34
15542.6	27
15542.6	39
15542.6	23
15542.7	40
15542.7	41
15542.7	47
15542.7	27
15542.7	19
15542.7	36
15542.8	42
15542.8	37
15542.8	49
15542.8	11
15542.8	34
15542.8	47
15542.9	42
15542.9	32
15542.9	17
15542.9	55
15542.9	53
15542.9	49
15543	38
15543	38
15543	37
15543	42
15543	40
15543	49
15543	39
15543.1	28
15543.1	45
15543.1	40
15543.1	30
15543.1	41
15543.1	38
15543.2	42
15543.2	28
15543.2	25
15543.2	42
15543.2	25
15543.2	37
15543.3	34
15543.3	34
15543.3	47
15543.3	50
15543.3	44
15543.3	39
15543.3	31
15543.4	49
15543.4	39
15543.4	58
15543.4	51
15543.4	35
15543.4	28
15543.5	53
15543.5	43
15543.5	41
15543.5	59
15543.5	42
15543.5	60
15543.6	47
15543.6	42
15543.6	27
15543.6	55
15543.6	36
15543.6	57
15543.6	39
15543.7	17
15543.7	23
15543.7	46
15543.7	50
15543.7	47
15543.7	50
15543.8	21
15543.8	11
15543.8	33
15543.8	29
15543.8	47
15543.8	38
15543.9	33
15543.9	54
15543.9	46
15543.9	23
15543.9	47
15543.9	36
15543.9	39
15544	49
15544	45
15544	43
15544	50
15544	25
15544	38
15544.1	24
15544.1	39
15544.1	47
15544.1	48
15544.1	35
15544.1	32
15544.1	43
15544.2	39
15544.2	44
15544.2	39
15544.2	50
15544.2	43
15544.2	48.5
15544.3	54
15544.3	37
15544.3	55
15544.3	37
15544.3	34
15544.3	55
15544.4	32
15544.4	23
15544.4	22
15544.4	45
15544.4	49
15544.4	30
15544.4	39
15544.5	39
15544.5	36
15544.5	48
15544.5	23
15544.5	31
15544.5	43
15544.6	46
15544.6	40
15544.6	49
15544.6	47
15544.6	45
15544.6	41
15544.7	36
15544.7	44
15544.7	31
15544.7	34
15544.7	42
15544.7	34
15544.7	38
15544.8	57
15544.8	59
15544.8	45
15544.8	33
15544.8	37
15544.8	48
15544.9	47
15544.9	40
15544.9	44
15544.9	38
15544.9	44
15544.9	49
15544.9	50
15545	42
15545	7
15545	52
15545	58
15545	61
15545	41
15545.1	33
15545.1	30
15545.1	43
15545.1	48
15545.1	30
15545.1	40
15545.2	43
15545.2	53
15545.2	50
15545.2	33
15545.2	26
15545.2	31
15545.2	38
15545.3	43
15545.3	34
15545.3	35
15545.3	45
15545.3	41
15545.3	61
15545.4	23
15545.4	69
15545.4	62
15545.4	36
15545.4	36
15545.4	49
15545.4	22
15545.5	43
15545.5	28
15545.5	56
15545.5	52
15545.5	49
15545.5	37
15545.6	52
15545.6	26
15545.6	24
15545.6	42
15545.6	34
15545.6	42
15545.6	37
15545.7	48
15545.7	37
15545.7	61
15545.7	47
15545.7	60
15545.7	28
15545.8	54
15545.8	44
15545.8	33
15545.8	44
15545.8	34
15545.8	33
15545.8	28
15545.9	38
15545.9	62
15545.9	39
15545.9	32
15545.9	34
15545.9	41
15546	51
15546	49
15546	40
15546	33
15546	52
15546	39
15546	44
15546.1	30
15546.1	34
15546.1	54
15546.1	39
15546.1	42
15546.1	45
15546.2	49
15546.2	23
15546.2	43
15546.2	51
15546.2	56
15546.2	28
15546.3	21
15546.3	31
15546.3	53
15546.3	48
15546.3	40
15546.3	58
15546.3	45
15546.4	30
15546.4	36
15546.4	42
15546.4	45
15546.4	38
15546.4	37
15546.5	14
15546.5	27
15546.5	48
15546.5	45
15546.5	38
15546.5	33
15546.5	53
15546.6	48
15546.6	40
15546.6	25
15546.6	36
15546.6	46
15546.6	42
15546.7	40
15546.7	40
15546.7	34
15546.7	41
15546.7	53
15546.7	48
15546.7	36
15546.8	33
15546.8	48
15546.8	36
15546.8	50
15546.8	38
15546.8	48
15546.9	38
15546.9	58
15546.9	35
15546.9	37
15546.9	22
15546.9	27
15546.9	47
15547	57
15547	48
15547	51
15547	29
15547	35
15547	50
15547.1	50
15547.1	33
15547.1	46
15547.1	43
15547.1	51
15547.1	43
15547.1	40
15547.2	37
15547.2	35
15547.2	15
15547.2	47
15547.2	32
15547.2	28
15547.3	51
15547.3	27
15547.3	37
15547.3	44
15547.3	52
15547.3	35
15547.3	31
15547.4	20
15547.4	34
15547.4	28
15547.4	65
15547.4	59
15547.4	38
15547.4	53
15547.5	42
15547.5	44
15547.5	41
15547.5	35
15547.5	28
15547.5	33
15547.6	32
15547.6	24
15547.6	35
15547.6	32
15547.6	42
15547.6	36
15547.6	32
15547.7	45
15547.7	32
15547.7	59
15547.7	54
15547.7	28
15547.7	34
15547.8	46
15547.8	37
15547.8	39
15547.8	50
15547.8	41
15547.8	39
15547.8	14
15547.9	39
15547.9	35
15547.9	28
15547.9	39
15547.9	41
15547.9	39
15548	45
15548	44
15548	51
15548	48
15548	27
15548	28
15548	36
15548.1	31
15548.1	50
15548.1	27
15548.1	34
15548.1	50
15548.1	43
15548.2	51
15548.2	31
15548.2	19
15548.2	41
15548.2	39
15548.2	29
15548.2	43
15548.3	37
15548.3	36
15548.3	25
15548.3	38
15548.3	27
15548.3	38
15548.3	28
15548.4	48
15548.4	31
15548.4	59
15548.4	33
15548.4	8
15548.4	34
15548.5	47
15548.5	39
15548.5	34
15548.5	34
15548.5	43
15548.5	41
15548.5	35
15548.6	37
15548.6	29
15548.6	21
15548.6	30
15548.6	45
15548.6	36
15548.7	40
15548.7	32
15548.7	49
15548.7	44
15548.7	46
15548.7	36
15548.7	18
15548.8	36
15548.8	38
15548.8	45
15548.8	48
15548.8	19
15548.8	42
15548.8	43
15548.9	48
15548.9	42
15548.9	45
15548.9	35
15548.9	37
15548.9	52
15549	19
15549	62
15549	33
15549	38
15549	38
15549	47
15549	49
15549.1	54
15549.1	33
15549.1	25
15549.1	25
15549.1	48
15549.1	55
15549.2	34
15549.2	40
15549.2	44
15549.2	52
15549.2	43
15549.2	45
15549.2	36
15549.3	48
15549.3	34
15549.3	31
15549.3	16
15549.3	38
15549.3	46
15549.3	15
15549.4	41
15549.4	36
15549.4	51
15549.4	29
15549.4	43
15549.4	36
15549.5	30
15549.5	45
15549.5	36
15549.5	51
15549.5	60
15549.5	29
15549.5	36
15549.6	42
15549.6	51
15549.6	24
15549.6	28
15549.6	28
15549.6	39
15549.6	23
15549.7	30
15549.7	44
15549.7	32
15549.7	41
15549.7	47
15549.7	51
15549.8	28
15549.8	36
15549.8	20
15549.8	49
15549.8	47
15549.8	42
15549.8	30
15549.9	26
15549.9	24
15549.9	9
15549.9	41
15549.9	47
15549.9	49
15549.9	32
15550	40
15550	40
15550	45
15550	40
15550	48
15550	32
15550.1	40
15550.1	36
15550.1	42
15550.1	44
15550.1	40
15550.1	38
15550.1	44
15550.2	5
15550.2	32
15550.2	30
15550.2	21
15550.2	32
15550.2	36
15550.2	32
15550.3	35
15550.3	30
15550.3	44
15550.3	58
15550.3	10
15550.3	23
15550.3	39
15550.4	50
15550.4	39
15550.4	51
15550.4	41
15550.4	31
15550.4	19
15550.5	43
15550.5	31
15550.5	26
15550.5	37
15550.5	37
15550.5	55
15550.5	39
15550.6	25
15550.6	38
15550.6	40
15550.6	17
15550.6	47
15550.6	46
15550.6	11
15550.7	28
15550.7	22
15550.7	23
15550.7	23
15550.7	35
15550.7	56
15550.8	43
15550.8	51
15550.8	53
15550.8	31
15550.8	34
15550.8	41
15550.8	33
15550.9	30
15550.9	37
15550.9	15
15550.9	46
15550.9	44
15550.9	31
15550.9	50
15551	13
15551	21
15551	32
15551	31
15551	35
15551	32
15551	34
15551.1	36
15551.1	35
15551.1	31
15551.1	50
15551.1	19
15551.1	26
15551.2	31
15551.2	37
15551.2	27
15551.2	35
15551.2	29
15551.2	31
15551.2	30
15551.3	39
15551.3	39
15551.3	30
15551.3	45
15551.3	25
15551.3	37
15551.3	49
15551.4	39
15551.4	26
15551.4	44
15551.4	40
15551.4	50
15551.4	41
15551.4	31
15551.5	30
15551.5	54
15551.5	41
15551.5	50
15551.5	23
15551.5	35
15551.6	11
15551.6	30
15551.6	37
15551.6	39
15551.6	23
15551.6	57
15551.6	29
15551.7	36
15551.7	15
15551.7	41
15551.7	56
15551.7	38
15551.7	32
15551.7	19
15551.8	46
15551.8	40
15551.8	43
15551.8	24
15551.8	37
15551.8	59
15551.8	38
15551.9	13
15551.9	18
15551.9	34
15551.9	33
15551.9	23
15551.9	46
15552	11
15552	41
15552	40
15552	45
15552	31
15552	23
15552	26
15552.1	50
15552.1	44
15552.1	35
15552.1	39
15552.1	31
15552.1	49
15552.1	42
15552.2	47
15552.2	25
15552.2	27
15552.2	46
15552.2	51
15552.2	15
15552.2	50
15552.3	23
15552.3	33
15552.3	33
15552.3	25
15552.3	45
15552.3	21
15552.3	16
15552.4	32
15552.4	50
15552.4	32
15552.4	34
15552.4	22
15552.4	40
15552.4	33
15552.5	38
15552.5	23
15552.5	39
15552.5	26
15552.5	42
15552.5	13
15552.6	31
15552.6	47
15552.6	35
15552.6	33
15552.6	40
15552.6	29
15552.6	15
15552.7	39
15552.7	22
15552.7	46
15552.7	24
15552.7	47
15552.7	45
15552.7	39
15552.8	39
15552.8	36
15552.8	39
15552.8	40
15552.8	29
15552.8	31
15552.8	46
15552.9	41
15552.9	30
15552.9	26
15552.9	21
15552.9	41
15552.9	24
15552.9	37
15553	44.9866
15553	23.8472
15553	27.6007
15553	37.5917
15553	43.3459
15553	52.6781
15553	31.432
15553.1	30.3248
15553.1	37.237
15553.1	30.8719
15553.1	23.3705
15553.1	31.3872
15553.1	26.2328
15553.1	17.68
15553.2	38.5126
15553.2	33.0307
15553.2	39.1767
15553.2	13.6358
15553.2	11.7988
15553.2	22.3417
15553.3	25.3331
15553.3	35.9978
15553.3	29.5806
15553.3	27.5228
15553.3	37.8417
15553.3	38.4461
15553.3	26.9777
15553.4	33.647
15553.4	24.0823
15553.4	19.5111
15553.4	28.7589
15553.4	35.4047
15553.4	51.7608
15553.4	22.6184
15553.5	42.3694
15553.5	36.1317
15553.5	28.0271
15553.5	22.7561
15553.5	29.2551
15553.5	18.0407
15553.5	24.6571
15553.6	30.7009
15553.6	22.3936
15553.6	24.4977
15553.6	37.1661
15553.6	27.395
15553.6	41.4378
15553.6	26.1299
15553.7	31.3653
15553.7	30.0455
15553.7	30.4838
15553.7	16.058
15553.7	30.2674
15553.7	32.3814
15553.7	35.1898
15553.8	30.5255
15553.8	26.3705
15553.8	27.9686
15553.8	33.6308
15553.8	29.8981
15553.8	28.4716
15553.8	21.1162
15553.9	26.3888
15553.9	30.6792
15553.9	26.3841
15553.9	27.898
15553.9	21.0195
15553.9	31.7935
15553.9	26.9024
15554	43.7651
15554	36.2533
15554	28.594
15554	30.751
15554	21.9933
15554	29.1928
15554	26.4955
15554.1	23.5211
15554.1	28.0403
15554.1	24.4589
15554.1	22.0894
15554.1	29.6158
15554.1	32.7277
15554.1	26.3495
15554.2	27.5763
15554.2	28.6598
15554.2	37.0579
15554.2	34.4296
15554.2	35.1406
15554.2	30.2511
15554.3	36.3055
15554.3	27.9397
15554.3	22.5491
15554.3	28.3062
15554.3	29.3602
15554.3	27.5528
15554.3	20.26
15554.4	13.5584
15554.4	25.7143
15554.4	34.1737
15554.4	33.3759
15554.4	17.5375
15554.4	37.2813
15554.4	31.1473
15554.5	33.1983
15554.5	19.8617
15554.5	10.7623
15554.5	18.0661
15554.5	29.5086
15554.5	27.95
15554.5	25.3429
15554.6	26.7125
15554.6	25.7998
15554.6	31
15554.6	37
15554.6	9
15554.6	20
15554.6	33
15554.7	35
15554.7	34
15554.7	26
15554.7	14
15554.7	34
15554.7	25
15554.7	33
15554.8	13
15554.8	31
15554.8	19
15554.8	20
15554.8	36
15554.8	28
15554.9	23
15554.9	11
15554.9	36
15554.9	38
15554.9	34
15554.9	23
15554.9	33
15555	36
15555	35
15555	17
15555	37
15555	20
15555	42
15555.1	19
15555.1	16
15555.1	12
15555.1	8
15555.1	25
15555.1	25
15555.1	26
15555.2	44
15555.2	40
15555.2	20
15555.2	36
15555.2	15
15555.2	14
15555.3	34
15555.3	16
15555.3	36
15555.3	33
15555.3	23
15555.3	23
15555.3	22
15555.4	44
15555.4	40
15555.4	37
15555.4	47
15555.4	37
15555.4	20
15555.5	38
15555.5	22
15555.5	37
15555.5	42
15555.5	42
15555.5	33
15555.5	35
15555.6	36
15555.6	41
15555.6	29
15555.6	12
15555.6	33
15555.6	32
15555.7	40
15555.7	32
15555.7	40
15555.7	20
15555.7	40
15555.7	28
15555.7	48
15555.8	30
15555.8	22
15555.8	54
15555.8	32
15555.8	18
15555.8	35
15555.8	35
15555.9	31
15555.9	42
15555.9	33
15555.9	55
15555.9	49
15555.9	31
15556	39
15556	26
15556	43
15556	38
15556	35
15556	31
15556	27
15556.1	47
15556.1	39
15556.1	33
15556.1	41
15556.1	53
15556.1	33
15556.2	43
15556.2	30
15556.2	28
15556.2	38
15556.2	42
15556.2	37
15556.2	31
15556.3	28
15556.3	37
15556.3	55
15556.3	56
15556.3	59
15556.3	14
15556.4	14
15556.4	31
15556.4	22
15556.4	31
15556.4	35
15556.4	29
15556.4	45
15556.5	33
15556.5	35
15556.5	37
15556.5	32
15556.5	26
15556.5	34
15556.5	43
15556.6	38
15556.6	30
15556.6	33
15556.6	39
15556.6	39
15556.6	35
15556.7	49
15556.7	34
15556.7	17
15556.7	39
15556.7	35
15556.7	34
15556.7	39
15556.8	24
15556.8	45
15556.8	37
15556.8	37
15556.8	31
15556.8	46
15556.8	42
15556.9	44
15556.9	56
15556.9	39
15556.9	35
15556.9	33
15556.9	30
15557	58
15557	25
15557	53
15557	30
15557	17
15557	37
15557	34
15557.1	28
15557.1	31
15557.1	32
15557.1	32
15557.1	45
15557.1	46
15557.2	25
15557.2	40
15557.2	20
15557.2	36
15557.2	53
15557.2	54
15557.2	28
15557.3	22
15557.3	14
15557.3	22
15557.3	51
15557.3	40
15557.3	27
15557.3	27
15557.4	43
15557.4	43
15557.4	30
15557.4	45
15557.4	33
15557.4	15
15557.5	41
15557.5	41
15557.5	26
15557.5	46
15557.5	49
15557.5	46
15557.5	42
15557.6	29
15557.6	43
15557.6	28
15557.6	35
15557.6	41
15557.6	46
15557.6	41
15557.7	42
15557.7	43
15557.7	36
15557.7	43
15557.7	46
15557.7	25
15557.8	33
15557.8	26
15557.8	47
15557.8	47
15557.8	22
15557.8	40
15557.8	43
15557.9	47
15557.9	23
15557.9	31
15557.9	30
15557.9	21
15557.9	37
15557.9	37
15558	45
15558	37
15558	32
15558	38
15558	54
15558	42
15558.1	78
15558.1	62
15558.1	33
15558.1	43
15558.1	53
15558.1	49
15558.1	47
15558.2	24
15558.2	35
15558.2	42
15558.2	36
15558.2	39
15558.2	46
15558.2	17
15558.3	49
15558.3	36
15558.3	39
15558.3	27
15558.3	34
15558.3	48
15558.4	32
15558.4	29
15558.4	51
15558.4	35
15558.4	24
15558.4	46
15558.4	40
15558.5	35
15558.5	39
15558.5	26
15558.5	33
15558.5	42
15558.5	55
15558.5	59
15558.6	47
15558.6	38
15558.6	53
15558.6	29
15558.6	37
15558.6	37
15558.7	33
15558.7	40
15558.7	36
15558.7	44
15558.7	48
15558.7	40
15558.7	26
15558.8	26
15558.8	48
15558.8	48
15558.8	46
15558.8	37
15558.8	37
15558.8	30
15558.9	38
15558.9	49
15558.9	34
15558.9	34
15558.9	37
15558.9	21
15558.9	40
15559	35
15559	47
15559	30
15559	18
15559	50
15559	39
15559.1	31
15559.1	41
15559.1	49
15559.1	47
15559.1	57
15559.1	27
15559.1	42
15559.2	26
15559.2	39
15559.2	48
15559.2	43
15559.2	43
15559.2	59
15559.2	43
15559.3	36
15559.3	57
15559.3	21
15559.3	49
15559.3	53
15559.3	42
15559.3	30
15559.4	34
15559.4	18
15559.4	36
15559.4	53
15559.4	55
15559.4	55
15559.5	29
15559.5	10
15559.5	40
15559.5	43
15559.5	41
15559.5	22
15559.5	43
15559.6	64
15559.6	51
15559.6	44
15559.6	33
15559.6	29
15559.6	30
15559.6	31
15559.7	40
15559.7	44
15559.7	52
15559.7	55
15559.7	41
15559.7	44
15559.7	30
15559.8	44
15559.8	47
15559.8	18
15559.8	32
15559.8	49
15559.8	44
15559.8	49
15559.9	47
15559.9	42
15559.9	34
15559.9	32
15559.9	34
15559.9	37
15560	45
15560	37
15560	46
15560	41
15560	48
15560	40
15560	26
15560.1	39
15560.1	34
15560.1	38
15560.1	60
15560.1	39
15560.1	27
15560.1	41
15560.2	29
15560.2	42
15560.2	41
15560.2	45
15560.2	40
15560.2	20
15560.2	43
15560.3	56
15560.3	22
15560.3	44
15560.3	32
15560.3	19
15560.3	38
15560.3	29
15560.4	52
15560.4	52
15560.4	57
15560.4	43
15560.4	36
15560.4	26
15560.5	42
15560.5	34
15560.5	37
15560.5	34
15560.5	39
15560.5	35
15560.5	45
15560.6	34
15560.6	37
15560.6	43
15560.6	29
15560.6	28
15560.6	31
15560.6	30
15560.7	41
15560.7	50
15560.7	60
15560.7	29
15560.7	27
15560.7	60
15560.7	23
15560.8	52
15560.8	42
15560.8	33
15560.8	48
15560.8	51
15560.8	42
15560.8	49
15560.9	44
15560.9	30
15560.9	45
15560.9	25
15560.9	44
15560.9	58
15560.9	39
15561	64
15561	46
15561	30
15561	45
15561	43
15561	54
15561.1	39
15561.1	29
15561.1	44
15561.1	65
15561.1	41
15561.1	47
15561.1	38
15561.2	44
15561.2	38
15561.2	36
15561.2	47
15561.2	35
15561.2	30
15561.2	53
15561.3	48
15561.3	49
15561.3	27
15561.3	39
15561.3	46
15561.3	46
15561.3	30
15561.4	51
15561.4	49
15561.4	25
15561.4	57
15561.4	29
15561.4	27
15561.4	32
15561.5	48
15561.5	42
15561.5	38
15561.5	41
15561.5	56
15561.5	22
15561.5	41
15561.6	37
15561.6	52
15561.6	44
15561.6	29
15561.6	32
15561.6	28
15561.6	22
15561.7	34
15561.7	38
15561.7	28
15561.7	36
15561.7	41
15561.7	43
15561.7	37
15561.8	42
15561.8	58
15561.8	46
15561.8	29
15561.8	42
15561.8	49
15561.8	31
15561.9	47
15561.9	42
15561.9	25
15561.9	42
15561.9	51
15561.9	59
15562	43
15562	32
15562	33
15562	33
15562	29
15562	33
15562	32
15562.1	56
15562.1	50
15562.1	36
15562.1	50
15562.1	16
15562.1	36
15562.1	39
15562.2	40
15562.2	45
15562.2	42
15562.2	32
15562.2	49
15562.2	42
15562.2	42
15562.3	41
15562.3	42
15562.3	52
15562.3	53
15562.3	81
15562.3	50
15562.3	27
15562.4	38
15562.4	38
15562.4	24
15562.4	19
15562.4	37
15562.4	37
15562.4	27
15562.5	46
15562.5	51
15562.5	34
15562.5	22
15562.5	35
15562.5	23
15562.5	35
15562.6	41
15562.6	31
15562.6	51
15562.6	37
15562.6	35
15562.6	48
15562.6	41
15562.7	21
15562.7	16
15562.7	39
15562.7	36
15562.7	38
15562.7	48
15562.7	22
15562.8	35
15562.8	40
15562.8	29
15562.8	38
15562.8	11
15562.8	39
15562.8	50
15562.9	30
15562.9	45
15562.9	35
15562.9	35
15562.9	43
15562.9	35
15562.9	40
15563	39
15563	33
15563	39
15563	49
15563	34
15563	41
15563	36
15563.1	41
15563.1	38
15563.1	47
15563.1	48
15563.1	34
15563.1	20
15563.1	53
15563.2	55
15563.2	42
15563.2	33
15563.2	30
15563.2	38
15563.2	37
15563.2	47
15563.3	40
15563.3	19
15563.3	21
15563.3	40
15563.3	41
15563.3	44
15563.3	17
15563.4	30
15563.4	32
15563.4	48
15563.4	24
15563.4	30
15563.4	31
15563.4	40
15563.5	38
15563.5	30
15563.5	49
15563.5	31
15563.5	30
15563.5	43
15563.5	19
15563.6	30
15563.6	57
15563.6	45
15563.6	21
15563.6	27
15563.6	41
15563.6	46
15563.7	30
15563.7	36
15563.7	31
15563.7	38
15563.7	29
15563.7	37
15563.7	32
15563.8	39
15563.8	43
15563.8	30
15563.8	42
15563.8	22
15563.8	23
15563.8	41
15563.9	51
15563.9	39
15563.9	25
15563.9	37
15563.9	48
15563.9	33
15563.9	47
15564	36
15564	10
15564	14
15564	62
15564	35
15564	46
15564	37
15564.1	37
15564.1	33
15564.1	29
15564.1	33
15564.1	50
15564.1	22
15564.1	30
15564.2	32
15564.2	34
15564.2	63
15564.2	27
15564.2	29
15564.2	52
15564.2	35
15564.3	33
15564.3	43
15564.3	36
15564.3	18
15564.3	37
15564.3	46
15564.3	35
15564.4	32
15564.4	49
15564.4	40
15564.4	27
15564.4	51
15564.4	48
15564.4	20
15564.5	20
15564.5	33
15564.5	31
15564.5	42
15564.5	28
15564.5	60
15564.5	36
15564.6	39
15564.6	47
15564.6	28
15564.6	40
15564.6	28
15564.6	45
15564.6	49
15564.6	38
15564.7	26
15564.7	40
15564.7	40
15564.7	44
15564.7	41
15564.7	39
15564.7	44
15564.8	20
15564.8	42
15564.8	36
15564.8	25
15564.8	42
15564.8	40
15564.8	33
15564.9	24
15564.9	40
15564.9	43
15564.9	36
15564.9	32
15564.9	50
15564.9	46
15565	33
15565	32
15565	34
15565	29
15565	53
15565	30
15565	24
15565.1	59
15565.1	18
15565.1	18
15565.1	39
15565.1	42
15565.1	39
15565.1	39
15565.2	43
15565.2	25
15565.2	31
15565.2	45
15565.2	27
15565.2	27
15565.2	34
15565.3	45
15565.3	30
15565.3	37
15565.3	15
15565.3	35
15565.3	38
15565.3	47
15565.4	30
15565.4	45
15565.4	55
15565.4	21
15565.4	19
15565.4	47
15565.4	18
15565.4	23
15565.5	38
15565.5	37
15565.5	35
15565.5	21
15565.5	49
15565.5	35
15565.5	44
15565.6	21
15565.6	42
15565.6	44
15565.6	41
15565.6	38
15565.6	36
15565.6	39
15565.7	54
15565.7	28
15565.7	43
15565.7	36
15565.7	33
15565.7	43
15565.7	28
15565.8	27
15565.8	46
15565.8	32
15565.8	39
15565.8	48
15565.8	27
15565.8	35
15565.9	38
15565.9	31
15565.9	62
15565.9	35
15565.9	23
15565.9	39
15565.9	27
15566	37
15566	51
15566	43
15566	43
15566	33
15566	18
15566	27
15566	43
15566.1	25
15566.1	34
15566.1	15
15566.1	39
15566.1	49
15566.1	52
15566.1	31
15566.2	21
15566.2	47
15566.2	54
15566.2	38
15566.2	23
15566.2	42
15566.2	27
15566.3	41
15566.3	43
15566.3	35
15566.3	53
15566.3	33
15566.3	42
15566.3	35
15566.4	37
15566.4	20
15566.4	26
15566.4	31
15566.4	45
15566.4	36
15566.4	24
15566.5	38.9769
15566.5	38.8204
15566.5	47.3702
15566.5	37.3656
15566.5	35.113
15566.5	30.1714
15566.5	26.7899
15566.5	22.7136
15566.6	47.622
15566.6	45.0458
15566.6	36.5942
15566.6	18.982
15566.6	34.8109
15566.6	32.1059
15566.6	28.067
15566.7	39.9302
15566.7	22.4397
15566.7	28.2011
15566.7	44.2385
15566.7	40.8496
15566.7	17.9033
15566.7	40.9548
15566.8	21.5403
15566.8	45.2921
15566.8	21.5274
15566.8	40.3333
15566.8	45.5538
15566.8	33.3621
15566.8	42.705
15566.9	39.338
15566.9	35.2739
15566.9	21.4061
15566.9	28.8432
15566.9	31.9704
15566.9	37.3644
15566.9	36.3792
15566.9	38.1817
15567	33.5987
15567	26.3869
15567	12.6558
15567	37.947
15567	31.9072
15567	25.4855
15567	17.125
15567.1	20.1853
15567.1	27.2497
15567.1	25.2415
15567.1	26.9384
15567.1	25.5574
15567.1	18.4468
15567.1	36.5443
15567.2	34.1155
15567.2	45.0523
15567.2	35.8997
15567.2	24.037
15567.2	38.4579
15567.2	32.602
15567.2	27.4331
15567.3	23.5819
15567.3	24.0391
15567.3	27.3069
15567.3	26.9459
15567.3	23.9757
15567.3	27.9385
15567.3	34.3927
15567.3	23.6912
15567.4	23.7363
15567.4	41.2845
15567.4	29.4398
15567.4	20.2484
15567.4	21.0381
15567.4	20.0193
15567.4	30.6802
15567.5	35.6274
15567.5	30.8745
15567.5	27.943
15567.5	30.954
15567.5	27.8806
15567.5	26.9103
15567.5	19.6214
15567.6	39.7423
15567.6	21.5315
15567.6	32.511
15567.6	40.2937
15567.6	25.4405
15567.6	9.92026
15567.6	8.34785
15567.6	30.2818
15567.7	41.1916
15567.7	36.5664
15567.7	26.4623
15567.7	27.4382
15567.7	25.6834
15567.7	19.7306
15567.7	23.7394
15567.8	25.5974
15567.8	28.8713
15567.8	13.2131
15567.8	20.4344
15567.8	25.9801
15567.8	21.2818
15567.8	14.9306
15567.9	15.1691
15567.9	17.5417
15567.9	20.1854
15567.9	28.6055
15567.9	32.5443
15567.9	26.4138
15567.9	22
15567.9	10
15568	26
15568	35
15568	30
15568	37
15568	15
15568	29
15568.1	21
15568.1	23
15568.1	24
15568.1	27
15568.1	26
15568.1	4
15568.1	19
15568.2	30
15568.2	33
15568.2	19
15568.2	24
15568.2	31
15568.2	33
15568.2	30
15568.3	13
15568.3	10
15568.3	33
15568.3	30
15568.3	27
15568.3	40
15568.3	15
15568.4	36
15568.4	7
15568.4	23
15568.4	46
15568.4	49
15568.4	22
15568.4	35
15568.5	43
15568.5	23
15568.5	38
15568.5	35
15568.5	21
15568.5	25
15568.5	41
15568.6	53
15568.6	29
15568.6	40
15568.6	40
15568.6	36
15568.6	54
15568.7	42
15568.7	26
15568.7	28
15568.7	32
15568.7	35
15568.7	25
15568.7	21
15568.8	30
15568.8	34
15568.8	49
15568.8	38
15568.8	58
15568.8	31
15568.8	17
15568.9	24
15568.9	41
15568.9	15
15568.9	39
15568.9	26
15568.9	18
15568.9	34
15569	29
15569	41
15569	29
15569	17
15569	29
15569	30
15569	34
15569.1	38
15569.1	30
15569.1	36
15569.1	43
15569.1	43
15569.1	43
15569.1	49
15569.2	20
15569.2	33
15569.2	49
15569.2	41
15569.2	44
15569.2	48
15569.2	34
15569.3	54
15569.3	24
15569.3	40
15569.3	40
15569.3	23
15569.3	39
15569.3	40
15569.4	44
15569.4	36
15569.4	39
15569.4	29
15569.4	50
15569.4	30
15569.5	52
15569.5	29
15569.5	48
15569.5	41
15569.5	55
15569.5	46
15569.5	26
15569.6	46
15569.6	36
15569.6	29
15569.6	35
15569.6	49
15569.6	41
15569.6	40
15569.7	44
15569.7	43
15569.7	48
15569.7	28
15569.7	20
15569.7	38
15569.7	21
15569.8	50
15569.8	26
15569.8	40
15569.8	29
15569.8	42
15569.8	33
15569.8	53
15569.9	36
15569.9	22
15569.9	29
15569.9	36
15569.9	42
15569.9	54
15569.9	23
15570	40
15570	30
15570	41
15570	47
15570	31
15570	36
15570	49
15570.1	30
15570.1	33
15570.1	31
15570.1	22
15570.1	32
15570.1	23
15570.1	34
15570.2	39
15570.2	25
15570.2	32
15570.2	63
15570.2	27
15570.2	43
15570.2	24
15570.3	40
15570.3	17
15570.3	35
15570.3	37
15570.3	40
15570.3	26
15570.3	22
15570.4	41
15570.4	30
15570.4	42
15570.4	29
15570.4	43
15570.4	22
15570.4	47
15570.5	47
15570.5	56
15570.5	45
15570.5	33
15570.5	35
15570.5	45
15570.5	32
15570.6	32
15570.6	40
15570.6	37
15570.6	52
15570.6	50
15570.6	42
15570.6	38
15570.7	32
15570.7	54
15570.7	35
15570.7	35
15570.7	35
15570.7	46
15570.7	39
15570.8	29
15570.8	35
15570.8	29
15570.8	33
15570.8	17
15570.8	36
15570.8	35
15570.9	34
15570.9	40
15570.9	34
15570.9	22
15570.9	47
15570.9	25
15570.9	36
15571	37
15571	53
15571	55
15571	30
15571	56
15571	38
15571	30
15571.1	27
15571.1	49
15571.1	42
15571.1	45
15571.1	35
15571.1	41
15571.1	30
15571.2	49
15571.2	52
15571.2	31
15571.2	14
15571.2	27
15571.2	40
15571.2	36
15571.3	41
15571.3	25
15571.3	31
15571.3	60
15571.3	40
15571.3	54
15571.3	28.5
15571.4	3
15571.4	40
15571.4	32
15571.4	27
15571.4	49
15571.4	29
15571.4	40
15571.5	52
15571.5	37
15571.5	46
15571.5	34
15571.5	28
15571.5	48
15571.5	44
15571.6	49
15571.6	41
15571.6	18
15571.6	32
15571.6	26
15571.6	50
15571.6	62
15571.7	45
15571.7	24
15571.7	29
15571.7	37
15571.7	35
15571.7	46
15571.7	22
15571.8	40
15571.8	22
15571.8	43
15571.8	45
15571.8	45
15571.8	30
15571.8	61
15571.9	37
15571.9	34
15571.9	50
15571.9	57
15571.9	30
15571.9	52
15571.9	39
15572	49
15572	32
15572	29
15572	48
15572	55
15572	24
15572	20
15572.1	48
15572.1	44
15572.1	43
15572.1	58
15572.1	54
15572.1	36
15572.1	22
15572.2	55
15572.2	55
15572.2	63
15572.2	24
15572.2	23
15572.2	51
15572.2	45
15572.3	41
15572.3	28
15572.3	31
15572.3	33
15572.3	46
15572.3	32
15572.3	42
15572.4	43
15572.4	28
15572.4	35
15572.4	52
15572.4	57
15572.4	37
15572.4	36
15572.5	59
15572.5	42
15572.5	52
15572.5	54
15572.5	36
15572.5	39
15572.5	31
15572.5	42
15572.6	49
15572.6	48
15572.6	45
15572.6	39
15572.6	25
15572.6	32
15572.6	40
15572.7	34
15572.7	51
15572.7	42
15572.7	40
15572.7	46
15572.7	53
15572.7	39
15572.8	37
15572.8	40
15572.8	31
15572.8	58
15572.8	45
15572.8	36
15572.8	30
15572.9	41
15572.9	49
15572.9	28
15572.9	44
15572.9	53
15572.9	54
15572.9	46
15573	52
15573	32
15573	36
15573	41
15573	57
15573	34
15573	24
15573.1	44
15573.1	32
15573.1	34
15573.1	39
15573.1	36
15573.1	34
15573.1	48
15573.2	35
15573.2	51
15573.2	38
15573.2	41
15573.2	46
15573.2	35
15573.2	53
15573.3	49
15573.3	42
15573.3	45
15573.3	45
15573.3	46
15573.3	34
15573.3	49
15573.3	58
15573.4	50
15573.4	53
15573.4	37
15573.4	44
15573.4	47
15573.4	39
15573.4	24
15573.5	40
15573.5	58
15573.5	52.9552
15573.5	64.6919
15573.5	37.8115
15573.5	22.0104
15573.5	46.693
15573.6	39.5945
15573.6	45.3948
15573.6	38.5041
15573.6	38.185
15573.6	49.9688
15573.6	47.56
15573.6	30.522
15573.7	30.4858
15573.7	30.492
15573.7	45.3742
15573.7	38.9103
15573.7	54.9219
15573.7	43.7524
15573.7	40.1637
15573.8	22.9685
15573.8	38.3423
15573.8	29.2517
15573.8	33.1325
15573.8	22.3102
15573.8	45.3827
15573.8	42.5922
15573.9	61.3675
15573.9	49.9314
15573.9	37.1692
15573.9	37.446
15573.9	31.7772
15573.9	46.6696
15573.9	41.2914
15573.9	51.226
15574	19.3066
15574	34.4427
15574	23.598
15574	44.43
15574	38.832
15574	52.9071
15574	31.861
15574.1	43.0723
15574.1	38.8139
15574.1	26.5712
15574.1	46.1738
15574.1	31.4186
15574.1	32.1345
15574.1	37.7536
15574.2	44.531
15574.2	40.6559
15574.2	38.6541
15574.2	27.1712
15574.2	26.4758
15574.2	47.3713
15574.2	48.0335
15574.3	37.139
15574.3	41.1532
15574.3	13.9751
15574.3	41.8486
15574.3	28.9692
15574.3	45.0675
15574.3	32.1603
15574.4	53.3933
15574.4	44.2028
15574.4	41.5013
15574.4	23.3093
15574.4	33.3472
15574.4	30.4812
15574.4	33.6124
15574.4	29.2332
15574.5	20.7214
15574.5	36.5892
15574.5	32.187
15574.5	41.3985
15574.5	41.9212
15574.5	38.1083
15574.5	22.4843
15574.6	35.6079
15574.6	30.7104
15574.6	45.8863
15574.6	36.7975
15574.6	33.8625
15574.6	40.819
15574.6	30.9617
15574.7	29.5102
15574.7	30.7603
15574.7	39.8645
15574.7	39.9585
15574.7	27.7735
15574.7	30.2556
15574.7	39.1615
15574.8	31.503
15574.8	31.1745
15574.8	32.8874
15574.8	35.7621
15574.8	28.9297
15574.8	46.4893
15574.8	36.2966
15574.8	31.1689
15574.9	30.951
15574.9	35.482
15574.9	30.2123
15574.9	22.6562
15574.9	19.4305
15574.9	32.9297
15574.9	41.1193
15575	28.3897
15575	43.9512
15575	32.1122
15575	36.3306
15575	38.3881
15575	18.6797
15575	26.155
15575.1	44.039
15575.1	38.8394
15575.1	48.131
15575.1	28.9217
15575.1	20.4827
15575.1	30.6932
15575.1	34.645
15575.2	41.31
15575.2	31.6139
15575.2	42.946
15575.2	32.4254
15575.2	43.293
15575.2	40.7999
15575.2	32.3336
15575.2	34.469
15575.3	36.9891
15575.3	33.2994
15575.3	29.8917
15575.3	39.1498
15575.3	34.953
15575.3	22.1346
15575.3	33.3116
15575.4	39.1789
15575.4	37.7383
15575.4	50.242
15575.4	29.9604
15575.4	29.7708
15575.4	35.1537
15575.4	33.142
15575.5	39.9786
15575.5	31.4233
15575.5	33.7317
15575.5	32.8437
15575.5	33.1647
15575.5	33.8651
15575.5	36.4483
15575.5	39.1781
15575.6	37.545
15575.6	32.8092
15575.6	38.2313
15575.6	35.3913
15575.6	37.8497
15575.6	26.3025
15575.6	30.7457
15575.7	32.5299
15575.7	39.0963
15575.7	38.5751
15575.7	25.4857
15575.7	26.1692
15575.7	35.9632
15575.7	40.3006
15575.8	29.7249
15575.8	37.4679
15575.8	35.4553
15575.8	22.4048
15575.8	43.6712
15575.8	30.8594
15575.8	28.7379
15575.8	21.3244
15575.9	30.1043
15575.9	30.527
15575.9	32.3075
15575.9	34.8694
15575.9	33.4479
15575.9	21.6886
15575.9	38.9399
15576	43.757
15576	30.566
15576	40.2913
15576	28.6894
15576	26.5821
15576	37.6198
15576	29.8654
15576.1	36.3775
15576.1	37.9384
15576.1	31.0079
15576.1	37.7237
15576.1	41.5032
15576.1	26.3677
15576.1	41.827
15576.1	28.2505
15576.2	27.8266
15576.2	40.4038
15576.2	37.3366
15576.2	27.6353
15576.2	39.3105
15576.2	36.2044
15576.2	39.2305
15576.3	40.9713
15576.3	34.8645
15576.3	48.7586
15576.3	38.9956
15576.3	32.2759
15576.3	34.0202
15576.3	27.9031
15576.4	28.3452
15576.4	35.8741
15576.4	35.154
15576.4	35.611
15576.4	44.739
15576.4	37.4076
15576.4	38.7939
15576.4	24.8274
15576.5	28.6143
15576.5	43.6344
15576.5	32.2509
15576.5	29.0948
15576.5	45.1302
15576.5	33.7234
15576.5	41.4285
15576.6	51.9811
15576.6	40.3733
15576.6	35.6075
15576.6	43.9207
15576.6	41.1284
15576.6	48.6768
15576.6	37.645
15576.6	32.5083
15576.7	27.3699
15576.7	40.0168
15576.7	31.2384
15576.7	32.4239
15576.7	32.3836
15576.7	44.708
15576.7	46.499
15576.8	40.103
15576.8	33.8128
15576.8	37.4093
15576.8	30.2317
15576.8	27.3436
15576.8	37.0983
15576.8	36.2409
15576.9	48.4465
15576.9	39.2306
15576.9	37.5957
15576.9	33.3176
15576.9	30.5726
15576.9	33.3119
15576.9	33.7612
15576.9	50.6455
15577	38.7322
15577	36.3693
15577	34.8506
15577	37.5712
15577	37.4357
15577	31.7868
15577	30.0738
15577.1	31.6521
15577.1	45.5743
15577.1	33.1587
15577.1	38.4353
15577.1	32.5695
15577.1	44.5569
15577.1	35.4957
15577.1	35.6671
15577.2	47.3268
15577.2	40.5281
15577.2	36.5801
15577.2	32.9459
15577.2	36.4472
15577.2	30.7977
15577.2	39.3431
15577.3	34.9185
15577.3	32.1295
15577.3	31.8915
15577.3	37.959
15577.3	37.0242
15577.3	30.9386
15577.3	30.5976
15577.3	40.4454
15577.4	40.3081
15577.4	32.4863
15577.4	35.8225
15577.4	38.2815
15577.4	38.8476
15577.4	26.918
15577.4	39.9562
15577.5	43.6708
15577.5	44.6413
15577.5	34.8835
15577.5	30.8505
15577.5	39.3727
15577.5	39.0642
15577.5	32.2296
15577.6	34.1345
15577.6	17.8824
15577.6	30.6117
15577.6	35.8516
15577.6	45.3457
15577.6	45.5128
15577.6	38.2257
15577.6	29.3864
15577.7	33.3531
15577.7	39.7652
15577.7	39.9893
15577.7	35.4303
15577.7	30.2762
15577.7	28.9498
15577.7	30.9035
15577.8	32.9614
15577.8	34.4234
15577.8	37.0433
15577.8	40.4689
15577.8	36.2517
15577.8	40.792
15577.8	34.3961
15577.8	37.1173
15577.9	30.3241
15577.9	38.5314
15577.9	38.0916
15577.9	43.0353
15577.9	33.8106
15577.9	34.8506
15577.9	40.1004
15578	34.4114
15578	37.6438
15578	36.4434
15578	36.1827
15578	37.8307
15578	40.2602
15578	38.5138
15578	37.278
15578.1	38.3433
15578.1	34.6666
15578.1	42.5232
15578.1	52.8535
15578.1	33.7063
15578.1	42.09
15578.1	32.4585
15578.2	38.9395
15578.2	32.0194
15578.2	39.5335
15578.2	35.4277
15578.2	35.1711
15578.2	35.7723
15578.2	38.0551
15578.2	39.0359
15578.3	36.2722
15578.3	37.8149
15578.3	32.9184
15578.3	43.8806
15578.3	51.6613
15578.3	37.7111
15578.3	35.733
15578.4	37.6519
15578.4	24.3416
15578.4	33.9344
15578.4	52.9384
15578.4	37.0642
15578.4	39.5186
15578.4	36.6128
15578.4	34.1684
15578.5	40.144
15578.5	44.1306
15578.5	30.7248
15578.5	38.8519
15578.5	37.8086
15578.5	35.6977
15578.5	40.7626
15578.5	46.2598
15578.6	39.4672
15578.6	36.8799
15578.6	41.8397
15578.6	41.5146
15578.6	39.909
15578.6	37.5221
15578.6	41.148
15578.7	34.6897
15578.7	35.189
15578.7	41.7026
15578.7	40.5115
15578.7	38.8479
15578.7	34.9371
15578.7	39.1275
15578.7	26.1209
15578.8	33.4709
15578.8	32.9632
15578.8	37.8011
15578.8	30.1289
15578.8	43.2929
15578.8	30.0789
15578.8	38.3721
15578.9	34.8023
15578.9	40.9733
15578.9	36.7252
15578.9	35.0596
15578.9	33.6953
15578.9	35.2109
15578.9	37.7845
15578.9	40.2251
15579	38.9399
15579	32.8032
15579	33.3539
15579	39.1336
15579	37.5725
15579	41.2425
15579	39.5125
15579.1	41.6992
15579.1	46.7751
15579.1	40.9257
15579.1	25.7601
15579.1	46.9548
15579.1	36.9369
15579.1	39.613
15579.1	44.3056
15579.2	35.8298
15579.2	37.4963
15579.2	36.3797
15579.2	42.5687
15579.2	48.8986
15579.2	48.438
15579.2	29.1149
15579.2	30.9482
15579.3	39.0599
15579.3	43.6834
15579.3	44.249
15579.3	38.7786
15579.3	36.2882
15579.3	41.8514
15579.3	40.995
15579.4	37.1917
15579.4	47.3725
15579.4	35.8458
15579.4	52.2838
15579.4	40.2559
15579.4	47.8984
15579.4	47.1198
15579.4	41.1434
15579.5	41.3867
15579.5	33.1763
15579.5	36.5278
15579.5	38.3727
15579.5	35.8013
15579.5	34.84
15579.5	39.8804
15579.6	32.1663
15579.6	32.6508
15579.6	35.4083
15579.6	39.8876
15579.6	45.022
15579.6	45.8331
15579.6	45.0601
15579.6	39.9462
15579.7	26.9694
15579.7	30.0272
15579.7	39.0481
15579.7	37.6187
15579.7	38.7287
15579.7	41.0969
15579.7	41.2156
15579.7	40.9872
15579.8	43.3067
15579.8	42.3665
15579.8	44.8132
15579.8	38.3852
15579.8	42.1245
15579.8	42.1304
15579.8	45.908
15579.9	40.1329
15579.9	30.8409
15579.9	33.6182
15579.9	38.2123
15579.9	34.3867
15579.9	35.7689
15579.9	38.3371
15579.9	40.407
15580	40.3546
15580	38.935
15580	38.2735
15580	38.2102
15580	34.8156
15580	49.8323
15580	43.5989
15580	50.1941
15580.1	39.5479
15580.1	48.086
15580.1	46.6535
15580.1	42.1911
15580.1	36.5551
15580.1	40.4339
15580.1	41.3215
15580.2	34.82
15580.2	36.8982
15580.2	47.471
15580.2	46.0521
15580.2	36.1417
15580.2	31.7733
15580.2	36.5856
15580.2	44.6777
15580.3	44.0205
15580.3	52.948
15580.3	34.852
15580.3	48.9722
15580.3	42.8469
15580.3	39.931
15580.3	41.8518
15580.3	42.9313
15580.4	38.8513
15580.4	42.6838
15580.4	35.8979
15580.4	28.9697
15580.4	35.5098
15580.4	36.5084
15580.4	38.2807
15580.5	38.22
15580.5	42.5571
15580.5	40.3359
15580.5	45.3456
15580.5	42.9998
15580.5	30.6543
15580.5	29.772
15580.5	31.5064
15580.6	39.2933
15580.6	46.4226
15580.6	31.7904
15580.6	40.9097
15580.6	45.7604
15580.6	55.18
15580.6	46.76
15580.6	35.4099
15580.7	32.1245
15580.7	49.1119
15580.7	49.1583
15580.7	49
15580.7	21.5
15580.7	36.5
15580.7	40
15580.7	42
15580.8	33
15580.8	31.5
15580.8	32
15580.8	45
15580.8	34
15580.8	63
15580.8	46.5
15580.8	43.5
15580.9	42.5
15580.9	35
15580.9	48.5
15580.9	44
15580.9	29.5
15580.9	36
15580.9	44.5
15581	51
15581	42
15581	55.5
15581	43.5
15581	41
15581	42
15581	51.5
15581.1	40.5
15581.1	35.5
15581.1	41
15581.1	37
15581.1	41.5
15581.1	34
15581.1	35.5
15581.1	39.5
15581.2	47.5
15581.2	29.5
15581.2	45
15581.2	40.5
15581.2	36.5
15581.2	39.5
15581.2	36.5
15581.3	31.5
15581.3	47
15581.3	40
15581.3	41.5
15581.3	36
15581.3	25.5
15581.3	47
15581.3	40.5
15581.4	33.5
15581.4	32.5
15581.4	39.5
15581.4	33
15581.4	46
15581.4	30.5
15581.4	55
15581.5	23.5
15581.5	37
15581.5	32.5
15581.5	36
15581.5	31
15581.5	36.5
15581.5	28
15581.5	51
15581.6	37.5
15581.6	41.5
15581.6	35
15581.6	32
15581.6	36.5
15581.6	37.5
15581.6	31.5
15581.7	30
15581.7	40.5
15581.7	41
15581.7	33.5
15581.7	33.5
15581.7	44
15581.7	29
15581.7	40.5
15581.8	44.5
15581.8	40.5
15581.8	36.5
15581.8	43
15581.8	43
15581.8	43
15581.8	45
15581.9	49
15581.9	27.5
15581.9	35
15581.9	38.5
15581.9	46
15581.9	35.5
15581.9	46.5
15581.9	16.5
15582	23
15582	52.5
15582	45.5
15582	46
15582	34
15582	41.5
15582	29
15582.1	35.5
15582.1	48.5
15582.1	49
15582.1	41.5
15582.1	54.5
15582.1	45.5
15582.1	35
15582.1	29
15582.2	36.5
15582.2	39
15582.2	43.5
15582.2	32.5
15582.2	36.5
15582.2	35
15582.2	39.5
15582.3	44.5
15582.3	42
15582.3	41
15582.3	52
15582.3	24.5
15582.3	52
15582.3	32
15582.3	29.5
15582.4	46
15582.4	29
15582.4	48
15582.4	29
15582.4	31.5
15582.4	40.5
15582.4	39.5
15582.5	23
15582.5	35
15582.5	46.5
15582.5	44
15582.5	41.5
15582.5	33.5
15582.5	38
15582.5	39
15582.6	22
15582.6	50.5
15582.6	34.5
15582.6	34.5
15582.6	44
15582.6	39
15582.6	30
15582.7	45
15582.7	28
15582.7	49.5
15582.7	50
15582.7	34.5
15582.7	42.5
15582.7	41.5
15582.7	36.5
15582.8	34.5
15582.8	48
15582.8	42
15582.8	43.5
15582.8	41
15582.8	43
15582.8	43.5
15582.9	37.5
15582.9	33.5
15582.9	32.5
15582.9	32.5
15582.9	31.5
15582.9	34.5
15582.9	41.5
15582.9	48
15583	36
15583	40.5
15583	28
15583	41.5
15583	33
15583	28.5
15583	33
15583.1	28
15583.1	44.5
15583.1	37.5
15583.1	37
15583.1	42
15583.1	46
15583.1	33
15583.1	46.5
15583.2	38.5
15583.2	34
15583.2	28
15583.2	45
15583.2	29
15583.2	31
15583.2	33.5
15583.2	47.5
15583.3	40
15583.3	33
15583.3	24.5
15583.3	35.5
15583.3	32.5
15583.3	35.5
15583.3	36
15583.4	31
15583.4	41.5
15583.4	26
15583.4	50.5
15583.4	41.5
15583.4	25
15583.4	28.5
15583.4	46.5
15583.5	34
15583.5	33.5
15583.5	28.5
15583.5	28
15583.5	42
15583.5	41.5
15583.5	35.5
15583.6	42
15583.6	41.5
15583.6	30
15583.6	42.5
15583.6	44.5
15583.6	44
15583.6	32.5
15583.6	40.5
15583.7	33
15583.7	23
15583.7	26.5
15583.7	34
15583.7	32
15583.7	46
15583.7	43
15583.7	44
15583.8	41
15583.8	30
15583.8	29
15583.8	35.5
15583.8	34
15583.8	30.5
15583.8	33
15583.9	43
15583.9	24.5
15583.9	38.5
15583.9	42
15583.9	37
15583.9	43
15583.9	37
15583.9	46
15584	32.5
15584	39
15584	46
15584	42
15584	44.5
15584	32
15584	35
15584	42
15584.1	50
15584.1	40
15584.1	42.5
15584.1	45
15584.1	26.5
15584.1	33.5
15584.1	32
15584.2	35
15584.2	28.5
15584.2	40
15584.2	30.5
15584.2	34.5
15584.2	30
15584.2	40
15584.2	40.5
15584.3	27
15584.3	29
15584.3	40.5
15584.3	16.5
15584.3	27
15584.3	42
15584.3	35.5
15584.3	41
15584.4	34
15584.4	23.5
15584.4	40
15584.4	24.5
15584.4	45
15584.4	30
15584.4	32.5
15584.5	43
15584.5	29
15584.5	38.5
15584.5	43
15584.5	29
15584.5	41.5
15584.5	42
15584.5	34
15584.6	30
15584.6	48
15584.6	18.5
15584.6	39
15584.6	40.5
15584.6	36
15584.6	39
15584.6	23
15584.7	42
15584.7	44
15584.7	18.5
15584.7	30.5
15584.7	45
15584.7	28
15584.7	33
15584.8	48
15584.8	39
15584.8	33
15584.8	27
15584.8	46
15584.8	36
15584.8	18
15584.8	39.5
15584.9	43
15584.9	33.5
15584.9	46
15584.9	34.5
15584.9	39.5
15584.9	25
15584.9	30.5
15584.9	41
15585	28
15585	40.5
15585	42.5
15585	30
15585	42.5
15585	30.5
15585	44
15585	38
15585.1	31
15585.1	38
15585.1	36
15585.1	28
15585.1	46
15585.1	36.5
15585.1	34
15585.2	28.5
15585.2	31.5
15585.2	30.5
15585.2	35
15585.2	26
15585.2	32
15585.2	34.5
15585.2	34
15585.3	29
15585.3	33.5
15585.3	25
15585.3	28
15585.3	34
15585.3	33
15585.3	38.5
15585.3	17.5
15585.4	41
15585.4	31
15585.4	30
15585.4	33
15585.4	23.5
15585.4	31
15585.4	49.5
15585.4	33
15585.5	28.5
15585.5	24.5
15585.5	24.5
15585.5	30.5
15585.5	22.5
15585.5	23
15585.5	30
15585.6	31
15585.6	30
15585.6	38
15585.6	25.5
15585.6	31
15585.6	30.5
15585.6	43.5
15585.6	37
15585.7	29.5
15585.7	35.5
15585.7	31
15585.7	32.5
15585.7	38
15585.7	38.5
15585.7	26.5
15585.7	43.5
15585.8	34
15585.8	25.5
15585.8	21
15585.8	34
15585.8	37.5
15585.8	28.5
15585.8	33.5
15585.8	32
15585.9	37
15585.9	32.5
15585.9	24
15585.9	32.5
15585.9	30
15585.9	33
15585.9	34
15585.9	37
15586	23
15586	35
15586	28.5
15586	27.5
15586	37
15586	16.5
15586	43.5
15586	41
15586.1	37.5
15586.1	31
15586.1	29
15586.1	32.5
15586.1	39.5
15586.1	35.5
15586.1	36.5
15586.2	30
15586.2	35
15586.2	38.5
15586.2	34.5
15586.2	32
15586.2	35.5
15586.2	42
15586.2	27
15586.3	24
15586.3	24.5
15586.3	28.5
15586.3	31
15586.3	38
15586.3	34
15586.3	29
15586.3	30
15586.4	30.5
15586.4	25
15586.4	34
15586.4	24.5
15586.4	21.5
15586.4	43
15586.4	26.5
15586.4	25.5
15586.5	30
15586.5	43.5
15586.5	36
15586.5	42
15586.5	22.5
15586.5	26
15586.5	23.5
15586.5	18.5
15586.6	30.5
15586.6	36
15586.6	24.5
15586.6	36.5
15586.6	39
15586.6	33
15586.6	36.5
15586.6	27
15586.7	29
15586.7	27
15586.7	32.5
15586.7	42
15586.7	28
15586.7	39
15586.7	40
15586.7	30
15586.8	32.5
15586.8	41
15586.8	35
15586.8	45
15586.8	36.5
15586.8	34
15586.8	41.5
15586.9	32.5
15586.9	43
15586.9	28
15586.9	26
15586.9	25.5
15586.9	36
15586.9	23
15586.9	39
15587	40.5
15587	32.5
15587	30
15587	38
15587	30.5
15587	27
15587	25
15587	42.5
15587.1	28
15587.1	28
15587.1	38.5
15587.1	27.5
15587.1	38
15587.1	31.5
15587.1	35
15587.1	32
15587.2	41.5
15587.2	29.5
15587.2	39.5
15587.2	33
15587.2	36
15587.2	30.5
15587.2	32.5
15587.2	34.5
15587.3	42
15587.3	30.5
15587.3	29
15587.3	16
15587.3	24
15587.3	46
15587.3	40
